row_id,category,country,organization,region,time_period,development_policy,investment_lending,others,program_for_results,total,fiscal_year,quarter,period_type,component_sum,reconciliation_difference,entity_type,development_policy_share,log1p_development_policy,investment_lending_share,log1p_investment_lending,others_share,log1p_others,program_for_results_share,log1p_program_for_results,log1p_total,previous_total,absolute_change,relative_change,previous_year_total,year_over_year_change,commitment_total,disbursement_total,ratio_denominator_eligible,disbursement_commitment_ratio,materiality_percentile,absolute_total,materiality_band
2527,Commitments,Afghanistan,IDA,SOUTH ASIA,FY14,50.0,373.0,0.0,0.0,423.0,2014,4,annual,423.0,0.0,country,0.1182033096926714,3.9318256327243257,0.8817966903073287,5.924255797414532,0.0,0.0,0.0,0.0,6.049733455231958,,,,,,423.0,238.0,True,0.5626477541371159,0.8276374442793462,423.0,significant
2357,Commitments,Afghanistan,IDA,SOUTH ASIA,FY15,0.0,22.0,0.0,0.0,22.0,2015,4,annual,22.0,0.0,country,0.0,0.0,1.0,3.1354942159291497,0.0,0.0,0.0,0.0,3.1354942159291497,423.0,-401.0,-0.9479905437352246,423.0,-0.9479905437352246,22.0,136.0,True,6.181818181818182,0.45579494799405645,22.0,moderate
1069,Commitments,Afghanistan,IDA,SOUTH ASIA,FY16,0.0,250.0,0.0,0.0,250.0,2016,4,annual,250.0,0.0,country,0.0,0.0,1.0,5.5254529391317835,0.0,0.0,0.0,0.0,5.5254529391317835,22.0,228.0,10.363636363636363,22.0,10.363636363636363,250.0,107.0,True,0.428,0.7581723625557206,250.0,significant
824,Commitments,Afghanistan,IDA,SOUTH ASIA,FY17,100.0,349.0,0.0,0.0,448.0,2017,4,annual,449.0,-1.0,country,0.22321428571428573,4.61512051684126,0.7790178571428571,5.857933154483459,0.0,0.0,0.0,0.0,6.1070228877422545,250.0,198.0,0.792,250.0,0.792,448.0,69.0,True,0.15401785714285715,0.8354383358098069,448.0,significant
3289,Commitments,Afghanistan,IDA,SOUTH ASIA,FY18,90.0,276.0,0.0,0.0,366.0,2018,4,annual,366.0,0.0,country,0.2459016393442623,4.51085950651685,0.7540983606557377,5.6240175061873385,0.0,0.0,0.0,0.0,5.905361848054571,448.0,-82.0,-0.18303571428571427,448.0,-0.18303571428571427,366.0,177.0,True,0.48360655737704916,0.8098068350668648,366.0,significant
3060,Commitments,Afghanistan,IDA,SOUTH ASIA,FY19,100.0,360.0,0.0,0.0,460.0,2019,4,annual,460.0,0.0,country,0.21739130434782608,4.61512051684126,0.782608695652174,5.8888779583328805,0.0,0.0,0.0,0.0,6.133398042996649,366.0,94.0,0.2568306010928962,366.0,0.2568306010928962,460.0,324.0,True,0.7043478260869566,0.8398959881129272,460.0,significant
2167,Commitments,Afghanistan,IDA,SOUTH ASIA,FY20,160.0,178.0,0.0,0.0,338.0,2020,4,annual,338.0,0.0,country,0.47337278106508873,5.081404364984463,0.5266272189349113,5.187385805840755,0.0,0.0,0.0,0.0,5.82600010738045,460.0,-122.0,-0.26521739130434785,460.0,-0.26521739130434785,338.0,542.0,True,1.6035502958579881,0.7979197622585439,338.0,significant
2002,Commitments,Afghanistan,IDA,SOUTH ASIA,FY21,232.0,570.0,0.0,0.0,802.0,2021,4,annual,802.0,0.0,country,0.2892768079800499,5.4510384535657,0.7107231920199502,6.3473892096560105,0.0,0.0,0.0,0.0,6.688354713946762,338.0,464.0,1.3727810650887573,338.0,1.3727810650887573,802.0,465.0,True,0.5798004987531172,0.912332838038633,802.0,major
637,Commitments,Afghanistan,IDA,SOUTH ASIA,FY22,0.0,0.0,0.0,0.0,0.0,2022,4,annual,0.0,0.0,country,0.0,0.0,0.0,0.0,0.0,0.0,0.0,0.0,0.0,802.0,-802.0,-1.0,802.0,-1.0,0.0,162.0,False,,0.19539375928677563,0.0,limited
390,Commitments,Afghanistan,IDA,SOUTH ASIA,FY23,0.0,0.0,0.0,0.0,0.0,2023,4,annual,0.0,0.0,country,0.0,0.0,0.0,0.0,0.0,0.0,0.0,0.0,0.0,0.0,0.0,,0.0,,0.0,-3.0,False,,0.19539375928677563,0.0,limited
2797,Commitments,Afghanistan,IDA,SOUTH ASIA,FY24,0.0,84.0,0.0,0.0,84.0,2024,4,annual,84.0,0.0,country,0.0,0.0,1.0,4.442651256490317,0.0,0.0,0.0,0.0,4.442651256490317,0.0,84.0,,0.0,,84.0,94.0,True,1.119047619047619,0.6073551263001485,84.0,moderate
1598,Commitments,Afghanistan,IDA,SOUTH ASIA,FY25,0.0,325.0,0.0,0.0,325.0,2025,4,annual,325.0,0.0,country,0.0,0.0,1.0,5.786897381366708,0.0,0.0,0.0,0.0,5.786897381366708,84.0,241.0,2.869047619047619,84.0,2.869047619047619,325.0,174.0,True,0.5353846153846153,0.7912332838038633,325.0,significant
1160,Commitments,Afghanistan,IDA,"MIDDLE EAST, NORTH AFRICA, AFGHANISTAN, AND PAKISTAN",2025-Q3,0.0,230.0,0.0,0.0,230.0,2025,3,quarterly,230.0,0.0,country,0.0,0.0,1.0,5.442417710521793,0.0,0.0,0.0,0.0,5.442417710521793,,,,,,230.0,69.0,True,0.3,0.8785310734463276,230.0,significant
185,Commitments,Afghanistan,IDA,"MIDDLE EAST, NORTH AFRICA, AFGHANISTAN, AND PAKISTAN",2026-Q3,0.0,93.0,0.0,0.0,93.0,2026,3,quarterly,93.0,0.0,country,0.0,0.0,1.0,4.543294782270004,0.0,0.0,0.0,0.0,4.543294782270004,230.0,-137.0,-0.5956521739130435,230.0,-0.5956521739130435,93.0,65.59,True,0.7052688172043011,0.7909604519774012,93.0,moderate
2616,Gross Disbursements,Afghanistan,IDA,SOUTH ASIA,FY14,51.0,186.0,0.0,0.0,238.0,2014,4,annual,237.0,1.0,country,0.21428571428571427,3.9512437185814275,0.7815126050420168,5.231108616854587,0.0,0.0,0.0,0.0,5.476463551931511,,,,,,423.0,238.0,True,0.5626477541371159,0.7909238249594813,238.0,significant
2448,Gross Disbursements,Afghanistan,IDA,SOUTH ASIA,FY15,0.0,136.0,0.0,0.0,136.0,2015,4,annual,136.0,0.0,country,0.0,0.0,1.0,4.919980925828125,0.0,0.0,0.0,0.0,4.919980925828125,238.0,-102.0,-0.42857142857142855,238.0,-0.42857142857142855,22.0,136.0,True,6.181818181818182,0.7005672609400324,136.0,significant
2280,Gross Disbursements,Afghanistan,IDA,SOUTH ASIA,FY16,0.0,107.0,0.0,0.0,107.0,2016,4,annual,107.0,0.0,country,0.0,0.0,1.0,4.68213122712422,0.0,0.0,0.0,0.0,4.68213122712422,136.0,-29.0,-0.21323529411764705,136.0,-0.21323529411764705,250.0,107.0,True,0.428,0.660453808752026,107.0,significant
913,Gross Disbursements,Afghanistan,IDA,SOUTH ASIA,FY17,0.0,69.0,0.0,0.0,69.0,2017,4,annual,69.0,0.0,country,0.0,0.0,1.0,4.248495242049359,0.0,0.0,0.0,0.0,4.248495242049359,107.0,-38.0,-0.35514018691588783,107.0,-0.35514018691588783,448.0,69.0,True,0.15401785714285715,0.5956239870340356,69.0,moderate
3411,Gross Disbursements,Afghanistan,IDA,SOUTH ASIA,FY18,103.0,74.0,0.0,0.0,177.0,2018,4,annual,177.0,0.0,country,0.5819209039548022,4.6443908991413725,0.4180790960451977,4.31748811353631,0.0,0.0,0.0,0.0,5.181783550292085,69.0,108.0,1.565217391304348,69.0,1.565217391304348,366.0,177.0,True,0.48360655737704916,0.7491896272285251,177.0,significant
3166,Gross Disbursements,Afghanistan,IDA,SOUTH ASIA,FY19,88.0,236.0,0.0,0.0,324.0,2019,4,annual,324.0,0.0,country,0.2716049382716049,4.48863636973214,0.7283950617283951,5.4680601411351315,0.0,0.0,0.0,0.0,5.783825182329737,177.0,147.0,0.8305084745762712,177.0,0.8305084745762712,460.0,324.0,True,0.7043478260869566,0.8257698541329012,324.0,significant
2051,Gross Disbursements,Afghanistan,IDA,SOUTH ASIA,FY20,260.0,282.0,0.0,0.0,542.0,2020,4,annual,542.0,0.0,country,0.4797047970479705,5.564520407322694,0.5202952029520295,5.645446897643238,0.0,0.0,0.0,0.0,6.297109319933935,324.0,218.0,0.6728395061728395,324.0,0.6728395061728395,338.0,542.0,True,1.6035502958579881,0.9027552674230146,542.0,major
1872,Gross Disbursements,Afghanistan,IDA,SOUTH ASIA,FY21,101.0,364.0,0.0,0.0,465.0,2021,4,annual,465.0,0.0,country,0.2172043010752688,4.624972813284271,0.7827956989247312,5.8998973535824915,0.0,0.0,0.0,0.0,6.144185634125646,542.0,-77.0,-0.14206642066420663,542.0,-0.14206642066420663,802.0,465.0,True,0.5798004987531172,0.873581847649919,465.0,significant
507,Gross Disbursements,Afghanistan,IDA,SOUTH ASIA,FY22,131.0,31.0,0.0,0.0,162.0,2022,4,annual,162.0,0.0,country,0.808641975308642,4.882801922586371,0.19135802469135801,3.4657359027997265,0.0,0.0,0.0,0.0,5.093750200806762,465.0,-303.0,-0.6516129032258065,465.0,-0.6516129032258065,0.0,162.0,False,,0.7354132901134521,162.0,significant
2893,Gross Disbursements,Afghanistan,IDA,SOUTH ASIA,FY23,0.0,-3.0,0.0,0.0,-3.0,2023,4,annual,-3.0,0.0,country,-0.0,0.0,1.0,0.0,-0.0,0.0,-0.0,0.0,0.0,162.0,-165.0,-1.0185185185185186,162.0,-1.0185185185185186,0.0,-3.0,False,,0.004051863857374392,3.0,limited
1815,Gross Disbursements,Afghanistan,IDA,SOUTH ASIA,FY24,0.0,94.0,0.0,0.0,94.0,2024,4,annual,94.0,0.0,country,0.0,0.0,1.0,4.553876891600541,0.0,0.0,0.0,0.0,4.553876891600541,-3.0,97.0,32.333333333333336,-3.0,32.333333333333336,84.0,94.0,True,1.119047619047619,0.6446515397082658,94.0,moderate
1695,Gross Disbursements,Afghanistan,IDA,SOUTH ASIA,FY25,0.0,174.0,0.0,0.0,174.0,2025,4,annual,174.0,0.0,country,0.0,0.0,1.0,5.1647859739235145,0.0,0.0,0.0,0.0,5.1647859739235145,94.0,80.0,0.851063829787234,94.0,0.851063829787234,325.0,174.0,True,0.5353846153846153,0.7467585089141004,174.0,significant
1380,Gross Disbursements,Afghanistan,IDA,"MIDDLE EAST, NORTH AFRICA, AFGHANISTAN, AND PAKISTAN",2025-Q3,0.0,69.0,0.0,0.0,69.0,2025,3,quarterly,69.0,0.0,country,0.0,0.0,1.0,4.248495242049359,0.0,0.0,0.0,0.0,4.248495242049359,,,,,,230.0,69.0,True,0.3,0.5803571428571429,69.0,moderate
1257,Gross Disbursements,Afghanistan,IDA,"MIDDLE EAST, NORTH AFRICA, AFGHANISTAN, AND PAKISTAN",2026-Q3,0.0,65.59,0.0,0.0,65.59,2026,3,quarterly,65.59,0.0,country,0.0,0.0,1.0,4.198554416122531,0.0,0.0,0.0,0.0,4.198554416122531,69.0,-3.4099999999999966,-0.049420289855072415,69.0,-0.049420289855072415,93.0,65.59,True,0.7052688172043011,0.5714285714285714,65.59,moderate
2457,Commitments,Africa,IDA,AFRICA,FY14,0.0,100.0,0.0,0.0,100.0,2014,4,annual,100.0,0.0,aggregate_or_institution,0.0,0.0,1.0,4.61512051684126,0.0,0.0,0.0,0.0,4.61512051684126,,,,,,100.0,36.0,True,0.36,0.8201754385964912,100.0,moderate
2288,Commitments,Africa,IDA,AFRICA,FY15,0.0,50.0,0.0,0.0,50.0,2015,4,annual,50.0,0.0,aggregate_or_institution,0.0,0.0,1.0,3.9318256327243257,0.0,0.0,0.0,0.0,3.9318256327243257,100.0,-50.0,-0.5,100.0,-0.5,50.0,41.0,True,0.82,0.7412280701754386,50.0,moderate
1007,Commitments,Africa,IDA,AFRICA,FY16,0.0,30.0,0.0,0.0,30.0,2016,4,annual,30.0,0.0,aggregate_or_institution,0.0,0.0,1.0,3.4339872044851463,0.0,0.0,0.0,0.0,3.4339872044851463,50.0,-20.0,-0.4,50.0,-0.4,30.0,37.0,True,1.2333333333333334,0.6973684210526315,30.0,moderate
863,Commitments,Africa,IDA,AFRICA,FY17,0.0,20.0,0.0,0.0,20.0,2017,4,annual,20.0,0.0,aggregate_or_institution,0.0,0.0,1.0,3.044522437723423,0.0,0.0,0.0,0.0,3.044522437723423,30.0,-10.0,-0.3333333333333333,30.0,-0.3333333333333333,20.0,31.0,True,1.55,0.6622807017543859,20.0,moderate
3333,Commitments,Africa,IDA,AFRICA,FY18,0.0,28.0,0.0,0.0,28.0,2018,4,annual,28.0,0.0,aggregate_or_institution,0.0,0.0,1.0,3.367295829986474,0.0,0.0,0.0,0.0,3.367295829986474,20.0,8.0,0.4,20.0,0.4,28.0,26.0,True,0.9285714285714286,0.6798245614035088,28.0,moderate
3055,Commitments,Africa,IDA,AFRICA,FY19,0.0,35.0,0.0,0.0,35.0,2019,4,annual,35.0,0.0,aggregate_or_institution,0.0,0.0,1.0,3.58351893845611,0.0,0.0,0.0,0.0,3.58351893845611,28.0,7.0,0.25,28.0,0.25,35.0,23.0,True,0.6571428571428571,0.7149122807017544,35.0,moderate
2535,Gross Disbursements,Africa,IDA,AFRICA,FY14,0.0,36.0,0.0,0.0,36.0,2014,4,annual,36.0,0.0,aggregate_or_institution,0.0,0.0,1.0,3.6109179126442243,0.0,0.0,0.0,0.0,3.6109179126442243,,,,,,100.0,36.0,True,0.36,0.8191489361702128,36.0,moderate
2367,Gross Disbursements,Africa,IDA,AFRICA,FY15,0.0,41.0,0.0,0.0,41.0,2015,4,annual,41.0,0.0,aggregate_or_institution,0.0,0.0,1.0,3.7376696182833684,0.0,0.0,0.0,0.0,3.7376696182833684,36.0,5.0,0.1388888888888889,36.0,0.1388888888888889,50.0,41.0,True,0.82,0.8457446808510638,41.0,moderate
1077,Gross Disbursements,Africa,IDA,AFRICA,FY16,0.0,37.0,0.0,0.0,37.0,2016,4,annual,37.0,0.0,aggregate_or_institution,0.0,0.0,1.0,3.6375861597263857,0.0,0.0,0.0,0.0,3.6375861597263857,41.0,-4.0,-0.0975609756097561,41.0,-0.0975609756097561,30.0,37.0,True,1.2333333333333334,0.8297872340425532,37.0,moderate
946,Gross Disbursements,Africa,IDA,AFRICA,FY17,0.0,31.0,0.0,0.0,31.0,2017,4,annual,31.0,0.0,aggregate_or_institution,0.0,0.0,1.0,3.4657359027997265,0.0,0.0,0.0,0.0,3.4657359027997265,37.0,-6.0,-0.16216216216216217,37.0,-0.16216216216216217,20.0,31.0,True,1.55,0.7978723404255319,31.0,moderate
776,Gross Disbursements,Africa,IDA,AFRICA,FY18,0.0,26.0,0.0,0.0,26.0,2018,4,annual,26.0,0.0,aggregate_or_institution,0.0,0.0,1.0,3.295836866004329,0.0,0.0,0.0,0.0,3.295836866004329,31.0,-5.0,-0.16129032258064516,31.0,-0.16129032258064516,28.0,26.0,True,0.9285714285714286,0.75,26.0,moderate
3216,Gross Disbursements,Africa,IDA,AFRICA,FY19,0.0,23.0,0.0,0.0,23.0,2019,4,annual,23.0,0.0,aggregate_or_institution,0.0,0.0,1.0,3.1780538303479458,0.0,0.0,0.0,0.0,3.1780538303479458,26.0,-3.0,-0.11538461538461539,26.0,-0.11538461538461539,35.0,23.0,True,0.6571428571428571,0.723404255319149,23.0,moderate
3369,Commitments,Albania,IDA,EUROPE AND CENTRAL ASIA,FY18,0.0,0.0,0.0,0.0,0.0,2018,4,annual,0.0,0.0,country,0.0,0.0,0.0,0.0,0.0,0.0,0.0,0.0,0.0,,,,,,0.0,2.0,False,,0.19539375928677563,0.0,limited
3130,Commitments,Albania,IDA,EUROPE AND CENTRAL ASIA,FY19,0.0,0.0,0.0,0.0,0.0,2019,4,annual,0.0,0.0,country,0.0,0.0,0.0,0.0,0.0,0.0,0.0,0.0,0.0,0.0,0.0,,0.0,,0.0,1.0,False,,0.19539375928677563,0.0,limited
2247,Commitments,Albania,IDA,EUROPE AND CENTRAL ASIA,FY20,0.0,0.0,0.0,0.0,0.0,2020,4,annual,0.0,0.0,country,0.0,0.0,0.0,0.0,0.0,0.0,0.0,0.0,0.0,0.0,0.0,,0.0,,0.0,0.0,False,,0.19539375928677563,0.0,limited
1953,Commitments,Albania,IDA,EUROPE AND CENTRAL ASIA,FY21,0.0,0.0,0.0,0.0,0.0,2021,4,annual,0.0,0.0,country,0.0,0.0,0.0,0.0,0.0,0.0,0.0,0.0,0.0,0.0,0.0,,0.0,,0.0,0.0,False,,0.19539375928677563,0.0,limited
588,Commitments,Albania,IDA,EUROPE AND CENTRAL ASIA,FY22,0.0,0.0,0.0,0.0,0.0,2022,4,annual,0.0,0.0,country,0.0,0.0,0.0,0.0,0.0,0.0,0.0,0.0,0.0,0.0,0.0,,0.0,,0.0,0.0,False,,0.19539375928677563,0.0,limited
2974,Commitments,Albania,IDA,EUROPE AND CENTRAL ASIA,FY23,0.0,0.0,0.0,0.0,0.0,2023,4,annual,0.0,0.0,country,0.0,0.0,0.0,0.0,0.0,0.0,0.0,0.0,0.0,0.0,0.0,,0.0,,0.0,0.0,False,,0.19539375928677563,0.0,limited
2657,Commitments,Albania,IDA,EUROPE AND CENTRAL ASIA,FY24,0.0,0.0,0.0,0.0,0.0,2024,4,annual,0.0,0.0,country,0.0,0.0,0.0,0.0,0.0,0.0,0.0,0.0,0.0,0.0,0.0,,0.0,,0.0,0.0,False,,0.19539375928677563,0.0,limited
1458,Commitments,Albania,IDA,EUROPE AND CENTRAL ASIA,FY25,0.0,0.0,0.0,0.0,0.0,2025,4,annual,0.0,0.0,country,0.0,0.0,0.0,0.0,0.0,0.0,0.0,0.0,0.0,0.0,0.0,,0.0,,0.0,0.0,False,,0.19539375928677563,0.0,limited
238,Commitments,Albania,IDA,EUROPE AND CENTRAL ASIA,2025-Q3,0.0,-0.49,0.0,0.0,-0.49,2025,3,quarterly,-0.49,0.0,country,-0.0,0.0,1.0,0.0,-0.0,0.0,-0.0,0.0,0.0,,,,,,-0.49,0.0,False,,0.0211864406779661,0.49,limited
45,Commitments,Albania,IDA,EUROPE AND CENTRAL ASIA,2026-Q3,0.0,0.0,0.0,0.0,0.0,2026,3,quarterly,0.0,0.0,country,0.0,0.0,0.0,0.0,0.0,0.0,0.0,0.0,0.0,-0.49,0.49,1.0,-0.49,1.0,0.0,0.0,False,,0.326271186440678,0.0,limited
2589,Gross Disbursements,Albania,IDA,EUROPE AND CENTRAL ASIA,FY14,0.0,18.0,0.0,0.0,18.0,2014,4,annual,18.0,0.0,country,0.0,0.0,1.0,2.9444389791664403,0.0,0.0,0.0,0.0,2.9444389791664403,,,,,,,18.0,False,,0.3942463533225284,18.0,moderate
2421,Gross Disbursements,Albania,IDA,EUROPE AND CENTRAL ASIA,FY15,0.0,10.0,0.0,0.0,10.0,2015,4,annual,10.0,0.0,country,0.0,0.0,1.0,2.3978952727983707,0.0,0.0,0.0,0.0,2.3978952727983707,18.0,-8.0,-0.4444444444444444,18.0,-0.4444444444444444,,10.0,False,,0.3286061588330632,10.0,limited
1145,Gross Disbursements,Albania,IDA,EUROPE AND CENTRAL ASIA,FY16,0.0,6.0,0.0,0.0,6.0,2016,4,annual,6.0,0.0,country,0.0,0.0,1.0,1.9459101490553132,0.0,0.0,0.0,0.0,1.9459101490553132,10.0,-4.0,-0.4,10.0,-0.4,,6.0,False,,0.2807941653160454,6.0,limited
971,Gross Disbursements,Albania,IDA,EUROPE AND CENTRAL ASIA,FY17,0.0,1.0,0.0,0.0,1.0,2017,4,annual,1.0,0.0,country,0.0,0.0,1.0,0.6931471805599453,0.0,0.0,0.0,0.0,0.6931471805599453,6.0,-5.0,-0.8333333333333334,6.0,-0.8333333333333334,,1.0,False,,0.21920583468395463,1.0,limited
803,Gross Disbursements,Albania,IDA,EUROPE AND CENTRAL ASIA,FY18,0.0,2.0,0.0,0.0,2.0,2018,4,annual,2.0,0.0,country,0.0,0.0,1.0,1.0986122886681098,0.0,0.0,0.0,0.0,1.0986122886681098,1.0,1.0,1.0,1.0,1.0,0.0,2.0,False,,0.233387358184765,2.0,limited
3249,Gross Disbursements,Albania,IDA,EUROPE AND CENTRAL ASIA,FY19,0.0,1.0,0.0,0.0,1.0,2019,4,annual,1.0,0.0,country,0.0,0.0,1.0,0.6931471805599453,0.0,0.0,0.0,0.0,0.6931471805599453,2.0,-1.0,-0.5,2.0,-0.5,0.0,1.0,False,,0.21920583468395463,1.0,limited
2126,Gross Disbursements,Albania,IDA,EUROPE AND CENTRAL ASIA,FY20,0.0,0.0,0.0,0.0,0.0,2020,4,annual,0.0,0.0,country,0.0,0.0,0.0,0.0,0.0,0.0,0.0,0.0,0.0,1.0,-1.0,-1.0,1.0,-1.0,0.0,0.0,False,,0.1094003241491086,0.0,limited
713,Gross Disbursements,Albania,IDA,EUROPE AND CENTRAL ASIA,FY21,0.0,0.0,0.0,0.0,0.0,2021,4,annual,0.0,0.0,country,0.0,0.0,0.0,0.0,0.0,0.0,0.0,0.0,0.0,0.0,0.0,,0.0,,0.0,0.0,False,,0.1094003241491086,0.0,limited
466,Gross Disbursements,Albania,IDA,EUROPE AND CENTRAL ASIA,FY22,0.0,0.0,0.0,0.0,0.0,2022,4,annual,0.0,0.0,country,0.0,0.0,0.0,0.0,0.0,0.0,0.0,0.0,0.0,0.0,0.0,,0.0,,0.0,0.0,False,,0.1094003241491086,0.0,limited
2850,Gross Disbursements,Albania,IDA,EUROPE AND CENTRAL ASIA,FY23,0.0,0.0,0.0,0.0,0.0,2023,4,annual,0.0,0.0,country,0.0,0.0,0.0,0.0,0.0,0.0,0.0,0.0,0.0,0.0,0.0,,0.0,,0.0,0.0,False,,0.1094003241491086,0.0,limited
1772,Gross Disbursements,Albania,IDA,EUROPE AND CENTRAL ASIA,FY24,0.0,0.0,0.0,0.0,0.0,2024,4,annual,0.0,0.0,country,0.0,0.0,0.0,0.0,0.0,0.0,0.0,0.0,0.0,0.0,0.0,,0.0,,0.0,0.0,False,,0.1094003241491086,0.0,limited
1652,Gross Disbursements,Albania,IDA,EUROPE AND CENTRAL ASIA,FY25,0.0,0.0,0.0,0.0,0.0,2025,4,annual,0.0,0.0,country,0.0,0.0,0.0,0.0,0.0,0.0,0.0,0.0,0.0,0.0,0.0,,0.0,,0.0,0.0,False,,0.1094003241491086,0.0,limited
1337,Gross Disbursements,Albania,IDA,EUROPE AND CENTRAL ASIA,2025-Q3,0.0,0.0,0.0,0.0,0.0,2025,3,quarterly,0.0,0.0,country,0.0,0.0,0.0,0.0,0.0,0.0,0.0,0.0,0.0,,,,,,-0.49,0.0,False,,0.15848214285714285,0.0,limited
1214,Gross Disbursements,Albania,IDA,EUROPE AND CENTRAL ASIA,2026-Q3,0.0,0.0,0.0,0.0,0.0,2026,3,quarterly,0.0,0.0,country,0.0,0.0,0.0,0.0,0.0,0.0,0.0,0.0,0.0,0.0,0.0,,0.0,,0.0,0.0,False,,0.15848214285714285,0.0,limited
2734,Commitments,Algeria,IDA,MIDDLE EAST AND NORTH AFRICA,FY24,0.0,0.0,0.0,0.0,0.0,2024,4,annual,0.0,0.0,country,0.0,0.0,0.0,0.0,0.0,0.0,0.0,0.0,0.0,,,,,,0.0,,False,,0.19539375928677563,0.0,limited
1535,Commitments,Algeria,IDA,MIDDLE EAST AND NORTH AFRICA,FY25,0.0,0.0,0.0,0.0,0.0,2025,4,annual,0.0,0.0,country,0.0,0.0,0.0,0.0,0.0,0.0,0.0,0.0,0.0,0.0,0.0,,0.0,,0.0,,False,,0.19539375928677563,0.0,limited
315,Commitments,Algeria,IDA,"MIDDLE EAST, NORTH AFRICA, AFGHANISTAN, AND PAKISTAN",2025-Q3,0.0,0.0,0.0,0.0,0.0,2025,3,quarterly,0.0,0.0,country,0.0,0.0,0.0,0.0,0.0,0.0,0.0,0.0,0.0,,,,,,0.0,,False,,0.326271186440678,0.0,limited
122,Commitments,Algeria,IDA,"MIDDLE EAST, NORTH AFRICA, AFGHANISTAN, AND PAKISTAN",2026-Q3,0.0,0.0,0.0,0.0,0.0,2026,3,quarterly,0.0,0.0,country,0.0,0.0,0.0,0.0,0.0,0.0,0.0,0.0,0.0,0.0,0.0,,0.0,,0.0,,False,,0.326271186440678,0.0,limited
2458,Commitments,Angola,IDA,AFRICA,FY14,0.0,75.0,0.0,0.0,75.0,2014,4,annual,75.0,0.0,country,0.0,0.0,1.0,4.330733340286331,0.0,0.0,0.0,0.0,4.330733340286331,,,,,,75.0,71.0,True,0.9466666666666667,0.5843239227340268,75.0,moderate
2289,Commitments,Angola,IDA,AFRICA,FY15,0.0,0.0,0.0,0.0,0.0,2015,4,annual,0.0,0.0,country,0.0,0.0,0.0,0.0,0.0,0.0,0.0,0.0,0.0,75.0,-75.0,-1.0,75.0,-1.0,0.0,60.0,False,,0.19539375928677563,0.0,limited
3347,Commitments,Angola,IDA,AFRICA,FY18,0.0,0.0,0.0,0.0,0.0,2018,4,annual,0.0,0.0,country,0.0,0.0,0.0,0.0,0.0,0.0,0.0,0.0,0.0,0.0,0.0,,0.0,,0.0,62.0,False,,0.19539375928677563,0.0,limited
3114,Commitments,Angola,IDA,AFRICA,FY19,0.0,0.0,0.0,0.0,0.0,2019,4,annual,0.0,0.0,country,0.0,0.0,0.0,0.0,0.0,0.0,0.0,0.0,0.0,0.0,0.0,,0.0,,0.0,30.0,False,,0.19539375928677563,0.0,limited
2227,Commitments,Angola,IDA,AFRICA EAST,FY20,0.0,0.0,0.0,0.0,0.0,2020,4,annual,0.0,0.0,country,0.0,0.0,0.0,0.0,0.0,0.0,0.0,0.0,0.0,0.0,0.0,,0.0,,0.0,10.0,False,,0.19539375928677563,0.0,limited
1929,Commitments,Angola,IDA,EASTERN AND SOUTHERN AFRICA,FY21,0.0,0.0,0.0,0.0,0.0,2021,4,annual,0.0,0.0,country,0.0,0.0,0.0,0.0,0.0,0.0,0.0,0.0,0.0,0.0,0.0,,0.0,,0.0,4.0,False,,0.19539375928677563,0.0,limited
564,Commitments,Angola,IDA,EASTERN AND SOUTHERN AFRICA,FY22,0.0,0.0,0.0,0.0,0.0,2022,4,annual,0.0,0.0,country,0.0,0.0,0.0,0.0,0.0,0.0,0.0,0.0,0.0,0.0,0.0,,0.0,,0.0,5.0,False,,0.19539375928677563,0.0,limited
2950,Commitments,Angola,IDA,EASTERN AND SOUTHERN AFRICA,FY23,0.0,0.0,0.0,0.0,0.0,2023,4,annual,0.0,0.0,country,0.0,0.0,0.0,0.0,0.0,0.0,0.0,0.0,0.0,0.0,0.0,,0.0,,0.0,0.0,False,,0.19539375928677563,0.0,limited
2631,Commitments,Angola,IDA,EASTERN AND SOUTHERN AFRICA,FY24,0.0,0.0,0.0,0.0,0.0,2024,4,annual,0.0,0.0,country,0.0,0.0,0.0,0.0,0.0,0.0,0.0,0.0,0.0,0.0,0.0,,0.0,,0.0,0.0,False,,0.19539375928677563,0.0,limited
1432,Commitments,Angola,IDA,EASTERN AND SOUTHERN AFRICA,FY25,0.0,0.0,0.0,0.0,0.0,2025,4,annual,0.0,0.0,country,0.0,0.0,0.0,0.0,0.0,0.0,0.0,0.0,0.0,0.0,0.0,,0.0,,0.0,0.0,False,,0.19539375928677563,0.0,limited
212,Commitments,Angola,IDA,EASTERN AND SOUTHERN AFRICA,2025-Q3,0.0,0.0,0.0,0.0,0.0,2025,3,quarterly,0.0,0.0,country,0.0,0.0,0.0,0.0,0.0,0.0,0.0,0.0,0.0,,,,,,0.0,0.0,False,,0.326271186440678,0.0,limited
19,Commitments,Angola,IDA,EASTERN AND SOUTHERN AFRICA,2026-Q3,0.0,0.0,0.0,0.0,0.0,2026,3,quarterly,0.0,0.0,country,0.0,0.0,0.0,0.0,0.0,0.0,0.0,0.0,0.0,0.0,0.0,,0.0,,0.0,0.0,False,,0.326271186440678,0.0,limited
2536,Gross Disbursements,Angola,IDA,AFRICA,FY14,0.0,71.0,0.0,0.0,71.0,2014,4,annual,71.0,0.0,country,0.0,0.0,1.0,4.276666119016055,0.0,0.0,0.0,0.0,4.276666119016055,,,,,,75.0,71.0,True,0.9466666666666667,0.5996758508914101,71.0,moderate
2368,Gross Disbursements,Angola,IDA,AFRICA,FY15,0.0,60.0,0.0,0.0,60.0,2015,4,annual,60.0,0.0,country,0.0,0.0,1.0,4.110873864173311,0.0,0.0,0.0,0.0,4.110873864173311,71.0,-11.0,-0.15492957746478872,71.0,-0.15492957746478872,0.0,60.0,False,,0.5786061588330632,60.0,moderate
1078,Gross Disbursements,Angola,IDA,AFRICA,FY16,0.0,49.0,0.0,0.0,49.0,2016,4,annual,49.0,0.0,country,0.0,0.0,1.0,3.912023005428146,0.0,0.0,0.0,0.0,3.912023005428146,60.0,-11.0,-0.18333333333333332,60.0,-0.18333333333333332,,49.0,False,,0.5380875202593193,49.0,moderate
931,Gross Disbursements,Angola,IDA,AFRICA,FY17,0.0,50.0,0.0,0.0,50.0,2017,4,annual,50.0,0.0,country,0.0,0.0,1.0,3.9318256327243257,0.0,0.0,0.0,0.0,3.9318256327243257,49.0,1.0,0.02040816326530612,49.0,0.02040816326530612,,50.0,False,,0.5409238249594813,50.0,moderate
770,Gross Disbursements,Angola,IDA,AFRICA,FY18,0.0,62.0,0.0,0.0,62.0,2018,4,annual,62.0,0.0,country,0.0,0.0,1.0,4.143134726391533,0.0,0.0,0.0,0.0,4.143134726391533,50.0,12.0,0.24,50.0,0.24,0.0,62.0,False,,0.5826580226904376,62.0,moderate
3235,Gross Disbursements,Angola,IDA,AFRICA,FY19,0.0,30.0,0.0,0.0,30.0,2019,4,annual,30.0,0.0,country,0.0,0.0,1.0,3.4339872044851463,0.0,0.0,0.0,0.0,3.4339872044851463,62.0,-32.0,-0.5161290322580645,62.0,-0.5161290322580645,0.0,30.0,False,,0.46312803889789306,30.0,moderate
2120,Gross Disbursements,Angola,IDA,AFRICA EAST,FY20,0.0,10.0,0.0,0.0,10.0,2020,4,annual,10.0,0.0,country,0.0,0.0,1.0,2.3978952727983707,0.0,0.0,0.0,0.0,2.3978952727983707,30.0,-20.0,-0.6666666666666666,30.0,-0.6666666666666666,0.0,10.0,False,,0.3286061588330632,10.0,limited
689,Gross Disbursements,Angola,IDA,EASTERN AND SOUTHERN AFRICA,FY21,0.0,4.0,0.0,0.0,4.0,2021,4,annual,4.0,0.0,country,0.0,0.0,1.0,1.6094379124341003,0.0,0.0,0.0,0.0,1.6094379124341003,10.0,-6.0,-0.6,10.0,-0.6,0.0,4.0,False,,0.25810372771474877,4.0,limited
442,Gross Disbursements,Angola,IDA,EASTERN AND SOUTHERN AFRICA,FY22,0.0,5.0,0.0,0.0,5.0,2022,4,annual,5.0,0.0,country,0.0,0.0,1.0,1.791759469228055,0.0,0.0,0.0,0.0,1.791759469228055,4.0,1.0,0.25,4.0,0.25,0.0,5.0,False,,0.2706645056726094,5.0,limited
2826,Gross Disbursements,Angola,IDA,EASTERN AND SOUTHERN AFRICA,FY23,0.0,0.0,0.0,0.0,0.0,2023,4,annual,0.0,0.0,country,0.0,0.0,0.0,0.0,0.0,0.0,0.0,0.0,0.0,5.0,-5.0,-1.0,5.0,-1.0,0.0,0.0,False,,0.1094003241491086,0.0,limited
1748,Gross Disbursements,Angola,IDA,EASTERN AND SOUTHERN AFRICA,FY24,0.0,0.0,0.0,0.0,0.0,2024,4,annual,0.0,0.0,country,0.0,0.0,0.0,0.0,0.0,0.0,0.0,0.0,0.0,0.0,0.0,,0.0,,0.0,0.0,False,,0.1094003241491086,0.0,limited
1628,Gross Disbursements,Angola,IDA,EASTERN AND SOUTHERN AFRICA,FY25,0.0,0.0,0.0,0.0,0.0,2025,4,annual,0.0,0.0,country,0.0,0.0,0.0,0.0,0.0,0.0,0.0,0.0,0.0,0.0,0.0,,0.0,,0.0,0.0,False,,0.1094003241491086,0.0,limited
1313,Gross Disbursements,Angola,IDA,EASTERN AND SOUTHERN AFRICA,2025-Q3,0.0,0.0,0.0,0.0,0.0,2025,3,quarterly,0.0,0.0,country,0.0,0.0,0.0,0.0,0.0,0.0,0.0,0.0,0.0,,,,,,0.0,0.0,False,,0.15848214285714285,0.0,limited
1190,Gross Disbursements,Angola,IDA,EASTERN AND SOUTHERN AFRICA,2026-Q3,0.0,0.0,0.0,0.0,0.0,2026,3,quarterly,0.0,0.0,country,0.0,0.0,0.0,0.0,0.0,0.0,0.0,0.0,0.0,0.0,0.0,,0.0,,0.0,0.0,False,,0.15848214285714285,0.0,limited
2701,Commitments,Antigua and Barbuda,IDA,LATIN AMERICA AND CARIBBEAN,FY24,0.0,0.0,0.0,0.0,0.0,2024,4,annual,0.0,0.0,country,0.0,0.0,0.0,0.0,0.0,0.0,0.0,0.0,0.0,,,,,,0.0,,False,,0.19539375928677563,0.0,limited
1502,Commitments,Antigua and Barbuda,IDA,LATIN AMERICA AND CARIBBEAN,FY25,0.0,0.0,0.0,0.0,0.0,2025,4,annual,0.0,0.0,country,0.0,0.0,0.0,0.0,0.0,0.0,0.0,0.0,0.0,0.0,0.0,,0.0,,0.0,,False,,0.19539375928677563,0.0,limited
282,Commitments,Antigua and Barbuda,IDA,LATIN AMERICA AND CARIBBEAN,2025-Q3,0.49,0.0,0.0,0.0,0.49,2025,3,quarterly,0.49,0.0,country,1.0,0.3987761199573678,0.0,0.0,0.0,0.0,0.0,0.0,0.3987761199573678,,,,,,0.49,,False,,0.635593220338983,0.49,limited
89,Commitments,Antigua and Barbuda,IDA,LATIN AMERICA AND CARIBBEAN,2026-Q3,0.0,0.0,0.0,0.0,0.0,2026,3,quarterly,0.0,0.0,country,0.0,0.0,0.0,0.0,0.0,0.0,0.0,0.0,0.0,0.49,-0.49,-1.0,0.49,-1.0,0.0,,False,,0.326271186440678,0.0,limited
2702,Commitments,Argentina,IDA,LATIN AMERICA AND CARIBBEAN,FY24,0.0,0.0,0.0,0.0,0.0,2024,4,annual,0.0,0.0,country,0.0,0.0,0.0,0.0,0.0,0.0,0.0,0.0,0.0,,,,,,0.0,,False,,0.19539375928677563,0.0,limited
1503,Commitments,Argentina,IDA,LATIN AMERICA AND CARIBBEAN,FY25,0.0,0.0,0.0,0.0,0.0,2025,4,annual,0.0,0.0,country,0.0,0.0,0.0,0.0,0.0,0.0,0.0,0.0,0.0,0.0,0.0,,0.0,,0.0,,False,,0.19539375928677563,0.0,limited
283,Commitments,Argentina,IDA,LATIN AMERICA AND CARIBBEAN,2025-Q3,0.0,0.0,0.0,0.0,0.0,2025,3,quarterly,0.0,0.0,country,0.0,0.0,0.0,0.0,0.0,0.0,0.0,0.0,0.0,,,,,,0.0,,False,,0.326271186440678,0.0,limited
90,Commitments,Argentina,IDA,LATIN AMERICA AND CARIBBEAN,2026-Q3,0.0,0.0,0.0,0.0,0.0,2026,3,quarterly,0.0,0.0,country,0.0,0.0,0.0,0.0,0.0,0.0,0.0,0.0,0.0,0.0,0.0,,0.0,,0.0,,False,,0.326271186440678,0.0,limited
2508,Commitments,Armenia,IDA,EUROPE AND CENTRAL ASIA,FY14,41.0,46.0,0.0,0.0,87.0,2014,4,annual,87.0,0.0,country,0.47126436781609193,3.7376696182833684,0.5287356321839081,3.8501476017100584,0.0,0.0,0.0,0.0,4.477336814478207,,,,,,87.0,59.0,True,0.6781609195402298,0.612555720653789,87.0,moderate
2338,Commitments,Armenia,IDA,EUROPE AND CENTRAL ASIA,FY15,0.0,0.0,0.0,0.0,0.0,2015,4,annual,0.0,0.0,country,0.0,0.0,0.0,0.0,0.0,0.0,0.0,0.0,0.0,87.0,-87.0,-1.0,87.0,-1.0,0.0,15.0,False,,0.19539375928677563,0.0,limited
3370,Commitments,Armenia,IDA,EUROPE AND CENTRAL ASIA,FY18,0.0,0.0,0.0,0.0,0.0,2018,4,annual,0.0,0.0,country,0.0,0.0,0.0,0.0,0.0,0.0,0.0,0.0,0.0,0.0,0.0,,0.0,,0.0,12.0,False,,0.19539375928677563,0.0,limited
3131,Commitments,Armenia,IDA,EUROPE AND CENTRAL ASIA,FY19,0.0,0.0,0.0,0.0,0.0,2019,4,annual,0.0,0.0,country,0.0,0.0,0.0,0.0,0.0,0.0,0.0,0.0,0.0,0.0,0.0,,0.0,,0.0,8.0,False,,0.19539375928677563,0.0,limited
3002,Commitments,Armenia,IDA,EUROPE AND CENTRAL ASIA,FY20,0.0,0.0,0.0,0.0,0.0,2020,4,annual,0.0,0.0,country,0.0,0.0,0.0,0.0,0.0,0.0,0.0,0.0,0.0,0.0,0.0,,0.0,,0.0,7.0,False,,0.19539375928677563,0.0,limited
1954,Commitments,Armenia,IDA,EUROPE AND CENTRAL ASIA,FY21,0.0,0.0,0.0,0.0,0.0,2021,4,annual,0.0,0.0,country,0.0,0.0,0.0,0.0,0.0,0.0,0.0,0.0,0.0,0.0,0.0,,0.0,,0.0,8.0,False,,0.19539375928677563,0.0,limited
589,Commitments,Armenia,IDA,EUROPE AND CENTRAL ASIA,FY22,0.0,0.0,0.0,0.0,0.0,2022,4,annual,0.0,0.0,country,0.0,0.0,0.0,0.0,0.0,0.0,0.0,0.0,0.0,0.0,0.0,,0.0,,0.0,4.0,False,,0.19539375928677563,0.0,limited
2975,Commitments,Armenia,IDA,EUROPE AND CENTRAL ASIA,FY23,0.0,0.0,0.0,0.0,0.0,2023,4,annual,0.0,0.0,country,0.0,0.0,0.0,0.0,0.0,0.0,0.0,0.0,0.0,0.0,0.0,,0.0,,0.0,2.0,False,,0.19539375928677563,0.0,limited
2658,Commitments,Armenia,IDA,EUROPE AND CENTRAL ASIA,FY24,0.0,0.0,0.0,0.0,0.0,2024,4,annual,0.0,0.0,country,0.0,0.0,0.0,0.0,0.0,0.0,0.0,0.0,0.0,0.0,0.0,,0.0,,0.0,2.0,False,,0.19539375928677563,0.0,limited
1459,Commitments,Armenia,IDA,EUROPE AND CENTRAL ASIA,FY25,0.0,0.0,0.0,0.0,0.0,2025,4,annual,0.0,0.0,country,0.0,0.0,0.0,0.0,0.0,0.0,0.0,0.0,0.0,0.0,0.0,,0.0,,0.0,-1.0,False,,0.19539375928677563,0.0,limited
239,Commitments,Armenia,IDA,EUROPE AND CENTRAL ASIA,2025-Q3,0.0,0.0,0.0,0.0,0.0,2025,3,quarterly,0.0,0.0,country,0.0,0.0,0.0,0.0,0.0,0.0,0.0,0.0,0.0,,,,,,0.0,-0.51,False,,0.326271186440678,0.0,limited
46,Commitments,Armenia,IDA,EUROPE AND CENTRAL ASIA,2026-Q3,0.0,0.0,0.0,0.0,0.0,2026,3,quarterly,0.0,0.0,country,0.0,0.0,0.0,0.0,0.0,0.0,0.0,0.0,0.0,0.0,0.0,,0.0,,0.0,0.0,False,,0.326271186440678,0.0,limited
2590,Gross Disbursements,Armenia,IDA,EUROPE AND CENTRAL ASIA,FY14,41.0,18.0,0.0,0.0,59.0,2014,4,annual,59.0,0.0,country,0.6949152542372882,3.7376696182833684,0.3050847457627119,2.9444389791664403,0.0,0.0,0.0,0.0,4.0943445622221,,,,,,87.0,59.0,True,0.6781609195402298,0.5753646677471637,59.0,moderate
2422,Gross Disbursements,Armenia,IDA,EUROPE AND CENTRAL ASIA,FY15,0.0,15.0,0.0,0.0,15.0,2015,4,annual,15.0,0.0,country,0.0,0.0,1.0,2.772588722239781,0.0,0.0,0.0,0.0,2.772588722239781,59.0,-44.0,-0.7457627118644068,59.0,-0.7457627118644068,0.0,15.0,False,,0.37155591572123176,15.0,moderate
1146,Gross Disbursements,Armenia,IDA,EUROPE AND CENTRAL ASIA,FY16,0.0,18.0,0.0,0.0,18.0,2016,4,annual,18.0,0.0,country,0.0,0.0,1.0,2.9444389791664403,0.0,0.0,0.0,0.0,2.9444389791664403,15.0,3.0,0.2,15.0,0.2,,18.0,False,,0.3942463533225284,18.0,moderate
956,Gross Disbursements,Armenia,IDA,EUROPE AND CENTRAL ASIA,FY17,0.0,14.0,0.0,0.0,14.0,2017,4,annual,14.0,0.0,country,0.0,0.0,1.0,2.70805020110221,0.0,0.0,0.0,0.0,2.70805020110221,18.0,-4.0,-0.2222222222222222,18.0,-0.2222222222222222,,14.0,False,,0.36547811993517015,14.0,moderate
788,Gross Disbursements,Armenia,IDA,EUROPE AND CENTRAL ASIA,FY18,0.0,12.0,0.0,0.0,12.0,2018,4,annual,12.0,0.0,country,0.0,0.0,1.0,2.5649493574615367,0.0,0.0,0.0,0.0,2.5649493574615367,14.0,-2.0,-0.14285714285714285,14.0,-0.14285714285714285,0.0,12.0,False,,0.34562398703403563,12.0,moderate
3239,Gross Disbursements,Armenia,IDA,EUROPE AND CENTRAL ASIA,FY19,0.0,8.0,0.0,0.0,8.0,2019,4,annual,8.0,0.0,country,0.0,0.0,1.0,2.1972245773362196,0.0,0.0,0.0,0.0,2.1972245773362196,12.0,-4.0,-0.3333333333333333,12.0,-0.3333333333333333,0.0,8.0,False,,0.30591572123176664,8.0,limited
2111,Gross Disbursements,Armenia,IDA,EUROPE AND CENTRAL ASIA,FY20,0.0,7.0,0.0,0.0,7.0,2020,4,annual,7.0,0.0,country,0.0,0.0,1.0,2.0794415416798357,0.0,0.0,0.0,0.0,2.0794415416798357,8.0,-1.0,-0.125,8.0,-0.125,0.0,7.0,False,,0.2925445705024311,7.0,limited
714,Gross Disbursements,Armenia,IDA,EUROPE AND CENTRAL ASIA,FY21,0.0,8.0,0.0,0.0,8.0,2021,4,annual,8.0,0.0,country,0.0,0.0,1.0,2.1972245773362196,0.0,0.0,0.0,0.0,2.1972245773362196,7.0,1.0,0.14285714285714285,7.0,0.14285714285714285,0.0,8.0,False,,0.30591572123176664,8.0,limited
467,Gross Disbursements,Armenia,IDA,EUROPE AND CENTRAL ASIA,FY22,0.0,4.0,0.0,0.0,4.0,2022,4,annual,4.0,0.0,country,0.0,0.0,1.0,1.6094379124341003,0.0,0.0,0.0,0.0,1.6094379124341003,8.0,-4.0,-0.5,8.0,-0.5,0.0,4.0,False,,0.25810372771474877,4.0,limited
2851,Gross Disbursements,Armenia,IDA,EUROPE AND CENTRAL ASIA,FY23,0.0,2.0,0.0,0.0,2.0,2023,4,annual,2.0,0.0,country,0.0,0.0,1.0,1.0986122886681098,0.0,0.0,0.0,0.0,1.0986122886681098,4.0,-2.0,-0.5,4.0,-0.5,0.0,2.0,False,,0.233387358184765,2.0,limited
1773,Gross Disbursements,Armenia,IDA,EUROPE AND CENTRAL ASIA,FY24,0.0,2.0,0.0,0.0,2.0,2024,4,annual,2.0,0.0,country,0.0,0.0,1.0,1.0986122886681098,0.0,0.0,0.0,0.0,1.0986122886681098,2.0,0.0,0.0,2.0,0.0,0.0,2.0,False,,0.233387358184765,2.0,limited
1653,Gross Disbursements,Armenia,IDA,EUROPE AND CENTRAL ASIA,FY25,0.0,-1.0,0.0,0.0,-1.0,2025,4,annual,-1.0,0.0,country,-0.0,0.0,1.0,0.0,-0.0,0.0,-0.0,0.0,0.0,2.0,-3.0,-1.5,2.0,-1.5,0.0,-1.0,False,,0.006482982171799027,1.0,limited
1338,Gross Disbursements,Armenia,IDA,EUROPE AND CENTRAL ASIA,2025-Q3,0.0,-0.51,0.0,0.0,-0.51,2025,3,quarterly,-0.51,0.0,country,-0.0,0.0,1.0,0.0,-0.0,0.0,-0.0,0.0,0.0,,,,,,0.0,-0.51,False,,0.013392857142857142,0.51,limited
1215,Gross Disbursements,Armenia,IDA,EUROPE AND CENTRAL ASIA,2026-Q3,0.0,0.0,0.0,0.0,0.0,2026,3,quarterly,0.0,0.0,country,0.0,0.0,0.0,0.0,0.0,0.0,0.0,0.0,0.0,-0.51,0.51,1.0,-0.51,1.0,0.0,0.0,False,,0.15848214285714285,0.0,limited
1847,Commitments,Australia,IDA,EAST ASIA AND PACIFIC,FY24,0.0,0.0,0.0,0.0,0.0,2024,4,annual,0.0,0.0,country,0.0,0.0,0.0,0.0,0.0,0.0,0.0,0.0,0.0,,,,,,0.0,,False,,0.19539375928677563,0.0,limited
1414,Commitments,Australia,IDA,EAST ASIA AND PACIFIC,FY25,0.0,0.0,0.0,0.0,0.0,2025,4,annual,0.0,0.0,country,0.0,0.0,0.0,0.0,0.0,0.0,0.0,0.0,0.0,0.0,0.0,,0.0,,0.0,,False,,0.19539375928677563,0.0,limited
193,Commitments,Australia,IDA,EAST ASIA AND PACIFIC,2025-Q3,0.0,0.0,0.0,0.0,0.0,2025,3,quarterly,0.0,0.0,country,0.0,0.0,0.0,0.0,0.0,0.0,0.0,0.0,0.0,,,,,,0.0,,False,,0.326271186440678,0.0,limited
0,Commitments,Australia,IDA,EAST ASIA AND PACIFIC,2026-Q3,0.0,0.0,0.0,0.0,0.0,2026,3,quarterly,0.0,0.0,country,0.0,0.0,0.0,0.0,0.0,0.0,0.0,0.0,0.0,0.0,0.0,,0.0,,0.0,,False,,0.326271186440678,0.0,limited
2659,Commitments,Austria,IDA,EUROPE AND CENTRAL ASIA,FY24,0.0,0.0,0.0,0.0,0.0,2024,4,annual,0.0,0.0,country,0.0,0.0,0.0,0.0,0.0,0.0,0.0,0.0,0.0,,,,,,0.0,,False,,0.19539375928677563,0.0,limited
1460,Commitments,Austria,IDA,EUROPE AND CENTRAL ASIA,FY25,0.0,0.0,0.0,0.0,0.0,2025,4,annual,0.0,0.0,country,0.0,0.0,0.0,0.0,0.0,0.0,0.0,0.0,0.0,0.0,0.0,,0.0,,0.0,,False,,0.19539375928677563,0.0,limited
240,Commitments,Austria,IDA,EUROPE AND CENTRAL ASIA,2025-Q3,0.0,0.0,0.0,0.0,0.0,2025,3,quarterly,0.0,0.0,country,0.0,0.0,0.0,0.0,0.0,0.0,0.0,0.0,0.0,,,,,,0.0,,False,,0.326271186440678,0.0,limited
47,Commitments,Austria,IDA,EUROPE AND CENTRAL ASIA,2026-Q3,0.0,0.0,0.0,0.0,0.0,2026,3,quarterly,0.0,0.0,country,0.0,0.0,0.0,0.0,0.0,0.0,0.0,0.0,0.0,0.0,0.0,,0.0,,0.0,,False,,0.326271186440678,0.0,limited
3371,Commitments,Azerbaijan,IDA,EUROPE AND CENTRAL ASIA,FY18,0.0,0.0,0.0,0.0,0.0,2018,4,annual,0.0,0.0,country,0.0,0.0,0.0,0.0,0.0,0.0,0.0,0.0,0.0,,,,,,0.0,52.0,False,,0.19539375928677563,0.0,limited
3132,Commitments,Azerbaijan,IDA,EUROPE AND CENTRAL ASIA,FY19,0.0,0.0,0.0,0.0,0.0,2019,4,annual,0.0,0.0,country,0.0,0.0,0.0,0.0,0.0,0.0,0.0,0.0,0.0,0.0,0.0,,0.0,,0.0,0.0,False,,0.19539375928677563,0.0,limited
3003,Commitments,Azerbaijan,IDA,EUROPE AND CENTRAL ASIA,FY20,0.0,0.0,0.0,0.0,0.0,2020,4,annual,0.0,0.0,country,0.0,0.0,0.0,0.0,0.0,0.0,0.0,0.0,0.0,0.0,0.0,,0.0,,0.0,0.0,False,,0.19539375928677563,0.0,limited
1955,Commitments,Azerbaijan,IDA,EUROPE AND CENTRAL ASIA,FY21,0.0,0.0,0.0,0.0,0.0,2021,4,annual,0.0,0.0,country,0.0,0.0,0.0,0.0,0.0,0.0,0.0,0.0,0.0,0.0,0.0,,0.0,,0.0,0.0,False,,0.19539375928677563,0.0,limited
590,Commitments,Azerbaijan,IDA,EUROPE AND CENTRAL ASIA,FY22,0.0,0.0,0.0,0.0,0.0,2022,4,annual,0.0,0.0,country,0.0,0.0,0.0,0.0,0.0,0.0,0.0,0.0,0.0,0.0,0.0,,0.0,,0.0,0.0,False,,0.19539375928677563,0.0,limited
2976,Commitments,Azerbaijan,IDA,EUROPE AND CENTRAL ASIA,FY23,0.0,0.0,0.0,0.0,0.0,2023,4,annual,0.0,0.0,country,0.0,0.0,0.0,0.0,0.0,0.0,0.0,0.0,0.0,0.0,0.0,,0.0,,0.0,0.0,False,,0.19539375928677563,0.0,limited
2660,Commitments,Azerbaijan,IDA,EUROPE AND CENTRAL ASIA,FY24,0.0,0.0,0.0,0.0,0.0,2024,4,annual,0.0,0.0,country,0.0,0.0,0.0,0.0,0.0,0.0,0.0,0.0,0.0,0.0,0.0,,0.0,,0.0,0.0,False,,0.19539375928677563,0.0,limited
1461,Commitments,Azerbaijan,IDA,EUROPE AND CENTRAL ASIA,FY25,0.0,0.0,0.0,0.0,0.0,2025,4,annual,0.0,0.0,country,0.0,0.0,0.0,0.0,0.0,0.0,0.0,0.0,0.0,0.0,0.0,,0.0,,0.0,0.0,False,,0.19539375928677563,0.0,limited
241,Commitments,Azerbaijan,IDA,EUROPE AND CENTRAL ASIA,2025-Q3,0.0,0.0,0.0,0.0,0.0,2025,3,quarterly,0.0,0.0,country,0.0,0.0,0.0,0.0,0.0,0.0,0.0,0.0,0.0,,,,,,0.0,0.0,False,,0.326271186440678,0.0,limited
48,Commitments,Azerbaijan,IDA,EUROPE AND CENTRAL ASIA,2026-Q3,0.0,0.0,0.0,0.0,0.0,2026,3,quarterly,0.0,0.0,country,0.0,0.0,0.0,0.0,0.0,0.0,0.0,0.0,0.0,0.0,0.0,,0.0,,0.0,0.0,False,,0.326271186440678,0.0,limited
2591,Gross Disbursements,Azerbaijan,IDA,EUROPE AND CENTRAL ASIA,FY14,0.0,116.0,0.0,0.0,116.0,2014,4,annual,116.0,0.0,country,0.0,0.0,1.0,4.762173934797756,0.0,0.0,0.0,0.0,4.762173934797756,,,,,,,116.0,False,,0.6742301458670988,116.0,significant
2423,Gross Disbursements,Azerbaijan,IDA,EUROPE AND CENTRAL ASIA,FY15,0.0,27.0,0.0,0.0,27.0,2015,4,annual,27.0,0.0,country,0.0,0.0,1.0,3.332204510175204,0.0,0.0,0.0,0.0,3.332204510175204,116.0,-89.0,-0.7672413793103449,116.0,-0.7672413793103449,,27.0,False,,0.4485413290113452,27.0,moderate
1147,Gross Disbursements,Azerbaijan,IDA,EUROPE AND CENTRAL ASIA,FY16,0.0,14.0,0.0,0.0,14.0,2016,4,annual,14.0,0.0,country,0.0,0.0,1.0,2.70805020110221,0.0,0.0,0.0,0.0,2.70805020110221,27.0,-13.0,-0.48148148148148145,27.0,-0.48148148148148145,,14.0,False,,0.36547811993517015,14.0,moderate
933,Gross Disbursements,Azerbaijan,IDA,EUROPE AND CENTRAL ASIA,FY17,0.0,22.0,0.0,0.0,22.0,2017,4,annual,22.0,0.0,country,0.0,0.0,1.0,3.1354942159291497,0.0,0.0,0.0,0.0,3.1354942159291497,14.0,8.0,0.5714285714285714,14.0,0.5714285714285714,,22.0,False,,0.41572123176661263,22.0,moderate
806,Gross Disbursements,Azerbaijan,IDA,EUROPE AND CENTRAL ASIA,FY18,0.0,52.0,0.0,0.0,52.0,2018,4,annual,52.0,0.0,country,0.0,0.0,1.0,3.970291913552122,0.0,0.0,0.0,0.0,3.970291913552122,22.0,30.0,1.3636363636363635,22.0,1.3636363636363635,0.0,52.0,False,,0.5449756888168558,52.0,moderate
3260,Gross Disbursements,Azerbaijan,IDA,EUROPE AND CENTRAL ASIA,FY19,0.0,0.0,0.0,0.0,0.0,2019,4,annual,0.0,0.0,country,0.0,0.0,0.0,0.0,0.0,0.0,0.0,0.0,0.0,52.0,-52.0,-1.0,52.0,-1.0,0.0,0.0,False,,0.1094003241491086,0.0,limited
2136,Gross Disbursements,Azerbaijan,IDA,EUROPE AND CENTRAL ASIA,FY20,0.0,0.0,0.0,0.0,0.0,2020,4,annual,0.0,0.0,country,0.0,0.0,0.0,0.0,0.0,0.0,0.0,0.0,0.0,0.0,0.0,,0.0,,0.0,0.0,False,,0.1094003241491086,0.0,limited
715,Gross Disbursements,Azerbaijan,IDA,EUROPE AND CENTRAL ASIA,FY21,0.0,0.0,0.0,0.0,0.0,2021,4,annual,0.0,0.0,country,0.0,0.0,0.0,0.0,0.0,0.0,0.0,0.0,0.0,0.0,0.0,,0.0,,0.0,0.0,False,,0.1094003241491086,0.0,limited
468,Gross Disbursements,Azerbaijan,IDA,EUROPE AND CENTRAL ASIA,FY22,0.0,0.0,0.0,0.0,0.0,2022,4,annual,0.0,0.0,country,0.0,0.0,0.0,0.0,0.0,0.0,0.0,0.0,0.0,0.0,0.0,,0.0,,0.0,0.0,False,,0.1094003241491086,0.0,limited
2852,Gross Disbursements,Azerbaijan,IDA,EUROPE AND CENTRAL ASIA,FY23,0.0,0.0,0.0,0.0,0.0,2023,4,annual,0.0,0.0,country,0.0,0.0,0.0,0.0,0.0,0.0,0.0,0.0,0.0,0.0,0.0,,0.0,,0.0,0.0,False,,0.1094003241491086,0.0,limited
1774,Gross Disbursements,Azerbaijan,IDA,EUROPE AND CENTRAL ASIA,FY24,0.0,0.0,0.0,0.0,0.0,2024,4,annual,0.0,0.0,country,0.0,0.0,0.0,0.0,0.0,0.0,0.0,0.0,0.0,0.0,0.0,,0.0,,0.0,0.0,False,,0.1094003241491086,0.0,limited
1654,Gross Disbursements,Azerbaijan,IDA,EUROPE AND CENTRAL ASIA,FY25,0.0,0.0,0.0,0.0,0.0,2025,4,annual,0.0,0.0,country,0.0,0.0,0.0,0.0,0.0,0.0,0.0,0.0,0.0,0.0,0.0,,0.0,,0.0,0.0,False,,0.1094003241491086,0.0,limited
1339,Gross Disbursements,Azerbaijan,IDA,EUROPE AND CENTRAL ASIA,2025-Q3,0.0,0.0,0.0,0.0,0.0,2025,3,quarterly,0.0,0.0,country,0.0,0.0,0.0,0.0,0.0,0.0,0.0,0.0,0.0,,,,,,0.0,0.0,False,,0.15848214285714285,0.0,limited
1216,Gross Disbursements,Azerbaijan,IDA,EUROPE AND CENTRAL ASIA,2026-Q3,0.0,0.0,0.0,0.0,0.0,2026,3,quarterly,0.0,0.0,country,0.0,0.0,0.0,0.0,0.0,0.0,0.0,0.0,0.0,0.0,0.0,,0.0,,0.0,0.0,False,,0.15848214285714285,0.0,limited
2703,Commitments,"Bahamas, The",IDA,LATIN AMERICA AND CARIBBEAN,FY24,0.0,0.0,0.0,0.0,0.0,2024,4,annual,0.0,0.0,country,0.0,0.0,0.0,0.0,0.0,0.0,0.0,0.0,0.0,,,,,,0.0,,False,,0.19539375928677563,0.0,limited
1504,Commitments,"Bahamas, The",IDA,LATIN AMERICA AND CARIBBEAN,FY25,0.0,0.0,0.0,0.0,0.0,2025,4,annual,0.0,0.0,country,0.0,0.0,0.0,0.0,0.0,0.0,0.0,0.0,0.0,0.0,0.0,,0.0,,0.0,,False,,0.19539375928677563,0.0,limited
284,Commitments,"Bahamas, The",IDA,LATIN AMERICA AND CARIBBEAN,2025-Q3,0.3,0.0,0.0,0.0,0.3,2025,3,quarterly,0.3,0.0,country,1.0,0.26236426446749106,0.0,0.0,0.0,0.0,0.0,0.0,0.26236426446749106,,,,,,0.3,,False,,0.632768361581921,0.3,limited
91,Commitments,"Bahamas, The",IDA,LATIN AMERICA AND CARIBBEAN,2026-Q3,0.0,0.0,0.0,0.0,0.0,2026,3,quarterly,0.0,0.0,country,0.0,0.0,0.0,0.0,0.0,0.0,0.0,0.0,0.0,0.3,-0.3,-1.0,0.3,-1.0,0.0,,False,,0.326271186440678,0.0,limited
2528,Commitments,Bangladesh,IDA,SOUTH ASIA,FY14,0.0,1828.0,0.0,60.0,1888.0,2014,4,annual,1888.0,0.0,country,0.0,0.0,0.9682203389830508,7.511524648390866,0.0,0.0,0.03177966101694915,4.110873864173311,7.543802867501509,,,,,,1888.0,809.0,True,0.4284957627118644,0.9762258543833581,1888.0,major
2358,Commitments,Bangladesh,IDA,SOUTH ASIA,FY15,0.0,1924.0,0.0,0.0,1924.0,2015,4,annual,1924.0,0.0,country,0.0,0.0,1.0,7.562681246721884,0.0,0.0,0.0,0.0,7.562681246721884,1888.0,36.0,0.019067796610169493,1888.0,0.019067796610169493,1924.0,870.0,True,0.4521829521829522,0.9777117384843982,1924.0,major
1070,Commitments,Bangladesh,IDA,SOUTH ASIA,FY16,0.0,1557.0,0.0,0.0,1557.0,2016,4,annual,1557.0,0.0,country,0.0,0.0,1.0,7.351158226430694,0.0,0.0,0.0,0.0,7.351158226430694,1924.0,-367.0,-0.19074844074844075,1924.0,-0.19074844074844075,1557.0,1016.0,True,0.6525369299935774,0.962109955423477,1557.0,major
808,Commitments,Bangladesh,IDA,SOUTH ASIA,FY17,0.0,1152.0,0.0,0.0,1152.0,2017,4,annual,1152.0,0.0,country,0.0,0.0,1.0,7.050122520269059,0.0,0.0,0.0,0.0,7.050122520269059,1557.0,-405.0,-0.26011560693641617,1557.0,-0.26011560693641617,1152.0,1307.0,True,1.1345486111111112,0.9479940564635958,1152.0,major
3276,Commitments,Bangladesh,IDA,SOUTH ASIA,FY18,0.0,1781.0,0.0,1210.0,2991.0,2018,4,annual,2991.0,0.0,country,0.0,0.0,0.5954530257438984,7.485491608030754,0.0,0.0,0.40454697425610164,7.099201743553092,8.003697339094368,1152.0,1839.0,1.5963541666666667,1152.0,1.5963541666666667,2991.0,1333.0,True,0.44567034436643266,0.9947994056463596,2991.0,major
3032,Commitments,Bangladesh,IDA,SOUTH ASIA,FY19,250.0,1462.0,0.0,525.0,2237.0,2019,4,annual,2237.0,0.0,country,0.11175681716584712,5.5254529391317835,0.6535538667858739,7.288244401020124,0.0,0.0,0.23468931604827895,6.26530121273771,7.71333788887187,2991.0,-754.0,-0.25208960213975257,2991.0,-0.25208960213975257,2237.0,1933.0,True,0.8641037103263299,0.9851411589895989,2237.0,major
2154,Commitments,Bangladesh,IDA,SOUTH ASIA,FY20,250.0,2015.0,0.0,0.0,2265.0,2020,4,annual,2265.0,0.0,country,0.11037527593818984,5.5254529391317835,0.8896247240618101,7.60887062919126,0.0,0.0,0.0,0.0,7.725771441587952,2237.0,28.0,0.012516763522574878,2237.0,0.012516763522574878,2265.0,1369.0,True,0.6044150110375276,0.9858841010401189,2265.0,major
2003,Commitments,Bangladesh,IDA,SOUTH ASIA,FY21,250.0,2059.0,0.0,0.0,2309.0,2021,4,annual,2309.0,0.0,country,0.10827197921177999,5.5254529391317835,0.89172802078822,7.630461261783627,0.0,0.0,0.0,0.0,7.745002803515839,2265.0,44.0,0.019426048565121413,2265.0,0.019426048565121413,2309.0,1572.0,True,0.6808142052836725,0.9881129271916791,2309.0,major
638,Commitments,Bangladesh,IDA,SOUTH ASIA,FY22,250.0,1411.0,0.0,500.0,2161.0,2022,4,annual,2161.0,0.0,country,0.11568718186024989,5.5254529391317835,0.6529384544192504,7.252762418053187,0.0,0.0,0.23137436372049977,6.2166061010848646,7.6787889981991535,2309.0,-148.0,-0.06409701169337376,2309.0,-0.06409701169337376,2161.0,1699.0,True,0.7862100879222582,0.9829123328380386,2161.0,major
391,Commitments,Bangladesh,IDA,SOUTH ASIA,FY23,500.0,1300.0,0.0,500.0,2300.0,2023,4,annual,2300.0,0.0,country,0.21739130434782608,6.2166061010848646,0.5652173913043478,7.170888478512505,0.0,0.0,0.21739130434782608,6.2166061010848646,7.741099090035366,2161.0,139.0,0.06432207311429894,2161.0,0.06432207311429894,2300.0,1934.0,True,0.8408695652173913,0.986627043090639,2300.0,major
2746,Commitments,Bangladesh,IDA,SOUTH ASIA,FY24,500.0,2562.0,0.0,300.0,3362.0,2024,4,annual,3362.0,0.0,country,0.148720999405116,6.2166061010848646,0.7620464009518144,7.848933726364071,0.0,0.0,0.08923259964306961,5.707110264748875,8.12058871174027,2300.0,1062.0,0.4617391304347826,2300.0,0.4617391304347826,3362.0,2189.0,True,0.6511005353955979,0.9985141158989599,3362.0,major
1547,Commitments,Bangladesh,IDA,SOUTH ASIA,FY25,1002.0,1670.0,0.0,379.0,3051.0,2025,4,annual,3051.0,0.0,country,0.32841691248770893,6.910750787961936,0.5473615208128483,7.421177528595393,0.0,0.0,0.1242215666994428,5.940171252720432,8.023552392404348,3362.0,-311.0,-0.09250446162998216,3362.0,-0.09250446162998216,3051.0,1996.0,True,0.6542117338577516,0.9955423476968797,3051.0,major
327,Commitments,Bangladesh,IDA,SOUTH ASIA,2025-Q3,500.0,510.0,0.0,379.0,1389.0,2025,3,quarterly,1389.0,0.0,country,0.3599712023038157,6.2166061010848646,0.367170626349892,6.236369590203704,0.0,0.0,0.2728581713462923,5.940171252720432,7.237059026124737,,,,,,1389.0,1055.49,True,0.7598920086393088,0.9858757062146892,1389.0,major
134,Commitments,Bangladesh,IDA,SOUTH ASIA,2026-Q3,0.0,150.0,0.0,370.0,520.0,2026,3,quarterly,520.0,0.0,country,0.0,0.0,0.28846153846153844,5.017279836814924,0.0,0.0,0.7115384615384616,5.916202062607435,6.255750041753367,1389.0,-869.0,-0.6256299496040317,1389.0,-0.6256299496040317,520.0,740.54,True,1.4241153846153844,0.9519774011299436,520.0,major
2617,Gross Disbursements,Bangladesh,IDA,SOUTH ASIA,FY14,0.0,809.0,0.0,0.0,809.0,2014,4,annual,809.0,0.0,country,0.0,0.0,1.0,6.697034247666484,0.0,0.0,0.0,0.0,6.697034247666484,,,,,,1888.0,809.0,True,0.4284957627118644,0.9384116693679092,809.0,major
2449,Gross Disbursements,Bangladesh,IDA,SOUTH ASIA,FY15,0.0,859.0,0.0,11.0,870.0,2015,4,annual,870.0,0.0,country,0.0,0.0,0.9873563218390805,6.756932389247553,0.0,0.0,0.01264367816091954,2.4849066497880004,6.769641976852503,809.0,61.0,0.0754017305315204,809.0,0.0754017305315204,1924.0,870.0,True,0.4521829521829522,0.9432739059967585,870.0,major
2281,Gross Disbursements,Bangladesh,IDA,SOUTH ASIA,FY16,0.0,1016.0,0.0,0.0,1016.0,2016,4,annual,1016.0,0.0,country,0.0,0.0,1.0,6.92461239604856,0.0,0.0,0.0,0.0,6.92461239604856,870.0,146.0,0.167816091954023,870.0,0.167816091954023,1557.0,1016.0,True,0.6525369299935774,0.9529983792544571,1016.0,major
890,Gross Disbursements,Bangladesh,IDA,SOUTH ASIA,FY17,0.0,1298.0,0.0,9.0,1307.0,2017,4,annual,1307.0,0.0,country,0.0,0.0,0.9931140015302219,7.1693500166706,0.0,0.0,0.006885998469778117,2.302585092994046,7.176254532017144,1016.0,291.0,0.28641732283464566,1016.0,0.28641732283464566,1152.0,1307.0,True,1.1345486111111112,0.9683954619124797,1307.0,major
3398,Gross Disbursements,Bangladesh,IDA,SOUTH ASIA,FY18,0.0,1333.0,0.0,0.0,1333.0,2018,4,annual,1333.0,0.0,country,0.0,0.0,1.0,7.195937226475569,0.0,0.0,0.0,0.0,7.195937226475569,1307.0,26.0,0.019892884468247895,1307.0,0.019892884468247895,2991.0,1333.0,True,0.44567034436643266,0.9708265802269044,1333.0,major
3161,Gross Disbursements,Bangladesh,IDA,SOUTH ASIA,FY19,251.0,1238.0,0.0,444.0,1933.0,2019,4,annual,1933.0,0.0,country,0.1298499741334713,5.529429087511423,0.6404552509053285,7.122059881629142,0.0,0.0,0.2296947749612002,6.09807428216624,7.56734567601324,1333.0,600.0,0.450112528132033,1333.0,0.450112528132033,2237.0,1933.0,True,0.8641037103263299,0.9918962722852512,1933.0,major
2034,Gross Disbursements,Bangladesh,IDA,SOUTH ASIA,FY20,252.0,912.0,0.0,205.0,1369.0,2020,4,annual,1369.0,0.0,country,0.18407596785975164,5.53338948872752,0.6661796932067202,6.816735880594968,0.0,0.0,0.14974433893352812,5.327876168789581,7.222566018822171,1933.0,-564.0,-0.2917744438696327,1933.0,-0.2917744438696327,2265.0,1369.0,True,0.6044150110375276,0.9724473257698542,1369.0,major
1873,Gross Disbursements,Bangladesh,IDA,SOUTH ASIA,FY21,249.0,1237.0,0.0,86.0,1572.0,2021,4,annual,1572.0,0.0,country,0.15839694656488548,5.521460917862246,0.7868956743002544,7.121252453244542,0.0,0.0,0.054707379134860054,4.465908118654584,7.360739903058278,1369.0,203.0,0.14828341855368882,1369.0,0.14828341855368882,2309.0,1572.0,True,0.6808142052836725,0.9846029173419774,1572.0,major
508,Gross Disbursements,Bangladesh,IDA,SOUTH ASIA,FY22,243.0,1283.0,0.0,173.0,1699.0,2022,4,annual,1699.0,0.0,country,0.14302530900529722,5.497168225293202,0.7551500882872277,7.157735484249907,0.0,0.0,0.10182460270747498,5.159055299214529,7.438383530044307,1572.0,127.0,0.08078880407124682,1572.0,0.08078880407124682,2161.0,1699.0,True,0.7862100879222582,0.986223662884927,1699.0,major
2894,Gross Disbursements,Bangladesh,IDA,SOUTH ASIA,FY23,508.0,1004.0,0.0,422.0,1934.0,2023,4,annual,1934.0,0.0,country,0.2626680455015512,6.2324480165505225,0.5191313340227508,6.912742820493176,0.0,0.0,0.21820062047569805,6.0473721790462776,7.5678626054638825,1699.0,235.0,0.1383166568569747,1699.0,0.1383166568569747,2300.0,1934.0,True,0.8408695652173913,0.9927066450567261,1934.0,major
1816,Gross Disbursements,Bangladesh,IDA,SOUTH ASIA,FY24,493.0,1353.0,0.0,343.0,2189.0,2024,4,annual,2189.0,0.0,country,0.22521699406121518,6.202535517187923,0.6180904522613065,7.21081845347222,0.0,0.0,0.1566925536774783,5.840641657373398,7.691656822810547,1934.0,255.0,0.13185108583247157,1934.0,0.13185108583247157,3362.0,2189.0,True,0.6511005353955979,0.9959481361426256,2189.0,major
1696,Gross Disbursements,Bangladesh,IDA,SOUTH ASIA,FY25,992.0,878.0,0.0,126.0,1996.0,2025,4,annual,1996.0,0.0,country,0.4969939879759519,6.900730664045173,0.43987975951903807,6.778784897685177,0.0,0.0,0.06312625250501001,4.844187086458591,7.599401333415815,2189.0,-193.0,-0.08816811329374144,2189.0,-0.08816811329374144,3051.0,1996.0,True,0.6542117338577516,0.993517017828201,1996.0,major
1381,Gross Disbursements,Bangladesh,IDA,SOUTH ASIA,2025-Q3,490.0,464.49,0.0,101.0,1055.49,2025,3,quarterly,1055.49,0.0,country,0.46423935802328775,6.19644412779452,0.44007048858823866,6.143090614209253,0.0,0.0,0.0956901533884736,4.624972813284271,6.962707371795982,,,,,,1389.0,1055.49,True,0.7598920086393088,0.9866071428571429,1055.49,major
1258,Gross Disbursements,Bangladesh,IDA,SOUTH ASIA,2026-Q3,0.0,610.54,0.0,130.0,740.54,2026,3,quarterly,740.54,0.0,country,0.0,0.0,0.8244524266076106,6.415980365906947,0.0,0.0,0.17554757339238936,4.875197323201151,6.608729104829699,1055.49,-314.95000000000005,-0.29839221593762144,1055.49,-0.29839221593762144,520.0,740.54,True,1.4241153846153844,0.9553571428571429,740.54,major
2704,Commitments,Barbados,IDA,LATIN AMERICA AND CARIBBEAN,FY24,0.0,0.0,0.0,0.0,0.0,2024,4,annual,0.0,0.0,country,0.0,0.0,0.0,0.0,0.0,0.0,0.0,0.0,0.0,,,,,,0.0,,False,,0.19539375928677563,0.0,limited
1505,Commitments,Barbados,IDA,LATIN AMERICA AND CARIBBEAN,FY25,0.0,0.0,0.0,0.0,0.0,2025,4,annual,0.0,0.0,country,0.0,0.0,0.0,0.0,0.0,0.0,0.0,0.0,0.0,0.0,0.0,,0.0,,0.0,,False,,0.19539375928677563,0.0,limited
285,Commitments,Barbados,IDA,LATIN AMERICA AND CARIBBEAN,2025-Q3,0.0,0.0,0.0,0.0,0.0,2025,3,quarterly,0.0,0.0,country,0.0,0.0,0.0,0.0,0.0,0.0,0.0,0.0,0.0,,,,,,0.0,,False,,0.326271186440678,0.0,limited
92,Commitments,Barbados,IDA,LATIN AMERICA AND CARIBBEAN,2026-Q3,0.0,0.0,0.0,0.0,0.0,2026,3,quarterly,0.0,0.0,country,0.0,0.0,0.0,0.0,0.0,0.0,0.0,0.0,0.0,0.0,0.0,,0.0,,0.0,,False,,0.326271186440678,0.0,limited
2661,Commitments,Belarus,IDA,EUROPE AND CENTRAL ASIA,FY24,0.0,0.0,0.0,0.0,0.0,2024,4,annual,0.0,0.0,country,0.0,0.0,0.0,0.0,0.0,0.0,0.0,0.0,0.0,,,,,,0.0,,False,,0.19539375928677563,0.0,limited
1462,Commitments,Belarus,IDA,EUROPE AND CENTRAL ASIA,FY25,0.0,0.0,0.0,0.0,0.0,2025,4,annual,0.0,0.0,country,0.0,0.0,0.0,0.0,0.0,0.0,0.0,0.0,0.0,0.0,0.0,,0.0,,0.0,,False,,0.19539375928677563,0.0,limited
242,Commitments,Belarus,IDA,EUROPE AND CENTRAL ASIA,2025-Q3,0.0,0.0,0.0,0.0,0.0,2025,3,quarterly,0.0,0.0,country,0.0,0.0,0.0,0.0,0.0,0.0,0.0,0.0,0.0,,,,,,0.0,,False,,0.326271186440678,0.0,limited
49,Commitments,Belarus,IDA,EUROPE AND CENTRAL ASIA,2026-Q3,0.0,0.0,0.0,0.0,0.0,2026,3,quarterly,0.0,0.0,country,0.0,0.0,0.0,0.0,0.0,0.0,0.0,0.0,0.0,0.0,0.0,,0.0,,0.0,,False,,0.326271186440678,0.0,limited
2662,Commitments,Belgium,IDA,EUROPE AND CENTRAL ASIA,FY24,0.0,0.0,0.0,0.0,0.0,2024,4,annual,0.0,0.0,country,0.0,0.0,0.0,0.0,0.0,0.0,0.0,0.0,0.0,,,,,,0.0,,False,,0.19539375928677563,0.0,limited
1463,Commitments,Belgium,IDA,EUROPE AND CENTRAL ASIA,FY25,0.0,0.0,0.0,0.0,0.0,2025,4,annual,0.0,0.0,country,0.0,0.0,0.0,0.0,0.0,0.0,0.0,0.0,0.0,0.0,0.0,,0.0,,0.0,,False,,0.19539375928677563,0.0,limited
243,Commitments,Belgium,IDA,EUROPE AND CENTRAL ASIA,2025-Q3,0.0,0.0,0.0,0.0,0.0,2025,3,quarterly,0.0,0.0,country,0.0,0.0,0.0,0.0,0.0,0.0,0.0,0.0,0.0,,,,,,0.0,,False,,0.326271186440678,0.0,limited
50,Commitments,Belgium,IDA,EUROPE AND CENTRAL ASIA,2026-Q3,0.0,0.0,0.0,0.0,0.0,2026,3,quarterly,0.0,0.0,country,0.0,0.0,0.0,0.0,0.0,0.0,0.0,0.0,0.0,0.0,0.0,,0.0,,0.0,,False,,0.326271186440678,0.0,limited
2705,Commitments,Belize,IDA,LATIN AMERICA AND CARIBBEAN,FY24,0.0,0.0,0.0,0.0,0.0,2024,4,annual,0.0,0.0,country,0.0,0.0,0.0,0.0,0.0,0.0,0.0,0.0,0.0,,,,,,0.0,,False,,0.19539375928677563,0.0,limited
1506,Commitments,Belize,IDA,LATIN AMERICA AND CARIBBEAN,FY25,0.0,24.0,0.0,0.0,24.0,2025,4,annual,24.0,0.0,country,0.0,0.0,1.0,3.2188758248682006,0.0,0.0,0.0,0.0,3.2188758248682006,0.0,24.0,,0.0,,24.0,,True,,0.46285289747399705,24.0,moderate
286,Commitments,Belize,IDA,LATIN AMERICA AND CARIBBEAN,2025-Q3,0.0,24.0,0.0,0.0,24.0,2025,3,quarterly,24.0,0.0,country,0.0,0.0,1.0,3.2188758248682006,0.0,0.0,0.0,0.0,3.2188758248682006,,,,,,24.0,0.0,True,0.0,0.6694915254237288,24.0,moderate
93,Commitments,Belize,IDA,LATIN AMERICA AND CARIBBEAN,2026-Q3,20.0,0.0,0.0,0.0,20.0,2026,3,quarterly,20.0,0.0,country,1.0,3.044522437723423,0.0,0.0,0.0,0.0,0.0,0.0,3.044522437723423,24.0,-4.0,-0.16666666666666666,24.0,-0.16666666666666666,20.0,2.0,True,0.1,0.6567796610169492,20.0,moderate
1368,Gross Disbursements,Belize,IDA,LATIN AMERICA AND CARIBBEAN,2025-Q3,0.0,0.0,0.0,0.0,0.0,2025,3,quarterly,0.0,0.0,country,0.0,0.0,0.0,0.0,0.0,0.0,0.0,0.0,0.0,,,,,,24.0,0.0,True,0.0,0.15848214285714285,0.0,limited
1245,Gross Disbursements,Belize,IDA,LATIN AMERICA AND CARIBBEAN,2026-Q3,0.0,2.0,0.0,0.0,2.0,2026,3,quarterly,2.0,0.0,country,0.0,0.0,1.0,1.0986122886681098,0.0,0.0,0.0,0.0,1.0986122886681098,0.0,2.0,,0.0,,20.0,2.0,True,0.1,0.3080357142857143,2.0,limited
2459,Commitments,Benin,IDA,AFRICA,FY14,20.0,107.0,0.0,0.0,127.0,2014,4,annual,127.0,0.0,country,0.15748031496062992,3.044522437723423,0.84251968503937,4.68213122712422,0.0,0.0,0.0,0.0,4.852030263919617,,,,,,127.0,151.0,True,1.188976377952756,0.6760772659732541,127.0,significant
2290,Commitments,Benin,IDA,AFRICA,FY15,20.0,40.0,0.0,0.0,60.0,2015,4,annual,60.0,0.0,country,0.3333333333333333,3.044522437723423,0.6666666666666666,3.713572066704308,0.0,0.0,0.0,0.0,4.110873864173311,127.0,-67.0,-0.5275590551181102,127.0,-0.5275590551181102,60.0,116.0,True,1.9333333333333333,0.5508915304606241,60.0,moderate
1008,Commitments,Benin,IDA,AFRICA,FY16,0.0,80.0,0.0,0.0,80.0,2016,4,annual,80.0,0.0,country,0.0,0.0,1.0,4.394449154672439,0.0,0.0,0.0,0.0,4.394449154672439,60.0,20.0,0.3333333333333333,60.0,0.3333333333333333,80.0,144.0,True,1.8,0.5980683506686478,80.0,moderate
825,Commitments,Benin,IDA,AFRICA,FY17,0.0,193.0,0.0,0.0,193.0,2017,4,annual,193.0,0.0,country,0.0,0.0,1.0,5.267858159063328,0.0,0.0,0.0,0.0,5.267858159063328,80.0,113.0,1.4125,80.0,1.4125,193.0,72.0,True,0.37305699481865284,0.7236255572065379,193.0,significant
3285,Commitments,Benin,IDA,AFRICA,FY18,40.0,75.0,0.0,220.0,335.0,2018,4,annual,335.0,0.0,country,0.11940298507462686,3.713572066704308,0.22388059701492538,4.330733340286331,0.0,0.0,0.6567164179104478,5.3981627015177525,5.817111159963204,193.0,142.0,0.7357512953367875,193.0,0.7357512953367875,335.0,106.0,True,0.3164179104477612,0.7971768202080238,335.0,significant
3054,Commitments,Benin,IDA,AFRICA,FY19,195.0,385.0,0.0,0.0,580.0,2019,4,annual,580.0,0.0,country,0.33620689655172414,5.278114659230517,0.6637931034482759,5.955837369464831,0.0,0.0,0.0,0.0,6.364750756851911,335.0,245.0,0.7313432835820896,335.0,0.7313432835820896,580.0,148.0,True,0.25517241379310346,0.8632986627043091,580.0,major
2174,Commitments,Benin,IDA,AFRICA WEST,FY20,150.0,321.0,0.0,0.0,471.0,2020,4,annual,471.0,0.0,country,0.3184713375796178,5.017279836814924,0.6815286624203821,5.7745515455444085,0.0,0.0,0.0,0.0,6.156978985585555,580.0,-109.0,-0.1879310344827586,580.0,-0.1879310344827586,471.0,276.0,True,0.5859872611464968,0.8424962852897474,471.0,significant
2011,Commitments,Benin,IDA,WESTERN AND CENTRAL AFRICA,FY21,100.0,339.0,0.0,0.0,439.0,2021,4,annual,439.0,0.0,country,0.22779043280182232,4.61512051684126,0.7722095671981777,5.8289456176102075,0.0,0.0,0.0,0.0,6.0867747269123065,471.0,-32.0,-0.06794055201698514,471.0,-0.06794055201698514,439.0,265.0,True,0.6036446469248291,0.8328380386329867,439.0,significant
646,Commitments,Benin,IDA,WESTERN AND CENTRAL AFRICA,FY22,100.0,401.0,0.0,437.0,938.0,2022,4,annual,938.0,0.0,country,0.10660980810234541,4.61512051684126,0.4275053304904051,5.996452088619021,0.0,0.0,0.46588486140724944,6.082218910376446,6.844815479208263,439.0,499.0,1.1366742596810935,439.0,1.1366742596810935,938.0,297.0,True,0.31663113006396587,0.9294205052005944,938.0,major
399,Commitments,Benin,IDA,WESTERN AND CENTRAL AFRICA,FY23,150.0,66.0,0.0,450.0,666.0,2023,4,annual,666.0,0.0,country,0.22522522522522523,5.017279836814924,0.0990990990990991,4.204692619390966,0.0,0.0,0.6756756756756757,6.111467339502679,6.502790045915623,938.0,-272.0,-0.2899786780383795,938.0,-0.2899786780383795,666.0,490.0,True,0.7357357357357357,0.8863298662704309,666.0,major
2750,Commitments,Benin,IDA,WESTERN AND CENTRAL AFRICA,FY24,230.0,150.0,0.0,0.0,380.0,2024,4,annual,380.0,0.0,country,0.6052631578947368,5.442417710521793,0.39473684210526316,5.017279836814924,0.0,0.0,0.0,0.0,5.942799375126701,666.0,-286.0,-0.4294294294294294,666.0,-0.4294294294294294,380.0,608.0,True,1.6,0.8138930163447251,380.0,significant
1551,Commitments,Benin,IDA,WESTERN AND CENTRAL AFRICA,FY25,372.0,355.0,0.0,100.0,827.0,2025,4,annual,827.0,0.0,country,0.4498186215235792,5.921578419643816,0.42926239419588874,5.87493073085203,0.0,0.0,0.12091898428053205,4.61512051684126,6.71901315438526,380.0,447.0,1.1763157894736842,380.0,1.1763157894736842,827.0,444.0,True,0.5368802902055623,0.9182763744427934,827.0,major
331,Commitments,Benin,IDA,WESTERN AND CENTRAL AFRICA,2025-Q3,372.0,33.0,0.0,0.0,405.0,2025,3,quarterly,405.0,0.0,country,0.9185185185185185,5.921578419643816,0.08148148148148149,3.5263605246161616,0.0,0.0,0.0,0.0,6.0063531596017325,,,,,,405.0,270.0,True,0.6666666666666666,0.9322033898305084,405.0,significant
138,Commitments,Benin,IDA,WESTERN AND CENTRAL AFRICA,2026-Q3,200.0,207.0,0.49,100.17,507.66,2026,3,quarterly,507.66,0.0,country,0.39396446440531063,5.303304908059076,0.4077532206594965,5.337538079701318,0.000965212937793011,0.3987761199573678,0.19731710199739982,4.616802270217799,6.231779816930511,405.0,102.66000000000003,0.25348148148148153,405.0,0.25348148148148153,507.66,155.0,True,0.3053224599141157,0.9463276836158192,507.66,major
2537,Gross Disbursements,Benin,IDA,AFRICA,FY14,31.0,121.0,0.0,0.0,151.0,2014,4,annual,152.0,-1.0,country,0.2052980132450331,3.4657359027997265,0.8013245033112583,4.804021044733257,0.0,0.0,0.0,0.0,5.0238805208462765,,,,,,127.0,151.0,True,1.188976377952756,0.7252836304700162,151.0,significant
2369,Gross Disbursements,Benin,IDA,AFRICA,FY15,20.0,96.0,0.0,0.0,116.0,2015,4,annual,116.0,0.0,country,0.1724137931034483,3.044522437723423,0.8275862068965517,4.574710978503383,0.0,0.0,0.0,0.0,4.762173934797756,151.0,-35.0,-0.23178807947019867,151.0,-0.23178807947019867,60.0,116.0,True,1.9333333333333333,0.6742301458670988,116.0,significant
1079,Gross Disbursements,Benin,IDA,AFRICA,FY16,20.0,124.0,0.0,0.0,144.0,2016,4,annual,144.0,0.0,country,0.1388888888888889,3.044522437723423,0.8611111111111112,4.8283137373023015,0.0,0.0,0.0,0.0,4.976733742420574,116.0,28.0,0.2413793103448276,116.0,0.2413793103448276,80.0,144.0,True,1.8,0.7147487844408428,144.0,significant
918,Gross Disbursements,Benin,IDA,AFRICA,FY17,0.0,72.0,0.0,0.0,72.0,2017,4,annual,72.0,0.0,country,0.0,0.0,1.0,4.290459441148391,0.0,0.0,0.0,0.0,4.290459441148391,144.0,-72.0,-0.5,144.0,-0.5,193.0,72.0,True,0.37305699481865284,0.6021069692058347,72.0,moderate
744,Gross Disbursements,Benin,IDA,AFRICA,FY18,41.0,66.0,0.0,0.0,106.0,2018,4,annual,107.0,-1.0,country,0.3867924528301887,3.7376696182833684,0.6226415094339622,4.204692619390966,0.0,0.0,0.0,0.0,4.672828834461906,72.0,34.0,0.4722222222222222,72.0,0.4722222222222222,335.0,106.0,True,0.3164179104477612,0.6592382495948136,106.0,significant
3181,Gross Disbursements,Benin,IDA,AFRICA,FY19,15.0,74.0,0.0,59.0,148.0,2019,4,annual,148.0,0.0,country,0.10135135135135136,2.772588722239781,0.5,4.31748811353631,0.0,0.0,0.39864864864864863,4.0943445622221,5.003946305945459,106.0,42.0,0.39622641509433965,106.0,0.39622641509433965,580.0,148.0,True,0.25517241379310346,0.7196110210696921,148.0,significant
2058,Gross Disbursements,Benin,IDA,AFRICA WEST,FY20,125.0,145.0,0.0,6.0,276.0,2020,4,annual,276.0,0.0,country,0.4528985507246377,4.836281906951478,0.5253623188405797,4.983606621708336,0.0,0.0,0.021739130434782608,1.9459101490553132,5.6240175061873385,148.0,128.0,0.8648648648648649,148.0,0.8648648648648649,471.0,276.0,True,0.5859872611464968,0.8103727714748784,276.0,significant
1881,Gross Disbursements,Benin,IDA,WESTERN AND CENTRAL AFRICA,FY21,130.0,129.0,0.0,6.0,265.0,2021,4,annual,265.0,0.0,country,0.49056603773584906,4.875197323201151,0.4867924528301887,4.867534450455582,0.0,0.0,0.022641509433962263,1.9459101490553132,5.583496308781699,276.0,-11.0,-0.03985507246376811,276.0,-0.03985507246376811,439.0,265.0,True,0.6036446469248291,0.8026742301458671,265.0,significant
516,Gross Disbursements,Benin,IDA,WESTERN AND CENTRAL AFRICA,FY22,98.0,196.0,0.0,3.0,297.0,2022,4,annual,297.0,0.0,country,0.32996632996632996,4.59511985013459,0.6599326599326599,5.2832037287379885,0.0,0.0,0.010101010101010102,1.3862943611198906,5.697093486505405,265.0,32.0,0.12075471698113208,265.0,0.12075471698113208,938.0,297.0,True,0.31663113006396587,0.8176661264181524,297.0,significant
2902,Gross Disbursements,Benin,IDA,WESTERN AND CENTRAL AFRICA,FY23,143.0,230.0,0.0,117.0,490.0,2023,4,annual,490.0,0.0,country,0.29183673469387755,4.969813299576001,0.46938775510204084,5.442417710521793,0.0,0.0,0.23877551020408164,4.770684624465665,6.19644412779452,297.0,193.0,0.6498316498316499,297.0,0.6498316498316499,666.0,490.0,True,0.7357357357357357,0.88290113452188,490.0,significant
1824,Gross Disbursements,Benin,IDA,WESTERN AND CENTRAL AFRICA,FY24,198.0,264.0,0.0,146.0,608.0,2024,4,annual,608.0,0.0,country,0.3256578947368421,5.293304824724492,0.4342105263157895,5.579729825986222,0.0,0.0,0.24013157894736842,4.990432586778736,6.411818267709897,490.0,118.0,0.24081632653061225,490.0,0.24081632653061225,380.0,608.0,True,1.6,0.9124797406807131,608.0,major
1704,Gross Disbursements,Benin,IDA,WESTERN AND CENTRAL AFRICA,FY25,143.0,186.0,0.0,115.0,444.0,2025,4,annual,444.0,0.0,country,0.32207207207207206,4.969813299576001,0.4189189189189189,5.231108616854587,0.0,0.0,0.25900900900900903,4.7535901911063645,6.09807428216624,608.0,-164.0,-0.26973684210526316,608.0,-0.26973684210526316,827.0,444.0,True,0.5368802902055623,0.8630470016207455,444.0,significant
1389,Gross Disbursements,Benin,IDA,WESTERN AND CENTRAL AFRICA,2025-Q3,143.0,88.0,0.0,39.0,270.0,2025,3,quarterly,270.0,0.0,country,0.5296296296296297,4.969813299576001,0.32592592592592595,4.48863636973214,0.0,0.0,0.14444444444444443,3.6888794541139363,5.602118820879701,,,,,,405.0,270.0,True,0.6666666666666666,0.78125,270.0,significant
1266,Gross Disbursements,Benin,IDA,WESTERN AND CENTRAL AFRICA,2026-Q3,0.0,71.0,0.0,84.0,155.0,2026,3,quarterly,155.0,0.0,country,0.0,0.0,0.45806451612903226,4.276666119016055,0.0,0.0,0.5419354838709678,4.442651256490317,5.049856007249537,270.0,-115.0,-0.42592592592592593,270.0,-0.42592592592592593,507.66,155.0,True,0.3053224599141157,0.7209821428571429,155.0,significant
2529,Commitments,Bhutan,IDA,SOUTH ASIA,FY14,0.0,17.0,0.0,0.0,17.0,2014,4,annual,17.0,0.0,country,0.0,0.0,1.0,2.8903717578961645,0.0,0.0,0.0,0.0,2.8903717578961645,,,,,,17.0,8.0,True,0.47058823529411764,0.4335066864784547,17.0,moderate
2359,Commitments,Bhutan,IDA,SOUTH ASIA,FY15,20.0,0.0,0.0,0.0,20.0,2015,4,annual,20.0,0.0,country,1.0,3.044522437723423,0.0,0.0,0.0,0.0,0.0,0.0,3.044522437723423,17.0,3.0,0.17647058823529413,17.0,0.17647058823529413,20.0,2.0,True,0.1,0.44762258543833583,20.0,moderate
1071,Commitments,Bhutan,IDA,SOUTH ASIA,FY16,0.0,0.0,0.0,0.0,0.0,2016,4,annual,0.0,0.0,country,0.0,0.0,0.0,0.0,0.0,0.0,0.0,0.0,0.0,20.0,-20.0,-1.0,20.0,-1.0,0.0,23.0,False,,0.19539375928677563,0.0,limited
861,Commitments,Bhutan,IDA,SOUTH ASIA,FY17,24.0,0.0,0.0,0.0,24.0,2017,4,annual,24.0,0.0,country,1.0,3.2188758248682006,0.0,0.0,0.0,0.0,0.0,0.0,3.2188758248682006,0.0,24.0,,0.0,,24.0,27.0,True,1.125,0.46285289747399705,24.0,moderate
3336,Commitments,Bhutan,IDA,SOUTH ASIA,FY18,30.0,0.0,0.0,0.0,30.0,2018,4,annual,30.0,0.0,country,1.0,3.4339872044851463,0.0,0.0,0.0,0.0,0.0,0.0,3.4339872044851463,24.0,6.0,0.25,24.0,0.25,30.0,41.0,True,1.3666666666666667,0.48068350668647847,30.0,moderate
3097,Commitments,Bhutan,IDA,SOUTH ASIA,FY19,30.0,0.0,0.0,0.0,30.0,2019,4,annual,30.0,0.0,country,1.0,3.4339872044851463,0.0,0.0,0.0,0.0,0.0,0.0,3.4339872044851463,30.0,0.0,0.0,30.0,0.0,30.0,33.0,True,1.1,0.48068350668647847,30.0,moderate
2213,Commitments,Bhutan,IDA,SOUTH ASIA,FY20,55.0,5.0,0.0,0.0,60.0,2020,4,annual,60.0,0.0,country,0.9166666666666666,4.02535169073515,0.08333333333333333,1.791759469228055,0.0,0.0,0.0,0.0,4.110873864173311,30.0,30.0,1.0,30.0,1.0,60.0,57.0,True,0.95,0.5508915304606241,60.0,moderate
2004,Commitments,Bhutan,IDA,SOUTH ASIA,FY21,35.0,0.0,0.0,0.0,35.0,2021,4,annual,35.0,0.0,country,1.0,3.58351893845611,0.0,0.0,0.0,0.0,0.0,0.0,3.58351893845611,60.0,-25.0,-0.4166666666666667,60.0,-0.4166666666666667,35.0,36.0,True,1.0285714285714285,0.49777117384843983,35.0,moderate
639,Commitments,Bhutan,IDA,SOUTH ASIA,FY22,53.0,10.0,0.0,20.0,83.0,2022,4,annual,83.0,0.0,country,0.6385542168674698,3.9889840465642745,0.12048192771084337,2.3978952727983707,0.0,0.0,0.24096385542168675,3.044522437723423,4.430816798843313,35.0,48.0,1.3714285714285714,35.0,1.3714285714285714,83.0,61.0,True,0.7349397590361446,0.6051263001485884,83.0,moderate
392,Commitments,Bhutan,IDA,SOUTH ASIA,FY23,0.0,0.0,0.0,0.0,0.0,2023,4,annual,0.0,0.0,country,0.0,0.0,0.0,0.0,0.0,0.0,0.0,0.0,0.0,83.0,-83.0,-1.0,83.0,-1.0,0.0,4.0,False,,0.19539375928677563,0.0,limited
2798,Commitments,Bhutan,IDA,SOUTH ASIA,FY24,50.0,0.0,0.0,0.0,50.0,2024,4,annual,50.0,0.0,country,1.0,3.9318256327243257,0.0,0.0,0.0,0.0,0.0,0.0,3.9318256327243257,0.0,50.0,,0.0,,50.0,56.0,True,1.12,0.5300891530460624,50.0,moderate
1599,Commitments,Bhutan,IDA,SOUTH ASIA,FY25,40.0,328.0,0.0,46.0,414.0,2025,4,annual,414.0,0.0,country,0.0966183574879227,3.713572066704308,0.7922705314009661,5.796057750765372,0.0,0.0,0.1111111111111111,3.8501476017100584,6.028278520230698,50.0,364.0,7.28,50.0,7.28,414.0,3.0,True,0.007246376811594203,0.8224368499257058,414.0,significant
1161,Commitments,Bhutan,IDA,SOUTH ASIA,2025-Q3,40.0,0.0,0.0,46.0,86.0,2025,3,quarterly,86.0,0.0,country,0.46511627906976744,3.713572066704308,0.0,0.0,0.0,0.0,0.5348837209302325,3.8501476017100584,4.465908118654584,,,,,,86.0,2.49,True,0.028953488372093026,0.7796610169491526,86.0,moderate
186,Commitments,Bhutan,IDA,SOUTH ASIA,2026-Q3,0.0,300.0,0.0,0.0,300.0,2026,3,quarterly,300.0,0.0,country,0.0,0.0,1.0,5.707110264748875,0.0,0.0,0.0,0.0,5.707110264748875,86.0,214.0,2.488372093023256,86.0,2.488372093023256,300.0,33.7,True,0.11233333333333334,0.9124293785310734,300.0,significant
2618,Gross Disbursements,Bhutan,IDA,SOUTH ASIA,FY14,0.0,8.0,0.0,0.0,8.0,2014,4,annual,8.0,0.0,country,0.0,0.0,1.0,2.1972245773362196,0.0,0.0,0.0,0.0,2.1972245773362196,,,,,,17.0,8.0,True,0.47058823529411764,0.30591572123176664,8.0,limited
2450,Gross Disbursements,Bhutan,IDA,SOUTH ASIA,FY15,0.0,2.0,0.0,0.0,2.0,2015,4,annual,2.0,0.0,country,0.0,0.0,1.0,1.0986122886681098,0.0,0.0,0.0,0.0,1.0986122886681098,8.0,-6.0,-0.75,8.0,-0.75,20.0,2.0,True,0.1,0.233387358184765,2.0,limited
2282,Gross Disbursements,Bhutan,IDA,SOUTH ASIA,FY16,20.0,3.0,0.0,0.0,23.0,2016,4,annual,23.0,0.0,country,0.8695652173913043,3.044522437723423,0.13043478260869565,1.3862943611198906,0.0,0.0,0.0,0.0,3.1780538303479458,2.0,21.0,10.5,2.0,10.5,0.0,23.0,False,,0.42017828200972446,23.0,moderate
937,Gross Disbursements,Bhutan,IDA,SOUTH ASIA,FY17,24.0,3.0,0.0,0.0,27.0,2017,4,annual,27.0,0.0,country,0.8888888888888888,3.2188758248682006,0.1111111111111111,1.3862943611198906,0.0,0.0,0.0,0.0,3.332204510175204,23.0,4.0,0.17391304347826086,23.0,0.17391304347826086,24.0,27.0,True,1.125,0.4485413290113452,27.0,moderate
767,Gross Disbursements,Bhutan,IDA,SOUTH ASIA,FY18,29.0,12.0,0.0,0.0,41.0,2018,4,annual,41.0,0.0,country,0.7073170731707317,3.4011973816621555,0.2926829268292683,2.5649493574615367,0.0,0.0,0.0,0.0,3.7376696182833684,27.0,14.0,0.5185185185185185,27.0,0.5185185185185185,30.0,41.0,True,1.3666666666666667,0.5056726094003241,41.0,moderate
3206,Gross Disbursements,Bhutan,IDA,SOUTH ASIA,FY19,30.0,3.0,0.0,0.0,33.0,2019,4,annual,33.0,0.0,country,0.9090909090909091,3.4339872044851463,0.09090909090909091,1.3862943611198906,0.0,0.0,0.0,0.0,3.5263605246161616,41.0,-8.0,-0.1951219512195122,41.0,-0.1951219512195122,30.0,33.0,True,1.1,0.47487844408427876,33.0,moderate
2097,Gross Disbursements,Bhutan,IDA,SOUTH ASIA,FY20,55.0,2.0,0.0,0.0,57.0,2020,4,annual,57.0,0.0,country,0.9649122807017544,4.02535169073515,0.03508771929824561,1.0986122886681098,0.0,0.0,0.0,0.0,4.060443010546419,33.0,24.0,0.7272727272727273,33.0,0.7272727272727273,60.0,57.0,True,0.95,0.5648298217179902,57.0,moderate
1874,Gross Disbursements,Bhutan,IDA,SOUTH ASIA,FY21,35.0,1.0,0.0,0.0,36.0,2021,4,annual,36.0,0.0,country,0.9722222222222222,3.58351893845611,0.027777777777777776,0.6931471805599453,0.0,0.0,0.0,0.0,3.6109179126442243,57.0,-21.0,-0.3684210526315789,57.0,-0.3684210526315789,35.0,36.0,True,1.0285714285714285,0.4878444084278768,36.0,moderate
509,Gross Disbursements,Bhutan,IDA,SOUTH ASIA,FY22,52.0,7.0,0.0,2.0,61.0,2022,4,annual,61.0,0.0,country,0.8524590163934426,3.970291913552122,0.11475409836065574,2.0794415416798357,0.0,0.0,0.03278688524590164,1.0986122886681098,4.127134385045092,36.0,25.0,0.6944444444444444,36.0,0.6944444444444444,83.0,61.0,True,0.7349397590361446,0.580226904376013,61.0,moderate
2895,Gross Disbursements,Bhutan,IDA,SOUTH ASIA,FY23,0.0,1.0,0.0,3.0,4.0,2023,4,annual,4.0,0.0,country,0.0,0.0,0.25,0.6931471805599453,0.0,0.0,0.75,1.3862943611198906,1.6094379124341003,61.0,-57.0,-0.9344262295081968,61.0,-0.9344262295081968,0.0,4.0,False,,0.25810372771474877,4.0,limited
1817,Gross Disbursements,Bhutan,IDA,SOUTH ASIA,FY24,50.0,0.0,0.0,6.0,56.0,2024,4,annual,56.0,0.0,country,0.8928571428571429,3.9318256327243257,0.0,0.0,0.0,0.0,0.10714285714285714,1.9459101490553132,4.04305126783455,4.0,52.0,13.0,4.0,13.0,50.0,56.0,True,1.12,0.5575364667747164,56.0,moderate
1697,Gross Disbursements,Bhutan,IDA,SOUTH ASIA,FY25,0.0,0.0,0.0,3.0,3.0,2025,4,annual,3.0,0.0,country,0.0,0.0,0.0,0.0,0.0,0.0,1.0,1.3862943611198906,1.3862943611198906,56.0,-53.0,-0.9464285714285714,56.0,-0.9464285714285714,414.0,3.0,True,0.007246376811594203,0.24513776337115073,3.0,limited
1382,Gross Disbursements,Bhutan,IDA,SOUTH ASIA,2025-Q3,0.0,0.49,0.0,2.0,2.49,2025,3,quarterly,2.49,0.0,country,0.0,0.0,0.1967871485943775,0.3987761199573678,0.0,0.0,0.8032128514056224,1.0986122886681098,1.2499017362143359,,,,,,86.0,2.49,True,0.028953488372093026,0.3125,2.49,limited
1259,Gross Disbursements,Bhutan,IDA,SOUTH ASIA,2026-Q3,21.0,8.7,0.0,4.0,33.7,2026,3,quarterly,33.7,0.0,country,0.6231454005934718,3.091042453358316,0.258160237388724,2.272125885509337,0.0,0.0,0.11869436201780414,1.6094379124341003,3.5467396869528134,2.49,31.21,12.534136546184738,2.49,12.534136546184738,300.0,33.7,True,0.11233333333333334,0.48214285714285715,33.7,moderate
2516,Commitments,Bolivia,IDA,LATIN AMERICA AND CARIBBEAN,FY14,0.0,93.0,0.0,0.0,93.0,2014,4,annual,93.0,0.0,country,0.0,0.0,1.0,4.543294782270004,0.0,0.0,0.0,0.0,4.543294782270004,,,,,,93.0,54.0,True,0.5806451612903226,0.6229569093610698,93.0,moderate
2346,Commitments,Bolivia,IDA,LATIN AMERICA AND CARIBBEAN,FY15,100.0,0.0,0.0,0.0,100.0,2015,4,annual,100.0,0.0,country,1.0,4.61512051684126,0.0,0.0,0.0,0.0,0.0,0.0,4.61512051684126,93.0,7.0,0.07526881720430108,93.0,0.07526881720430108,100.0,151.0,True,1.51,0.6404160475482912,100.0,moderate
1061,Commitments,Bolivia,IDA,LATIN AMERICA AND CARIBBEAN,FY16,0.0,119.0,0.0,0.0,119.0,2016,4,annual,119.0,0.0,country,0.0,0.0,1.0,4.787491742782046,0.0,0.0,0.0,0.0,4.787491742782046,100.0,19.0,0.19,100.0,0.19,119.0,75.0,True,0.6302521008403361,0.662704309063893,119.0,significant
853,Commitments,Bolivia,IDA,LATIN AMERICA AND CARIBBEAN,FY17,0.0,30.0,0.0,0.0,30.0,2017,4,annual,30.0,0.0,country,0.0,0.0,1.0,3.4339872044851463,0.0,0.0,0.0,0.0,3.4339872044851463,119.0,-89.0,-0.7478991596638656,119.0,-0.7478991596638656,30.0,56.0,True,1.8666666666666667,0.48068350668647847,30.0,moderate
3378,Commitments,Bolivia,IDA,LATIN AMERICA AND CARIBBEAN,FY18,0.0,48.0,0.0,0.0,48.0,2018,4,annual,48.0,0.0,country,0.0,0.0,1.0,3.8918202981106265,0.0,0.0,0.0,0.0,3.8918202981106265,30.0,18.0,0.6,30.0,0.6,48.0,26.0,True,0.5416666666666666,0.5234026745913819,48.0,moderate
3080,Commitments,Bolivia,IDA,LATIN AMERICA AND CARIBBEAN,FY19,0.0,0.0,0.0,0.0,0.0,2019,4,annual,0.0,0.0,country,0.0,0.0,0.0,0.0,0.0,0.0,0.0,0.0,0.0,48.0,-48.0,-1.0,48.0,-1.0,0.0,57.0,False,,0.19539375928677563,0.0,limited
3011,Commitments,Bolivia,IDA,LATIN AMERICA AND CARIBBEAN,FY20,0.0,124.0,0.0,0.0,124.0,2020,4,annual,124.0,0.0,country,0.0,0.0,1.0,4.8283137373023015,0.0,0.0,0.0,0.0,4.8283137373023015,0.0,124.0,,0.0,,124.0,15.0,True,0.12096774193548387,0.6712481426448736,124.0,significant
1969,Commitments,Bolivia,IDA,LATIN AMERICA AND CARIBBEAN,FY21,0.0,0.0,0.0,0.0,0.0,2021,4,annual,0.0,0.0,country,0.0,0.0,0.0,0.0,0.0,0.0,0.0,0.0,0.0,124.0,-124.0,-1.0,124.0,-1.0,0.0,54.0,False,,0.19539375928677563,0.0,limited
604,Commitments,Bolivia,IDA,LATIN AMERICA AND CARIBBEAN,FY22,0.0,0.0,0.0,0.0,0.0,2022,4,annual,0.0,0.0,country,0.0,0.0,0.0,0.0,0.0,0.0,0.0,0.0,0.0,0.0,0.0,,0.0,,0.0,26.0,False,,0.19539375928677563,0.0,limited
2990,Commitments,Bolivia,IDA,LATIN AMERICA AND CARIBBEAN,FY23,0.0,0.0,0.0,0.0,0.0,2023,4,annual,0.0,0.0,country,0.0,0.0,0.0,0.0,0.0,0.0,0.0,0.0,0.0,0.0,0.0,,0.0,,0.0,44.0,False,,0.19539375928677563,0.0,limited
2706,Commitments,Bolivia,IDA,LATIN AMERICA AND CARIBBEAN,FY24,0.0,0.0,0.0,0.0,0.0,2024,4,annual,0.0,0.0,country,0.0,0.0,0.0,0.0,0.0,0.0,0.0,0.0,0.0,0.0,0.0,,0.0,,0.0,38.0,False,,0.19539375928677563,0.0,limited
1507,Commitments,Bolivia,IDA,LATIN AMERICA AND CARIBBEAN,FY25,0.0,0.0,0.0,0.0,0.0,2025,4,annual,0.0,0.0,country,0.0,0.0,0.0,0.0,0.0,0.0,0.0,0.0,0.0,0.0,0.0,,0.0,,0.0,23.0,False,,0.19539375928677563,0.0,limited
287,Commitments,Bolivia,IDA,LATIN AMERICA AND CARIBBEAN,2025-Q3,0.0,0.0,0.0,0.0,0.0,2025,3,quarterly,0.0,0.0,country,0.0,0.0,0.0,0.0,0.0,0.0,0.0,0.0,0.0,,,,,,0.0,18.51,False,,0.326271186440678,0.0,limited
94,Commitments,Bolivia,IDA,LATIN AMERICA AND CARIBBEAN,2026-Q3,0.0,0.0,0.0,0.0,0.0,2026,3,quarterly,0.0,0.0,country,0.0,0.0,0.0,0.0,0.0,0.0,0.0,0.0,0.0,0.0,0.0,,0.0,,0.0,10.0,False,,0.326271186440678,0.0,limited
2602,Gross Disbursements,Bolivia,IDA,LATIN AMERICA AND CARIBBEAN,FY14,0.0,54.0,0.0,0.0,54.0,2014,4,annual,54.0,0.0,country,0.0,0.0,1.0,4.007333185232471,0.0,0.0,0.0,0.0,4.007333185232471,,,,,,93.0,54.0,True,0.5806451612903226,0.5494327390599676,54.0,moderate
2434,Gross Disbursements,Bolivia,IDA,LATIN AMERICA AND CARIBBEAN,FY15,97.0,53.0,0.0,0.0,151.0,2015,4,annual,150.0,1.0,country,0.6423841059602649,4.584967478670572,0.3509933774834437,3.9889840465642745,0.0,0.0,0.0,0.0,5.0238805208462765,54.0,97.0,1.7962962962962963,54.0,1.7962962962962963,100.0,151.0,True,1.51,0.7252836304700162,151.0,significant
2257,Gross Disbursements,Bolivia,IDA,LATIN AMERICA AND CARIBBEAN,FY16,0.0,75.0,0.0,0.0,75.0,2016,4,annual,75.0,0.0,country,0.0,0.0,1.0,4.330733340286331,0.0,0.0,0.0,0.0,4.330733340286331,151.0,-76.0,-0.5033112582781457,151.0,-0.5033112582781457,119.0,75.0,True,0.6302521008403361,0.6077795786061588,75.0,moderate
945,Gross Disbursements,Bolivia,IDA,LATIN AMERICA AND CARIBBEAN,FY17,0.0,56.0,0.0,0.0,56.0,2017,4,annual,56.0,0.0,country,0.0,0.0,1.0,4.04305126783455,0.0,0.0,0.0,0.0,4.04305126783455,75.0,-19.0,-0.25333333333333335,75.0,-0.25333333333333335,30.0,56.0,True,1.8666666666666667,0.5575364667747164,56.0,moderate
758,Gross Disbursements,Bolivia,IDA,LATIN AMERICA AND CARIBBEAN,FY18,0.0,26.0,0.0,0.0,26.0,2018,4,annual,26.0,0.0,country,0.0,0.0,1.0,3.295836866004329,0.0,0.0,0.0,0.0,3.295836866004329,56.0,-30.0,-0.5357142857142857,56.0,-0.5357142857142857,48.0,26.0,True,0.5416666666666666,0.44246353322528365,26.0,moderate
3232,Gross Disbursements,Bolivia,IDA,LATIN AMERICA AND CARIBBEAN,FY19,0.0,57.0,0.0,0.0,57.0,2019,4,annual,57.0,0.0,country,0.0,0.0,1.0,4.060443010546419,0.0,0.0,0.0,0.0,4.060443010546419,26.0,31.0,1.1923076923076923,26.0,1.1923076923076923,0.0,57.0,False,,0.5648298217179902,57.0,moderate
2087,Gross Disbursements,Bolivia,IDA,LATIN AMERICA AND CARIBBEAN,FY20,0.0,15.0,0.0,0.0,15.0,2020,4,annual,15.0,0.0,country,0.0,0.0,1.0,2.772588722239781,0.0,0.0,0.0,0.0,2.772588722239781,57.0,-42.0,-0.7368421052631579,57.0,-0.7368421052631579,124.0,15.0,True,0.12096774193548387,0.37155591572123176,15.0,moderate
729,Gross Disbursements,Bolivia,IDA,LATIN AMERICA AND CARIBBEAN,FY21,0.0,54.0,0.0,0.0,54.0,2021,4,annual,54.0,0.0,country,0.0,0.0,1.0,4.007333185232471,0.0,0.0,0.0,0.0,4.007333185232471,15.0,39.0,2.6,15.0,2.6,0.0,54.0,False,,0.5494327390599676,54.0,moderate
482,Gross Disbursements,Bolivia,IDA,LATIN AMERICA AND CARIBBEAN,FY22,0.0,26.0,0.0,0.0,26.0,2022,4,annual,26.0,0.0,country,0.0,0.0,1.0,3.295836866004329,0.0,0.0,0.0,0.0,3.295836866004329,54.0,-28.0,-0.5185185185185185,54.0,-0.5185185185185185,0.0,26.0,False,,0.44246353322528365,26.0,moderate
2866,Gross Disbursements,Bolivia,IDA,LATIN AMERICA AND CARIBBEAN,FY23,0.0,44.0,0.0,0.0,44.0,2023,4,annual,44.0,0.0,country,0.0,0.0,1.0,3.8066624897703196,0.0,0.0,0.0,0.0,3.8066624897703196,26.0,18.0,0.6923076923076923,26.0,0.6923076923076923,0.0,44.0,False,,0.5194489465153971,44.0,moderate
1788,Gross Disbursements,Bolivia,IDA,LATIN AMERICA AND CARIBBEAN,FY24,0.0,38.0,0.0,0.0,38.0,2024,4,annual,38.0,0.0,country,0.0,0.0,1.0,3.6635616461296463,0.0,0.0,0.0,0.0,3.6635616461296463,44.0,-6.0,-0.13636363636363635,44.0,-0.13636363636363635,0.0,38.0,False,,0.49513776337115073,38.0,moderate
1668,Gross Disbursements,Bolivia,IDA,LATIN AMERICA AND CARIBBEAN,FY25,0.0,23.0,0.0,0.0,23.0,2025,4,annual,23.0,0.0,country,0.0,0.0,1.0,3.1780538303479458,0.0,0.0,0.0,0.0,3.1780538303479458,38.0,-15.0,-0.39473684210526316,38.0,-0.39473684210526316,0.0,23.0,False,,0.42017828200972446,23.0,moderate
1353,Gross Disbursements,Bolivia,IDA,LATIN AMERICA AND CARIBBEAN,2025-Q3,0.0,18.51,0.0,0.0,18.51,2025,3,quarterly,18.51,0.0,country,0.0,0.0,1.0,2.97092715463502,0.0,0.0,0.0,0.0,2.97092715463502,,,,,,0.0,18.51,False,,0.41517857142857145,18.51,moderate
1230,Gross Disbursements,Bolivia,IDA,LATIN AMERICA AND CARIBBEAN,2026-Q3,0.0,10.0,0.0,0.0,10.0,2026,3,quarterly,10.0,0.0,country,0.0,0.0,1.0,2.3978952727983707,0.0,0.0,0.0,0.0,2.3978952727983707,18.51,-8.510000000000002,-0.4597514856834144,18.51,-0.4597514856834144,0.0,10.0,False,,0.36160714285714285,10.0,limited
2509,Commitments,Bosnia and Herzegovina,IDA,EUROPE AND CENTRAL ASIA,FY14,0.0,156.0,0.0,0.0,156.0,2014,4,annual,156.0,0.0,country,0.0,0.0,1.0,5.056245805348308,0.0,0.0,0.0,0.0,5.056245805348308,,,,,,156.0,24.0,True,0.15384615384615385,0.7054234769687965,156.0,significant
2339,Commitments,Bosnia and Herzegovina,IDA,EUROPE AND CENTRAL ASIA,FY15,0.0,0.0,0.0,0.0,0.0,2015,4,annual,0.0,0.0,country,0.0,0.0,0.0,0.0,0.0,0.0,0.0,0.0,0.0,156.0,-156.0,-1.0,156.0,-1.0,0.0,23.0,False,,0.19539375928677563,0.0,limited
3372,Commitments,Bosnia and Herzegovina,IDA,EUROPE AND CENTRAL ASIA,FY18,0.0,0.0,0.0,0.0,0.0,2018,4,annual,0.0,0.0,country,0.0,0.0,0.0,0.0,0.0,0.0,0.0,0.0,0.0,0.0,0.0,,0.0,,0.0,29.0,False,,0.19539375928677563,0.0,limited
3133,Commitments,Bosnia and Herzegovina,IDA,EUROPE AND CENTRAL ASIA,FY19,0.0,0.0,0.0,0.0,0.0,2019,4,annual,0.0,0.0,country,0.0,0.0,0.0,0.0,0.0,0.0,0.0,0.0,0.0,0.0,0.0,,0.0,,0.0,25.0,False,,0.19539375928677563,0.0,limited
3004,Commitments,Bosnia and Herzegovina,IDA,EUROPE AND CENTRAL ASIA,FY20,0.0,0.0,0.0,0.0,0.0,2020,4,annual,0.0,0.0,country,0.0,0.0,0.0,0.0,0.0,0.0,0.0,0.0,0.0,0.0,0.0,,0.0,,0.0,26.0,False,,0.19539375928677563,0.0,limited
1956,Commitments,Bosnia and Herzegovina,IDA,EUROPE AND CENTRAL ASIA,FY21,0.0,0.0,0.0,0.0,0.0,2021,4,annual,0.0,0.0,country,0.0,0.0,0.0,0.0,0.0,0.0,0.0,0.0,0.0,0.0,0.0,,0.0,,0.0,5.0,False,,0.19539375928677563,0.0,limited
591,Commitments,Bosnia and Herzegovina,IDA,EUROPE AND CENTRAL ASIA,FY22,0.0,0.0,0.0,0.0,0.0,2022,4,annual,0.0,0.0,country,0.0,0.0,0.0,0.0,0.0,0.0,0.0,0.0,0.0,0.0,0.0,,0.0,,0.0,0.0,False,,0.19539375928677563,0.0,limited
2977,Commitments,Bosnia and Herzegovina,IDA,EUROPE AND CENTRAL ASIA,FY23,0.0,0.0,0.0,0.0,0.0,2023,4,annual,0.0,0.0,country,0.0,0.0,0.0,0.0,0.0,0.0,0.0,0.0,0.0,0.0,0.0,,0.0,,0.0,0.0,False,,0.19539375928677563,0.0,limited
2663,Commitments,Bosnia and Herzegovina,IDA,EUROPE AND CENTRAL ASIA,FY24,0.0,0.0,0.0,0.0,0.0,2024,4,annual,0.0,0.0,country,0.0,0.0,0.0,0.0,0.0,0.0,0.0,0.0,0.0,0.0,0.0,,0.0,,0.0,0.0,False,,0.19539375928677563,0.0,limited
1464,Commitments,Bosnia and Herzegovina,IDA,EUROPE AND CENTRAL ASIA,FY25,0.0,0.0,0.0,0.0,0.0,2025,4,annual,0.0,0.0,country,0.0,0.0,0.0,0.0,0.0,0.0,0.0,0.0,0.0,0.0,0.0,,0.0,,0.0,0.0,False,,0.19539375928677563,0.0,limited
244,Commitments,Bosnia and Herzegovina,IDA,EUROPE AND CENTRAL ASIA,2025-Q3,0.0,0.0,0.0,0.0,0.0,2025,3,quarterly,0.0,0.0,country,0.0,0.0,0.0,0.0,0.0,0.0,0.0,0.0,0.0,,,,,,0.0,0.0,False,,0.326271186440678,0.0,limited
51,Commitments,Bosnia and Herzegovina,IDA,EUROPE AND CENTRAL ASIA,2026-Q3,0.0,0.0,0.0,0.0,0.0,2026,3,quarterly,0.0,0.0,country,0.0,0.0,0.0,0.0,0.0,0.0,0.0,0.0,0.0,0.0,0.0,,0.0,,0.0,0.0,False,,0.326271186440678,0.0,limited
2592,Gross Disbursements,Bosnia and Herzegovina,IDA,EUROPE AND CENTRAL ASIA,FY14,0.0,24.0,0.0,0.0,24.0,2014,4,annual,24.0,0.0,country,0.0,0.0,1.0,3.2188758248682006,0.0,0.0,0.0,0.0,3.2188758248682006,,,,,,156.0,24.0,True,0.15384615384615385,0.42787682333873583,24.0,moderate
2424,Gross Disbursements,Bosnia and Herzegovina,IDA,EUROPE AND CENTRAL ASIA,FY15,0.0,23.0,0.0,0.0,23.0,2015,4,annual,23.0,0.0,country,0.0,0.0,1.0,3.1780538303479458,0.0,0.0,0.0,0.0,3.1780538303479458,24.0,-1.0,-0.041666666666666664,24.0,-0.041666666666666664,0.0,23.0,False,,0.42017828200972446,23.0,moderate
1148,Gross Disbursements,Bosnia and Herzegovina,IDA,EUROPE AND CENTRAL ASIA,FY16,0.0,40.0,0.0,0.0,40.0,2016,4,annual,40.0,0.0,country,0.0,0.0,1.0,3.713572066704308,0.0,0.0,0.0,0.0,3.713572066704308,23.0,17.0,0.7391304347826086,23.0,0.7391304347826086,,40.0,False,,0.5024311183144247,40.0,moderate
943,Gross Disbursements,Bosnia and Herzegovina,IDA,EUROPE AND CENTRAL ASIA,FY17,0.0,48.0,0.0,0.0,48.0,2017,4,annual,48.0,0.0,country,0.0,0.0,1.0,3.8918202981106265,0.0,0.0,0.0,0.0,3.8918202981106265,40.0,8.0,0.2,40.0,0.2,,48.0,False,,0.534035656401945,48.0,moderate
773,Gross Disbursements,Bosnia and Herzegovina,IDA,EUROPE AND CENTRAL ASIA,FY18,0.0,29.0,0.0,0.0,29.0,2018,4,annual,29.0,0.0,country,0.0,0.0,1.0,3.4011973816621555,0.0,0.0,0.0,0.0,3.4011973816621555,48.0,-19.0,-0.3958333333333333,48.0,-0.3958333333333333,0.0,29.0,False,,0.45786061588330634,29.0,moderate
3221,Gross Disbursements,Bosnia and Herzegovina,IDA,EUROPE AND CENTRAL ASIA,FY19,0.0,25.0,0.0,0.0,25.0,2019,4,annual,25.0,0.0,country,0.0,0.0,1.0,3.258096538021482,0.0,0.0,0.0,0.0,3.258096538021482,29.0,-4.0,-0.13793103448275862,29.0,-0.13793103448275862,0.0,25.0,False,,0.4351701782820097,25.0,moderate
2117,Gross Disbursements,Bosnia and Herzegovina,IDA,EUROPE AND CENTRAL ASIA,FY20,0.0,26.0,0.0,0.0,26.0,2020,4,annual,26.0,0.0,country,0.0,0.0,1.0,3.295836866004329,0.0,0.0,0.0,0.0,3.295836866004329,25.0,1.0,0.04,25.0,0.04,0.0,26.0,False,,0.44246353322528365,26.0,moderate
716,Gross Disbursements,Bosnia and Herzegovina,IDA,EUROPE AND CENTRAL ASIA,FY21,0.0,5.0,0.0,0.0,5.0,2021,4,annual,5.0,0.0,country,0.0,0.0,1.0,1.791759469228055,0.0,0.0,0.0,0.0,1.791759469228055,26.0,-21.0,-0.8076923076923077,26.0,-0.8076923076923077,0.0,5.0,False,,0.2706645056726094,5.0,limited
469,Gross Disbursements,Bosnia and Herzegovina,IDA,EUROPE AND CENTRAL ASIA,FY22,0.0,0.0,0.0,0.0,0.0,2022,4,annual,0.0,0.0,country,0.0,0.0,0.0,0.0,0.0,0.0,0.0,0.0,0.0,5.0,-5.0,-1.0,5.0,-1.0,0.0,0.0,False,,0.1094003241491086,0.0,limited
2853,Gross Disbursements,Bosnia and Herzegovina,IDA,EUROPE AND CENTRAL ASIA,FY23,0.0,0.0,0.0,0.0,0.0,2023,4,annual,0.0,0.0,country,0.0,0.0,0.0,0.0,0.0,0.0,0.0,0.0,0.0,0.0,0.0,,0.0,,0.0,0.0,False,,0.1094003241491086,0.0,limited
1775,Gross Disbursements,Bosnia and Herzegovina,IDA,EUROPE AND CENTRAL ASIA,FY24,0.0,0.0,0.0,0.0,0.0,2024,4,annual,0.0,0.0,country,0.0,0.0,0.0,0.0,0.0,0.0,0.0,0.0,0.0,0.0,0.0,,0.0,,0.0,0.0,False,,0.1094003241491086,0.0,limited
1655,Gross Disbursements,Bosnia and Herzegovina,IDA,EUROPE AND CENTRAL ASIA,FY25,0.0,0.0,0.0,0.0,0.0,2025,4,annual,0.0,0.0,country,0.0,0.0,0.0,0.0,0.0,0.0,0.0,0.0,0.0,0.0,0.0,,0.0,,0.0,0.0,False,,0.1094003241491086,0.0,limited
1340,Gross Disbursements,Bosnia and Herzegovina,IDA,EUROPE AND CENTRAL ASIA,2025-Q3,0.0,0.0,0.0,0.0,0.0,2025,3,quarterly,0.0,0.0,country,0.0,0.0,0.0,0.0,0.0,0.0,0.0,0.0,0.0,,,,,,0.0,0.0,False,,0.15848214285714285,0.0,limited
1217,Gross Disbursements,Bosnia and Herzegovina,IDA,EUROPE AND CENTRAL ASIA,2026-Q3,0.0,0.0,0.0,0.0,0.0,2026,3,quarterly,0.0,0.0,country,0.0,0.0,0.0,0.0,0.0,0.0,0.0,0.0,0.0,0.0,0.0,,0.0,,0.0,0.0,False,,0.15848214285714285,0.0,limited
3348,Commitments,Botswana,IDA,AFRICA,FY18,0.0,0.0,0.0,0.0,0.0,2018,4,annual,0.0,0.0,country,0.0,0.0,0.0,0.0,0.0,0.0,0.0,0.0,0.0,,,,,,0.0,,False,,0.19539375928677563,0.0,limited
3115,Commitments,Botswana,IDA,AFRICA,FY19,0.0,0.0,0.0,0.0,0.0,2019,4,annual,0.0,0.0,country,0.0,0.0,0.0,0.0,0.0,0.0,0.0,0.0,0.0,0.0,0.0,,0.0,,0.0,0.0,False,,0.19539375928677563,0.0,limited
2228,Commitments,Botswana,IDA,AFRICA EAST,FY20,0.0,0.0,0.0,0.0,0.0,2020,4,annual,0.0,0.0,country,0.0,0.0,0.0,0.0,0.0,0.0,0.0,0.0,0.0,0.0,0.0,,0.0,,0.0,0.0,False,,0.19539375928677563,0.0,limited
1930,Commitments,Botswana,IDA,EASTERN AND SOUTHERN AFRICA,FY21,0.0,0.0,0.0,0.0,0.0,2021,4,annual,0.0,0.0,country,0.0,0.0,0.0,0.0,0.0,0.0,0.0,0.0,0.0,0.0,0.0,,0.0,,0.0,0.0,False,,0.19539375928677563,0.0,limited
565,Commitments,Botswana,IDA,EASTERN AND SOUTHERN AFRICA,FY22,0.0,0.0,0.0,0.0,0.0,2022,4,annual,0.0,0.0,country,0.0,0.0,0.0,0.0,0.0,0.0,0.0,0.0,0.0,0.0,0.0,,0.0,,0.0,0.0,False,,0.19539375928677563,0.0,limited
2951,Commitments,Botswana,IDA,EASTERN AND SOUTHERN AFRICA,FY23,0.0,0.0,0.0,0.0,0.0,2023,4,annual,0.0,0.0,country,0.0,0.0,0.0,0.0,0.0,0.0,0.0,0.0,0.0,0.0,0.0,,0.0,,0.0,0.0,False,,0.19539375928677563,0.0,limited
2632,Commitments,Botswana,IDA,EASTERN AND SOUTHERN AFRICA,FY24,0.0,0.0,0.0,0.0,0.0,2024,4,annual,0.0,0.0,country,0.0,0.0,0.0,0.0,0.0,0.0,0.0,0.0,0.0,0.0,0.0,,0.0,,0.0,0.0,False,,0.19539375928677563,0.0,limited
1433,Commitments,Botswana,IDA,EASTERN AND SOUTHERN AFRICA,FY25,0.0,0.0,0.0,0.0,0.0,2025,4,annual,0.0,0.0,country,0.0,0.0,0.0,0.0,0.0,0.0,0.0,0.0,0.0,0.0,0.0,,0.0,,0.0,0.0,False,,0.19539375928677563,0.0,limited
213,Commitments,Botswana,IDA,EASTERN AND SOUTHERN AFRICA,2025-Q3,0.0,0.0,0.0,0.0,0.0,2025,3,quarterly,0.0,0.0,country,0.0,0.0,0.0,0.0,0.0,0.0,0.0,0.0,0.0,,,,,,0.0,0.0,False,,0.326271186440678,0.0,limited
20,Commitments,Botswana,IDA,EASTERN AND SOUTHERN AFRICA,2026-Q3,0.0,0.0,0.0,0.0,0.0,2026,3,quarterly,0.0,0.0,country,0.0,0.0,0.0,0.0,0.0,0.0,0.0,0.0,0.0,0.0,0.0,,0.0,,0.0,0.0,False,,0.326271186440678,0.0,limited
1080,Gross Disbursements,Botswana,IDA,AFRICA,FY16,0.0,0.0,0.0,0.0,0.0,2016,4,annual,0.0,0.0,country,0.0,0.0,0.0,0.0,0.0,0.0,0.0,0.0,0.0,,,,,,,0.0,False,,0.1094003241491086,0.0,limited
978,Gross Disbursements,Botswana,IDA,AFRICA,FY17,0.0,0.0,0.0,0.0,0.0,2017,4,annual,0.0,0.0,country,0.0,0.0,0.0,0.0,0.0,0.0,0.0,0.0,0.0,0.0,0.0,,0.0,,,0.0,False,,0.1094003241491086,0.0,limited
3251,Gross Disbursements,Botswana,IDA,AFRICA,FY19,0.0,0.0,0.0,0.0,0.0,2019,4,annual,0.0,0.0,country,0.0,0.0,0.0,0.0,0.0,0.0,0.0,0.0,0.0,0.0,0.0,,0.0,,0.0,0.0,False,,0.1094003241491086,0.0,limited
2127,Gross Disbursements,Botswana,IDA,AFRICA EAST,FY20,0.0,0.0,0.0,0.0,0.0,2020,4,annual,0.0,0.0,country,0.0,0.0,0.0,0.0,0.0,0.0,0.0,0.0,0.0,0.0,0.0,,0.0,,0.0,0.0,False,,0.1094003241491086,0.0,limited
690,Gross Disbursements,Botswana,IDA,EASTERN AND SOUTHERN AFRICA,FY21,0.0,0.0,0.0,0.0,0.0,2021,4,annual,0.0,0.0,country,0.0,0.0,0.0,0.0,0.0,0.0,0.0,0.0,0.0,0.0,0.0,,0.0,,0.0,0.0,False,,0.1094003241491086,0.0,limited
443,Gross Disbursements,Botswana,IDA,EASTERN AND SOUTHERN AFRICA,FY22,0.0,0.0,0.0,0.0,0.0,2022,4,annual,0.0,0.0,country,0.0,0.0,0.0,0.0,0.0,0.0,0.0,0.0,0.0,0.0,0.0,,0.0,,0.0,0.0,False,,0.1094003241491086,0.0,limited
2827,Gross Disbursements,Botswana,IDA,EASTERN AND SOUTHERN AFRICA,FY23,0.0,0.0,0.0,0.0,0.0,2023,4,annual,0.0,0.0,country,0.0,0.0,0.0,0.0,0.0,0.0,0.0,0.0,0.0,0.0,0.0,,0.0,,0.0,0.0,False,,0.1094003241491086,0.0,limited
1749,Gross Disbursements,Botswana,IDA,EASTERN AND SOUTHERN AFRICA,FY24,0.0,0.0,0.0,0.0,0.0,2024,4,annual,0.0,0.0,country,0.0,0.0,0.0,0.0,0.0,0.0,0.0,0.0,0.0,0.0,0.0,,0.0,,0.0,0.0,False,,0.1094003241491086,0.0,limited
1629,Gross Disbursements,Botswana,IDA,EASTERN AND SOUTHERN AFRICA,FY25,0.0,0.0,0.0,0.0,0.0,2025,4,annual,0.0,0.0,country,0.0,0.0,0.0,0.0,0.0,0.0,0.0,0.0,0.0,0.0,0.0,,0.0,,0.0,0.0,False,,0.1094003241491086,0.0,limited
1314,Gross Disbursements,Botswana,IDA,EASTERN AND SOUTHERN AFRICA,2025-Q3,0.0,0.0,0.0,0.0,0.0,2025,3,quarterly,0.0,0.0,country,0.0,0.0,0.0,0.0,0.0,0.0,0.0,0.0,0.0,,,,,,0.0,0.0,False,,0.15848214285714285,0.0,limited
1191,Gross Disbursements,Botswana,IDA,EASTERN AND SOUTHERN AFRICA,2026-Q3,0.0,0.0,0.0,0.0,0.0,2026,3,quarterly,0.0,0.0,country,0.0,0.0,0.0,0.0,0.0,0.0,0.0,0.0,0.0,0.0,0.0,,0.0,,0.0,0.0,False,,0.15848214285714285,0.0,limited
2707,Commitments,Brazil,IDA,LATIN AMERICA AND CARIBBEAN,FY24,0.0,0.0,0.0,0.0,0.0,2024,4,annual,0.0,0.0,country,0.0,0.0,0.0,0.0,0.0,0.0,0.0,0.0,0.0,,,,,,0.0,,False,,0.19539375928677563,0.0,limited
1508,Commitments,Brazil,IDA,LATIN AMERICA AND CARIBBEAN,FY25,0.0,0.0,0.0,0.0,0.0,2025,4,annual,0.0,0.0,country,0.0,0.0,0.0,0.0,0.0,0.0,0.0,0.0,0.0,0.0,0.0,,0.0,,0.0,,False,,0.19539375928677563,0.0,limited
288,Commitments,Brazil,IDA,LATIN AMERICA AND CARIBBEAN,2025-Q3,0.0,0.0,0.0,0.0,0.0,2025,3,quarterly,0.0,0.0,country,0.0,0.0,0.0,0.0,0.0,0.0,0.0,0.0,0.0,,,,,,0.0,,False,,0.326271186440678,0.0,limited
95,Commitments,Brazil,IDA,LATIN AMERICA AND CARIBBEAN,2026-Q3,0.0,0.0,0.0,0.0,0.0,2026,3,quarterly,0.0,0.0,country,0.0,0.0,0.0,0.0,0.0,0.0,0.0,0.0,0.0,0.0,0.0,,0.0,,0.0,,False,,0.326271186440678,0.0,limited
2664,Commitments,Bulgaria,IDA,EUROPE AND CENTRAL ASIA,FY24,0.0,0.0,0.0,0.0,0.0,2024,4,annual,0.0,0.0,country,0.0,0.0,0.0,0.0,0.0,0.0,0.0,0.0,0.0,,,,,,0.0,,False,,0.19539375928677563,0.0,limited
1465,Commitments,Bulgaria,IDA,EUROPE AND CENTRAL ASIA,FY25,0.0,0.0,0.0,0.0,0.0,2025,4,annual,0.0,0.0,country,0.0,0.0,0.0,0.0,0.0,0.0,0.0,0.0,0.0,0.0,0.0,,0.0,,0.0,,False,,0.19539375928677563,0.0,limited
245,Commitments,Bulgaria,IDA,EUROPE AND CENTRAL ASIA,2025-Q3,0.0,-0.49,0.0,0.0,-0.49,2025,3,quarterly,-0.49,0.0,country,-0.0,0.0,1.0,0.0,-0.0,0.0,-0.0,0.0,0.0,,,,,,-0.49,,False,,0.0211864406779661,0.49,limited
52,Commitments,Bulgaria,IDA,EUROPE AND CENTRAL ASIA,2026-Q3,0.0,0.0,0.0,0.0,0.0,2026,3,quarterly,0.0,0.0,country,0.0,0.0,0.0,0.0,0.0,0.0,0.0,0.0,0.0,-0.49,0.49,1.0,-0.49,1.0,0.0,,False,,0.326271186440678,0.0,limited
2460,Commitments,Burkina Faso,IDA,AFRICA,FY14,100.0,229.0,0.0,0.0,329.0,2014,4,annual,329.0,0.0,country,0.303951367781155,4.61512051684126,0.6960486322188449,5.438079308923196,0.0,0.0,0.0,0.0,5.799092654460526,,,,,,329.0,323.0,True,0.9817629179331308,0.7927191679049034,329.0,significant
2291,Commitments,Burkina Faso,IDA,AFRICA,FY15,150.0,232.0,0.0,0.0,382.0,2015,4,annual,382.0,0.0,country,0.39267015706806285,5.017279836814924,0.6073298429319371,5.4510384535657,0.0,0.0,0.0,0.0,5.948034989180646,329.0,53.0,0.16109422492401215,329.0,0.16109422492401215,382.0,113.0,True,0.29581151832460734,0.8153789004457652,382.0,significant
1009,Commitments,Burkina Faso,IDA,AFRICA,FY16,0.0,165.0,0.0,40.0,205.0,2016,4,annual,205.0,0.0,country,0.0,0.0,0.8048780487804879,5.111987788356544,0.0,0.0,0.1951219512195122,3.713572066704308,5.327876168789581,382.0,-177.0,-0.46335078534031415,382.0,-0.46335078534031415,205.0,308.0,True,1.502439024390244,0.7343982169390788,205.0,significant
817,Commitments,Burkina Faso,IDA,AFRICA,FY17,150.0,120.0,0.0,0.0,270.0,2017,4,annual,270.0,0.0,country,0.5555555555555556,5.017279836814924,0.4444444444444444,4.795790545596741,0.0,0.0,0.0,0.0,5.602118820879701,205.0,65.0,0.3170731707317073,205.0,0.3170731707317073,270.0,340.0,True,1.2592592592592593,0.7685735512630015,270.0,significant
3282,Commitments,Burkina Faso,IDA,AFRICA,FY18,75.0,215.0,0.0,300.0,590.0,2018,4,annual,590.0,0.0,country,0.1271186440677966,4.330733340286331,0.3644067796610169,5.375278407684165,0.0,0.0,0.5084745762711864,5.707110264748875,6.3818160174060985,270.0,320.0,1.1851851851851851,270.0,1.1851851851851851,590.0,334.0,True,0.5661016949152542,0.8658989598811293,590.0,major
3056,Commitments,Burkina Faso,IDA,AFRICA,FY19,100.0,697.0,0.0,0.0,797.0,2019,4,annual,797.0,0.0,country,0.12547051442910917,4.61512051684126,0.8745294855708908,6.548219102762372,0.0,0.0,0.0,0.0,6.682108597449809,590.0,207.0,0.35084745762711866,590.0,0.35084745762711866,797.0,308.0,True,0.3864491844416562,0.9078751857355126,797.0,major
2162,Commitments,Burkina Faso,IDA,AFRICA WEST,FY20,148.0,306.0,0.0,0.0,454.0,2020,4,annual,454.0,0.0,country,0.32599118942731276,5.003946305945459,0.6740088105726872,5.726847747587197,0.0,0.0,0.0,0.0,6.12029741895095,797.0,-343.0,-0.43036386449184444,797.0,-0.43036386449184444,454.0,438.0,True,0.9647577092511013,0.8380386329866271,454.0,significant
2012,Commitments,Burkina Faso,IDA,WESTERN AND CENTRAL AFRICA,FY21,160.0,870.0,0.0,0.0,1030.0,2021,4,annual,1030.0,0.0,country,0.1553398058252427,5.081404364984463,0.8446601941747572,6.769641976852503,0.0,0.0,0.0,0.0,6.93828448401696,454.0,576.0,1.2687224669603525,454.0,1.2687224669603525,1030.0,458.0,True,0.4446601941747573,0.9383358098068351,1030.0,major
647,Commitments,Burkina Faso,IDA,WESTERN AND CENTRAL AFRICA,FY22,200.0,634.0,0.0,0.0,834.0,2022,4,annual,834.0,0.0,country,0.23980815347721823,5.303304908059076,0.7601918465227818,6.453624998892692,0.0,0.0,0.0,0.0,6.727431724850855,1030.0,-196.0,-0.19029126213592232,1030.0,-0.19029126213592232,834.0,388.0,True,0.46522781774580335,0.9197622585438335,834.0,major
400,Commitments,Burkina Faso,IDA,WESTERN AND CENTRAL AFRICA,FY23,0.0,310.0,0.0,150.0,460.0,2023,4,annual,460.0,0.0,country,0.0,0.0,0.6739130434782609,5.739792912179234,0.0,0.0,0.32608695652173914,5.017279836814924,6.133398042996649,834.0,-374.0,-0.44844124700239807,834.0,-0.44844124700239807,460.0,582.0,True,1.2652173913043478,0.8398959881129272,460.0,significant
2751,Commitments,Burkina Faso,IDA,WESTERN AND CENTRAL AFRICA,FY24,0.0,625.0,0.0,0.0,625.0,2024,4,annual,625.0,0.0,country,0.0,0.0,1.0,6.439350371100098,0.0,0.0,0.0,0.0,6.439350371100098,460.0,165.0,0.358695652173913,460.0,0.358695652173913,625.0,528.0,True,0.8448,0.8774145616641902,625.0,major
1552,Commitments,Burkina Faso,IDA,WESTERN AND CENTRAL AFRICA,FY25,0.0,616.0,0.0,0.0,616.0,2025,4,annual,616.0,0.0,country,0.0,0.0,1.0,6.424869023905388,0.0,0.0,0.0,0.0,6.424869023905388,625.0,-9.0,-0.0144,625.0,-0.0144,616.0,603.0,True,0.9788961038961039,0.8733283803863299,616.0,major
332,Commitments,Burkina Faso,IDA,WESTERN AND CENTRAL AFRICA,2025-Q3,0.0,250.0,0.0,0.0,250.0,2025,3,quarterly,250.0,0.0,country,0.0,0.0,1.0,5.5254529391317835,0.0,0.0,0.0,0.0,5.5254529391317835,,,,,,250.0,385.51,True,1.5420399999999999,0.8884180790960452,250.0,significant
139,Commitments,Burkina Faso,IDA,WESTERN AND CENTRAL AFRICA,2026-Q3,0.0,250.0,0.0,0.0,250.0,2026,3,quarterly,250.0,0.0,country,0.0,0.0,1.0,5.5254529391317835,0.0,0.0,0.0,0.0,5.5254529391317835,250.0,0.0,0.0,250.0,0.0,250.0,360.0,True,1.44,0.8884180790960452,250.0,significant
2538,Gross Disbursements,Burkina Faso,IDA,AFRICA,FY14,170.0,153.0,0.0,0.0,323.0,2014,4,annual,323.0,0.0,country,0.5263157894736842,5.14166355650266,0.47368421052631576,5.0369526024136295,0.0,0.0,0.0,0.0,5.780743515792329,,,,,,329.0,323.0,True,0.9817629179331308,0.8249594813614263,323.0,significant
2370,Gross Disbursements,Burkina Faso,IDA,AFRICA,FY15,0.0,113.0,0.0,0.0,113.0,2015,4,annual,113.0,0.0,country,0.0,0.0,1.0,4.736198448394496,0.0,0.0,0.0,0.0,4.736198448394496,323.0,-210.0,-0.6501547987616099,323.0,-0.6501547987616099,382.0,113.0,True,0.29581151832460734,0.6689627228525121,113.0,significant
1081,Gross Disbursements,Burkina Faso,IDA,AFRICA,FY16,146.0,155.0,0.0,7.0,308.0,2016,4,annual,308.0,0.0,country,0.474025974025974,4.990432586778736,0.5032467532467533,5.049856007249537,0.0,0.0,0.022727272727272728,2.0794415416798357,5.733341276897746,113.0,195.0,1.7256637168141593,113.0,1.7256637168141593,205.0,308.0,True,1.502439024390244,0.8205024311183144,308.0,significant
901,Gross Disbursements,Burkina Faso,IDA,AFRICA,FY17,145.0,186.0,0.0,8.0,340.0,2017,4,annual,339.0,1.0,country,0.4264705882352941,4.983606621708336,0.5470588235294118,5.231108616854587,0.0,0.0,0.023529411764705882,2.1972245773362196,5.831882477283517,308.0,32.0,0.1038961038961039,308.0,0.1038961038961039,270.0,340.0,True,1.2592592592592593,0.8322528363047001,340.0,significant
3412,Gross Disbursements,Burkina Faso,IDA,AFRICA,FY18,79.0,239.0,0.0,17.0,334.0,2018,4,annual,335.0,-1.0,country,0.23652694610778444,4.382026634673881,0.7155688622754491,5.480638923341991,0.0,0.0,0.05089820359281437,2.8903717578961645,5.814130531825066,340.0,-6.0,-0.01764705882352941,340.0,-0.01764705882352941,590.0,334.0,True,0.5661016949152542,0.8298217179902755,334.0,significant
3174,Gross Disbursements,Burkina Faso,IDA,AFRICA,FY19,0.0,240.0,0.0,68.0,308.0,2019,4,annual,308.0,0.0,country,0.0,0.0,0.7792207792207793,5.484796933490655,0.0,0.0,0.22077922077922077,4.23410650459726,5.733341276897746,334.0,-26.0,-0.07784431137724551,334.0,-0.07784431137724551,797.0,308.0,True,0.3864491844416562,0.8205024311183144,308.0,significant
2052,Gross Disbursements,Burkina Faso,IDA,AFRICA WEST,FY20,249.0,180.0,0.0,9.0,438.0,2020,4,annual,438.0,0.0,country,0.5684931506849316,5.521460917862246,0.410958904109589,5.198497031265826,0.0,0.0,0.02054794520547945,2.302585092994046,6.0844994130751715,308.0,130.0,0.42207792207792205,308.0,0.42207792207792205,454.0,438.0,True,0.9647577092511013,0.8606158833063209,438.0,significant
1882,Gross Disbursements,Burkina Faso,IDA,WESTERN AND CENTRAL AFRICA,FY21,166.0,245.0,0.0,47.0,458.0,2021,4,annual,458.0,0.0,country,0.3624454148471616,5.117993812416755,0.5349344978165939,5.5053315359323625,0.0,0.0,0.10262008733624454,3.871201010907891,6.129050210060545,438.0,20.0,0.045662100456621,438.0,0.045662100456621,1030.0,458.0,True,0.4446601941747573,0.8715559157212318,458.0,significant
517,Gross Disbursements,Burkina Faso,IDA,WESTERN AND CENTRAL AFRICA,FY22,0.0,332.0,0.0,56.0,388.0,2022,4,annual,388.0,0.0,country,0.0,0.0,0.8556701030927835,5.808142489980444,0.0,0.0,0.14432989690721648,4.04305126783455,5.963579343618446,458.0,-70.0,-0.15283842794759825,458.0,-0.15283842794759825,834.0,388.0,True,0.46522781774580335,0.8484602917341977,388.0,significant
2903,Gross Disbursements,Burkina Faso,IDA,WESTERN AND CENTRAL AFRICA,FY23,179.0,378.0,0.0,25.0,582.0,2023,4,annual,582.0,0.0,country,0.3075601374570447,5.19295685089021,0.6494845360824743,5.937536205082426,0.0,0.0,0.0429553264604811,3.258096538021482,6.368187186350492,388.0,194.0,0.5,388.0,0.5,460.0,582.0,True,1.2652173913043478,0.9084278768233387,582.0,major
1825,Gross Disbursements,Burkina Faso,IDA,WESTERN AND CENTRAL AFRICA,FY24,0.0,451.0,0.0,77.0,528.0,2024,4,annual,528.0,0.0,country,0.0,0.0,0.8541666666666666,6.113682179832232,0.0,0.0,0.14583333333333334,4.356708826689592,6.270988431858299,582.0,-54.0,-0.09278350515463918,582.0,-0.09278350515463918,625.0,528.0,True,0.8448,0.8978930307941653,528.0,major
1705,Gross Disbursements,Burkina Faso,IDA,WESTERN AND CENTRAL AFRICA,FY25,0.0,554.0,0.0,49.0,603.0,2025,4,annual,603.0,0.0,country,0.0,0.0,0.9187396351575456,6.318968113746434,0.0,0.0,0.0812603648424544,3.912023005428146,6.403574197934815,528.0,75.0,0.14204545454545456,528.0,0.14204545454545456,616.0,603.0,True,0.9788961038961039,0.9116693679092382,603.0,major
1390,Gross Disbursements,Burkina Faso,IDA,WESTERN AND CENTRAL AFRICA,2025-Q3,0.0,360.51,0.0,25.0,385.51,2025,3,quarterly,385.51,0.0,country,0.0,0.0,0.9351508391481415,5.890289703733508,0.0,0.0,0.06484916085185857,3.258096538021482,5.957157740913987,,,,,,250.0,385.51,True,1.5420399999999999,0.8794642857142857,385.51,significant
1267,Gross Disbursements,Burkina Faso,IDA,WESTERN AND CENTRAL AFRICA,2026-Q3,0.0,352.0,0.0,8.0,360.0,2026,3,quarterly,360.0,0.0,country,0.0,0.0,0.9777777777777777,5.8664680569332965,0.0,0.0,0.022222222222222223,2.1972245773362196,5.8888779583328805,385.51,-25.50999999999999,-0.06617208373323646,385.51,-0.06617208373323646,250.0,360.0,True,1.44,0.859375,360.0,significant
2461,Commitments,Burundi,IDA,AFRICA,FY14,26.0,231.0,0.0,0.0,257.0,2014,4,annual,257.0,0.0,country,0.10116731517509728,3.295836866004329,0.8988326848249028,5.44673737166631,0.0,0.0,0.0,0.0,5.552959584921617,,,,,,257.0,88.0,True,0.3424124513618677,0.762630014858841,257.0,significant
2292,Commitments,Burundi,IDA,AFRICA,FY15,25.0,47.0,0.0,0.0,72.0,2015,4,annual,72.0,0.0,country,0.3472222222222222,3.258096538021482,0.6527777777777778,3.871201010907891,0.0,0.0,0.0,0.0,4.290459441148391,257.0,-185.0,-0.7198443579766537,257.0,-0.7198443579766537,72.0,60.0,True,0.8333333333333334,0.5802377414561665,72.0,moderate
1010,Commitments,Burundi,IDA,AFRICA,FY16,0.0,65.0,0.0,0.0,65.0,2016,4,annual,65.0,0.0,country,0.0,0.0,1.0,4.189654742026425,0.0,0.0,0.0,0.0,4.189654742026425,72.0,-7.0,-0.09722222222222222,72.0,-0.09722222222222222,65.0,23.0,True,0.35384615384615387,0.5646359583952452,65.0,moderate
837,Commitments,Burundi,IDA,AFRICA,FY17,0.0,190.0,0.0,0.0,190.0,2017,4,annual,190.0,0.0,country,0.0,0.0,1.0,5.25227342804663,0.0,0.0,0.0,0.0,5.25227342804663,65.0,125.0,1.9230769230769231,65.0,1.9230769230769231,190.0,47.0,True,0.24736842105263157,0.7206537890044576,190.0,significant
3349,Commitments,Burundi,IDA,AFRICA,FY18,0.0,120.0,0.0,0.0,120.0,2018,4,annual,120.0,0.0,country,0.0,0.0,1.0,4.795790545596741,0.0,0.0,0.0,0.0,4.795790545596741,190.0,-70.0,-0.3684210526315789,190.0,-0.3684210526315789,120.0,74.0,True,0.6166666666666667,0.6656760772659732,120.0,significant
3073,Commitments,Burundi,IDA,AFRICA,FY19,0.0,0.0,0.0,0.0,0.0,2019,4,annual,0.0,0.0,country,0.0,0.0,0.0,0.0,0.0,0.0,0.0,0.0,0.0,120.0,-120.0,-1.0,120.0,-1.0,0.0,104.0,False,,0.19539375928677563,0.0,limited
2194,Commitments,Burundi,IDA,AFRICA EAST,FY20,0.0,195.0,0.0,0.0,195.0,2020,4,annual,195.0,0.0,country,0.0,0.0,1.0,5.278114659230517,0.0,0.0,0.0,0.0,5.278114659230517,0.0,195.0,,0.0,,195.0,110.0,True,0.5641025641025641,0.7262258543833581,195.0,significant
1931,Commitments,Burundi,IDA,EASTERN AND SOUTHERN AFRICA,FY21,0.0,130.0,0.0,0.0,130.0,2021,4,annual,130.0,0.0,country,0.0,0.0,1.0,4.875197323201151,0.0,0.0,0.0,0.0,4.875197323201151,195.0,-65.0,-0.3333333333333333,195.0,-0.3333333333333333,130.0,82.0,True,0.6307692307692307,0.6809063893016345,130.0,significant
566,Commitments,Burundi,IDA,EASTERN AND SOUTHERN AFRICA,FY22,0.0,350.0,0.0,0.0,350.0,2022,4,annual,350.0,0.0,country,0.0,0.0,1.0,5.860786223465865,0.0,0.0,0.0,0.0,5.860786223465865,130.0,220.0,1.6923076923076923,130.0,1.6923076923076923,350.0,120.0,True,0.34285714285714286,0.8038632986627043,350.0,significant
2952,Commitments,Burundi,IDA,EASTERN AND SOUTHERN AFRICA,FY23,0.0,120.0,0.0,0.0,120.0,2023,4,annual,120.0,0.0,country,0.0,0.0,1.0,4.795790545596741,0.0,0.0,0.0,0.0,4.795790545596741,350.0,-230.0,-0.6571428571428571,350.0,-0.6571428571428571,120.0,127.0,True,1.0583333333333333,0.6656760772659732,120.0,significant
2633,Commitments,Burundi,IDA,EASTERN AND SOUTHERN AFRICA,FY24,0.0,432.0,0.0,0.0,432.0,2024,4,annual,432.0,0.0,country,0.0,0.0,1.0,6.07073772800249,0.0,0.0,0.0,0.0,6.07073772800249,120.0,312.0,2.6,120.0,2.6,432.0,203.0,True,0.4699074074074074,0.8306092124814265,432.0,significant
1434,Commitments,Burundi,IDA,EASTERN AND SOUTHERN AFRICA,FY25,0.0,547.0,0.0,20.0,567.0,2025,4,annual,567.0,0.0,country,0.0,0.0,0.9647266313932981,6.306275286948016,0.0,0.0,0.03527336860670194,3.044522437723423,6.342121418721152,432.0,135.0,0.3125,432.0,0.3125,567.0,193.0,True,0.3403880070546737,0.8588410104011887,567.0,major
214,Commitments,Burundi,IDA,EASTERN AND SOUTHERN AFRICA,2025-Q3,0.0,463.0,0.0,20.0,483.0,2025,3,quarterly,483.0,0.0,country,0.0,0.0,0.9585921325051759,6.139884552226255,0.0,0.0,0.041407867494824016,3.044522437723423,6.182084906716632,,,,,,483.0,106.0,True,0.2194616977225673,0.943502824858757,483.0,significant
21,Commitments,Burundi,IDA,EASTERN AND SOUTHERN AFRICA,2026-Q3,0.0,150.0,0.0,0.0,150.0,2026,3,quarterly,150.0,0.0,country,0.0,0.0,1.0,5.017279836814924,0.0,0.0,0.0,0.0,5.017279836814924,483.0,-333.0,-0.6894409937888198,483.0,-0.6894409937888198,150.0,184.0,True,1.2266666666666666,0.8418079096045198,150.0,significant
2539,Gross Disbursements,Burundi,IDA,AFRICA,FY14,26.0,62.0,0.0,0.0,88.0,2014,4,annual,88.0,0.0,country,0.29545454545454547,3.295836866004329,0.7045454545454546,4.143134726391533,0.0,0.0,0.0,0.0,4.48863636973214,,,,,,257.0,88.0,True,0.3424124513618677,0.6381685575364667,88.0,moderate
2371,Gross Disbursements,Burundi,IDA,AFRICA,FY15,24.0,36.0,0.0,0.0,60.0,2015,4,annual,60.0,0.0,country,0.4,3.2188758248682006,0.6,3.6109179126442243,0.0,0.0,0.0,0.0,4.110873864173311,88.0,-28.0,-0.3181818181818182,88.0,-0.3181818181818182,72.0,60.0,True,0.8333333333333334,0.5786061588330632,60.0,moderate
1082,Gross Disbursements,Burundi,IDA,AFRICA,FY16,0.0,23.0,0.0,0.0,23.0,2016,4,annual,23.0,0.0,country,0.0,0.0,1.0,3.1780538303479458,0.0,0.0,0.0,0.0,3.1780538303479458,60.0,-37.0,-0.6166666666666667,60.0,-0.6166666666666667,65.0,23.0,True,0.35384615384615387,0.42017828200972446,23.0,moderate
928,Gross Disbursements,Burundi,IDA,AFRICA,FY17,0.0,47.0,0.0,0.0,47.0,2017,4,annual,47.0,0.0,country,0.0,0.0,1.0,3.871201010907891,0.0,0.0,0.0,0.0,3.871201010907891,23.0,24.0,1.0434782608695652,23.0,1.0434782608695652,190.0,47.0,True,0.24736842105263157,0.5299837925445705,47.0,moderate
750,Gross Disbursements,Burundi,IDA,AFRICA,FY18,0.0,74.0,0.0,0.0,74.0,2018,4,annual,74.0,0.0,country,0.0,0.0,1.0,4.31748811353631,0.0,0.0,0.0,0.0,4.31748811353631,47.0,27.0,0.574468085106383,47.0,0.574468085106383,120.0,74.0,True,0.6166666666666667,0.6045380875202593,74.0,moderate
3194,Gross Disbursements,Burundi,IDA,AFRICA,FY19,0.0,104.0,0.0,0.0,104.0,2019,4,annual,104.0,0.0,country,0.0,0.0,1.0,4.653960350157523,0.0,0.0,0.0,0.0,4.653960350157523,74.0,30.0,0.40540540540540543,74.0,0.40540540540540543,0.0,104.0,False,,0.6564019448946515,104.0,significant
2080,Gross Disbursements,Burundi,IDA,AFRICA EAST,FY20,0.0,110.0,0.0,0.0,110.0,2020,4,annual,110.0,0.0,country,0.0,0.0,1.0,4.709530201312334,0.0,0.0,0.0,0.0,4.709530201312334,104.0,6.0,0.057692307692307696,104.0,0.057692307692307696,195.0,110.0,True,0.5641025641025641,0.6649108589951378,110.0,significant
691,Gross Disbursements,Burundi,IDA,EASTERN AND SOUTHERN AFRICA,FY21,0.0,82.0,0.0,0.0,82.0,2021,4,annual,82.0,0.0,country,0.0,0.0,1.0,4.418840607796598,0.0,0.0,0.0,0.0,4.418840607796598,110.0,-28.0,-0.2545454545454545,110.0,-0.2545454545454545,130.0,82.0,True,0.6307692307692307,0.6280388978930308,82.0,moderate
444,Gross Disbursements,Burundi,IDA,EASTERN AND SOUTHERN AFRICA,FY22,0.0,120.0,0.0,0.0,120.0,2022,4,annual,120.0,0.0,country,0.0,0.0,1.0,4.795790545596741,0.0,0.0,0.0,0.0,4.795790545596741,82.0,38.0,0.4634146341463415,82.0,0.4634146341463415,350.0,120.0,True,0.34285714285714286,0.6815235008103727,120.0,significant
2828,Gross Disbursements,Burundi,IDA,EASTERN AND SOUTHERN AFRICA,FY23,0.0,127.0,0.0,0.0,127.0,2023,4,annual,127.0,0.0,country,0.0,0.0,1.0,4.852030263919617,0.0,0.0,0.0,0.0,4.852030263919617,120.0,7.0,0.058333333333333334,120.0,0.058333333333333334,120.0,127.0,True,1.0583333333333333,0.6908427876823339,127.0,significant
1750,Gross Disbursements,Burundi,IDA,EASTERN AND SOUTHERN AFRICA,FY24,0.0,203.0,0.0,0.0,203.0,2024,4,annual,203.0,0.0,country,0.0,0.0,1.0,5.318119993844216,0.0,0.0,0.0,0.0,5.318119993844216,127.0,76.0,0.5984251968503937,127.0,0.5984251968503937,432.0,203.0,True,0.4699074074074074,0.7710696920583469,203.0,significant
1630,Gross Disbursements,Burundi,IDA,EASTERN AND SOUTHERN AFRICA,FY25,0.0,190.0,0.0,3.0,193.0,2025,4,annual,193.0,0.0,country,0.0,0.0,0.9844559585492227,5.25227342804663,0.0,0.0,0.015544041450777202,1.3862943611198906,5.267858159063328,203.0,-10.0,-0.04926108374384237,203.0,-0.04926108374384237,567.0,193.0,True,0.3403880070546737,0.7649918962722853,193.0,significant
1315,Gross Disbursements,Burundi,IDA,EASTERN AND SOUTHERN AFRICA,2025-Q3,0.0,104.0,0.0,2.0,106.0,2025,3,quarterly,106.0,0.0,country,0.0,0.0,0.9811320754716981,4.653960350157523,0.0,0.0,0.018867924528301886,1.0986122886681098,4.672828834461906,,,,,,483.0,106.0,True,0.2194616977225673,0.6517857142857143,106.0,significant
1192,Gross Disbursements,Burundi,IDA,EASTERN AND SOUTHERN AFRICA,2026-Q3,0.0,181.0,0.0,3.0,184.0,2026,3,quarterly,184.0,0.0,country,0.0,0.0,0.9836956521739131,5.204006687076795,0.0,0.0,0.016304347826086956,1.3862943611198906,5.220355825078324,106.0,78.0,0.7358490566037735,106.0,0.7358490566037735,150.0,184.0,True,1.2266666666666666,0.7410714285714286,184.0,significant
2462,Commitments,Cabo Verde,IDA,AFRICA,FY14,16.0,0.0,0.0,0.0,16.0,2014,4,annual,16.0,0.0,country,1.0,2.833213344056216,0.0,0.0,0.0,0.0,0.0,0.0,2.833213344056216,,,,,,16.0,7.0,True,0.4375,0.4294205052005943,16.0,moderate
2293,Commitments,Cabo Verde,IDA,AFRICA,FY15,10.0,0.0,0.0,0.0,10.0,2015,4,annual,10.0,0.0,country,1.0,2.3978952727983707,0.0,0.0,0.0,0.0,0.0,0.0,2.3978952727983707,16.0,-6.0,-0.375,16.0,-0.375,10.0,24.0,True,2.4,0.4138187221396731,10.0,limited
1011,Commitments,Cabo Verde,IDA,AFRICA,FY16,0.0,5.0,0.0,0.0,5.0,2016,4,annual,5.0,0.0,country,0.0,0.0,1.0,1.791759469228055,0.0,0.0,0.0,0.0,1.791759469228055,10.0,-5.0,-0.5,10.0,-0.5,5.0,17.0,False,,0.40007429420505203,5.0,limited
856,Commitments,Cabo Verde,IDA,AFRICA,FY17,0.0,27.0,0.0,0.0,27.0,2017,4,annual,27.0,0.0,country,0.0,0.0,1.0,3.332204510175204,0.0,0.0,0.0,0.0,3.332204510175204,5.0,22.0,4.4,5.0,4.4,27.0,1.0,True,0.037037037037037035,0.4725111441307578,27.0,moderate
3327,Commitments,Cabo Verde,IDA,AFRICA,FY18,0.0,35.0,0.0,0.0,35.0,2018,4,annual,35.0,0.0,country,0.0,0.0,1.0,3.58351893845611,0.0,0.0,0.0,0.0,3.58351893845611,27.0,8.0,0.2962962962962963,27.0,0.2962962962962963,35.0,4.0,True,0.11428571428571428,0.49777117384843983,35.0,moderate
3106,Commitments,Cabo Verde,IDA,AFRICA,FY19,45.0,20.0,0.0,0.0,65.0,2019,4,annual,65.0,0.0,country,0.6923076923076923,3.828641396489095,0.3076923076923077,3.044522437723423,0.0,0.0,0.0,0.0,4.189654742026425,35.0,30.0,0.8571428571428571,35.0,0.8571428571428571,65.0,25.0,True,0.38461538461538464,0.5646359583952452,65.0,moderate
2201,Commitments,Cabo Verde,IDA,AFRICA WEST,FY20,0.0,20.0,0.0,0.0,20.0,2020,4,annual,20.0,0.0,country,0.0,0.0,1.0,3.044522437723423,0.0,0.0,0.0,0.0,3.044522437723423,65.0,-45.0,-0.6923076923076923,65.0,-0.6923076923076923,20.0,68.0,True,3.4,0.44762258543833583,20.0,moderate
2013,Commitments,Cabo Verde,IDA,WESTERN AND CENTRAL AFRICA,FY21,25.0,65.0,0.0,0.0,90.0,2021,4,annual,90.0,0.0,country,0.2777777777777778,3.258096538021482,0.7222222222222222,4.189654742026425,0.0,0.0,0.0,0.0,4.51085950651685,20.0,70.0,3.5,20.0,3.5,90.0,68.0,True,0.7555555555555555,0.6173848439821694,90.0,moderate
648,Commitments,Cabo Verde,IDA,WESTERN AND CENTRAL AFRICA,FY22,30.0,59.0,0.0,0.0,89.0,2022,4,annual,89.0,0.0,country,0.33707865168539325,3.4339872044851463,0.6629213483146067,4.0943445622221,0.0,0.0,0.0,0.0,4.499809670330265,90.0,-1.0,-0.011111111111111112,90.0,-0.011111111111111112,89.0,46.0,True,0.5168539325842697,0.6151560178306092,89.0,moderate
401,Commitments,Cabo Verde,IDA,WESTERN AND CENTRAL AFRICA,FY23,53.0,10.0,0.0,0.0,63.0,2023,4,annual,63.0,0.0,country,0.8412698412698413,3.9889840465642745,0.15873015873015872,2.3978952727983707,0.0,0.0,0.0,0.0,4.1588830833596715,89.0,-26.0,-0.29213483146067415,89.0,-0.29213483146067415,63.0,77.0,True,1.2222222222222223,0.5583209509658247,63.0,moderate
2752,Commitments,Cabo Verde,IDA,WESTERN AND CENTRAL AFRICA,FY24,25.0,95.0,0.0,0.0,120.0,2024,4,annual,120.0,0.0,country,0.20833333333333334,3.258096538021482,0.7916666666666666,4.564348191467836,0.0,0.0,0.0,0.0,4.795790545596741,63.0,57.0,0.9047619047619048,63.0,0.9047619047619048,120.0,48.0,True,0.4,0.6656760772659732,120.0,significant
1553,Commitments,Cabo Verde,IDA,WESTERN AND CENTRAL AFRICA,FY25,25.0,22.0,0.0,0.0,47.0,2025,4,annual,47.0,0.0,country,0.5319148936170213,3.258096538021482,0.46808510638297873,3.1354942159291497,0.0,0.0,0.0,0.0,3.871201010907891,120.0,-73.0,-0.6083333333333333,120.0,-0.6083333333333333,47.0,65.0,True,1.3829787234042554,0.5215453194650818,47.0,moderate
333,Commitments,Cabo Verde,IDA,WESTERN AND CENTRAL AFRICA,2025-Q3,24.51,2.0,0.0,0.0,26.51,2025,3,quarterly,26.51,0.0,country,0.9245567710298,3.23907053215372,0.07544322897019992,1.0986122886681098,0.0,0.0,0.0,0.0,3.3145495749364833,,,,,,26.51,43.0,True,1.6220294228592982,0.6807909604519774,26.51,moderate
140,Commitments,Cabo Verde,IDA,WESTERN AND CENTRAL AFRICA,2026-Q3,15.0,53.0,0.0,0.0,68.0,2026,3,quarterly,68.0,0.0,country,0.22058823529411764,2.772588722239781,0.7794117647058824,3.9889840465642745,0.0,0.0,0.0,0.0,4.23410650459726,26.51,41.489999999999995,1.5650697849867972,26.51,1.5650697849867972,68.0,63.0,True,0.9264705882352942,0.7570621468926554,68.0,moderate
2540,Gross Disbursements,Cabo Verde,IDA,AFRICA,FY14,0.0,7.0,0.0,0.0,7.0,2014,4,annual,7.0,0.0,country,0.0,0.0,1.0,2.0794415416798357,0.0,0.0,0.0,0.0,2.0794415416798357,,,,,,16.0,7.0,True,0.4375,0.2925445705024311,7.0,limited
2372,Gross Disbursements,Cabo Verde,IDA,AFRICA,FY15,16.0,8.0,0.0,0.0,24.0,2015,4,annual,24.0,0.0,country,0.6666666666666666,2.833213344056216,0.3333333333333333,2.1972245773362196,0.0,0.0,0.0,0.0,3.2188758248682006,7.0,17.0,2.4285714285714284,7.0,2.4285714285714284,10.0,24.0,True,2.4,0.42787682333873583,24.0,moderate
1083,Gross Disbursements,Cabo Verde,IDA,AFRICA,FY16,10.0,7.0,0.0,0.0,17.0,2016,4,annual,17.0,0.0,country,0.5882352941176471,2.3978952727983707,0.4117647058823529,2.0794415416798357,0.0,0.0,0.0,0.0,2.8903717578961645,24.0,-7.0,-0.2916666666666667,24.0,-0.2916666666666667,5.0,17.0,False,,0.38492706645056723,17.0,moderate
968,Gross Disbursements,Cabo Verde,IDA,AFRICA,FY17,0.0,1.0,0.0,0.0,1.0,2017,4,annual,1.0,0.0,country,0.0,0.0,1.0,0.6931471805599453,0.0,0.0,0.0,0.0,0.6931471805599453,17.0,-16.0,-0.9411764705882353,17.0,-0.9411764705882353,27.0,1.0,True,0.037037037037037035,0.21920583468395463,1.0,limited
774,Gross Disbursements,Cabo Verde,IDA,AFRICA,FY18,0.0,4.0,0.0,0.0,4.0,2018,4,annual,4.0,0.0,country,0.0,0.0,1.0,1.6094379124341003,0.0,0.0,0.0,0.0,1.6094379124341003,1.0,3.0,3.0,1.0,3.0,35.0,4.0,True,0.11428571428571428,0.25810372771474877,4.0,limited
3202,Gross Disbursements,Cabo Verde,IDA,AFRICA,FY19,0.0,25.0,0.0,0.0,25.0,2019,4,annual,25.0,0.0,country,0.0,0.0,1.0,3.258096538021482,0.0,0.0,0.0,0.0,3.258096538021482,4.0,21.0,5.25,4.0,5.25,65.0,25.0,True,0.38461538461538464,0.4351701782820097,25.0,moderate
2084,Gross Disbursements,Cabo Verde,IDA,AFRICA WEST,FY20,45.0,23.0,0.0,0.0,68.0,2020,4,annual,68.0,0.0,country,0.6617647058823529,3.828641396489095,0.3382352941176471,3.1780538303479458,0.0,0.0,0.0,0.0,4.23410650459726,25.0,43.0,1.72,25.0,1.72,20.0,68.0,True,3.4,0.5927876823338736,68.0,moderate
1883,Gross Disbursements,Cabo Verde,IDA,WESTERN AND CENTRAL AFRICA,FY21,26.0,42.0,0.0,0.0,68.0,2021,4,annual,68.0,0.0,country,0.38235294117647056,3.295836866004329,0.6176470588235294,3.7612001156935624,0.0,0.0,0.0,0.0,4.23410650459726,68.0,0.0,0.0,68.0,0.0,90.0,68.0,True,0.7555555555555555,0.5927876823338736,68.0,moderate
518,Gross Disbursements,Cabo Verde,IDA,WESTERN AND CENTRAL AFRICA,FY22,30.0,16.0,0.0,0.0,46.0,2022,4,annual,46.0,0.0,country,0.6521739130434783,3.4339872044851463,0.34782608695652173,2.833213344056216,0.0,0.0,0.0,0.0,3.8501476017100584,68.0,-22.0,-0.3235294117647059,68.0,-0.3235294117647059,89.0,46.0,True,0.5168539325842697,0.5259319286871961,46.0,moderate
2904,Gross Disbursements,Cabo Verde,IDA,WESTERN AND CENTRAL AFRICA,FY23,45.0,32.0,0.0,0.0,77.0,2023,4,annual,77.0,0.0,country,0.5844155844155844,3.828641396489095,0.4155844155844156,3.4965075614664802,0.0,0.0,0.0,0.0,4.356708826689592,46.0,31.0,0.6739130434782609,46.0,0.6739130434782609,63.0,77.0,True,1.2222222222222223,0.6142625607779578,77.0,moderate
1826,Gross Disbursements,Cabo Verde,IDA,WESTERN AND CENTRAL AFRICA,FY24,26.0,22.0,0.0,0.0,48.0,2024,4,annual,48.0,0.0,country,0.5416666666666666,3.295836866004329,0.4583333333333333,3.1354942159291497,0.0,0.0,0.0,0.0,3.8918202981106265,77.0,-29.0,-0.37662337662337664,77.0,-0.37662337662337664,120.0,48.0,True,0.4,0.534035656401945,48.0,moderate
1706,Gross Disbursements,Cabo Verde,IDA,WESTERN AND CENTRAL AFRICA,FY25,25.0,40.0,0.0,0.0,65.0,2025,4,annual,65.0,0.0,country,0.38461538461538464,3.258096538021482,0.6153846153846154,3.713572066704308,0.0,0.0,0.0,0.0,4.189654742026425,48.0,17.0,0.3541666666666667,48.0,0.3541666666666667,47.0,65.0,True,1.3829787234042554,0.5891410048622366,65.0,moderate
1391,Gross Disbursements,Cabo Verde,IDA,WESTERN AND CENTRAL AFRICA,2025-Q3,25.0,18.0,0.0,0.0,43.0,2025,3,quarterly,43.0,0.0,country,0.5813953488372093,3.258096538021482,0.4186046511627907,2.9444389791664403,0.0,0.0,0.0,0.0,3.784189633918261,,,,,,26.51,43.0,True,1.6220294228592982,0.5178571428571429,43.0,moderate
1268,Gross Disbursements,Cabo Verde,IDA,WESTERN AND CENTRAL AFRICA,2026-Q3,26.0,37.0,0.0,0.0,63.0,2026,3,quarterly,63.0,0.0,country,0.4126984126984127,3.295836866004329,0.5873015873015873,3.6375861597263857,0.0,0.0,0.0,0.0,4.1588830833596715,43.0,20.0,0.46511627906976744,43.0,0.46511627906976744,68.0,63.0,True,0.9264705882352942,0.5669642857142857,63.0,moderate
1042,Commitments,Cambodia,IDA,EAST ASIA AND PACIFIC,FY16,0.0,130.0,0.0,0.0,130.0,2016,4,annual,130.0,0.0,country,0.0,0.0,1.0,4.875197323201151,0.0,0.0,0.0,0.0,4.875197323201151,,,,,,130.0,4.0,True,0.03076923076923077,0.6809063893016345,130.0,significant
832,Commitments,Cambodia,IDA,EAST ASIA AND PACIFIC,FY17,0.0,120.0,0.0,0.0,120.0,2017,4,annual,120.0,0.0,country,0.0,0.0,1.0,4.795790545596741,0.0,0.0,0.0,0.0,4.795790545596741,130.0,-10.0,-0.07692307692307693,130.0,-0.07692307692307693,120.0,9.0,True,0.075,0.6656760772659732,120.0,significant
3299,Commitments,Cambodia,IDA,EAST ASIA AND PACIFIC,FY18,0.0,200.0,0.0,0.0,200.0,2018,4,annual,200.0,0.0,country,0.0,0.0,1.0,5.303304908059076,0.0,0.0,0.0,0.0,5.303304908059076,120.0,80.0,0.6666666666666666,120.0,0.6666666666666666,200.0,20.0,True,0.1,0.7303120356612184,200.0,significant
3078,Commitments,Cambodia,IDA,EAST ASIA AND PACIFIC,FY19,0.0,212.0,0.0,0.0,212.0,2019,4,annual,212.0,0.0,country,0.0,0.0,1.0,5.3612921657094255,0.0,0.0,0.0,0.0,5.3612921657094255,200.0,12.0,0.06,200.0,0.06,212.0,55.0,True,0.25943396226415094,0.7395988112927192,212.0,significant
2181,Commitments,Cambodia,IDA,EAST ASIA AND PACIFIC,FY20,0.0,128.0,0.0,0.0,128.0,2020,4,annual,128.0,0.0,country,0.0,0.0,1.0,4.859812404361672,0.0,0.0,0.0,0.0,4.859812404361672,212.0,-84.0,-0.39622641509433965,212.0,-0.39622641509433965,128.0,78.0,True,0.609375,0.6775631500742942,128.0,significant
1904,Commitments,Cambodia,IDA,EAST ASIA AND PACIFIC,FY21,200.0,114.0,0.0,0.0,314.0,2021,4,annual,314.0,0.0,country,0.6369426751592356,5.303304908059076,0.3630573248407643,4.74493212836325,0.0,0.0,0.0,0.0,5.752572638825633,128.0,186.0,1.453125,128.0,1.453125,314.0,69.0,True,0.2197452229299363,0.7867756315007429,314.0,significant
539,Commitments,Cambodia,IDA,EAST ASIA AND PACIFIC,FY22,0.0,284.0,0.0,0.0,284.0,2022,4,annual,284.0,0.0,country,0.0,0.0,1.0,5.652489180268651,0.0,0.0,0.0,0.0,5.652489180268651,314.0,-30.0,-0.09554140127388536,314.0,-0.09554140127388536,284.0,266.0,True,0.9366197183098591,0.774517087667162,284.0,significant
2925,Commitments,Cambodia,IDA,EAST ASIA AND PACIFIC,FY23,274.0,60.0,0.0,0.0,334.0,2023,4,annual,334.0,0.0,country,0.8203592814371258,5.616771097666572,0.17964071856287425,4.110873864173311,0.0,0.0,0.0,0.0,5.814130531825066,284.0,50.0,0.176056338028169,284.0,0.176056338028169,334.0,392.0,True,1.1736526946107784,0.7964338781575037,334.0,significant
2771,Commitments,Cambodia,IDA,EAST ASIA AND PACIFIC,FY24,275.0,443.0,0.0,0.0,718.0,2024,4,annual,718.0,0.0,country,0.383008356545961,5.62040086571715,0.616991643454039,6.095824562432225,0.0,0.0,0.0,0.0,6.577861357721047,334.0,384.0,1.1497005988023952,334.0,1.1497005988023952,718.0,136.0,True,0.1894150417827298,0.8959881129271917,718.0,major
1572,Commitments,Cambodia,IDA,EAST ASIA AND PACIFIC,FY25,0.0,80.0,0.0,0.0,80.0,2025,4,annual,80.0,0.0,country,0.0,0.0,1.0,4.394449154672439,0.0,0.0,0.0,0.0,4.394449154672439,718.0,-638.0,-0.8885793871866295,718.0,-0.8885793871866295,80.0,427.0,True,5.3375,0.5980683506686478,80.0,moderate
352,Commitments,Cambodia,IDA,EAST ASIA AND PACIFIC,2025-Q3,0.0,80.0,0.0,0.0,80.0,2025,3,quarterly,80.0,0.0,country,0.0,0.0,1.0,4.394449154672439,0.0,0.0,0.0,0.0,4.394449154672439,,,,,,80.0,378.51,True,4.731375,0.769774011299435,80.0,moderate
159,Commitments,Cambodia,IDA,EAST ASIA AND PACIFIC,2026-Q3,0.0,100.0,0.0,0.0,100.0,2026,3,quarterly,100.0,0.0,country,0.0,0.0,1.0,4.61512051684126,0.0,0.0,0.0,0.0,4.61512051684126,80.0,20.0,0.25,80.0,0.25,100.0,145.5,True,1.455,0.7951977401129944,100.0,moderate
2573,Gross Disbursements,Cambodia,IDA,EAST ASIA AND PACIFIC,FY14,0.0,44.0,0.0,0.0,44.0,2014,4,annual,44.0,0.0,country,0.0,0.0,1.0,3.8066624897703196,0.0,0.0,0.0,0.0,3.8066624897703196,,,,,,,44.0,False,,0.5194489465153971,44.0,moderate
2405,Gross Disbursements,Cambodia,IDA,EAST ASIA AND PACIFIC,FY15,0.0,18.0,0.0,0.0,18.0,2015,4,annual,18.0,0.0,country,0.0,0.0,1.0,2.9444389791664403,0.0,0.0,0.0,0.0,2.9444389791664403,44.0,-26.0,-0.5909090909090909,44.0,-0.5909090909090909,,18.0,False,,0.3942463533225284,18.0,moderate
1125,Gross Disbursements,Cambodia,IDA,EAST ASIA AND PACIFIC,FY16,0.0,4.0,0.0,0.0,4.0,2016,4,annual,4.0,0.0,country,0.0,0.0,1.0,1.6094379124341003,0.0,0.0,0.0,0.0,1.6094379124341003,18.0,-14.0,-0.7777777777777778,18.0,-0.7777777777777778,130.0,4.0,True,0.03076923076923077,0.25810372771474877,4.0,limited
948,Gross Disbursements,Cambodia,IDA,EAST ASIA AND PACIFIC,FY17,0.0,9.0,0.0,0.0,9.0,2017,4,annual,9.0,0.0,country,0.0,0.0,1.0,2.302585092994046,0.0,0.0,0.0,0.0,2.302585092994046,4.0,5.0,1.25,4.0,1.25,120.0,9.0,True,0.075,0.31685575364667745,9.0,limited
760,Gross Disbursements,Cambodia,IDA,EAST ASIA AND PACIFIC,FY18,0.0,20.0,0.0,0.0,20.0,2018,4,annual,20.0,0.0,country,0.0,0.0,1.0,3.044522437723423,0.0,0.0,0.0,0.0,3.044522437723423,9.0,11.0,1.2222222222222223,9.0,1.2222222222222223,200.0,20.0,True,0.1,0.406807131280389,20.0,moderate
3198,Gross Disbursements,Cambodia,IDA,EAST ASIA AND PACIFIC,FY19,0.0,55.0,0.0,0.0,55.0,2019,4,annual,55.0,0.0,country,0.0,0.0,1.0,4.02535169073515,0.0,0.0,0.0,0.0,4.02535169073515,20.0,35.0,1.75,20.0,1.75,212.0,55.0,True,0.25943396226415094,0.5526742301458671,55.0,moderate
2083,Gross Disbursements,Cambodia,IDA,EAST ASIA AND PACIFIC,FY20,0.0,78.0,0.0,0.0,78.0,2020,4,annual,78.0,0.0,country,0.0,0.0,1.0,4.3694478524670215,0.0,0.0,0.0,0.0,4.3694478524670215,55.0,23.0,0.41818181818181815,55.0,0.41818181818181815,128.0,78.0,True,0.609375,0.6179092382495948,78.0,moderate
669,Gross Disbursements,Cambodia,IDA,EAST ASIA AND PACIFIC,FY21,0.0,69.0,0.0,0.0,69.0,2021,4,annual,69.0,0.0,country,0.0,0.0,1.0,4.248495242049359,0.0,0.0,0.0,0.0,4.248495242049359,78.0,-9.0,-0.11538461538461539,78.0,-0.11538461538461539,314.0,69.0,True,0.2197452229299363,0.5956239870340356,69.0,moderate
422,Gross Disbursements,Cambodia,IDA,EAST ASIA AND PACIFIC,FY22,183.0,83.0,0.0,0.0,266.0,2022,4,annual,266.0,0.0,country,0.6879699248120301,5.214935757608986,0.31203007518796994,4.430816798843313,0.0,0.0,0.0,0.0,5.58724865840025,69.0,197.0,2.8550724637681157,69.0,2.8550724637681157,284.0,266.0,True,0.9366197183098591,0.8038897893030794,266.0,significant
2805,Gross Disbursements,Cambodia,IDA,EAST ASIA AND PACIFIC,FY23,274.0,118.0,0.0,0.0,392.0,2023,4,annual,392.0,0.0,country,0.6989795918367347,5.616771097666572,0.3010204081632653,4.77912349311153,0.0,0.0,0.0,0.0,5.973809611869261,266.0,126.0,0.47368421052631576,266.0,0.47368421052631576,334.0,392.0,True,1.1736526946107784,0.850486223662885,392.0,significant
1727,Gross Disbursements,Cambodia,IDA,EAST ASIA AND PACIFIC,FY24,0.0,136.0,0.0,0.0,136.0,2024,4,annual,136.0,0.0,country,0.0,0.0,1.0,4.919980925828125,0.0,0.0,0.0,0.0,4.919980925828125,392.0,-256.0,-0.6530612244897959,392.0,-0.6530612244897959,718.0,136.0,True,0.1894150417827298,0.7005672609400324,136.0,significant
1606,Gross Disbursements,Cambodia,IDA,EAST ASIA AND PACIFIC,FY25,276.0,151.0,0.0,0.0,427.0,2025,4,annual,427.0,0.0,country,0.6463700234192038,5.6240175061873385,0.35362997658079626,5.0238805208462765,0.0,0.0,0.0,0.0,6.059123195581797,136.0,291.0,2.139705882352941,136.0,2.139705882352941,80.0,427.0,True,5.3375,0.8581847649918962,427.0,significant
1291,Gross Disbursements,Cambodia,IDA,EAST ASIA AND PACIFIC,2025-Q3,275.0,103.51,0.0,0.0,378.51,2025,3,quarterly,378.51,0.0,country,0.7265329845975007,5.62040086571715,0.2734670154024993,4.649282760606412,0.0,0.0,0.0,0.0,5.93888094694965,,,,,,80.0,378.51,True,4.731375,0.875,378.51,significant
1168,Gross Disbursements,Cambodia,IDA,EAST ASIA AND PACIFIC,2026-Q3,0.0,145.5,0.0,0.0,145.5,2026,3,quarterly,145.5,0.0,country,0.0,0.0,1.0,4.987025428457122,0.0,0.0,0.0,0.0,4.987025428457122,378.51,-233.01,-0.6155980026947768,378.51,-0.6155980026947768,100.0,145.5,True,1.455,0.7008928571428571,145.5,significant
2463,Commitments,Cameroon,IDA,AFRICA,FY14,0.0,99.0,0.0,0.0,99.0,2014,4,annual,99.0,0.0,country,0.0,0.0,1.0,4.605170185988092,0.0,0.0,0.0,0.0,4.605170185988092,,,,,,99.0,135.0,True,1.3636363636363635,0.6341010401188707,99.0,moderate
2294,Commitments,Cameroon,IDA,AFRICA,FY15,0.0,100.0,0.0,0.0,100.0,2015,4,annual,100.0,0.0,country,0.0,0.0,1.0,4.61512051684126,0.0,0.0,0.0,0.0,4.61512051684126,99.0,1.0,0.010101010101010102,99.0,0.010101010101010102,100.0,121.0,True,1.21,0.6404160475482912,100.0,moderate
1012,Commitments,Cameroon,IDA,AFRICA,FY16,0.0,170.0,0.0,0.0,170.0,2016,4,annual,170.0,0.0,country,0.0,0.0,1.0,5.14166355650266,0.0,0.0,0.0,0.0,5.14166355650266,100.0,70.0,0.7,100.0,0.7,170.0,115.0,True,0.6764705882352942,0.712481426448737,170.0,significant
819,Commitments,Cameroon,IDA,AFRICA,FY17,0.0,153.0,0.0,0.0,153.0,2017,4,annual,153.0,0.0,country,0.0,0.0,1.0,5.0369526024136295,0.0,0.0,0.0,0.0,5.0369526024136295,170.0,-17.0,-0.1,170.0,-0.1,153.0,126.0,True,0.8235294117647058,0.7028231797919762,153.0,significant
3305,Commitments,Cameroon,IDA,AFRICA,FY18,0.0,465.0,0.0,0.0,465.0,2018,4,annual,465.0,0.0,country,0.0,0.0,1.0,6.144185634125646,0.0,0.0,0.0,0.0,6.144185634125646,153.0,312.0,2.0392156862745097,153.0,2.0392156862745097,465.0,154.0,True,0.3311827956989247,0.8410104011887073,465.0,significant
3047,Commitments,Cameroon,IDA,AFRICA,FY19,0.0,150.0,0.0,0.0,150.0,2019,4,annual,150.0,0.0,country,0.0,0.0,1.0,5.017279836814924,0.0,0.0,0.0,0.0,5.017279836814924,465.0,-315.0,-0.6774193548387096,465.0,-0.6774193548387096,150.0,110.0,True,0.7333333333333333,0.700594353640416,150.0,significant
2173,Commitments,Cameroon,IDA,AFRICA WEST,FY20,200.0,430.0,0.0,0.0,630.0,2020,4,annual,630.0,0.0,country,0.31746031746031744,5.303304908059076,0.6825396825396826,6.066108090103747,0.0,0.0,0.0,0.0,6.447305862541213,150.0,480.0,3.2,150.0,3.2,630.0,314.0,True,0.4984126984126984,0.8785289747399703,630.0,major
2014,Commitments,Cameroon,IDA,WESTERN AND CENTRAL AFRICA,FY21,100.0,399.0,0.0,0.0,499.0,2021,4,annual,499.0,0.0,country,0.20040080160320642,4.61512051684126,0.7995991983967936,5.991464547107982,0.0,0.0,0.0,0.0,6.214608098422191,630.0,-131.0,-0.20793650793650795,630.0,-0.20793650793650795,499.0,166.0,True,0.33266533066132264,0.8447251114413076,499.0,significant
649,Commitments,Cameroon,IDA,WESTERN AND CENTRAL AFRICA,FY22,0.0,1120.0,0.0,0.0,1120.0,2022,4,annual,1120.0,0.0,country,0.0,0.0,1.0,7.02197642307216,0.0,0.0,0.0,0.0,7.02197642307216,499.0,621.0,1.2444889779559118,499.0,1.2444889779559118,1120.0,238.0,True,0.2125,0.9450222882615156,1120.0,major
402,Commitments,Cameroon,IDA,WESTERN AND CENTRAL AFRICA,FY23,100.0,630.0,0.0,0.0,730.0,2023,4,annual,730.0,0.0,country,0.136986301369863,4.61512051684126,0.863013698630137,6.447305862541213,0.0,0.0,0.0,0.0,6.594413459749778,1120.0,-390.0,-0.3482142857142857,1120.0,-0.3482142857142857,730.0,287.0,True,0.39315068493150684,0.8967310549777118,730.0,major
2753,Commitments,Cameroon,IDA,WESTERN AND CENTRAL AFRICA,FY24,0.0,155.0,0.0,300.0,455.0,2024,4,annual,455.0,0.0,country,0.0,0.0,0.34065934065934067,5.049856007249537,0.0,0.0,0.6593406593406593,5.707110264748875,6.1224928095143865,730.0,-275.0,-0.3767123287671233,730.0,-0.3767123287671233,455.0,304.0,True,0.6681318681318681,0.8387815750371471,455.0,significant
1554,Commitments,Cameroon,IDA,WESTERN AND CENTRAL AFRICA,FY25,0.0,400.0,0.0,200.0,600.0,2025,4,annual,600.0,0.0,country,0.0,0.0,0.6666666666666666,5.993961427306569,0.0,0.0,0.3333333333333333,5.303304908059076,6.398594934535208,455.0,145.0,0.31868131868131866,455.0,0.31868131868131866,600.0,473.0,True,0.7883333333333333,0.8681277860326895,600.0,major
334,Commitments,Cameroon,IDA,WESTERN AND CENTRAL AFRICA,2025-Q3,0.0,0.0,0.0,200.0,200.0,2025,3,quarterly,200.0,0.0,country,0.0,0.0,0.0,0.0,0.0,0.0,1.0,5.303304908059076,5.303304908059076,,,,,,200.0,322.51,True,1.61255,0.8700564971751412,200.0,significant
141,Commitments,Cameroon,IDA,WESTERN AND CENTRAL AFRICA,2026-Q3,0.0,322.0,0.0,0.0,322.0,2026,3,quarterly,322.0,0.0,country,0.0,0.0,1.0,5.777652323222656,0.0,0.0,0.0,0.0,5.777652323222656,200.0,122.0,0.61,200.0,0.61,322.0,330.0,True,1.0248447204968945,0.9180790960451978,322.0,significant
2541,Gross Disbursements,Cameroon,IDA,AFRICA,FY14,0.0,135.0,0.0,0.0,135.0,2014,4,annual,135.0,0.0,country,0.0,0.0,1.0,4.912654885736052,0.0,0.0,0.0,0.0,4.912654885736052,,,,,,99.0,135.0,True,1.3636363636363635,0.6977309562398704,135.0,significant
2373,Gross Disbursements,Cameroon,IDA,AFRICA,FY15,0.0,121.0,0.0,0.0,121.0,2015,4,annual,121.0,0.0,country,0.0,0.0,1.0,4.804021044733257,0.0,0.0,0.0,0.0,4.804021044733257,135.0,-14.0,-0.1037037037037037,135.0,-0.1037037037037037,100.0,121.0,True,1.21,0.68354943273906,121.0,significant
1084,Gross Disbursements,Cameroon,IDA,AFRICA,FY16,0.0,115.0,0.0,0.0,115.0,2016,4,annual,115.0,0.0,country,0.0,0.0,1.0,4.7535901911063645,0.0,0.0,0.0,0.0,4.7535901911063645,121.0,-6.0,-0.049586776859504134,121.0,-0.049586776859504134,170.0,115.0,True,0.6764705882352942,0.6722042139384117,115.0,significant
914,Gross Disbursements,Cameroon,IDA,AFRICA,FY17,0.0,126.0,0.0,0.0,126.0,2017,4,annual,126.0,0.0,country,0.0,0.0,1.0,4.844187086458591,0.0,0.0,0.0,0.0,4.844187086458591,115.0,11.0,0.09565217391304348,115.0,0.09565217391304348,153.0,126.0,True,0.8235294117647058,0.6892220421393841,126.0,significant
748,Gross Disbursements,Cameroon,IDA,AFRICA,FY18,0.0,154.0,0.0,0.0,154.0,2018,4,annual,154.0,0.0,country,0.0,0.0,1.0,5.043425116919247,0.0,0.0,0.0,0.0,5.043425116919247,126.0,28.0,0.2222222222222222,126.0,0.2222222222222222,465.0,154.0,True,0.3311827956989247,0.7285251215559158,154.0,significant
3180,Gross Disbursements,Cameroon,IDA,AFRICA,FY19,0.0,110.0,0.0,0.0,110.0,2019,4,annual,110.0,0.0,country,0.0,0.0,1.0,4.709530201312334,0.0,0.0,0.0,0.0,4.709530201312334,154.0,-44.0,-0.2857142857142857,154.0,-0.2857142857142857,150.0,110.0,True,0.7333333333333333,0.6649108589951378,110.0,significant
2064,Gross Disbursements,Cameroon,IDA,AFRICA WEST,FY20,200.0,114.0,0.0,0.0,314.0,2020,4,annual,314.0,0.0,country,0.6369426751592356,5.303304908059076,0.3630573248407643,4.74493212836325,0.0,0.0,0.0,0.0,5.752572638825633,110.0,204.0,1.8545454545454545,110.0,1.8545454545454545,630.0,314.0,True,0.4984126984126984,0.8225283630470016,314.0,significant
1884,Gross Disbursements,Cameroon,IDA,WESTERN AND CENTRAL AFRICA,FY21,0.0,166.0,0.0,0.0,166.0,2021,4,annual,166.0,0.0,country,0.0,0.0,1.0,5.117993812416755,0.0,0.0,0.0,0.0,5.117993812416755,314.0,-148.0,-0.4713375796178344,314.0,-0.4713375796178344,499.0,166.0,True,0.33266533066132264,0.7414910858995137,166.0,significant
519,Gross Disbursements,Cameroon,IDA,WESTERN AND CENTRAL AFRICA,FY22,98.0,140.0,0.0,0.0,238.0,2022,4,annual,238.0,0.0,country,0.4117647058823529,4.59511985013459,0.5882352941176471,4.948759890378168,0.0,0.0,0.0,0.0,5.476463551931511,166.0,72.0,0.43373493975903615,166.0,0.43373493975903615,1120.0,238.0,True,0.2125,0.7909238249594813,238.0,significant
2905,Gross Disbursements,Cameroon,IDA,WESTERN AND CENTRAL AFRICA,FY23,107.0,180.0,0.0,0.0,287.0,2023,4,annual,287.0,0.0,country,0.37282229965156793,4.68213122712422,0.627177700348432,5.198497031265826,0.0,0.0,0.0,0.0,5.662960480135946,238.0,49.0,0.20588235294117646,238.0,0.20588235294117646,730.0,287.0,True,0.39315068493150684,0.8140194489465153,287.0,significant
1827,Gross Disbursements,Cameroon,IDA,WESTERN AND CENTRAL AFRICA,FY24,0.0,304.0,0.0,0.0,304.0,2024,4,annual,304.0,0.0,country,0.0,0.0,1.0,5.720311776607412,0.0,0.0,0.0,0.0,5.720311776607412,287.0,17.0,0.059233449477351915,287.0,0.059233449477351915,455.0,304.0,True,0.6681318681318681,0.8192868719611021,304.0,significant
1707,Gross Disbursements,Cameroon,IDA,WESTERN AND CENTRAL AFRICA,FY25,0.0,419.0,0.0,54.0,473.0,2025,4,annual,473.0,0.0,country,0.0,0.0,0.8858350951374208,6.040254711277414,0.0,0.0,0.11416490486257928,4.007333185232471,6.161207321695077,304.0,169.0,0.555921052631579,304.0,0.555921052631579,600.0,473.0,True,0.7883333333333333,0.8756077795786061,473.0,significant
1392,Gross Disbursements,Cameroon,IDA,WESTERN AND CENTRAL AFRICA,2025-Q3,0.0,269.51,0.0,53.0,322.51,2025,3,quarterly,322.51,0.0,country,0.0,0.0,0.8356640104182816,5.600309066179925,0.0,0.0,0.1643359895817184,3.9889840465642745,5.779230025364274,,,,,,200.0,322.51,True,1.61255,0.8125,322.51,significant
1269,Gross Disbursements,Cameroon,IDA,WESTERN AND CENTRAL AFRICA,2026-Q3,0.0,330.0,0.0,0.0,330.0,2026,3,quarterly,330.0,0.0,country,0.0,0.0,1.0,5.802118375377063,0.0,0.0,0.0,0.0,5.802118375377063,322.51,7.490000000000009,0.023224086074850422,322.51,0.023224086074850422,322.0,330.0,True,1.0248447204968945,0.828125,330.0,significant
3379,Commitments,Caribbean,IDA,LATIN AMERICA AND CARIBBEAN,FY18,0.0,0.0,0.0,0.0,0.0,2018,4,annual,0.0,0.0,aggregate_or_institution,0.0,0.0,0.0,0.0,0.0,0.0,0.0,0.0,0.0,,,,,,0.0,0.0,False,,0.25877192982456143,0.0,limited
3109,Commitments,Caribbean,IDA,LATIN AMERICA AND CARIBBEAN,FY19,0.0,0.0,0.0,0.0,0.0,2019,4,annual,0.0,0.0,aggregate_or_institution,0.0,0.0,0.0,0.0,0.0,0.0,0.0,0.0,0.0,0.0,0.0,,0.0,,0.0,0.0,False,,0.25877192982456143,0.0,limited
3012,Commitments,Caribbean,IDA,LATIN AMERICA AND CARIBBEAN,FY20,0.0,18.0,0.0,0.0,18.0,2020,4,annual,18.0,0.0,aggregate_or_institution,0.0,0.0,1.0,2.9444389791664403,0.0,0.0,0.0,0.0,2.9444389791664403,0.0,18.0,,0.0,,18.0,2.0,True,0.1111111111111111,0.6491228070175439,18.0,moderate
1970,Commitments,Caribbean,IDA,LATIN AMERICA AND CARIBBEAN,FY21,0.0,0.0,0.0,0.0,0.0,2021,4,annual,0.0,0.0,aggregate_or_institution,0.0,0.0,0.0,0.0,0.0,0.0,0.0,0.0,0.0,18.0,-18.0,-1.0,18.0,-1.0,0.0,2.0,False,,0.25877192982456143,0.0,limited
605,Commitments,Caribbean,IDA,LATIN AMERICA AND CARIBBEAN,FY22,0.0,0.0,0.0,0.0,0.0,2022,4,annual,0.0,0.0,aggregate_or_institution,0.0,0.0,0.0,0.0,0.0,0.0,0.0,0.0,0.0,0.0,0.0,,0.0,,0.0,2.0,False,,0.25877192982456143,0.0,limited
2991,Commitments,Caribbean,IDA,LATIN AMERICA AND CARIBBEAN,FY23,0.0,0.0,0.0,0.0,0.0,2023,4,annual,0.0,0.0,aggregate_or_institution,0.0,0.0,0.0,0.0,0.0,0.0,0.0,0.0,0.0,0.0,0.0,,0.0,,0.0,4.0,False,,0.25877192982456143,0.0,limited
2708,Commitments,Caribbean,IDA,LATIN AMERICA AND CARIBBEAN,FY24,0.0,0.0,0.0,0.0,0.0,2024,4,annual,0.0,0.0,aggregate_or_institution,0.0,0.0,0.0,0.0,0.0,0.0,0.0,0.0,0.0,0.0,0.0,,0.0,,0.0,1.0,False,,0.25877192982456143,0.0,limited
1509,Commitments,Caribbean,IDA,LATIN AMERICA AND CARIBBEAN,FY25,0.0,7.0,0.0,0.0,7.0,2025,4,annual,7.0,0.0,aggregate_or_institution,0.0,0.0,1.0,2.0794415416798357,0.0,0.0,0.0,0.0,2.0794415416798357,0.0,7.0,,0.0,,7.0,2.0,False,,0.5877192982456141,7.0,limited
289,Commitments,Caribbean,IDA,LATIN AMERICA AND CARIBBEAN,2025-Q3,0.0,4.0,0.0,0.0,4.0,2025,3,quarterly,4.0,0.0,aggregate_or_institution,0.0,0.0,1.0,1.6094379124341003,0.0,0.0,0.0,0.0,1.6094379124341003,,,,,,4.0,1.0,False,,0.71875,4.0,limited
96,Commitments,Caribbean,IDA,LATIN AMERICA AND CARIBBEAN,2026-Q3,0.0,0.0,0.0,0.0,0.0,2026,3,quarterly,0.0,0.0,aggregate_or_institution,0.0,0.0,0.0,0.0,0.0,0.0,0.0,0.0,0.0,4.0,-4.0,-1.0,4.0,-1.0,0.0,3.0,False,,0.328125,0.0,limited
2603,Gross Disbursements,Caribbean,IDA,LATIN AMERICA AND CARIBBEAN,FY14,0.0,0.0,0.0,0.0,0.0,2014,4,annual,0.0,0.0,aggregate_or_institution,0.0,0.0,0.0,0.0,0.0,0.0,0.0,0.0,0.0,,,,,,,0.0,False,,0.0797872340425532,0.0,limited
2435,Gross Disbursements,Caribbean,IDA,LATIN AMERICA AND CARIBBEAN,FY15,0.0,0.0,0.0,0.0,0.0,2015,4,annual,0.0,0.0,aggregate_or_institution,0.0,0.0,0.0,0.0,0.0,0.0,0.0,0.0,0.0,0.0,0.0,,0.0,,,0.0,False,,0.0797872340425532,0.0,limited
2258,Gross Disbursements,Caribbean,IDA,LATIN AMERICA AND CARIBBEAN,FY16,0.0,1.0,0.0,0.0,1.0,2016,4,annual,1.0,0.0,aggregate_or_institution,0.0,0.0,1.0,0.6931471805599453,0.0,0.0,0.0,0.0,0.6931471805599453,0.0,1.0,,0.0,,,1.0,False,,0.2074468085106383,1.0,limited
977,Gross Disbursements,Caribbean,IDA,LATIN AMERICA AND CARIBBEAN,FY17,0.0,1.0,0.0,0.0,1.0,2017,4,annual,1.0,0.0,aggregate_or_institution,0.0,0.0,1.0,0.6931471805599453,0.0,0.0,0.0,0.0,0.6931471805599453,1.0,0.0,0.0,1.0,0.0,,1.0,False,,0.2074468085106383,1.0,limited
804,Gross Disbursements,Caribbean,IDA,LATIN AMERICA AND CARIBBEAN,FY18,0.0,0.0,0.0,0.0,0.0,2018,4,annual,0.0,0.0,aggregate_or_institution,0.0,0.0,0.0,0.0,0.0,0.0,0.0,0.0,0.0,1.0,-1.0,-1.0,1.0,-1.0,0.0,0.0,False,,0.0797872340425532,0.0,limited
3247,Gross Disbursements,Caribbean,IDA,LATIN AMERICA AND CARIBBEAN,FY19,0.0,0.0,0.0,0.0,0.0,2019,4,annual,0.0,0.0,aggregate_or_institution,0.0,0.0,0.0,0.0,0.0,0.0,0.0,0.0,0.0,0.0,0.0,,0.0,,0.0,0.0,False,,0.0797872340425532,0.0,limited
2124,Gross Disbursements,Caribbean,IDA,LATIN AMERICA AND CARIBBEAN,FY20,0.0,2.0,0.0,0.0,2.0,2020,4,annual,2.0,0.0,aggregate_or_institution,0.0,0.0,1.0,1.0986122886681098,0.0,0.0,0.0,0.0,1.0986122886681098,0.0,2.0,,0.0,,18.0,2.0,True,0.1111111111111111,0.31382978723404253,2.0,limited
730,Gross Disbursements,Caribbean,IDA,LATIN AMERICA AND CARIBBEAN,FY21,0.0,2.0,0.0,0.0,2.0,2021,4,annual,2.0,0.0,aggregate_or_institution,0.0,0.0,1.0,1.0986122886681098,0.0,0.0,0.0,0.0,1.0986122886681098,2.0,0.0,0.0,2.0,0.0,0.0,2.0,False,,0.31382978723404253,2.0,limited
483,Gross Disbursements,Caribbean,IDA,LATIN AMERICA AND CARIBBEAN,FY22,0.0,2.0,0.0,0.0,2.0,2022,4,annual,2.0,0.0,aggregate_or_institution,0.0,0.0,1.0,1.0986122886681098,0.0,0.0,0.0,0.0,1.0986122886681098,2.0,0.0,0.0,2.0,0.0,0.0,2.0,False,,0.31382978723404253,2.0,limited
2867,Gross Disbursements,Caribbean,IDA,LATIN AMERICA AND CARIBBEAN,FY23,0.0,4.0,0.0,0.0,4.0,2023,4,annual,4.0,0.0,aggregate_or_institution,0.0,0.0,1.0,1.6094379124341003,0.0,0.0,0.0,0.0,1.6094379124341003,2.0,2.0,1.0,2.0,1.0,0.0,4.0,False,,0.5425531914893617,4.0,limited
1789,Gross Disbursements,Caribbean,IDA,LATIN AMERICA AND CARIBBEAN,FY24,0.0,1.0,0.0,0.0,1.0,2024,4,annual,1.0,0.0,aggregate_or_institution,0.0,0.0,1.0,0.6931471805599453,0.0,0.0,0.0,0.0,0.6931471805599453,4.0,-3.0,-0.75,4.0,-0.75,0.0,1.0,False,,0.2074468085106383,1.0,limited
1669,Gross Disbursements,Caribbean,IDA,LATIN AMERICA AND CARIBBEAN,FY25,0.0,2.0,0.0,0.0,2.0,2025,4,annual,2.0,0.0,aggregate_or_institution,0.0,0.0,1.0,1.0986122886681098,0.0,0.0,0.0,0.0,1.0986122886681098,1.0,1.0,1.0,1.0,1.0,7.0,2.0,False,,0.31382978723404253,2.0,limited
1354,Gross Disbursements,Caribbean,IDA,LATIN AMERICA AND CARIBBEAN,2025-Q3,0.0,1.0,0.0,0.0,1.0,2025,3,quarterly,1.0,0.0,aggregate_or_institution,0.0,0.0,1.0,0.6931471805599453,0.0,0.0,0.0,0.0,0.6931471805599453,,,,,,4.0,1.0,False,,0.36363636363636365,1.0,limited
1231,Gross Disbursements,Caribbean,IDA,LATIN AMERICA AND CARIBBEAN,2026-Q3,0.0,3.0,0.0,0.0,3.0,2026,3,quarterly,3.0,0.0,aggregate_or_institution,0.0,0.0,1.0,1.3862943611198906,0.0,0.0,0.0,0.0,1.3862943611198906,1.0,2.0,2.0,1.0,2.0,0.0,3.0,False,,0.6136363636363636,3.0,limited
857,Commitments,Central Africa,IDA,AFRICA,FY17,0.0,0.0,0.0,0.0,0.0,2017,4,annual,0.0,0.0,aggregate_or_institution,0.0,0.0,0.0,0.0,0.0,0.0,0.0,0.0,0.0,,,,,,0.0,1.0,False,,0.25877192982456143,0.0,limited
3350,Commitments,Central Africa,IDA,AFRICA,FY18,0.0,35.0,0.0,0.0,35.0,2018,4,annual,35.0,0.0,aggregate_or_institution,0.0,0.0,1.0,3.58351893845611,0.0,0.0,0.0,0.0,3.58351893845611,0.0,35.0,,0.0,,35.0,0.0,True,0.0,0.7149122807017544,35.0,moderate
3116,Commitments,Central Africa,IDA,AFRICA,FY19,0.0,0.0,0.0,0.0,0.0,2019,4,annual,0.0,0.0,aggregate_or_institution,0.0,0.0,0.0,0.0,0.0,0.0,0.0,0.0,0.0,35.0,-35.0,-1.0,35.0,-1.0,0.0,4.0,False,,0.25877192982456143,0.0,limited
2233,Commitments,Central Africa,IDA,AFRICA WEST,FY20,0.0,0.0,0.0,0.0,0.0,2020,4,annual,0.0,0.0,aggregate_or_institution,0.0,0.0,0.0,0.0,0.0,0.0,0.0,0.0,0.0,0.0,0.0,,0.0,,0.0,5.0,False,,0.25877192982456143,0.0,limited
2015,Commitments,Central Africa,IDA,WESTERN AND CENTRAL AFRICA,FY21,0.0,0.0,0.0,0.0,0.0,2021,4,annual,0.0,0.0,aggregate_or_institution,0.0,0.0,0.0,0.0,0.0,0.0,0.0,0.0,0.0,0.0,0.0,,0.0,,0.0,3.0,False,,0.25877192982456143,0.0,limited
650,Commitments,Central Africa,IDA,WESTERN AND CENTRAL AFRICA,FY22,0.0,0.0,0.0,0.0,0.0,2022,4,annual,0.0,0.0,aggregate_or_institution,0.0,0.0,0.0,0.0,0.0,0.0,0.0,0.0,0.0,0.0,0.0,,0.0,,0.0,6.0,False,,0.25877192982456143,0.0,limited
403,Commitments,Central Africa,IDA,WESTERN AND CENTRAL AFRICA,FY23,0.0,0.0,0.0,0.0,0.0,2023,4,annual,0.0,0.0,aggregate_or_institution,0.0,0.0,0.0,0.0,0.0,0.0,0.0,0.0,0.0,0.0,0.0,,0.0,,0.0,5.0,False,,0.25877192982456143,0.0,limited
2802,Commitments,Central Africa,IDA,WESTERN AND CENTRAL AFRICA,FY24,0.0,0.0,0.0,0.0,0.0,2024,4,annual,0.0,0.0,aggregate_or_institution,0.0,0.0,0.0,0.0,0.0,0.0,0.0,0.0,0.0,0.0,0.0,,0.0,,0.0,5.0,False,,0.25877192982456143,0.0,limited
1603,Commitments,Central Africa,IDA,WESTERN AND CENTRAL AFRICA,FY25,0.0,0.0,0.0,0.0,0.0,2025,4,annual,0.0,0.0,aggregate_or_institution,0.0,0.0,0.0,0.0,0.0,0.0,0.0,0.0,0.0,0.0,0.0,,0.0,,0.0,5.0,False,,0.25877192982456143,0.0,limited
1165,Commitments,Central Africa,IDA,WESTERN AND CENTRAL AFRICA,2025-Q3,0.0,0.0,0.0,0.0,0.0,2025,3,quarterly,0.0,0.0,aggregate_or_institution,0.0,0.0,0.0,0.0,0.0,0.0,0.0,0.0,0.0,,,,,,0.0,2.0,False,,0.328125,0.0,limited
190,Commitments,Central Africa,IDA,WESTERN AND CENTRAL AFRICA,2026-Q3,0.0,0.0,0.0,0.0,0.0,2026,3,quarterly,0.0,0.0,aggregate_or_institution,0.0,0.0,0.0,0.0,0.0,0.0,0.0,0.0,0.0,0.0,0.0,,0.0,,0.0,-2.0,False,,0.328125,0.0,limited
2542,Gross Disbursements,Central Africa,IDA,AFRICA,FY14,0.0,7.0,0.0,0.0,7.0,2014,4,annual,7.0,0.0,aggregate_or_institution,0.0,0.0,1.0,2.0794415416798357,0.0,0.0,0.0,0.0,2.0794415416798357,,,,,,,7.0,False,,0.6702127659574468,7.0,limited
2374,Gross Disbursements,Central Africa,IDA,AFRICA,FY15,0.0,8.0,0.0,0.0,8.0,2015,4,annual,8.0,0.0,aggregate_or_institution,0.0,0.0,1.0,2.1972245773362196,0.0,0.0,0.0,0.0,2.1972245773362196,7.0,1.0,0.14285714285714285,7.0,0.14285714285714285,,8.0,False,,0.6808510638297872,8.0,limited
1085,Gross Disbursements,Central Africa,IDA,AFRICA,FY16,0.0,6.0,0.0,0.0,6.0,2016,4,annual,6.0,0.0,aggregate_or_institution,0.0,0.0,1.0,1.9459101490553132,0.0,0.0,0.0,0.0,1.9459101490553132,8.0,-2.0,-0.25,8.0,-0.25,,6.0,False,,0.648936170212766,6.0,limited
979,Gross Disbursements,Central Africa,IDA,AFRICA,FY17,0.0,1.0,0.0,0.0,1.0,2017,4,annual,1.0,0.0,aggregate_or_institution,0.0,0.0,1.0,0.6931471805599453,0.0,0.0,0.0,0.0,0.6931471805599453,6.0,-5.0,-0.8333333333333334,6.0,-0.8333333333333334,0.0,1.0,False,,0.2074468085106383,1.0,limited
794,Gross Disbursements,Central Africa,IDA,AFRICA,FY18,0.0,0.0,0.0,0.0,0.0,2018,4,annual,0.0,0.0,aggregate_or_institution,0.0,0.0,0.0,0.0,0.0,0.0,0.0,0.0,0.0,1.0,-1.0,-1.0,1.0,-1.0,35.0,0.0,True,0.0,0.0797872340425532,0.0,limited
3241,Gross Disbursements,Central Africa,IDA,AFRICA,FY19,0.0,4.0,0.0,0.0,4.0,2019,4,annual,4.0,0.0,aggregate_or_institution,0.0,0.0,1.0,1.6094379124341003,0.0,0.0,0.0,0.0,1.6094379124341003,0.0,4.0,,0.0,,0.0,4.0,False,,0.5425531914893617,4.0,limited
2122,Gross Disbursements,Central Africa,IDA,AFRICA WEST,FY20,0.0,5.0,0.0,0.0,5.0,2020,4,annual,5.0,0.0,aggregate_or_institution,0.0,0.0,1.0,1.791759469228055,0.0,0.0,0.0,0.0,1.791759469228055,4.0,1.0,0.25,4.0,0.25,0.0,5.0,False,,0.601063829787234,5.0,limited
1885,Gross Disbursements,Central Africa,IDA,WESTERN AND CENTRAL AFRICA,FY21,0.0,3.0,0.0,0.0,3.0,2021,4,annual,3.0,0.0,aggregate_or_institution,0.0,0.0,1.0,1.3862943611198906,0.0,0.0,0.0,0.0,1.3862943611198906,5.0,-2.0,-0.4,5.0,-0.4,0.0,3.0,False,,0.44148936170212766,3.0,limited
520,Gross Disbursements,Central Africa,IDA,WESTERN AND CENTRAL AFRICA,FY22,0.0,6.0,0.0,0.0,6.0,2022,4,annual,6.0,0.0,aggregate_or_institution,0.0,0.0,1.0,1.9459101490553132,0.0,0.0,0.0,0.0,1.9459101490553132,3.0,3.0,1.0,3.0,1.0,0.0,6.0,False,,0.648936170212766,6.0,limited
2906,Gross Disbursements,Central Africa,IDA,WESTERN AND CENTRAL AFRICA,FY23,0.0,5.0,0.0,0.0,5.0,2023,4,annual,5.0,0.0,aggregate_or_institution,0.0,0.0,1.0,1.791759469228055,0.0,0.0,0.0,0.0,1.791759469228055,6.0,-1.0,-0.16666666666666666,6.0,-0.16666666666666666,0.0,5.0,False,,0.601063829787234,5.0,limited
1828,Gross Disbursements,Central Africa,IDA,WESTERN AND CENTRAL AFRICA,FY24,0.0,5.0,0.0,0.0,5.0,2024,4,annual,5.0,0.0,aggregate_or_institution,0.0,0.0,1.0,1.791759469228055,0.0,0.0,0.0,0.0,1.791759469228055,5.0,0.0,0.0,5.0,0.0,0.0,5.0,False,,0.601063829787234,5.0,limited
1708,Gross Disbursements,Central Africa,IDA,WESTERN AND CENTRAL AFRICA,FY25,0.0,5.0,0.0,0.0,5.0,2025,4,annual,5.0,0.0,aggregate_or_institution,0.0,0.0,1.0,1.791759469228055,0.0,0.0,0.0,0.0,1.791759469228055,5.0,0.0,0.0,5.0,0.0,0.0,5.0,False,,0.601063829787234,5.0,limited
1393,Gross Disbursements,Central Africa,IDA,WESTERN AND CENTRAL AFRICA,2025-Q3,0.0,2.0,0.0,0.0,2.0,2025,3,quarterly,2.0,0.0,aggregate_or_institution,0.0,0.0,1.0,1.0986122886681098,0.0,0.0,0.0,0.0,1.0986122886681098,,,,,,0.0,2.0,False,,0.5,2.0,limited
1270,Gross Disbursements,Central Africa,IDA,WESTERN AND CENTRAL AFRICA,2026-Q3,0.0,-2.0,0.0,0.0,-2.0,2026,3,quarterly,-2.0,0.0,aggregate_or_institution,-0.0,0.0,1.0,0.0,-0.0,0.0,-0.0,0.0,0.0,2.0,-4.0,-2.0,2.0,-2.0,0.0,-2.0,False,,0.045454545454545456,2.0,limited
2464,Commitments,Central African Republic,IDA,AFRICA,FY14,0.0,50.0,0.0,0.0,50.0,2014,4,annual,50.0,0.0,country,0.0,0.0,1.0,3.9318256327243257,0.0,0.0,0.0,0.0,3.9318256327243257,,,,,,50.0,50.0,True,1.0,0.5300891530460624,50.0,moderate
2295,Commitments,Central African Republic,IDA,AFRICA,FY15,0.0,22.0,0.0,0.0,22.0,2015,4,annual,22.0,0.0,country,0.0,0.0,1.0,3.1354942159291497,0.0,0.0,0.0,0.0,3.1354942159291497,50.0,-28.0,-0.56,50.0,-0.56,22.0,32.0,True,1.4545454545454546,0.45579494799405645,22.0,moderate
1013,Commitments,Central African Republic,IDA,AFRICA,FY16,0.0,20.0,0.0,0.0,20.0,2016,4,annual,20.0,0.0,country,0.0,0.0,1.0,3.044522437723423,0.0,0.0,0.0,0.0,3.044522437723423,22.0,-2.0,-0.09090909090909091,22.0,-0.09090909090909091,20.0,25.0,True,1.25,0.44762258543833583,20.0,moderate
846,Commitments,Central African Republic,IDA,AFRICA,FY17,20.0,123.0,0.0,0.0,143.0,2017,4,annual,143.0,0.0,country,0.13986013986013987,3.044522437723423,0.8601398601398601,4.820281565605037,0.0,0.0,0.0,0.0,4.969813299576001,20.0,123.0,6.15,20.0,6.15,143.0,36.0,True,0.2517482517482518,0.6920505200594353,143.0,significant
3296,Commitments,Central African Republic,IDA,AFRICA,FY18,25.0,55.0,0.0,0.0,80.0,2018,4,annual,80.0,0.0,country,0.3125,3.258096538021482,0.6875,4.02535169073515,0.0,0.0,0.0,0.0,4.394449154672439,143.0,-63.0,-0.4405594405594406,143.0,-0.4405594405594406,80.0,79.0,True,0.9875,0.5980683506686478,80.0,moderate
3100,Commitments,Central African Republic,IDA,AFRICA,FY19,100.0,233.0,0.0,0.0,333.0,2019,4,annual,333.0,0.0,country,0.3003003003003003,4.61512051684126,0.6996996996996997,5.455321115357702,0.0,0.0,0.0,0.0,5.811140992976701,80.0,253.0,3.1625,80.0,3.1625,333.0,156.0,True,0.46846846846846846,0.7953194650817236,333.0,significant
2184,Commitments,Central African Republic,IDA,AFRICA WEST,FY20,25.0,22.0,0.0,0.0,47.0,2020,4,annual,47.0,0.0,country,0.5319148936170213,3.258096538021482,0.46808510638297873,3.1354942159291497,0.0,0.0,0.0,0.0,3.871201010907891,333.0,-286.0,-0.8588588588588588,333.0,-0.8588588588588588,47.0,75.0,True,1.5957446808510638,0.5215453194650818,47.0,moderate
2016,Commitments,Central African Republic,IDA,WESTERN AND CENTRAL AFRICA,FY21,50.0,191.0,0.0,0.0,241.0,2021,4,annual,241.0,0.0,country,0.2074688796680498,3.9318256327243257,0.7925311203319502,5.2574953720277815,0.0,0.0,0.0,0.0,5.488937726156687,47.0,194.0,4.127659574468085,47.0,4.127659574468085,241.0,166.0,True,0.6887966804979253,0.7540861812778603,241.0,significant
651,Commitments,Central African Republic,IDA,WESTERN AND CENTRAL AFRICA,FY22,0.0,231.0,0.0,0.0,231.0,2022,4,annual,231.0,0.0,country,0.0,0.0,1.0,5.44673737166631,0.0,0.0,0.0,0.0,5.44673737166631,241.0,-10.0,-0.04149377593360996,241.0,-0.04149377593360996,231.0,112.0,True,0.48484848484848486,0.74962852897474,231.0,significant
404,Commitments,Central African Republic,IDA,WESTERN AND CENTRAL AFRICA,FY23,0.0,293.0,0.0,0.0,293.0,2023,4,annual,293.0,0.0,country,0.0,0.0,1.0,5.683579767338681,0.0,0.0,0.0,0.0,5.683579767338681,231.0,62.0,0.2683982683982684,231.0,0.2683982683982684,293.0,118.0,True,0.40273037542662116,0.7782317979197623,293.0,significant
2754,Commitments,Central African Republic,IDA,WESTERN AND CENTRAL AFRICA,FY24,0.0,295.0,0.0,0.0,295.0,2024,4,annual,295.0,0.0,country,0.0,0.0,1.0,5.69035945432406,0.0,0.0,0.0,0.0,5.69035945432406,293.0,2.0,0.006825938566552901,293.0,0.006825938566552901,295.0,140.0,True,0.4745762711864407,0.7793462109955424,295.0,significant
1555,Commitments,Central African Republic,IDA,WESTERN AND CENTRAL AFRICA,FY25,0.0,158.0,0.0,0.0,158.0,2025,4,annual,158.0,0.0,country,0.0,0.0,1.0,5.0689042022202315,0.0,0.0,0.0,0.0,5.0689042022202315,295.0,-137.0,-0.46440677966101696,295.0,-0.46440677966101696,158.0,118.0,True,0.7468354430379747,0.7072808320950966,158.0,significant
335,Commitments,Central African Republic,IDA,WESTERN AND CENTRAL AFRICA,2025-Q3,0.0,70.0,0.0,0.0,70.0,2025,3,quarterly,70.0,0.0,country,0.0,0.0,1.0,4.2626798770413155,0.0,0.0,0.0,0.0,4.2626798770413155,,,,,,70.0,79.51,True,1.135857142857143,0.7598870056497176,70.0,moderate
142,Commitments,Central African Republic,IDA,WESTERN AND CENTRAL AFRICA,2026-Q3,0.0,130.0,0.4,0.0,130.4,2026,3,quarterly,130.4,0.0,country,0.0,0.0,0.9969325153374232,4.875197323201151,0.003067484662576687,0.33647223662121295,0.0,0.0,4.8782461060505105,70.0,60.400000000000006,0.862857142857143,70.0,0.862857142857143,130.4,171.0,True,1.3113496932515336,0.8135593220338984,130.4,significant
2543,Gross Disbursements,Central African Republic,IDA,AFRICA,FY14,0.0,50.0,0.0,0.0,50.0,2014,4,annual,50.0,0.0,country,0.0,0.0,1.0,3.9318256327243257,0.0,0.0,0.0,0.0,3.9318256327243257,,,,,,50.0,50.0,True,1.0,0.5409238249594813,50.0,moderate
2375,Gross Disbursements,Central African Republic,IDA,AFRICA,FY15,0.0,32.0,0.0,0.0,32.0,2015,4,annual,32.0,0.0,country,0.0,0.0,1.0,3.4965075614664802,0.0,0.0,0.0,0.0,3.4965075614664802,50.0,-18.0,-0.36,50.0,-0.36,22.0,32.0,True,1.4545454545454546,0.4712317666126418,32.0,moderate
1086,Gross Disbursements,Central African Republic,IDA,AFRICA,FY16,0.0,25.0,0.0,0.0,25.0,2016,4,annual,25.0,0.0,country,0.0,0.0,1.0,3.258096538021482,0.0,0.0,0.0,0.0,3.258096538021482,32.0,-7.0,-0.21875,32.0,-0.21875,20.0,25.0,True,1.25,0.4351701782820097,25.0,moderate
922,Gross Disbursements,Central African Republic,IDA,AFRICA,FY17,19.0,17.0,0.0,0.0,36.0,2017,4,annual,36.0,0.0,country,0.5277777777777778,2.995732273553991,0.4722222222222222,2.8903717578961645,0.0,0.0,0.0,0.0,3.6109179126442243,25.0,11.0,0.44,25.0,0.44,143.0,36.0,True,0.2517482517482518,0.4878444084278768,36.0,moderate
741,Gross Disbursements,Central African Republic,IDA,AFRICA,FY18,25.0,55.0,0.0,0.0,79.0,2018,4,annual,80.0,-1.0,country,0.31645569620253167,3.258096538021482,0.6962025316455697,4.02535169073515,0.0,0.0,0.0,0.0,4.382026634673881,36.0,43.0,1.1944444444444444,36.0,1.1944444444444444,80.0,79.0,True,0.9875,0.6223662884927067,79.0,moderate
3200,Gross Disbursements,Central African Republic,IDA,AFRICA,FY19,98.0,58.0,0.0,0.0,156.0,2019,4,annual,156.0,0.0,country,0.6282051282051282,4.59511985013459,0.3717948717948718,4.07753744390572,0.0,0.0,0.0,0.0,5.056245805348308,79.0,77.0,0.9746835443037974,79.0,0.9746835443037974,333.0,156.0,True,0.46846846846846846,0.7313614262560778,156.0,significant
2065,Gross Disbursements,Central African Republic,IDA,AFRICA WEST,FY20,0.0,75.0,0.0,0.0,75.0,2020,4,annual,75.0,0.0,country,0.0,0.0,1.0,4.330733340286331,0.0,0.0,0.0,0.0,4.330733340286331,156.0,-81.0,-0.5192307692307693,156.0,-0.5192307692307693,47.0,75.0,True,1.5957446808510638,0.6077795786061588,75.0,moderate
1886,Gross Disbursements,Central African Republic,IDA,WESTERN AND CENTRAL AFRICA,FY21,77.0,89.0,0.0,0.0,166.0,2021,4,annual,166.0,0.0,country,0.463855421686747,4.356708826689592,0.536144578313253,4.499809670330265,0.0,0.0,0.0,0.0,5.117993812416755,75.0,91.0,1.2133333333333334,75.0,1.2133333333333334,241.0,166.0,True,0.6887966804979253,0.7414910858995137,166.0,significant
521,Gross Disbursements,Central African Republic,IDA,WESTERN AND CENTRAL AFRICA,FY22,0.0,112.0,0.0,0.0,112.0,2022,4,annual,112.0,0.0,country,0.0,0.0,1.0,4.727387818712341,0.0,0.0,0.0,0.0,4.727387818712341,166.0,-54.0,-0.3253012048192771,166.0,-0.3253012048192771,231.0,112.0,True,0.48484848484848486,0.6673419773095624,112.0,significant
2907,Gross Disbursements,Central African Republic,IDA,WESTERN AND CENTRAL AFRICA,FY23,0.0,118.0,0.0,0.0,118.0,2023,4,annual,118.0,0.0,country,0.0,0.0,1.0,4.77912349311153,0.0,0.0,0.0,0.0,4.77912349311153,112.0,6.0,0.05357142857142857,112.0,0.05357142857142857,293.0,118.0,True,0.40273037542662116,0.6790923824959482,118.0,significant
1829,Gross Disbursements,Central African Republic,IDA,WESTERN AND CENTRAL AFRICA,FY24,0.0,140.0,0.0,0.0,140.0,2024,4,annual,140.0,0.0,country,0.0,0.0,1.0,4.948759890378168,0.0,0.0,0.0,0.0,4.948759890378168,118.0,22.0,0.1864406779661017,118.0,0.1864406779661017,295.0,140.0,True,0.4745762711864407,0.706645056726094,140.0,significant
1709,Gross Disbursements,Central African Republic,IDA,WESTERN AND CENTRAL AFRICA,FY25,0.0,118.0,0.0,0.0,118.0,2025,4,annual,118.0,0.0,country,0.0,0.0,1.0,4.77912349311153,0.0,0.0,0.0,0.0,4.77912349311153,140.0,-22.0,-0.15714285714285714,140.0,-0.15714285714285714,158.0,118.0,True,0.7468354430379747,0.6790923824959482,118.0,significant
1394,Gross Disbursements,Central African Republic,IDA,WESTERN AND CENTRAL AFRICA,2025-Q3,0.0,79.51,0.0,0.0,79.51,2025,3,quarterly,79.51,0.0,country,0.0,0.0,1.0,4.388381400311889,0.0,0.0,0.0,0.0,4.388381400311889,,,,,,70.0,79.51,True,1.135857142857143,0.5982142857142857,79.51,moderate
1271,Gross Disbursements,Central African Republic,IDA,WESTERN AND CENTRAL AFRICA,2026-Q3,0.0,171.0,0.0,0.0,171.0,2026,3,quarterly,171.0,0.0,country,0.0,0.0,1.0,5.147494476813453,0.0,0.0,0.0,0.0,5.147494476813453,79.51,91.49,1.1506728713369385,79.51,1.1506728713369385,130.4,171.0,True,1.3113496932515336,0.7321428571428571,171.0,significant
3380,Commitments,Central America,IDA,LATIN AMERICA AND CARIBBEAN,FY18,0.0,0.0,0.0,0.0,0.0,2018,4,annual,0.0,0.0,aggregate_or_institution,0.0,0.0,0.0,0.0,0.0,0.0,0.0,0.0,0.0,,,,,,0.0,,False,,0.25877192982456143,0.0,limited
3140,Commitments,Central America,IDA,LATIN AMERICA AND CARIBBEAN,FY19,0.0,0.0,0.0,0.0,0.0,2019,4,annual,0.0,0.0,aggregate_or_institution,0.0,0.0,0.0,0.0,0.0,0.0,0.0,0.0,0.0,0.0,0.0,,0.0,,0.0,,False,,0.25877192982456143,0.0,limited
3013,Commitments,Central America,IDA,LATIN AMERICA AND CARIBBEAN,FY20,0.0,0.0,0.0,0.0,0.0,2020,4,annual,0.0,0.0,aggregate_or_institution,0.0,0.0,0.0,0.0,0.0,0.0,0.0,0.0,0.0,0.0,0.0,,0.0,,0.0,,False,,0.25877192982456143,0.0,limited
1971,Commitments,Central America,IDA,LATIN AMERICA AND CARIBBEAN,FY21,0.0,0.0,0.0,0.0,0.0,2021,4,annual,0.0,0.0,aggregate_or_institution,0.0,0.0,0.0,0.0,0.0,0.0,0.0,0.0,0.0,0.0,0.0,,0.0,,0.0,,False,,0.25877192982456143,0.0,limited
606,Commitments,Central America,IDA,LATIN AMERICA AND CARIBBEAN,FY22,0.0,0.0,0.0,0.0,0.0,2022,4,annual,0.0,0.0,aggregate_or_institution,0.0,0.0,0.0,0.0,0.0,0.0,0.0,0.0,0.0,0.0,0.0,,0.0,,0.0,,False,,0.25877192982456143,0.0,limited
2992,Commitments,Central America,IDA,LATIN AMERICA AND CARIBBEAN,FY23,0.0,0.0,0.0,0.0,0.0,2023,4,annual,0.0,0.0,aggregate_or_institution,0.0,0.0,0.0,0.0,0.0,0.0,0.0,0.0,0.0,0.0,0.0,,0.0,,0.0,,False,,0.25877192982456143,0.0,limited
2789,Commitments,Central America,IDA,LATIN AMERICA AND CARIBBEAN,FY24,0.0,0.0,0.0,0.0,0.0,2024,4,annual,0.0,0.0,aggregate_or_institution,0.0,0.0,0.0,0.0,0.0,0.0,0.0,0.0,0.0,0.0,0.0,,0.0,,0.0,,False,,0.25877192982456143,0.0,limited
1590,Commitments,Central America,IDA,LATIN AMERICA AND CARIBBEAN,FY25,0.0,0.0,0.0,0.0,0.0,2025,4,annual,0.0,0.0,aggregate_or_institution,0.0,0.0,0.0,0.0,0.0,0.0,0.0,0.0,0.0,0.0,0.0,,0.0,,0.0,,False,,0.25877192982456143,0.0,limited
1152,Commitments,Central America,IDA,LATIN AMERICA AND CARIBBEAN,2025-Q3,0.0,0.0,0.0,0.0,0.0,2025,3,quarterly,0.0,0.0,aggregate_or_institution,0.0,0.0,0.0,0.0,0.0,0.0,0.0,0.0,0.0,,,,,,0.0,,False,,0.328125,0.0,limited
177,Commitments,Central America,IDA,LATIN AMERICA AND CARIBBEAN,2026-Q3,0.0,0.0,0.0,0.0,0.0,2026,3,quarterly,0.0,0.0,aggregate_or_institution,0.0,0.0,0.0,0.0,0.0,0.0,0.0,0.0,0.0,0.0,0.0,,0.0,,0.0,,False,,0.328125,0.0,limited
1055,Commitments,Central Asia,IDA,EUROPE AND CENTRAL ASIA,FY16,0.0,15.0,0.0,0.0,15.0,2016,4,annual,15.0,0.0,aggregate_or_institution,0.0,0.0,1.0,2.772588722239781,0.0,0.0,0.0,0.0,2.772588722239781,,,,,,15.0,2.0,True,0.13333333333333333,0.6403508771929824,15.0,moderate
3345,Commitments,Central Asia,IDA,EUROPE AND CENTRAL ASIA,FY18,0.0,0.0,0.0,0.0,0.0,2018,4,annual,0.0,0.0,aggregate_or_institution,0.0,0.0,0.0,0.0,0.0,0.0,0.0,0.0,0.0,15.0,-15.0,-1.0,15.0,-1.0,0.0,3.0,False,,0.25877192982456143,0.0,limited
3134,Commitments,Central Asia,IDA,EUROPE AND CENTRAL ASIA,FY19,0.0,3.0,0.0,0.0,3.0,2019,4,annual,3.0,0.0,aggregate_or_institution,0.0,0.0,1.0,1.3862943611198906,0.0,0.0,0.0,0.0,1.3862943611198906,0.0,3.0,,0.0,,3.0,3.0,False,,0.5307017543859649,3.0,limited
3005,Commitments,Central Asia,IDA,EUROPE AND CENTRAL ASIA,FY20,0.0,0.0,0.0,0.0,0.0,2020,4,annual,0.0,0.0,aggregate_or_institution,0.0,0.0,0.0,0.0,0.0,0.0,0.0,0.0,0.0,3.0,-3.0,-1.0,3.0,-1.0,0.0,3.0,False,,0.25877192982456143,0.0,limited
1957,Commitments,Central Asia,IDA,EUROPE AND CENTRAL ASIA,FY21,0.0,0.0,0.0,0.0,0.0,2021,4,annual,0.0,0.0,aggregate_or_institution,0.0,0.0,0.0,0.0,0.0,0.0,0.0,0.0,0.0,0.0,0.0,,0.0,,0.0,5.0,False,,0.25877192982456143,0.0,limited
592,Commitments,Central Asia,IDA,EUROPE AND CENTRAL ASIA,FY22,0.0,0.0,0.0,0.0,0.0,2022,4,annual,0.0,0.0,aggregate_or_institution,0.0,0.0,0.0,0.0,0.0,0.0,0.0,0.0,0.0,0.0,0.0,,0.0,,0.0,3.0,False,,0.25877192982456143,0.0,limited
2978,Commitments,Central Asia,IDA,EUROPE AND CENTRAL ASIA,FY23,0.0,0.0,0.0,0.0,0.0,2023,4,annual,0.0,0.0,aggregate_or_institution,0.0,0.0,0.0,0.0,0.0,0.0,0.0,0.0,0.0,0.0,0.0,,0.0,,0.0,3.0,False,,0.25877192982456143,0.0,limited
2786,Commitments,Central Asia,IDA,EUROPE AND CENTRAL ASIA,FY24,0.0,0.0,0.0,0.0,0.0,2024,4,annual,0.0,0.0,aggregate_or_institution,0.0,0.0,0.0,0.0,0.0,0.0,0.0,0.0,0.0,0.0,0.0,,0.0,,0.0,0.0,False,,0.25877192982456143,0.0,limited
1587,Commitments,Central Asia,IDA,EUROPE AND CENTRAL ASIA,FY25,0.0,0.0,0.0,0.0,0.0,2025,4,annual,0.0,0.0,aggregate_or_institution,0.0,0.0,0.0,0.0,0.0,0.0,0.0,0.0,0.0,0.0,0.0,,0.0,,0.0,0.0,False,,0.25877192982456143,0.0,limited
367,Commitments,Central Asia,IDA,EUROPE AND CENTRAL ASIA,2025-Q3,0.0,0.0,0.0,0.0,0.0,2025,3,quarterly,0.0,0.0,aggregate_or_institution,0.0,0.0,0.0,0.0,0.0,0.0,0.0,0.0,0.0,,,,,,0.0,0.0,False,,0.328125,0.0,limited
174,Commitments,Central Asia,IDA,EUROPE AND CENTRAL ASIA,2026-Q3,0.0,0.0,0.0,0.0,0.0,2026,3,quarterly,0.0,0.0,aggregate_or_institution,0.0,0.0,0.0,0.0,0.0,0.0,0.0,0.0,0.0,0.0,0.0,,0.0,,0.0,0.0,False,,0.328125,0.0,limited
2593,Gross Disbursements,Central Asia,IDA,EUROPE AND CENTRAL ASIA,FY14,0.0,1.0,0.0,0.0,1.0,2014,4,annual,1.0,0.0,aggregate_or_institution,0.0,0.0,1.0,0.6931471805599453,0.0,0.0,0.0,0.0,0.6931471805599453,,,,,,,1.0,False,,0.2074468085106383,1.0,limited
2425,Gross Disbursements,Central Asia,IDA,EUROPE AND CENTRAL ASIA,FY15,0.0,1.0,0.0,0.0,1.0,2015,4,annual,1.0,0.0,aggregate_or_institution,0.0,0.0,1.0,0.6931471805599453,0.0,0.0,0.0,0.0,0.6931471805599453,1.0,0.0,0.0,1.0,0.0,,1.0,False,,0.2074468085106383,1.0,limited
1149,Gross Disbursements,Central Asia,IDA,EUROPE AND CENTRAL ASIA,FY16,0.0,2.0,0.0,0.0,2.0,2016,4,annual,2.0,0.0,aggregate_or_institution,0.0,0.0,1.0,1.0986122886681098,0.0,0.0,0.0,0.0,1.0986122886681098,1.0,1.0,1.0,1.0,1.0,15.0,2.0,True,0.13333333333333333,0.31382978723404253,2.0,limited
969,Gross Disbursements,Central Asia,IDA,EUROPE AND CENTRAL ASIA,FY17,0.0,2.0,0.0,0.0,2.0,2017,4,annual,2.0,0.0,aggregate_or_institution,0.0,0.0,1.0,1.0986122886681098,0.0,0.0,0.0,0.0,1.0986122886681098,2.0,0.0,0.0,2.0,0.0,,2.0,False,,0.31382978723404253,2.0,limited
800,Gross Disbursements,Central Asia,IDA,EUROPE AND CENTRAL ASIA,FY18,0.0,3.0,0.0,0.0,3.0,2018,4,annual,3.0,0.0,aggregate_or_institution,0.0,0.0,1.0,1.3862943611198906,0.0,0.0,0.0,0.0,1.3862943611198906,2.0,1.0,0.5,2.0,0.5,0.0,3.0,False,,0.44148936170212766,3.0,limited
3242,Gross Disbursements,Central Asia,IDA,EUROPE AND CENTRAL ASIA,FY19,0.0,3.0,0.0,0.0,3.0,2019,4,annual,3.0,0.0,aggregate_or_institution,0.0,0.0,1.0,1.3862943611198906,0.0,0.0,0.0,0.0,1.3862943611198906,3.0,0.0,0.0,3.0,0.0,3.0,3.0,False,,0.44148936170212766,3.0,limited
2118,Gross Disbursements,Central Asia,IDA,EUROPE AND CENTRAL ASIA,FY20,0.0,3.0,0.0,0.0,3.0,2020,4,annual,3.0,0.0,aggregate_or_institution,0.0,0.0,1.0,1.3862943611198906,0.0,0.0,0.0,0.0,1.3862943611198906,3.0,0.0,0.0,3.0,0.0,0.0,3.0,False,,0.44148936170212766,3.0,limited
717,Gross Disbursements,Central Asia,IDA,EUROPE AND CENTRAL ASIA,FY21,0.0,5.0,0.0,0.0,5.0,2021,4,annual,5.0,0.0,aggregate_or_institution,0.0,0.0,1.0,1.791759469228055,0.0,0.0,0.0,0.0,1.791759469228055,3.0,2.0,0.6666666666666666,3.0,0.6666666666666666,0.0,5.0,False,,0.601063829787234,5.0,limited
470,Gross Disbursements,Central Asia,IDA,EUROPE AND CENTRAL ASIA,FY22,0.0,3.0,0.0,0.0,3.0,2022,4,annual,3.0,0.0,aggregate_or_institution,0.0,0.0,1.0,1.3862943611198906,0.0,0.0,0.0,0.0,1.3862943611198906,5.0,-2.0,-0.4,5.0,-0.4,0.0,3.0,False,,0.44148936170212766,3.0,limited
2854,Gross Disbursements,Central Asia,IDA,EUROPE AND CENTRAL ASIA,FY23,0.0,3.0,0.0,0.0,3.0,2023,4,annual,3.0,0.0,aggregate_or_institution,0.0,0.0,1.0,1.3862943611198906,0.0,0.0,0.0,0.0,1.3862943611198906,3.0,0.0,0.0,3.0,0.0,0.0,3.0,False,,0.44148936170212766,3.0,limited
1776,Gross Disbursements,Central Asia,IDA,EUROPE AND CENTRAL ASIA,FY24,0.0,0.0,0.0,0.0,0.0,2024,4,annual,0.0,0.0,aggregate_or_institution,0.0,0.0,0.0,0.0,0.0,0.0,0.0,0.0,0.0,3.0,-3.0,-1.0,3.0,-1.0,0.0,0.0,False,,0.0797872340425532,0.0,limited
1656,Gross Disbursements,Central Asia,IDA,EUROPE AND CENTRAL ASIA,FY25,0.0,0.0,0.0,0.0,0.0,2025,4,annual,0.0,0.0,aggregate_or_institution,0.0,0.0,0.0,0.0,0.0,0.0,0.0,0.0,0.0,0.0,0.0,,0.0,,0.0,0.0,False,,0.0797872340425532,0.0,limited
1341,Gross Disbursements,Central Asia,IDA,EUROPE AND CENTRAL ASIA,2025-Q3,0.0,0.0,0.0,0.0,0.0,2025,3,quarterly,0.0,0.0,aggregate_or_institution,0.0,0.0,0.0,0.0,0.0,0.0,0.0,0.0,0.0,,,,,,0.0,0.0,False,,0.18181818181818182,0.0,limited
1218,Gross Disbursements,Central Asia,IDA,EUROPE AND CENTRAL ASIA,2026-Q3,0.0,0.0,0.0,0.0,0.0,2026,3,quarterly,0.0,0.0,aggregate_or_institution,0.0,0.0,0.0,0.0,0.0,0.0,0.0,0.0,0.0,0.0,0.0,,0.0,,0.0,0.0,False,,0.18181818181818182,0.0,limited
2465,Commitments,Chad,IDA,AFRICA,FY14,0.0,36.0,0.0,0.0,36.0,2014,4,annual,36.0,0.0,country,0.0,0.0,1.0,3.6109179126442243,0.0,0.0,0.0,0.0,3.6109179126442243,,,,,,36.0,19.0,True,0.5277777777777778,0.5018573551263001,36.0,moderate
2296,Commitments,Chad,IDA,AFRICA,FY15,0.0,90.0,0.0,0.0,90.0,2015,4,annual,90.0,0.0,country,0.0,0.0,1.0,4.51085950651685,0.0,0.0,0.0,0.0,4.51085950651685,36.0,54.0,1.5,36.0,1.5,90.0,21.0,True,0.23333333333333334,0.6173848439821694,90.0,moderate
1006,Commitments,Chad,IDA,AFRICA,FY16,50.0,0.0,0.0,0.0,50.0,2016,4,annual,50.0,0.0,country,1.0,3.9318256327243257,0.0,0.0,0.0,0.0,0.0,0.0,3.9318256327243257,90.0,-40.0,-0.4444444444444444,90.0,-0.4444444444444444,50.0,80.0,True,1.6,0.5300891530460624,50.0,moderate
845,Commitments,Chad,IDA,AFRICA,FY17,145.0,67.0,0.0,0.0,212.0,2017,4,annual,212.0,0.0,country,0.6839622641509434,4.983606621708336,0.3160377358490566,4.219507705176107,0.0,0.0,0.0,0.0,5.3612921657094255,50.0,162.0,3.24,50.0,3.24,212.0,91.0,True,0.42924528301886794,0.7395988112927192,212.0,significant
3298,Commitments,Chad,IDA,AFRICA,FY18,0.0,82.0,0.0,0.0,82.0,2018,4,annual,82.0,0.0,country,0.0,0.0,1.0,4.418840607796598,0.0,0.0,0.0,0.0,4.418840607796598,212.0,-130.0,-0.6132075471698113,212.0,-0.6132075471698113,82.0,108.0,True,1.3170731707317074,0.6025260029717682,82.0,moderate
3058,Commitments,Chad,IDA,AFRICA,FY19,65.0,175.0,0.0,0.0,240.0,2019,4,annual,240.0,0.0,country,0.2708333333333333,4.189654742026425,0.7291666666666666,5.170483995038151,0.0,0.0,0.0,0.0,5.484796933490655,82.0,158.0,1.9268292682926829,82.0,1.9268292682926829,240.0,129.0,True,0.5375,0.7529717682020802,240.0,significant
2190,Commitments,Chad,IDA,AFRICA WEST,FY20,100.0,277.0,0.0,0.0,377.0,2020,4,annual,377.0,0.0,country,0.26525198938992045,4.61512051684126,0.7347480106100795,5.627621113690637,0.0,0.0,0.0,0.0,5.934894195619588,240.0,137.0,0.5708333333333333,240.0,0.5708333333333333,377.0,181.0,True,0.48010610079575594,0.812778603268945,377.0,significant
2017,Commitments,Chad,IDA,WESTERN AND CENTRAL AFRICA,FY21,0.0,190.0,0.0,0.0,190.0,2021,4,annual,190.0,0.0,country,0.0,0.0,1.0,5.25227342804663,0.0,0.0,0.0,0.0,5.25227342804663,377.0,-187.0,-0.4960212201591512,377.0,-0.4960212201591512,190.0,90.0,True,0.47368421052631576,0.7206537890044576,190.0,significant
652,Commitments,Chad,IDA,WESTERN AND CENTRAL AFRICA,FY22,0.0,813.0,0.0,0.0,813.0,2022,4,annual,813.0,0.0,country,0.0,0.0,1.0,6.70196036600254,0.0,0.0,0.0,0.0,6.70196036600254,190.0,623.0,3.278947368421053,190.0,3.278947368421053,813.0,102.0,True,0.12546125461254612,0.9167904903417533,813.0,major
405,Commitments,Chad,IDA,WESTERN AND CENTRAL AFRICA,FY23,0.0,605.0,0.0,0.0,605.0,2023,4,annual,605.0,0.0,country,0.0,0.0,1.0,6.406879986069314,0.0,0.0,0.0,0.0,6.406879986069314,813.0,-208.0,-0.25584255842558423,813.0,-0.25584255842558423,605.0,181.0,True,0.2991735537190083,0.8692421991084696,605.0,major
2755,Commitments,Chad,IDA,WESTERN AND CENTRAL AFRICA,FY24,0.0,437.0,0.0,0.0,437.0,2024,4,annual,437.0,0.0,country,0.0,0.0,1.0,6.082218910376446,0.0,0.0,0.0,0.0,6.082218910376446,605.0,-168.0,-0.27768595041322314,605.0,-0.27768595041322314,437.0,360.0,True,0.8237986270022883,0.8320950965824666,437.0,significant
1556,Commitments,Chad,IDA,WESTERN AND CENTRAL AFRICA,FY25,0.0,349.0,0.0,0.0,349.0,2025,4,annual,349.0,0.0,country,0.0,0.0,1.0,5.857933154483459,0.0,0.0,0.0,0.0,5.857933154483459,437.0,-88.0,-0.20137299771167047,437.0,-0.20137299771167047,349.0,418.0,True,1.1977077363896849,0.8012630014858841,349.0,significant
336,Commitments,Chad,IDA,WESTERN AND CENTRAL AFRICA,2025-Q3,-1.3,349.0,0.0,0.0,347.7,2025,3,quarterly,347.7,0.0,country,-0.003738855335058959,0.0,1.003738855335059,5.857933154483459,0.0,0.0,0.0,0.0,5.854211953681605,,,,,,347.7,209.0,True,0.6010928961748634,0.9265536723163842,347.7,significant
143,Commitments,Chad,IDA,WESTERN AND CENTRAL AFRICA,2026-Q3,0.0,173.0,0.0,0.0,173.0,2026,3,quarterly,173.0,0.0,country,0.0,0.0,1.0,5.159055299214529,0.0,0.0,0.0,0.0,5.159055299214529,347.7,-174.7,-0.5024446361806154,347.7,-0.5024446361806154,173.0,334.0,True,1.930635838150289,0.8531073446327684,173.0,significant
2544,Gross Disbursements,Chad,IDA,AFRICA,FY14,0.0,19.0,0.0,0.0,19.0,2014,4,annual,19.0,0.0,country,0.0,0.0,1.0,2.995732273553991,0.0,0.0,0.0,0.0,2.995732273553991,,,,,,36.0,19.0,True,0.5277777777777778,0.4007293354943274,19.0,moderate
2376,Gross Disbursements,Chad,IDA,AFRICA,FY15,0.0,21.0,0.0,0.0,21.0,2015,4,annual,21.0,0.0,country,0.0,0.0,1.0,3.091042453358316,0.0,0.0,0.0,0.0,3.091042453358316,19.0,2.0,0.10526315789473684,19.0,0.10526315789473684,90.0,21.0,True,0.23333333333333334,0.41247974068071314,21.0,moderate
1087,Gross Disbursements,Chad,IDA,AFRICA,FY16,50.0,30.0,0.0,0.0,80.0,2016,4,annual,80.0,0.0,country,0.625,3.9318256327243257,0.375,3.4339872044851463,0.0,0.0,0.0,0.0,4.394449154672439,21.0,59.0,2.8095238095238093,21.0,2.8095238095238093,50.0,80.0,True,1.6,0.6260129659643436,80.0,moderate
917,Gross Disbursements,Chad,IDA,AFRICA,FY17,78.0,13.0,0.0,0.0,91.0,2017,4,annual,91.0,0.0,country,0.8571428571428571,4.3694478524670215,0.14285714285714285,2.6390573296152584,0.0,0.0,0.0,0.0,4.5217885770490405,80.0,11.0,0.1375,80.0,0.1375,212.0,91.0,True,0.42924528301886794,0.6414100486223663,91.0,moderate
745,Gross Disbursements,Chad,IDA,AFRICA,FY18,66.0,42.0,0.0,0.0,108.0,2018,4,annual,108.0,0.0,country,0.6111111111111112,4.204692619390966,0.3888888888888889,3.7612001156935624,0.0,0.0,0.0,0.0,4.6913478822291435,91.0,17.0,0.18681318681318682,91.0,0.18681318681318682,82.0,108.0,True,1.3170731707317074,0.6616693679092382,108.0,significant
3185,Gross Disbursements,Chad,IDA,AFRICA,FY19,62.0,67.0,0.0,0.0,129.0,2019,4,annual,129.0,0.0,country,0.4806201550387597,4.143134726391533,0.5193798449612403,4.219507705176107,0.0,0.0,0.0,0.0,4.867534450455582,108.0,21.0,0.19444444444444445,108.0,0.19444444444444445,240.0,129.0,True,0.5375,0.692868719611021,129.0,significant
2079,Gross Disbursements,Chad,IDA,AFRICA WEST,FY20,100.0,81.0,0.0,0.0,181.0,2020,4,annual,181.0,0.0,country,0.5524861878453039,4.61512051684126,0.44751381215469616,4.406719247264253,0.0,0.0,0.0,0.0,5.204006687076795,129.0,52.0,0.40310077519379844,129.0,0.40310077519379844,377.0,181.0,True,0.48010610079575594,0.7524311183144247,181.0,significant
1887,Gross Disbursements,Chad,IDA,WESTERN AND CENTRAL AFRICA,FY21,0.0,90.0,0.0,0.0,90.0,2021,4,annual,90.0,0.0,country,0.0,0.0,1.0,4.51085950651685,0.0,0.0,0.0,0.0,4.51085950651685,181.0,-91.0,-0.5027624309392266,181.0,-0.5027624309392266,190.0,90.0,True,0.47368421052631576,0.640194489465154,90.0,moderate
522,Gross Disbursements,Chad,IDA,WESTERN AND CENTRAL AFRICA,FY22,0.0,102.0,0.0,0.0,102.0,2022,4,annual,102.0,0.0,country,0.0,0.0,1.0,4.634728988229636,0.0,0.0,0.0,0.0,4.634728988229636,90.0,12.0,0.13333333333333333,90.0,0.13333333333333333,813.0,102.0,True,0.12546125461254612,0.6535656401944895,102.0,significant
2908,Gross Disbursements,Chad,IDA,WESTERN AND CENTRAL AFRICA,FY23,0.0,181.0,0.0,0.0,181.0,2023,4,annual,181.0,0.0,country,0.0,0.0,1.0,5.204006687076795,0.0,0.0,0.0,0.0,5.204006687076795,102.0,79.0,0.7745098039215687,102.0,0.7745098039215687,605.0,181.0,True,0.2991735537190083,0.7524311183144247,181.0,significant
1830,Gross Disbursements,Chad,IDA,WESTERN AND CENTRAL AFRICA,FY24,0.0,360.0,0.0,0.0,360.0,2024,4,annual,360.0,0.0,country,0.0,0.0,1.0,5.8888779583328805,0.0,0.0,0.0,0.0,5.8888779583328805,181.0,179.0,0.988950276243094,181.0,0.988950276243094,437.0,360.0,True,0.8237986270022883,0.8387358184764991,360.0,significant
1710,Gross Disbursements,Chad,IDA,WESTERN AND CENTRAL AFRICA,FY25,0.0,418.0,0.0,0.0,418.0,2025,4,annual,418.0,0.0,country,0.0,0.0,1.0,6.037870919922137,0.0,0.0,0.0,0.0,6.037870919922137,360.0,58.0,0.16111111111111112,360.0,0.16111111111111112,349.0,418.0,True,1.1977077363896849,0.8565640194489466,418.0,significant
1395,Gross Disbursements,Chad,IDA,WESTERN AND CENTRAL AFRICA,2025-Q3,0.0,209.0,0.0,0.0,209.0,2025,3,quarterly,209.0,0.0,country,0.0,0.0,1.0,5.3471075307174685,0.0,0.0,0.0,0.0,5.3471075307174685,,,,,,347.7,209.0,True,0.6010928961748634,0.7633928571428571,209.0,significant
1272,Gross Disbursements,Chad,IDA,WESTERN AND CENTRAL AFRICA,2026-Q3,0.0,334.0,0.0,0.0,334.0,2026,3,quarterly,334.0,0.0,country,0.0,0.0,1.0,5.814130531825066,0.0,0.0,0.0,0.0,5.814130531825066,209.0,125.0,0.5980861244019139,209.0,0.5980861244019139,173.0,334.0,True,1.930635838150289,0.8348214285714286,334.0,significant
3381,Commitments,Chile,IDA,LATIN AMERICA AND CARIBBEAN,FY18,0.0,0.0,0.0,0.0,0.0,2018,4,annual,0.0,0.0,country,0.0,0.0,0.0,0.0,0.0,0.0,0.0,0.0,0.0,,,,,,0.0,,False,,0.19539375928677563,0.0,limited
3141,Commitments,Chile,IDA,LATIN AMERICA AND CARIBBEAN,FY19,0.0,0.0,0.0,0.0,0.0,2019,4,annual,0.0,0.0,country,0.0,0.0,0.0,0.0,0.0,0.0,0.0,0.0,0.0,0.0,0.0,,0.0,,0.0,,False,,0.19539375928677563,0.0,limited
3014,Commitments,Chile,IDA,LATIN AMERICA AND CARIBBEAN,FY20,0.0,0.0,0.0,0.0,0.0,2020,4,annual,0.0,0.0,country,0.0,0.0,0.0,0.0,0.0,0.0,0.0,0.0,0.0,0.0,0.0,,0.0,,0.0,,False,,0.19539375928677563,0.0,limited
1972,Commitments,Chile,IDA,LATIN AMERICA AND CARIBBEAN,FY21,0.0,0.0,0.0,0.0,0.0,2021,4,annual,0.0,0.0,country,0.0,0.0,0.0,0.0,0.0,0.0,0.0,0.0,0.0,0.0,0.0,,0.0,,0.0,,False,,0.19539375928677563,0.0,limited
607,Commitments,Chile,IDA,LATIN AMERICA AND CARIBBEAN,FY22,0.0,0.0,0.0,0.0,0.0,2022,4,annual,0.0,0.0,country,0.0,0.0,0.0,0.0,0.0,0.0,0.0,0.0,0.0,0.0,0.0,,0.0,,0.0,,False,,0.19539375928677563,0.0,limited
2993,Commitments,Chile,IDA,LATIN AMERICA AND CARIBBEAN,FY23,0.0,0.0,0.0,0.0,0.0,2023,4,annual,0.0,0.0,country,0.0,0.0,0.0,0.0,0.0,0.0,0.0,0.0,0.0,0.0,0.0,,0.0,,0.0,,False,,0.19539375928677563,0.0,limited
2709,Commitments,Chile,IDA,LATIN AMERICA AND CARIBBEAN,FY24,0.0,0.0,0.0,0.0,0.0,2024,4,annual,0.0,0.0,country,0.0,0.0,0.0,0.0,0.0,0.0,0.0,0.0,0.0,0.0,0.0,,0.0,,0.0,,False,,0.19539375928677563,0.0,limited
1510,Commitments,Chile,IDA,LATIN AMERICA AND CARIBBEAN,FY25,0.0,0.0,0.0,0.0,0.0,2025,4,annual,0.0,0.0,country,0.0,0.0,0.0,0.0,0.0,0.0,0.0,0.0,0.0,0.0,0.0,,0.0,,0.0,,False,,0.19539375928677563,0.0,limited
290,Commitments,Chile,IDA,LATIN AMERICA AND CARIBBEAN,2025-Q3,0.0,0.0,0.0,0.0,0.0,2025,3,quarterly,0.0,0.0,country,0.0,0.0,0.0,0.0,0.0,0.0,0.0,0.0,0.0,,,,,,0.0,,False,,0.326271186440678,0.0,limited
97,Commitments,Chile,IDA,LATIN AMERICA AND CARIBBEAN,2026-Q3,0.0,0.0,0.0,0.0,0.0,2026,3,quarterly,0.0,0.0,country,0.0,0.0,0.0,0.0,0.0,0.0,0.0,0.0,0.0,0.0,0.0,,0.0,,0.0,,False,,0.326271186440678,0.0,limited
3357,Commitments,China,IDA,EAST ASIA AND PACIFIC,FY18,0.0,0.0,0.0,0.0,0.0,2018,4,annual,0.0,0.0,country,0.0,0.0,0.0,0.0,0.0,0.0,0.0,0.0,0.0,,,,,,0.0,,False,,0.19539375928677563,0.0,limited
3123,Commitments,China,IDA,EAST ASIA AND PACIFIC,FY19,0.0,0.0,0.0,0.0,0.0,2019,4,annual,0.0,0.0,country,0.0,0.0,0.0,0.0,0.0,0.0,0.0,0.0,0.0,0.0,0.0,,0.0,,0.0,0.0,False,,0.19539375928677563,0.0,limited
2235,Commitments,China,IDA,EAST ASIA AND PACIFIC,FY20,0.0,0.0,0.0,0.0,0.0,2020,4,annual,0.0,0.0,country,0.0,0.0,0.0,0.0,0.0,0.0,0.0,0.0,0.0,0.0,0.0,,0.0,,0.0,0.0,False,,0.19539375928677563,0.0,limited
1905,Commitments,China,IDA,EAST ASIA AND PACIFIC,FY21,0.0,0.0,0.0,0.0,0.0,2021,4,annual,0.0,0.0,country,0.0,0.0,0.0,0.0,0.0,0.0,0.0,0.0,0.0,0.0,0.0,,0.0,,0.0,0.0,False,,0.19539375928677563,0.0,limited
540,Commitments,China,IDA,EAST ASIA AND PACIFIC,FY22,0.0,0.0,0.0,0.0,0.0,2022,4,annual,0.0,0.0,country,0.0,0.0,0.0,0.0,0.0,0.0,0.0,0.0,0.0,0.0,0.0,,0.0,,0.0,0.0,False,,0.19539375928677563,0.0,limited
2926,Commitments,China,IDA,EAST ASIA AND PACIFIC,FY23,0.0,0.0,0.0,0.0,0.0,2023,4,annual,0.0,0.0,country,0.0,0.0,0.0,0.0,0.0,0.0,0.0,0.0,0.0,0.0,0.0,,0.0,,0.0,0.0,False,,0.19539375928677563,0.0,limited
1848,Commitments,China,IDA,EAST ASIA AND PACIFIC,FY24,0.0,0.0,0.0,0.0,0.0,2024,4,annual,0.0,0.0,country,0.0,0.0,0.0,0.0,0.0,0.0,0.0,0.0,0.0,0.0,0.0,,0.0,,0.0,0.0,False,,0.19539375928677563,0.0,limited
1415,Commitments,China,IDA,EAST ASIA AND PACIFIC,FY25,0.0,0.0,0.0,0.0,0.0,2025,4,annual,0.0,0.0,country,0.0,0.0,0.0,0.0,0.0,0.0,0.0,0.0,0.0,0.0,0.0,,0.0,,0.0,0.0,False,,0.19539375928677563,0.0,limited
194,Commitments,China,IDA,EAST ASIA AND PACIFIC,2025-Q3,0.0,0.0,0.0,0.0,0.0,2025,3,quarterly,0.0,0.0,country,0.0,0.0,0.0,0.0,0.0,0.0,0.0,0.0,0.0,,,,,,0.0,0.0,False,,0.326271186440678,0.0,limited
1,Commitments,China,IDA,EAST ASIA AND PACIFIC,2026-Q3,0.0,0.0,0.0,0.0,0.0,2026,3,quarterly,0.0,0.0,country,0.0,0.0,0.0,0.0,0.0,0.0,0.0,0.0,0.0,0.0,0.0,,0.0,,0.0,0.0,False,,0.326271186440678,0.0,limited
1126,Gross Disbursements,China,IDA,EAST ASIA AND PACIFIC,FY16,0.0,0.0,0.0,0.0,0.0,2016,4,annual,0.0,0.0,country,0.0,0.0,0.0,0.0,0.0,0.0,0.0,0.0,0.0,,,,,,,0.0,False,,0.1094003241491086,0.0,limited
987,Gross Disbursements,China,IDA,EAST ASIA AND PACIFIC,FY17,0.0,0.0,0.0,0.0,0.0,2017,4,annual,0.0,0.0,country,0.0,0.0,0.0,0.0,0.0,0.0,0.0,0.0,0.0,0.0,0.0,,0.0,,,0.0,False,,0.1094003241491086,0.0,limited
3257,Gross Disbursements,China,IDA,EAST ASIA AND PACIFIC,FY19,0.0,0.0,0.0,0.0,0.0,2019,4,annual,0.0,0.0,country,0.0,0.0,0.0,0.0,0.0,0.0,0.0,0.0,0.0,0.0,0.0,,0.0,,0.0,0.0,False,,0.1094003241491086,0.0,limited
2132,Gross Disbursements,China,IDA,EAST ASIA AND PACIFIC,FY20,0.0,0.0,0.0,0.0,0.0,2020,4,annual,0.0,0.0,country,0.0,0.0,0.0,0.0,0.0,0.0,0.0,0.0,0.0,0.0,0.0,,0.0,,0.0,0.0,False,,0.1094003241491086,0.0,limited
670,Gross Disbursements,China,IDA,EAST ASIA AND PACIFIC,FY21,0.0,0.0,0.0,0.0,0.0,2021,4,annual,0.0,0.0,country,0.0,0.0,0.0,0.0,0.0,0.0,0.0,0.0,0.0,0.0,0.0,,0.0,,0.0,0.0,False,,0.1094003241491086,0.0,limited
423,Gross Disbursements,China,IDA,EAST ASIA AND PACIFIC,FY22,0.0,0.0,0.0,0.0,0.0,2022,4,annual,0.0,0.0,country,0.0,0.0,0.0,0.0,0.0,0.0,0.0,0.0,0.0,0.0,0.0,,0.0,,0.0,0.0,False,,0.1094003241491086,0.0,limited
2806,Gross Disbursements,China,IDA,EAST ASIA AND PACIFIC,FY23,0.0,0.0,0.0,0.0,0.0,2023,4,annual,0.0,0.0,country,0.0,0.0,0.0,0.0,0.0,0.0,0.0,0.0,0.0,0.0,0.0,,0.0,,0.0,0.0,False,,0.1094003241491086,0.0,limited
1728,Gross Disbursements,China,IDA,EAST ASIA AND PACIFIC,FY24,0.0,0.0,0.0,0.0,0.0,2024,4,annual,0.0,0.0,country,0.0,0.0,0.0,0.0,0.0,0.0,0.0,0.0,0.0,0.0,0.0,,0.0,,0.0,0.0,False,,0.1094003241491086,0.0,limited
1607,Gross Disbursements,China,IDA,EAST ASIA AND PACIFIC,FY25,0.0,0.0,0.0,0.0,0.0,2025,4,annual,0.0,0.0,country,0.0,0.0,0.0,0.0,0.0,0.0,0.0,0.0,0.0,0.0,0.0,,0.0,,0.0,0.0,False,,0.1094003241491086,0.0,limited
1292,Gross Disbursements,China,IDA,EAST ASIA AND PACIFIC,2025-Q3,0.0,0.0,0.0,0.0,0.0,2025,3,quarterly,0.0,0.0,country,0.0,0.0,0.0,0.0,0.0,0.0,0.0,0.0,0.0,,,,,,0.0,0.0,False,,0.15848214285714285,0.0,limited
1169,Gross Disbursements,China,IDA,EAST ASIA AND PACIFIC,2026-Q3,0.0,0.0,0.0,0.0,0.0,2026,3,quarterly,0.0,0.0,country,0.0,0.0,0.0,0.0,0.0,0.0,0.0,0.0,0.0,0.0,0.0,,0.0,,0.0,0.0,False,,0.15848214285714285,0.0,limited
3382,Commitments,Colombia,IDA,LATIN AMERICA AND CARIBBEAN,FY18,0.0,0.0,0.0,0.0,0.0,2018,4,annual,0.0,0.0,country,0.0,0.0,0.0,0.0,0.0,0.0,0.0,0.0,0.0,,,,,,0.0,,False,,0.19539375928677563,0.0,limited
3142,Commitments,Colombia,IDA,LATIN AMERICA AND CARIBBEAN,FY19,0.0,0.0,0.0,0.0,0.0,2019,4,annual,0.0,0.0,country,0.0,0.0,0.0,0.0,0.0,0.0,0.0,0.0,0.0,0.0,0.0,,0.0,,0.0,,False,,0.19539375928677563,0.0,limited
3015,Commitments,Colombia,IDA,LATIN AMERICA AND CARIBBEAN,FY20,0.0,0.0,0.0,0.0,0.0,2020,4,annual,0.0,0.0,country,0.0,0.0,0.0,0.0,0.0,0.0,0.0,0.0,0.0,0.0,0.0,,0.0,,0.0,,False,,0.19539375928677563,0.0,limited
1973,Commitments,Colombia,IDA,LATIN AMERICA AND CARIBBEAN,FY21,0.0,0.0,0.0,0.0,0.0,2021,4,annual,0.0,0.0,country,0.0,0.0,0.0,0.0,0.0,0.0,0.0,0.0,0.0,0.0,0.0,,0.0,,0.0,,False,,0.19539375928677563,0.0,limited
608,Commitments,Colombia,IDA,LATIN AMERICA AND CARIBBEAN,FY22,0.0,0.0,0.0,0.0,0.0,2022,4,annual,0.0,0.0,country,0.0,0.0,0.0,0.0,0.0,0.0,0.0,0.0,0.0,0.0,0.0,,0.0,,0.0,,False,,0.19539375928677563,0.0,limited
2994,Commitments,Colombia,IDA,LATIN AMERICA AND CARIBBEAN,FY23,0.0,0.0,0.0,0.0,0.0,2023,4,annual,0.0,0.0,country,0.0,0.0,0.0,0.0,0.0,0.0,0.0,0.0,0.0,0.0,0.0,,0.0,,0.0,,False,,0.19539375928677563,0.0,limited
2710,Commitments,Colombia,IDA,LATIN AMERICA AND CARIBBEAN,FY24,0.0,0.0,0.0,0.0,0.0,2024,4,annual,0.0,0.0,country,0.0,0.0,0.0,0.0,0.0,0.0,0.0,0.0,0.0,0.0,0.0,,0.0,,0.0,,False,,0.19539375928677563,0.0,limited
1511,Commitments,Colombia,IDA,LATIN AMERICA AND CARIBBEAN,FY25,0.0,0.0,0.0,0.0,0.0,2025,4,annual,0.0,0.0,country,0.0,0.0,0.0,0.0,0.0,0.0,0.0,0.0,0.0,0.0,0.0,,0.0,,0.0,,False,,0.19539375928677563,0.0,limited
291,Commitments,Colombia,IDA,LATIN AMERICA AND CARIBBEAN,2025-Q3,0.0,0.0,0.0,0.0,0.0,2025,3,quarterly,0.0,0.0,country,0.0,0.0,0.0,0.0,0.0,0.0,0.0,0.0,0.0,,,,,,0.0,,False,,0.326271186440678,0.0,limited
98,Commitments,Colombia,IDA,LATIN AMERICA AND CARIBBEAN,2026-Q3,0.0,0.0,0.0,0.0,0.0,2026,3,quarterly,0.0,0.0,country,0.0,0.0,0.0,0.0,0.0,0.0,0.0,0.0,0.0,0.0,0.0,,0.0,,0.0,,False,,0.326271186440678,0.0,limited
2466,Commitments,Comoros,IDA,AFRICA,FY14,4.0,31.0,0.0,0.0,34.0,2014,4,annual,35.0,-1.0,country,0.11764705882352941,1.6094379124341003,0.9117647058823529,3.4657359027997265,0.0,0.0,0.0,0.0,3.5553480614894135,,,,,,34.0,9.0,True,0.2647058823529412,0.4933135215453195,34.0,moderate
2297,Commitments,Comoros,IDA,AFRICA,FY15,3.0,16.0,0.0,0.0,19.0,2015,4,annual,19.0,0.0,country,0.15789473684210525,1.3862943611198906,0.8421052631578947,2.833213344056216,0.0,0.0,0.0,0.0,2.995732273553991,34.0,-15.0,-0.4411764705882353,34.0,-0.4411764705882353,19.0,7.0,True,0.3684210526315789,0.4416790490341753,19.0,moderate
1005,Commitments,Comoros,IDA,AFRICA,FY16,0.0,0.0,0.0,0.0,0.0,2016,4,annual,0.0,0.0,country,0.0,0.0,0.0,0.0,0.0,0.0,0.0,0.0,0.0,19.0,-19.0,-1.0,19.0,-1.0,0.0,7.0,False,,0.19539375928677563,0.0,limited
874,Commitments,Comoros,IDA,AFRICA,FY17,0.0,3.0,0.0,0.0,3.0,2017,4,annual,3.0,0.0,country,0.0,0.0,1.0,1.3862943611198906,0.0,0.0,0.0,0.0,1.3862943611198906,0.0,3.0,,0.0,,3.0,5.0,False,,0.39338781575037146,3.0,limited
3334,Commitments,Comoros,IDA,AFRICA,FY18,0.0,0.0,0.0,0.0,0.0,2018,4,annual,0.0,0.0,country,0.0,0.0,0.0,0.0,0.0,0.0,0.0,0.0,0.0,3.0,-3.0,-1.0,3.0,-1.0,0.0,20.0,False,,0.19539375928677563,0.0,limited
3076,Commitments,Comoros,IDA,AFRICA,FY19,0.0,35.0,0.0,0.0,35.0,2019,4,annual,35.0,0.0,country,0.0,0.0,1.0,3.58351893845611,0.0,0.0,0.0,0.0,3.58351893845611,0.0,35.0,,0.0,,35.0,7.0,True,0.2,0.49777117384843983,35.0,moderate
2203,Commitments,Comoros,IDA,AFRICA EAST,FY20,0.0,133.0,0.0,0.0,133.0,2020,4,annual,133.0,0.0,country,0.0,0.0,1.0,4.897839799950911,0.0,0.0,0.0,0.0,4.897839799950911,35.0,98.0,2.8,35.0,2.8,133.0,17.0,True,0.12781954887218044,0.6853640416047548,133.0,significant
1932,Commitments,Comoros,IDA,EASTERN AND SOUTHERN AFRICA,FY21,10.0,51.0,0.0,0.0,61.0,2021,4,annual,61.0,0.0,country,0.16393442622950818,2.3978952727983707,0.8360655737704918,3.9512437185814275,0.0,0.0,0.0,0.0,4.127134385045092,133.0,-72.0,-0.5413533834586466,133.0,-0.5413533834586466,61.0,37.0,True,0.6065573770491803,0.5534918276374443,61.0,moderate
567,Commitments,Comoros,IDA,EASTERN AND SOUTHERN AFRICA,FY22,0.0,85.0,0.0,0.0,85.0,2022,4,annual,85.0,0.0,country,0.0,0.0,1.0,4.454347296253507,0.0,0.0,0.0,0.0,4.454347296253507,61.0,24.0,0.39344262295081966,61.0,0.39344262295081966,85.0,29.0,True,0.3411764705882353,0.6095839524517088,85.0,moderate
2953,Commitments,Comoros,IDA,EASTERN AND SOUTHERN AFRICA,FY23,0.0,92.0,0.0,0.0,92.0,2023,4,annual,92.0,0.0,country,0.0,0.0,1.0,4.532599493153256,0.0,0.0,0.0,0.0,4.532599493153256,85.0,7.0,0.08235294117647059,85.0,0.08235294117647059,92.0,32.0,True,0.34782608695652173,0.6203566121842496,92.0,moderate
2634,Commitments,Comoros,IDA,EASTERN AND SOUTHERN AFRICA,FY24,20.0,20.0,0.0,0.0,40.0,2024,4,annual,40.0,0.0,country,0.5,3.044522437723423,0.5,3.044522437723423,0.0,0.0,0.0,0.0,3.713572066704308,92.0,-52.0,-0.5652173913043478,92.0,-0.5652173913043478,40.0,77.0,True,1.925,0.5092867756315007,40.0,moderate
1435,Commitments,Comoros,IDA,EASTERN AND SOUTHERN AFRICA,FY25,0.0,57.0,0.0,0.0,57.0,2025,4,annual,57.0,0.0,country,0.0,0.0,1.0,4.060443010546419,0.0,0.0,0.0,0.0,4.060443010546419,40.0,17.0,0.425,40.0,0.425,57.0,60.0,True,1.0526315789473684,0.5475482912332839,57.0,moderate
215,Commitments,Comoros,IDA,EASTERN AND SOUTHERN AFRICA,2025-Q3,0.0,25.0,0.0,0.0,25.0,2025,3,quarterly,25.0,0.0,country,0.0,0.0,1.0,3.258096538021482,0.0,0.0,0.0,0.0,3.258096538021482,,,,,,25.0,39.0,True,1.56,0.6765536723163842,25.0,moderate
22,Commitments,Comoros,IDA,EASTERN AND SOUTHERN AFRICA,2026-Q3,20.0,46.0,0.0,0.0,66.0,2026,3,quarterly,66.0,0.0,country,0.30303030303030304,3.044522437723423,0.696969696969697,3.8501476017100584,0.0,0.0,0.0,0.0,4.204692619390966,25.0,41.0,1.64,25.0,1.64,66.0,81.0,True,1.2272727272727273,0.7542372881355932,66.0,moderate
2545,Gross Disbursements,Comoros,IDA,AFRICA,FY14,4.0,5.0,0.0,0.0,9.0,2014,4,annual,9.0,0.0,country,0.4444444444444444,1.6094379124341003,0.5555555555555556,1.791759469228055,0.0,0.0,0.0,0.0,2.302585092994046,,,,,,34.0,9.0,True,0.2647058823529412,0.31685575364667745,9.0,limited
2377,Gross Disbursements,Comoros,IDA,AFRICA,FY15,3.0,4.0,0.0,0.0,7.0,2015,4,annual,7.0,0.0,country,0.42857142857142855,1.3862943611198906,0.5714285714285714,1.6094379124341003,0.0,0.0,0.0,0.0,2.0794415416798357,9.0,-2.0,-0.2222222222222222,9.0,-0.2222222222222222,19.0,7.0,True,0.3684210526315789,0.2925445705024311,7.0,limited
1088,Gross Disbursements,Comoros,IDA,AFRICA,FY16,0.0,7.0,0.0,0.0,7.0,2016,4,annual,7.0,0.0,country,0.0,0.0,1.0,2.0794415416798357,0.0,0.0,0.0,0.0,2.0794415416798357,7.0,0.0,0.0,7.0,0.0,0.0,7.0,False,,0.2925445705024311,7.0,limited
949,Gross Disbursements,Comoros,IDA,AFRICA,FY17,0.0,5.0,0.0,0.0,5.0,2017,4,annual,5.0,0.0,country,0.0,0.0,1.0,1.791759469228055,0.0,0.0,0.0,0.0,1.791759469228055,7.0,-2.0,-0.2857142857142857,7.0,-0.2857142857142857,3.0,5.0,False,,0.2706645056726094,5.0,limited
790,Gross Disbursements,Comoros,IDA,AFRICA,FY18,0.0,20.0,0.0,0.0,20.0,2018,4,annual,20.0,0.0,country,0.0,0.0,1.0,3.044522437723423,0.0,0.0,0.0,0.0,3.044522437723423,5.0,15.0,3.0,5.0,3.0,0.0,20.0,False,,0.406807131280389,20.0,moderate
3227,Gross Disbursements,Comoros,IDA,AFRICA,FY19,0.0,7.0,0.0,0.0,7.0,2019,4,annual,7.0,0.0,country,0.0,0.0,1.0,2.0794415416798357,0.0,0.0,0.0,0.0,2.0794415416798357,20.0,-13.0,-0.65,20.0,-0.65,35.0,7.0,True,0.2,0.2925445705024311,7.0,limited
2095,Gross Disbursements,Comoros,IDA,AFRICA EAST,FY20,0.0,17.0,0.0,0.0,17.0,2020,4,annual,17.0,0.0,country,0.0,0.0,1.0,2.8903717578961645,0.0,0.0,0.0,0.0,2.8903717578961645,7.0,10.0,1.4285714285714286,7.0,1.4285714285714286,133.0,17.0,True,0.12781954887218044,0.38492706645056723,17.0,moderate
692,Gross Disbursements,Comoros,IDA,EASTERN AND SOUTHERN AFRICA,FY21,11.0,26.0,0.0,0.0,37.0,2021,4,annual,37.0,0.0,country,0.2972972972972973,2.4849066497880004,0.7027027027027027,3.295836866004329,0.0,0.0,0.0,0.0,3.6375861597263857,17.0,20.0,1.1764705882352942,17.0,1.1764705882352942,61.0,37.0,True,0.6065573770491803,0.4914910858995138,37.0,moderate
445,Gross Disbursements,Comoros,IDA,EASTERN AND SOUTHERN AFRICA,FY22,0.0,29.0,0.0,0.0,29.0,2022,4,annual,29.0,0.0,country,0.0,0.0,1.0,3.4011973816621555,0.0,0.0,0.0,0.0,3.4011973816621555,37.0,-8.0,-0.21621621621621623,37.0,-0.21621621621621623,85.0,29.0,True,0.3411764705882353,0.45786061588330634,29.0,moderate
2829,Gross Disbursements,Comoros,IDA,EASTERN AND SOUTHERN AFRICA,FY23,0.0,32.0,0.0,0.0,32.0,2023,4,annual,32.0,0.0,country,0.0,0.0,1.0,3.4965075614664802,0.0,0.0,0.0,0.0,3.4965075614664802,29.0,3.0,0.10344827586206896,29.0,0.10344827586206896,92.0,32.0,True,0.34782608695652173,0.4712317666126418,32.0,moderate
1751,Gross Disbursements,Comoros,IDA,EASTERN AND SOUTHERN AFRICA,FY24,20.0,57.0,0.0,0.0,77.0,2024,4,annual,77.0,0.0,country,0.2597402597402597,3.044522437723423,0.7402597402597403,4.060443010546419,0.0,0.0,0.0,0.0,4.356708826689592,32.0,45.0,1.40625,32.0,1.40625,40.0,77.0,True,1.925,0.6142625607779578,77.0,moderate
1631,Gross Disbursements,Comoros,IDA,EASTERN AND SOUTHERN AFRICA,FY25,0.0,60.0,0.0,0.0,60.0,2025,4,annual,60.0,0.0,country,0.0,0.0,1.0,4.110873864173311,0.0,0.0,0.0,0.0,4.110873864173311,77.0,-17.0,-0.22077922077922077,77.0,-0.22077922077922077,57.0,60.0,True,1.0526315789473684,0.5786061588330632,60.0,moderate
1316,Gross Disbursements,Comoros,IDA,EASTERN AND SOUTHERN AFRICA,2025-Q3,0.0,39.0,0.0,0.0,39.0,2025,3,quarterly,39.0,0.0,country,0.0,0.0,1.0,3.6888794541139363,0.0,0.0,0.0,0.0,3.6888794541139363,,,,,,25.0,39.0,True,1.56,0.5,39.0,moderate
1193,Gross Disbursements,Comoros,IDA,EASTERN AND SOUTHERN AFRICA,2026-Q3,20.0,61.0,0.0,0.0,81.0,2026,3,quarterly,81.0,0.0,country,0.24691358024691357,3.044522437723423,0.7530864197530864,4.127134385045092,0.0,0.0,0.0,0.0,4.406719247264253,39.0,42.0,1.0769230769230769,39.0,1.0769230769230769,66.0,81.0,True,1.2272727272727273,0.6026785714285714,81.0,moderate
2467,Commitments,"Congo, Democratic Republic of",IDA,AFRICA,FY14,0.0,356.0,0.0,0.0,356.0,2014,4,annual,356.0,0.0,country,0.0,0.0,1.0,5.877735781779639,0.0,0.0,0.0,0.0,5.877735781779639,,,,,,356.0,531.0,True,1.4915730337078652,0.8079494799405647,356.0,significant
2298,Commitments,"Congo, Democratic Republic of",IDA,AFRICA,FY15,0.0,579.0,0.0,0.0,579.0,2015,4,annual,579.0,0.0,country,0.0,0.0,1.0,6.363028103540465,0.0,0.0,0.0,0.0,6.363028103540465,356.0,223.0,0.6264044943820225,356.0,0.6264044943820225,579.0,382.0,True,0.6597582037996546,0.861812778603269,579.0,major
1014,Commitments,"Congo, Democratic Republic of",IDA,AFRICA,FY16,0.0,600.0,0.0,0.0,600.0,2016,4,annual,600.0,0.0,country,0.0,0.0,1.0,6.398594934535208,0.0,0.0,0.0,0.0,6.398594934535208,579.0,21.0,0.03626943005181347,579.0,0.03626943005181347,600.0,366.0,True,0.61,0.8681277860326895,600.0,major
831,Commitments,"Congo, Democratic Republic of",IDA,AFRICA,FY17,0.0,525.0,0.0,0.0,525.0,2017,4,annual,525.0,0.0,country,0.0,0.0,1.0,6.26530121273771,0.0,0.0,0.0,0.0,6.26530121273771,600.0,-75.0,-0.125,600.0,-0.125,525.0,396.0,True,0.7542857142857143,0.8532689450222882,525.0,major
3281,Commitments,"Congo, Democratic Republic of",IDA,AFRICA,FY18,0.0,200.0,0.0,0.0,200.0,2018,4,annual,200.0,0.0,country,0.0,0.0,1.0,5.303304908059076,0.0,0.0,0.0,0.0,5.303304908059076,525.0,-325.0,-0.6190476190476191,525.0,-0.6190476190476191,200.0,375.0,True,1.875,0.7303120356612184,200.0,significant
3033,Commitments,"Congo, Democratic Republic of",IDA,AFRICA,FY19,0.0,812.0,0.0,0.0,812.0,2019,4,annual,812.0,0.0,country,0.0,0.0,1.0,6.70073110954781,0.0,0.0,0.0,0.0,6.70073110954781,200.0,612.0,3.06,200.0,3.06,812.0,458.0,True,0.5640394088669951,0.9160475482912332,812.0,major
2157,Commitments,"Congo, Democratic Republic of",IDA,AFRICA EAST,FY20,0.0,1642.0,0.0,0.0,1642.0,2020,4,annual,1642.0,0.0,country,0.0,0.0,1.0,7.404279118037268,0.0,0.0,0.0,0.0,7.404279118037268,812.0,830.0,1.022167487684729,812.0,1.022167487684729,1642.0,448.0,True,0.2728380024360536,0.9650817236255572,1642.0,major
1933,Commitments,"Congo, Democratic Republic of",IDA,EASTERN AND SOUTHERN AFRICA,FY21,0.0,1450.0,0.0,0.0,1450.0,2021,4,annual,1450.0,0.0,country,0.0,0.0,1.0,7.280008252884188,0.0,0.0,0.0,0.0,7.280008252884188,1642.0,-192.0,-0.11693057247259439,1642.0,-0.11693057247259439,1450.0,681.0,True,0.4696551724137931,0.9569093610698366,1450.0,major
568,Commitments,"Congo, Democratic Republic of",IDA,EASTERN AND SOUTHERN AFRICA,FY22,250.0,1875.0,0.0,0.0,2125.0,2022,4,annual,2125.0,0.0,country,0.11764705882352941,5.5254529391317835,0.8823529411764706,7.53689712956617,0.0,0.0,0.0,0.0,7.661997558901893,1450.0,675.0,0.46551724137931033,1450.0,0.46551724137931033,2125.0,788.0,True,0.3708235294117647,0.9806835066864784,2125.0,major
2954,Commitments,"Congo, Democratic Republic of",IDA,EASTERN AND SOUTHERN AFRICA,FY23,500.0,1440.0,0.0,0.0,1940.0,2023,4,annual,1940.0,0.0,country,0.25773195876288657,6.2166061010848646,0.7422680412371134,7.273092595999522,0.0,0.0,0.0,0.0,7.57095858316901,2125.0,-185.0,-0.08705882352941176,2125.0,-0.08705882352941176,1940.0,1611.0,True,0.8304123711340207,0.9784546805349182,1940.0,major
2635,Commitments,"Congo, Democratic Republic of",IDA,EASTERN AND SOUTHERN AFRICA,FY24,0.0,650.0,0.0,0.0,650.0,2024,4,annual,650.0,0.0,country,0.0,0.0,1.0,6.478509642208569,0.0,0.0,0.0,0.0,6.478509642208569,1940.0,-1290.0,-0.6649484536082474,1940.0,-0.6649484536082474,650.0,811.0,True,1.2476923076923077,0.8833580980683506,650.0,major
1436,Commitments,"Congo, Democratic Republic of",IDA,EASTERN AND SOUTHERN AFRICA,FY25,600.0,890.0,0.0,0.0,1490.0,2025,4,annual,1490.0,0.0,country,0.40268456375838924,6.398594934535208,0.5973154362416108,6.792344427470809,0.0,0.0,0.0,0.0,7.307202314764738,650.0,840.0,1.2923076923076924,650.0,1.2923076923076924,1490.0,1473.0,True,0.9885906040268456,0.9591381872213968,1490.0,major
216,Commitments,"Congo, Democratic Republic of",IDA,EASTERN AND SOUTHERN AFRICA,2025-Q3,0.0,0.0,0.0,0.0,0.0,2025,3,quarterly,0.0,0.0,country,0.0,0.0,0.0,0.0,0.0,0.0,0.0,0.0,0.0,,,,,,0.0,360.0,False,,0.326271186440678,0.0,limited
23,Commitments,"Congo, Democratic Republic of",IDA,EASTERN AND SOUTHERN AFRICA,2026-Q3,0.0,550.0,0.0,0.0,550.0,2026,3,quarterly,550.0,0.0,country,0.0,0.0,1.0,6.311734809152915,0.0,0.0,0.0,0.0,6.311734809152915,0.0,550.0,,0.0,,550.0,398.0,True,0.7236363636363636,0.9576271186440678,550.0,major
2546,Gross Disbursements,"Congo, Democratic Republic of",IDA,AFRICA,FY14,0.0,531.0,0.0,0.0,531.0,2014,4,annual,531.0,0.0,country,0.0,0.0,1.0,6.2766434893416445,0.0,0.0,0.0,0.0,6.2766434893416445,,,,,,356.0,531.0,True,1.4915730337078652,0.899513776337115,531.0,major
2378,Gross Disbursements,"Congo, Democratic Republic of",IDA,AFRICA,FY15,0.0,382.0,0.0,0.0,382.0,2015,4,annual,382.0,0.0,country,0.0,0.0,1.0,5.948034989180646,0.0,0.0,0.0,0.0,5.948034989180646,531.0,-149.0,-0.2806026365348399,531.0,-0.2806026365348399,579.0,382.0,True,0.6597582037996546,0.846839546191248,382.0,significant
1089,Gross Disbursements,"Congo, Democratic Republic of",IDA,AFRICA,FY16,0.0,366.0,0.0,0.0,366.0,2016,4,annual,366.0,0.0,country,0.0,0.0,1.0,5.905361848054571,0.0,0.0,0.0,0.0,5.905361848054571,382.0,-16.0,-0.041884816753926704,382.0,-0.041884816753926704,600.0,366.0,True,0.61,0.8415721231766613,366.0,significant
899,Gross Disbursements,"Congo, Democratic Republic of",IDA,AFRICA,FY17,0.0,396.0,0.0,0.0,396.0,2017,4,annual,396.0,0.0,country,0.0,0.0,1.0,5.983936280687191,0.0,0.0,0.0,0.0,5.983936280687191,366.0,30.0,0.08196721311475409,366.0,0.08196721311475409,525.0,396.0,True,0.7542857142857143,0.8517017828200972,396.0,significant
3407,Gross Disbursements,"Congo, Democratic Republic of",IDA,AFRICA,FY18,0.0,375.0,0.0,0.0,375.0,2018,4,annual,375.0,0.0,country,0.0,0.0,1.0,5.929589143389895,0.0,0.0,0.0,0.0,5.929589143389895,396.0,-21.0,-0.05303030303030303,396.0,-0.05303030303030303,200.0,375.0,True,1.875,0.8444084278768234,375.0,significant
3171,Gross Disbursements,"Congo, Democratic Republic of",IDA,AFRICA,FY19,0.0,458.0,0.0,0.0,458.0,2019,4,annual,458.0,0.0,country,0.0,0.0,1.0,6.129050210060545,0.0,0.0,0.0,0.0,6.129050210060545,375.0,83.0,0.22133333333333333,375.0,0.22133333333333333,812.0,458.0,True,0.5640394088669951,0.8715559157212318,458.0,significant
2044,Gross Disbursements,"Congo, Democratic Republic of",IDA,AFRICA EAST,FY20,0.0,448.0,0.0,0.0,448.0,2020,4,annual,448.0,0.0,country,0.0,0.0,1.0,6.1070228877422545,0.0,0.0,0.0,0.0,6.1070228877422545,458.0,-10.0,-0.021834061135371178,458.0,-0.021834061135371178,1642.0,448.0,True,0.2728380024360536,0.8666936790923825,448.0,significant
693,Gross Disbursements,"Congo, Democratic Republic of",IDA,EASTERN AND SOUTHERN AFRICA,FY21,0.0,681.0,0.0,0.0,681.0,2021,4,annual,681.0,0.0,country,0.0,0.0,1.0,6.525029657843462,0.0,0.0,0.0,0.0,6.525029657843462,448.0,233.0,0.5200892857142857,448.0,0.5200892857142857,1450.0,681.0,True,0.4696551724137931,0.9213938411669368,681.0,major
446,Gross Disbursements,"Congo, Democratic Republic of",IDA,EASTERN AND SOUTHERN AFRICA,FY22,0.0,788.0,0.0,0.0,788.0,2022,4,annual,788.0,0.0,country,0.0,0.0,1.0,6.670766320845874,0.0,0.0,0.0,0.0,6.670766320845874,681.0,107.0,0.15712187958883994,681.0,0.15712187958883994,2125.0,788.0,True,0.3708235294117647,0.9351701782820098,788.0,major
2830,Gross Disbursements,"Congo, Democratic Republic of",IDA,EASTERN AND SOUTHERN AFRICA,FY23,743.0,868.0,0.0,0.0,1611.0,2023,4,annual,1611.0,0.0,country,0.4612042209807573,6.612041034833092,0.5387957790192427,6.767343125265392,0.0,0.0,0.0,0.0,7.385230923066573,788.0,823.0,1.0444162436548223,788.0,1.0444162436548223,1940.0,1611.0,True,0.8304123711340207,0.9854132901134521,1611.0,major
1752,Gross Disbursements,"Congo, Democratic Republic of",IDA,EASTERN AND SOUTHERN AFRICA,FY24,0.0,811.0,0.0,0.0,811.0,2024,4,annual,811.0,0.0,country,0.0,0.0,1.0,6.699500340161678,0.0,0.0,0.0,0.0,6.699500340161678,1611.0,-800.0,-0.4965859714463066,1611.0,-0.4965859714463066,650.0,811.0,True,1.2476923076923077,0.9392220421393841,811.0,major
1632,Gross Disbursements,"Congo, Democratic Republic of",IDA,EASTERN AND SOUTHERN AFRICA,FY25,600.0,873.0,0.0,0.0,1473.0,2025,4,annual,1473.0,0.0,country,0.4073319755600815,6.398594934535208,0.5926680244399185,6.773080375655535,0.0,0.0,0.0,0.0,7.295735072749282,811.0,662.0,0.8162762022194822,811.0,0.8162762022194822,1490.0,1473.0,True,0.9885906040268456,0.979740680713128,1473.0,major
1317,Gross Disbursements,"Congo, Democratic Republic of",IDA,EASTERN AND SOUTHERN AFRICA,2025-Q3,0.0,360.0,0.0,0.0,360.0,2025,3,quarterly,360.0,0.0,country,0.0,0.0,1.0,5.8888779583328805,0.0,0.0,0.0,0.0,5.8888779583328805,,,,,,0.0,360.0,False,,0.859375,360.0,significant
1194,Gross Disbursements,"Congo, Democratic Republic of",IDA,EASTERN AND SOUTHERN AFRICA,2026-Q3,0.0,398.0,0.0,0.0,398.0,2026,3,quarterly,398.0,0.0,country,0.0,0.0,1.0,5.988961416889864,0.0,0.0,0.0,0.0,5.988961416889864,360.0,38.0,0.10555555555555556,360.0,0.10555555555555556,550.0,398.0,True,0.7236363636363636,0.8839285714285714,398.0,significant
2468,Commitments,"Congo, Republic of",IDA,AFRICA,FY14,0.0,29.0,0.0,0.0,29.0,2014,4,annual,29.0,0.0,country,0.0,0.0,1.0,3.4011973816621555,0.0,0.0,0.0,0.0,3.4011973816621555,,,,,,29.0,17.0,True,0.5862068965517241,0.47585438335809804,29.0,moderate
2299,Commitments,"Congo, Republic of",IDA,AFRICA,FY15,0.0,15.0,0.0,0.0,15.0,2015,4,annual,15.0,0.0,country,0.0,0.0,1.0,2.772588722239781,0.0,0.0,0.0,0.0,2.772588722239781,29.0,-14.0,-0.4827586206896552,29.0,-0.4827586206896552,15.0,11.0,True,0.7333333333333333,0.425334323922734,15.0,moderate
1015,Commitments,"Congo, Republic of",IDA,AFRICA,FY16,0.0,30.0,0.0,0.0,30.0,2016,4,annual,30.0,0.0,country,0.0,0.0,1.0,3.4339872044851463,0.0,0.0,0.0,0.0,3.4339872044851463,15.0,15.0,1.0,15.0,1.0,30.0,13.0,True,0.43333333333333335,0.48068350668647847,30.0,moderate
842,Commitments,"Congo, Republic of",IDA,AFRICA,FY17,0.0,55.0,0.0,0.0,55.0,2017,4,annual,55.0,0.0,country,0.0,0.0,1.0,4.02535169073515,0.0,0.0,0.0,0.0,4.02535169073515,30.0,25.0,0.8333333333333334,30.0,0.8333333333333334,55.0,10.0,True,0.18181818181818182,0.5453194650817236,55.0,moderate
3340,Commitments,"Congo, Republic of",IDA,AFRICA,FY18,0.0,100.0,0.0,0.0,100.0,2018,4,annual,100.0,0.0,country,0.0,0.0,1.0,4.61512051684126,0.0,0.0,0.0,0.0,4.61512051684126,55.0,45.0,0.8181818181818182,55.0,0.8181818181818182,100.0,30.0,True,0.3,0.6404160475482912,100.0,moderate
3088,Commitments,"Congo, Republic of",IDA,AFRICA,FY19,0.0,22.0,0.0,0.0,22.0,2019,4,annual,22.0,0.0,country,0.0,0.0,1.0,3.1354942159291497,0.0,0.0,0.0,0.0,3.1354942159291497,100.0,-78.0,-0.78,100.0,-0.78,22.0,29.0,True,1.3181818181818181,0.45579494799405645,22.0,moderate
2202,Commitments,"Congo, Republic of",IDA,AFRICA WEST,FY20,0.0,76.0,0.0,0.0,76.0,2020,4,annual,76.0,0.0,country,0.0,0.0,1.0,4.343805421853684,0.0,0.0,0.0,0.0,4.343805421853684,22.0,54.0,2.4545454545454546,22.0,2.4545454545454546,76.0,36.0,True,0.47368421052631576,0.5884101040118871,76.0,moderate
2018,Commitments,"Congo, Republic of",IDA,WESTERN AND CENTRAL AFRICA,FY21,0.0,77.0,0.0,0.0,77.0,2021,4,annual,77.0,0.0,country,0.0,0.0,1.0,4.356708826689592,0.0,0.0,0.0,0.0,4.356708826689592,76.0,1.0,0.013157894736842105,76.0,0.013157894736842105,77.0,76.0,True,0.987012987012987,0.5924962852897474,77.0,moderate
653,Commitments,"Congo, Republic of",IDA,WESTERN AND CENTRAL AFRICA,FY22,0.0,123.0,0.0,0.0,123.0,2022,4,annual,123.0,0.0,country,0.0,0.0,1.0,4.820281565605037,0.0,0.0,0.0,0.0,4.820281565605037,77.0,46.0,0.5974025974025974,77.0,0.5974025974025974,123.0,54.0,True,0.43902439024390244,0.6701337295690936,123.0,significant
406,Commitments,"Congo, Republic of",IDA,WESTERN AND CENTRAL AFRICA,FY23,50.0,90.0,0.0,25.0,165.0,2023,4,annual,165.0,0.0,country,0.30303030303030304,3.9318256327243257,0.5454545454545454,4.51085950651685,0.0,0.0,0.15151515151515152,3.258096538021482,5.111987788356544,123.0,42.0,0.34146341463414637,123.0,0.34146341463414637,165.0,143.0,True,0.8666666666666667,0.7095096582466568,165.0,significant
2756,Commitments,"Congo, Republic of",IDA,WESTERN AND CENTRAL AFRICA,FY24,45.0,110.0,0.0,80.0,235.0,2024,4,annual,235.0,0.0,country,0.19148936170212766,3.828641396489095,0.46808510638297873,4.709530201312334,0.0,0.0,0.3404255319148936,4.394449154672439,5.4638318050256105,165.0,70.0,0.42424242424242425,165.0,0.42424242424242425,235.0,120.0,True,0.5106382978723404,0.7511144130757801,235.0,significant
1557,Commitments,"Congo, Republic of",IDA,WESTERN AND CENTRAL AFRICA,FY25,61.0,0.0,0.0,0.0,61.0,2025,4,annual,61.0,0.0,country,1.0,4.127134385045092,0.0,0.0,0.0,0.0,0.0,0.0,4.127134385045092,235.0,-174.0,-0.7404255319148936,235.0,-0.7404255319148936,61.0,56.0,True,0.9180327868852459,0.5534918276374443,61.0,moderate
337,Commitments,"Congo, Republic of",IDA,WESTERN AND CENTRAL AFRICA,2025-Q3,-1.0,0.0,0.0,0.0,-1.0,2025,3,quarterly,-1.0,0.0,country,1.0,0.0,-0.0,0.0,-0.0,0.0,-0.0,0.0,0.0,,,,,,-1.0,14.0,False,,0.00847457627118644,1.0,limited
144,Commitments,"Congo, Republic of",IDA,WESTERN AND CENTRAL AFRICA,2026-Q3,0.0,180.0,0.0,0.0,180.0,2026,3,quarterly,180.0,0.0,country,0.0,0.0,1.0,5.198497031265826,0.0,0.0,0.0,0.0,5.198497031265826,-1.0,181.0,181.0,-1.0,181.0,180.0,107.0,True,0.5944444444444444,0.8573446327683616,180.0,significant
2547,Gross Disbursements,"Congo, Republic of",IDA,AFRICA,FY14,0.0,17.0,0.0,0.0,17.0,2014,4,annual,17.0,0.0,country,0.0,0.0,1.0,2.8903717578961645,0.0,0.0,0.0,0.0,2.8903717578961645,,,,,,29.0,17.0,True,0.5862068965517241,0.38492706645056723,17.0,moderate
2379,Gross Disbursements,"Congo, Republic of",IDA,AFRICA,FY15,0.0,11.0,0.0,0.0,11.0,2015,4,annual,11.0,0.0,country,0.0,0.0,1.0,2.4849066497880004,0.0,0.0,0.0,0.0,2.4849066497880004,17.0,-6.0,-0.35294117647058826,17.0,-0.35294117647058826,15.0,11.0,True,0.7333333333333333,0.33833063209076175,11.0,moderate
1090,Gross Disbursements,"Congo, Republic of",IDA,AFRICA,FY16,0.0,13.0,0.0,0.0,13.0,2016,4,annual,13.0,0.0,country,0.0,0.0,1.0,2.6390573296152584,0.0,0.0,0.0,0.0,2.6390573296152584,11.0,2.0,0.18181818181818182,11.0,0.18181818181818182,30.0,13.0,True,0.43333333333333335,0.35615883306320906,13.0,moderate
942,Gross Disbursements,"Congo, Republic of",IDA,AFRICA,FY17,0.0,10.0,0.0,0.0,10.0,2017,4,annual,10.0,0.0,country,0.0,0.0,1.0,2.3978952727983707,0.0,0.0,0.0,0.0,2.3978952727983707,13.0,-3.0,-0.23076923076923078,13.0,-0.23076923076923078,55.0,10.0,True,0.18181818181818182,0.3286061588330632,10.0,limited
772,Gross Disbursements,"Congo, Republic of",IDA,AFRICA,FY18,0.0,30.0,0.0,0.0,30.0,2018,4,annual,30.0,0.0,country,0.0,0.0,1.0,3.4339872044851463,0.0,0.0,0.0,0.0,3.4339872044851463,10.0,20.0,2.0,10.0,2.0,100.0,30.0,True,0.3,0.46312803889789306,30.0,moderate
3214,Gross Disbursements,"Congo, Republic of",IDA,AFRICA,FY19,0.0,29.0,0.0,0.0,29.0,2019,4,annual,29.0,0.0,country,0.0,0.0,1.0,3.4011973816621555,0.0,0.0,0.0,0.0,3.4011973816621555,30.0,-1.0,-0.03333333333333333,30.0,-0.03333333333333333,22.0,29.0,True,1.3181818181818181,0.45786061588330634,29.0,moderate
2081,Gross Disbursements,"Congo, Republic of",IDA,AFRICA WEST,FY20,0.0,36.0,0.0,0.0,36.0,2020,4,annual,36.0,0.0,country,0.0,0.0,1.0,3.6109179126442243,0.0,0.0,0.0,0.0,3.6109179126442243,29.0,7.0,0.2413793103448276,29.0,0.2413793103448276,76.0,36.0,True,0.47368421052631576,0.4878444084278768,36.0,moderate
1888,Gross Disbursements,"Congo, Republic of",IDA,WESTERN AND CENTRAL AFRICA,FY21,0.0,76.0,0.0,0.0,76.0,2021,4,annual,76.0,0.0,country,0.0,0.0,1.0,4.343805421853684,0.0,0.0,0.0,0.0,4.343805421853684,36.0,40.0,1.1111111111111112,36.0,1.1111111111111112,77.0,76.0,True,0.987012987012987,0.6114262560777958,76.0,moderate
523,Gross Disbursements,"Congo, Republic of",IDA,WESTERN AND CENTRAL AFRICA,FY22,0.0,54.0,0.0,0.0,54.0,2022,4,annual,54.0,0.0,country,0.0,0.0,1.0,4.007333185232471,0.0,0.0,0.0,0.0,4.007333185232471,76.0,-22.0,-0.2894736842105263,76.0,-0.2894736842105263,123.0,54.0,True,0.43902439024390244,0.5494327390599676,54.0,moderate
2909,Gross Disbursements,"Congo, Republic of",IDA,WESTERN AND CENTRAL AFRICA,FY23,54.0,89.0,0.0,0.0,143.0,2023,4,annual,143.0,0.0,country,0.3776223776223776,4.007333185232471,0.6223776223776224,4.499809670330265,0.0,0.0,0.0,0.0,4.969813299576001,54.0,89.0,1.6481481481481481,54.0,1.6481481481481481,165.0,143.0,True,0.8666666666666667,0.7123176661264181,143.0,significant
1831,Gross Disbursements,"Congo, Republic of",IDA,WESTERN AND CENTRAL AFRICA,FY24,46.0,70.0,0.0,4.0,120.0,2024,4,annual,120.0,0.0,country,0.38333333333333336,3.8501476017100584,0.5833333333333334,4.2626798770413155,0.0,0.0,0.03333333333333333,1.6094379124341003,4.795790545596741,143.0,-23.0,-0.16083916083916083,143.0,-0.16083916083916083,235.0,120.0,True,0.5106382978723404,0.6815235008103727,120.0,significant
1711,Gross Disbursements,"Congo, Republic of",IDA,WESTERN AND CENTRAL AFRICA,FY25,0.0,52.0,0.0,4.0,56.0,2025,4,annual,56.0,0.0,country,0.0,0.0,0.9285714285714286,3.970291913552122,0.0,0.0,0.07142857142857142,1.6094379124341003,4.04305126783455,120.0,-64.0,-0.5333333333333333,120.0,-0.5333333333333333,61.0,56.0,True,0.9180327868852459,0.5575364667747164,56.0,moderate
1396,Gross Disbursements,"Congo, Republic of",IDA,WESTERN AND CENTRAL AFRICA,2025-Q3,0.0,13.0,0.0,1.0,14.0,2025,3,quarterly,14.0,0.0,country,0.0,0.0,0.9285714285714286,2.6390573296152584,0.0,0.0,0.07142857142857142,0.6931471805599453,2.70805020110221,,,,,,-1.0,14.0,False,,0.38392857142857145,14.0,moderate
1273,Gross Disbursements,"Congo, Republic of",IDA,WESTERN AND CENTRAL AFRICA,2026-Q3,62.0,21.0,0.0,24.0,107.0,2026,3,quarterly,107.0,0.0,country,0.5794392523364486,4.143134726391533,0.19626168224299065,3.091042453358316,0.0,0.0,0.22429906542056074,3.2188758248682006,4.68213122712422,14.0,93.0,6.642857142857143,14.0,6.642857142857143,180.0,107.0,True,0.5944444444444444,0.65625,107.0,significant
3383,Commitments,Costa Rica,IDA,LATIN AMERICA AND CARIBBEAN,FY18,0.0,0.0,0.0,0.0,0.0,2018,4,annual,0.0,0.0,country,0.0,0.0,0.0,0.0,0.0,0.0,0.0,0.0,0.0,,,,,,0.0,,False,,0.19539375928677563,0.0,limited
3143,Commitments,Costa Rica,IDA,LATIN AMERICA AND CARIBBEAN,FY19,0.0,0.0,0.0,0.0,0.0,2019,4,annual,0.0,0.0,country,0.0,0.0,0.0,0.0,0.0,0.0,0.0,0.0,0.0,0.0,0.0,,0.0,,0.0,,False,,0.19539375928677563,0.0,limited
3016,Commitments,Costa Rica,IDA,LATIN AMERICA AND CARIBBEAN,FY20,0.0,0.0,0.0,0.0,0.0,2020,4,annual,0.0,0.0,country,0.0,0.0,0.0,0.0,0.0,0.0,0.0,0.0,0.0,0.0,0.0,,0.0,,0.0,,False,,0.19539375928677563,0.0,limited
1974,Commitments,Costa Rica,IDA,LATIN AMERICA AND CARIBBEAN,FY21,0.0,0.0,0.0,0.0,0.0,2021,4,annual,0.0,0.0,country,0.0,0.0,0.0,0.0,0.0,0.0,0.0,0.0,0.0,0.0,0.0,,0.0,,0.0,,False,,0.19539375928677563,0.0,limited
609,Commitments,Costa Rica,IDA,LATIN AMERICA AND CARIBBEAN,FY22,0.0,0.0,0.0,0.0,0.0,2022,4,annual,0.0,0.0,country,0.0,0.0,0.0,0.0,0.0,0.0,0.0,0.0,0.0,0.0,0.0,,0.0,,0.0,,False,,0.19539375928677563,0.0,limited
2995,Commitments,Costa Rica,IDA,LATIN AMERICA AND CARIBBEAN,FY23,0.0,0.0,0.0,0.0,0.0,2023,4,annual,0.0,0.0,country,0.0,0.0,0.0,0.0,0.0,0.0,0.0,0.0,0.0,0.0,0.0,,0.0,,0.0,,False,,0.19539375928677563,0.0,limited
2711,Commitments,Costa Rica,IDA,LATIN AMERICA AND CARIBBEAN,FY24,0.0,0.0,0.0,0.0,0.0,2024,4,annual,0.0,0.0,country,0.0,0.0,0.0,0.0,0.0,0.0,0.0,0.0,0.0,0.0,0.0,,0.0,,0.0,,False,,0.19539375928677563,0.0,limited
1512,Commitments,Costa Rica,IDA,LATIN AMERICA AND CARIBBEAN,FY25,0.0,0.0,0.0,0.0,0.0,2025,4,annual,0.0,0.0,country,0.0,0.0,0.0,0.0,0.0,0.0,0.0,0.0,0.0,0.0,0.0,,0.0,,0.0,,False,,0.19539375928677563,0.0,limited
292,Commitments,Costa Rica,IDA,LATIN AMERICA AND CARIBBEAN,2025-Q3,0.0,0.0,0.0,0.0,0.0,2025,3,quarterly,0.0,0.0,country,0.0,0.0,0.0,0.0,0.0,0.0,0.0,0.0,0.0,,,,,,0.0,,False,,0.326271186440678,0.0,limited
99,Commitments,Costa Rica,IDA,LATIN AMERICA AND CARIBBEAN,2026-Q3,0.0,0.0,0.0,0.0,0.0,2026,3,quarterly,0.0,0.0,country,0.0,0.0,0.0,0.0,0.0,0.0,0.0,0.0,0.0,0.0,0.0,,0.0,,0.0,,False,,0.326271186440678,0.0,limited
2469,Commitments,Cote d'Ivoire,IDA,AFRICA,FY14,50.0,85.0,0.0,0.0,135.0,2014,4,annual,135.0,0.0,country,0.37037037037037035,3.9318256327243257,0.6296296296296297,4.454347296253507,0.0,0.0,0.0,0.0,4.912654885736052,,,,,,135.0,142.0,True,1.0518518518518518,0.686849925705795,135.0,significant
2300,Commitments,Cote d'Ivoire,IDA,AFRICA,FY15,120.0,200.0,0.0,0.0,320.0,2015,4,annual,320.0,0.0,country,0.375,4.795790545596741,0.625,5.303304908059076,0.0,0.0,0.0,0.0,5.771441123130016,135.0,185.0,1.3703703703703705,135.0,1.3703703703703705,320.0,187.0,True,0.584375,0.788261515601783,320.0,significant
1016,Commitments,Cote d'Ivoire,IDA,AFRICA,FY16,100.0,15.0,0.0,0.0,115.0,2016,4,annual,115.0,0.0,country,0.8695652173913043,4.61512051684126,0.13043478260869565,2.772588722239781,0.0,0.0,0.0,0.0,4.7535901911063645,320.0,-205.0,-0.640625,320.0,-0.640625,115.0,235.0,True,2.0434782608695654,0.6593610698365527,115.0,significant
812,Commitments,Cote d'Ivoire,IDA,AFRICA,FY17,125.0,585.0,0.0,0.0,710.0,2017,4,annual,710.0,0.0,country,0.176056338028169,4.836281906951478,0.823943661971831,6.373319789577012,0.0,0.0,0.0,0.0,6.566672429803241,115.0,595.0,5.173913043478261,115.0,5.173913043478261,710.0,200.0,True,0.28169014084507044,0.8933878157503715,710.0,major
3279,Commitments,Cote d'Ivoire,IDA,AFRICA,FY18,125.0,862.0,0.0,0.0,987.0,2018,4,annual,987.0,0.0,country,0.12664640324214793,4.836281906951478,0.8733535967578521,6.760414691083428,0.0,0.0,0.0,0.0,6.895682697747868,710.0,277.0,0.3901408450704225,710.0,0.3901408450704225,987.0,265.0,True,0.2684903748733536,0.9346210995542348,987.0,major
3046,Commitments,Cote d'Ivoire,IDA,AFRICA,FY19,100.0,850.0,0.0,100.0,1050.0,2019,4,annual,1050.0,0.0,country,0.09523809523809523,4.61512051684126,0.8095238095238095,6.7464121285733745,0.0,0.0,0.09523809523809523,4.61512051684126,6.957497370876951,987.0,63.0,0.06382978723404255,987.0,0.06382978723404255,1050.0,289.0,True,0.2752380952380952,0.9405646359583952,1050.0,major
2163,Commitments,Cote d'Ivoire,IDA,AFRICA WEST,FY20,200.0,464.0,0.0,0.0,664.0,2020,4,annual,664.0,0.0,country,0.30120481927710846,5.303304908059076,0.6987951807228916,6.142037405587356,0.0,0.0,0.0,0.0,6.499787040655854,1050.0,-386.0,-0.3676190476190476,1050.0,-0.3676190476190476,664.0,456.0,True,0.6867469879518072,0.8855869242199108,664.0,major
2019,Commitments,Cote d'Ivoire,IDA,WESTERN AND CENTRAL AFRICA,FY21,370.0,620.0,0.0,0.0,990.0,2021,4,annual,990.0,0.0,country,0.37373737373737376,5.916202062607435,0.6262626262626263,6.431331081933479,0.0,0.0,0.0,0.0,6.898714534329988,664.0,326.0,0.49096385542168675,664.0,0.49096385542168675,990.0,704.0,True,0.7111111111111111,0.9353640416047548,990.0,major
654,Commitments,Cote d'Ivoire,IDA,WESTERN AND CENTRAL AFRICA,FY22,0.0,520.0,0.0,310.0,830.0,2022,4,annual,830.0,0.0,country,0.0,0.0,0.6265060240963856,6.255750041753367,0.0,0.0,0.37349397590361444,5.739792912179234,6.7226297948554485,990.0,-160.0,-0.16161616161616163,990.0,-0.16161616161616163,830.0,406.0,True,0.4891566265060241,0.9190193164933135,830.0,major
407,Commitments,Cote d'Ivoire,IDA,WESTERN AND CENTRAL AFRICA,FY23,400.0,800.0,0.0,650.0,1850.0,2023,4,annual,1850.0,0.0,country,0.21621621621621623,5.993961427306569,0.43243243243243246,6.68586094706836,0.0,0.0,0.35135135135135137,6.478509642208569,7.523481312573497,830.0,1020.0,1.2289156626506024,830.0,1.2289156626506024,1850.0,959.0,True,0.5183783783783784,0.9739970282317979,1850.0,major
2757,Commitments,Cote d'Ivoire,IDA,WESTERN AND CENTRAL AFRICA,FY24,300.0,257.0,0.0,200.0,757.0,2024,4,annual,757.0,0.0,country,0.3963011889035667,5.707110264748875,0.3394980184940555,5.552959584921617,0.0,0.0,0.26420079260237783,5.303304908059076,6.630683385642372,1850.0,-1093.0,-0.5908108108108108,1850.0,-0.5908108108108108,757.0,1003.0,True,1.3249669749009247,0.9011887072808321,757.0,major
1558,Commitments,Cote d'Ivoire,IDA,WESTERN AND CENTRAL AFRICA,FY25,311.0,194.0,0.0,0.0,505.0,2025,4,annual,505.0,0.0,country,0.6158415841584158,5.7430031878094825,0.38415841584158417,5.272999558563747,0.0,0.0,0.0,0.0,6.226536669287466,757.0,-252.0,-0.332892998678996,757.0,-0.332892998678996,505.0,1277.0,True,2.5287128712871287,0.8462109955423477,505.0,major
338,Commitments,Cote d'Ivoire,IDA,WESTERN AND CENTRAL AFRICA,2025-Q3,311.0,109.0,0.0,0.0,420.0,2025,3,quarterly,420.0,0.0,country,0.7404761904761905,5.7430031878094825,0.25952380952380955,4.700480365792417,0.0,0.0,0.0,0.0,6.042632833682381,,,,,,420.0,724.51,True,1.7250238095238095,0.9350282485875706,420.0,significant
145,Commitments,Cote d'Ivoire,IDA,WESTERN AND CENTRAL AFRICA,2026-Q3,0.12,150.0,0.0,0.0,150.12,2026,3,quarterly,150.12,0.0,country,0.0007993605115907274,0.11332868530700317,0.9992006394884092,5.017279836814924,0.0,0.0,0.0,0.0,5.0180742231932545,420.0,-269.88,-0.6425714285714286,420.0,-0.6425714285714286,150.12,358.0,True,2.3847588595790032,0.847457627118644,150.12,significant
2548,Gross Disbursements,Cote d'Ivoire,IDA,AFRICA,FY14,51.0,91.0,0.0,0.0,142.0,2014,4,annual,142.0,0.0,country,0.3591549295774648,3.9512437185814275,0.6408450704225352,4.5217885770490405,0.0,0.0,0.0,0.0,4.962844630259907,,,,,,135.0,142.0,True,1.0518518518518518,0.7090761750405187,142.0,significant
2380,Gross Disbursements,Cote d'Ivoire,IDA,AFRICA,FY15,69.0,119.0,0.0,0.0,187.0,2015,4,annual,188.0,-1.0,country,0.3689839572192513,4.248495242049359,0.6363636363636364,4.787491742782046,0.0,0.0,0.0,0.0,5.236441962829949,142.0,45.0,0.31690140845070425,142.0,0.31690140845070425,320.0,187.0,True,0.584375,0.7581037277147488,187.0,significant
1091,Gross Disbursements,Cote d'Ivoire,IDA,AFRICA,FY16,146.0,89.0,0.0,0.0,235.0,2016,4,annual,235.0,0.0,country,0.6212765957446809,4.990432586778736,0.37872340425531914,4.499809670330265,0.0,0.0,0.0,0.0,5.4638318050256105,187.0,48.0,0.25668449197860965,187.0,0.25668449197860965,115.0,235.0,True,2.0434782608695654,0.786871961102107,235.0,significant
904,Gross Disbursements,Cote d'Ivoire,IDA,AFRICA,FY17,121.0,80.0,0.0,0.0,200.0,2017,4,annual,201.0,-1.0,country,0.605,4.804021044733257,0.4,4.394449154672439,0.0,0.0,0.0,0.0,5.303304908059076,235.0,-35.0,-0.14893617021276595,235.0,-0.14893617021276595,710.0,200.0,True,0.28169014084507044,0.7694489465153971,200.0,significant
3413,Gross Disbursements,Cote d'Ivoire,IDA,AFRICA,FY18,127.0,138.0,0.0,0.0,265.0,2018,4,annual,265.0,0.0,country,0.47924528301886793,4.852030263919617,0.5207547169811321,4.9344739331306915,0.0,0.0,0.0,0.0,5.583496308781699,200.0,65.0,0.325,200.0,0.325,987.0,265.0,True,0.2684903748733536,0.8026742301458671,265.0,significant
3170,Gross Disbursements,Cote d'Ivoire,IDA,AFRICA,FY19,99.0,190.0,0.0,0.0,289.0,2019,4,annual,289.0,0.0,country,0.34256055363321797,4.605170185988092,0.657439446366782,5.25227342804663,0.0,0.0,0.0,0.0,5.66988092298052,265.0,24.0,0.09056603773584905,265.0,0.09056603773584905,1050.0,289.0,True,0.2752380952380952,0.8156401944894651,289.0,significant
2043,Gross Disbursements,Cote d'Ivoire,IDA,AFRICA WEST,FY20,197.0,233.0,0.0,26.0,456.0,2020,4,annual,456.0,0.0,country,0.43201754385964913,5.288267030694535,0.5109649122807017,5.455321115357702,0.0,0.0,0.05701754385964912,3.295836866004329,6.124683390894205,289.0,167.0,0.5778546712802768,289.0,0.5778546712802768,664.0,456.0,True,0.6867469879518072,0.8691247974068071,456.0,significant
1889,Gross Disbursements,Cote d'Ivoire,IDA,WESTERN AND CENTRAL AFRICA,FY21,376.0,317.0,0.0,11.0,704.0,2021,4,annual,704.0,0.0,country,0.5340909090909091,5.932245187448011,0.4502840909090909,5.762051382780177,0.0,0.0,0.015625,2.4849066497880004,6.558197802812269,456.0,248.0,0.543859649122807,456.0,0.543859649122807,990.0,704.0,True,0.7111111111111111,0.9270664505672609,704.0,major
524,Gross Disbursements,Cote d'Ivoire,IDA,WESTERN AND CENTRAL AFRICA,FY22,0.0,389.0,0.0,17.0,406.0,2022,4,annual,406.0,0.0,country,0.0,0.0,0.958128078817734,5.966146739123692,0.0,0.0,0.04187192118226601,2.8903717578961645,6.008813185442595,704.0,-298.0,-0.42329545454545453,704.0,-0.42329545454545453,830.0,406.0,True,0.4891566265060241,0.8549432739059968,406.0,significant
2910,Gross Disbursements,Cote d'Ivoire,IDA,WESTERN AND CENTRAL AFRICA,FY23,429.0,345.0,0.0,185.0,959.0,2023,4,annual,959.0,0.0,country,0.4473409801876955,6.063785208687608,0.3597497393117831,5.846438775057725,0.0,0.0,0.19290928050052136,5.225746673713202,6.866933284461882,406.0,553.0,1.3620689655172413,406.0,1.3620689655172413,1850.0,959.0,True,0.5183783783783784,0.9489465153970826,959.0,major
1832,Gross Disbursements,Cote d'Ivoire,IDA,WESTERN AND CENTRAL AFRICA,FY24,310.0,514.0,0.0,179.0,1003.0,2024,4,annual,1003.0,0.0,country,0.3090727816550349,5.739792912179234,0.5124626121635095,6.244166900663736,0.0,0.0,0.17846460618145563,5.19295685089021,6.911747300251674,959.0,44.0,0.045881126173096975,959.0,0.045881126173096975,757.0,1003.0,True,1.3249669749009247,0.9521880064829822,1003.0,major
1712,Gross Disbursements,Cote d'Ivoire,IDA,WESTERN AND CENTRAL AFRICA,FY25,298.0,647.0,0.0,332.0,1277.0,2025,4,annual,1277.0,0.0,country,0.23335943617854346,5.700443573390687,0.5066562255285826,6.473890696352274,0.0,0.0,0.25998433829287393,5.808142489980444,7.15305163493748,1003.0,274.0,0.2731804586241276,1003.0,0.2731804586241276,505.0,1277.0,True,2.5287128712871287,0.9667747163695299,1277.0,major
1397,Gross Disbursements,Cote d'Ivoire,IDA,WESTERN AND CENTRAL AFRICA,2025-Q3,298.0,332.51,0.0,94.0,724.51,2025,3,quarterly,724.51,0.0,country,0.411312473257788,5.700443573390687,0.45894466605015805,5.809672849913634,0.0,0.0,0.12974286069205393,4.553876891600541,6.5868748558267685,,,,,,420.0,724.51,True,1.7250238095238095,0.9508928571428571,724.51,major
1274,Gross Disbursements,Cote d'Ivoire,IDA,WESTERN AND CENTRAL AFRICA,2026-Q3,0.0,294.0,0.0,64.0,358.0,2026,3,quarterly,358.0,0.0,country,0.0,0.0,0.8212290502793296,5.68697535633982,0.0,0.0,0.1787709497206704,4.174387269895637,5.883322388488279,724.51,-366.51,-0.5058729348111137,724.51,-0.5058729348111137,150.12,358.0,True,2.3847588595790032,0.8526785714285714,358.0,significant
2665,Commitments,Croatia,IDA,EUROPE AND CENTRAL ASIA,FY24,0.0,0.0,0.0,0.0,0.0,2024,4,annual,0.0,0.0,country,0.0,0.0,0.0,0.0,0.0,0.0,0.0,0.0,0.0,,,,,,0.0,,False,,0.19539375928677563,0.0,limited
1466,Commitments,Croatia,IDA,EUROPE AND CENTRAL ASIA,FY25,0.0,0.0,0.0,0.0,0.0,2025,4,annual,0.0,0.0,country,0.0,0.0,0.0,0.0,0.0,0.0,0.0,0.0,0.0,0.0,0.0,,0.0,,0.0,,False,,0.19539375928677563,0.0,limited
246,Commitments,Croatia,IDA,EUROPE AND CENTRAL ASIA,2025-Q3,0.0,0.0,0.0,0.0,0.0,2025,3,quarterly,0.0,0.0,country,0.0,0.0,0.0,0.0,0.0,0.0,0.0,0.0,0.0,,,,,,0.0,,False,,0.326271186440678,0.0,limited
53,Commitments,Croatia,IDA,EUROPE AND CENTRAL ASIA,2026-Q3,0.0,0.0,0.0,0.0,0.0,2026,3,quarterly,0.0,0.0,country,0.0,0.0,0.0,0.0,0.0,0.0,0.0,0.0,0.0,0.0,0.0,,0.0,,0.0,,False,,0.326271186440678,0.0,limited
2666,Commitments,Cyprus,IDA,EUROPE AND CENTRAL ASIA,FY24,0.0,0.0,0.0,0.0,0.0,2024,4,annual,0.0,0.0,country,0.0,0.0,0.0,0.0,0.0,0.0,0.0,0.0,0.0,,,,,,0.0,,False,,0.19539375928677563,0.0,limited
1467,Commitments,Cyprus,IDA,EUROPE AND CENTRAL ASIA,FY25,0.0,0.0,0.0,0.0,0.0,2025,4,annual,0.0,0.0,country,0.0,0.0,0.0,0.0,0.0,0.0,0.0,0.0,0.0,0.0,0.0,,0.0,,0.0,,False,,0.19539375928677563,0.0,limited
247,Commitments,Cyprus,IDA,EUROPE AND CENTRAL ASIA,2025-Q3,0.0,0.0,0.0,0.0,0.0,2025,3,quarterly,0.0,0.0,country,0.0,0.0,0.0,0.0,0.0,0.0,0.0,0.0,0.0,,,,,,0.0,,False,,0.326271186440678,0.0,limited
54,Commitments,Cyprus,IDA,EUROPE AND CENTRAL ASIA,2026-Q3,0.0,0.0,0.0,0.0,0.0,2026,3,quarterly,0.0,0.0,country,0.0,0.0,0.0,0.0,0.0,0.0,0.0,0.0,0.0,0.0,0.0,,0.0,,0.0,,False,,0.326271186440678,0.0,limited
2667,Commitments,Czechia,IDA,EUROPE AND CENTRAL ASIA,FY24,0.0,0.0,0.0,0.0,0.0,2024,4,annual,0.0,0.0,country,0.0,0.0,0.0,0.0,0.0,0.0,0.0,0.0,0.0,,,,,,0.0,,False,,0.19539375928677563,0.0,limited
1468,Commitments,Czechia,IDA,EUROPE AND CENTRAL ASIA,FY25,0.0,0.0,0.0,0.0,0.0,2025,4,annual,0.0,0.0,country,0.0,0.0,0.0,0.0,0.0,0.0,0.0,0.0,0.0,0.0,0.0,,0.0,,0.0,,False,,0.19539375928677563,0.0,limited
248,Commitments,Czechia,IDA,EUROPE AND CENTRAL ASIA,2025-Q3,0.0,0.0,0.0,0.0,0.0,2025,3,quarterly,0.0,0.0,country,0.0,0.0,0.0,0.0,0.0,0.0,0.0,0.0,0.0,,,,,,0.0,,False,,0.326271186440678,0.0,limited
55,Commitments,Czechia,IDA,EUROPE AND CENTRAL ASIA,2026-Q3,0.0,0.0,0.0,0.0,0.0,2026,3,quarterly,0.0,0.0,country,0.0,0.0,0.0,0.0,0.0,0.0,0.0,0.0,0.0,0.0,0.0,,0.0,,0.0,,False,,0.326271186440678,0.0,limited
2668,Commitments,Denmark,IDA,EUROPE AND CENTRAL ASIA,FY24,0.0,0.0,0.0,0.0,0.0,2024,4,annual,0.0,0.0,country,0.0,0.0,0.0,0.0,0.0,0.0,0.0,0.0,0.0,,,,,,0.0,,False,,0.19539375928677563,0.0,limited
1469,Commitments,Denmark,IDA,EUROPE AND CENTRAL ASIA,FY25,0.0,0.0,0.0,0.0,0.0,2025,4,annual,0.0,0.0,country,0.0,0.0,0.0,0.0,0.0,0.0,0.0,0.0,0.0,0.0,0.0,,0.0,,0.0,,False,,0.19539375928677563,0.0,limited
249,Commitments,Denmark,IDA,EUROPE AND CENTRAL ASIA,2025-Q3,0.0,0.0,0.0,0.0,0.0,2025,3,quarterly,0.0,0.0,country,0.0,0.0,0.0,0.0,0.0,0.0,0.0,0.0,0.0,,,,,,0.0,,False,,0.326271186440678,0.0,limited
56,Commitments,Denmark,IDA,EUROPE AND CENTRAL ASIA,2026-Q3,0.0,0.0,0.0,0.0,0.0,2026,3,quarterly,0.0,0.0,country,0.0,0.0,0.0,0.0,0.0,0.0,0.0,0.0,0.0,0.0,0.0,,0.0,,0.0,,False,,0.326271186440678,0.0,limited
2525,Commitments,Djibouti,IDA,MIDDLE EAST AND NORTH AFRICA,FY14,0.0,8.0,0.0,0.0,8.0,2014,4,annual,8.0,0.0,country,0.0,0.0,1.0,2.1972245773362196,0.0,0.0,0.0,0.0,2.1972245773362196,,,,,,8.0,8.0,False,,0.4075037147102526,8.0,limited
2355,Commitments,Djibouti,IDA,MIDDLE EAST AND NORTH AFRICA,FY15,0.0,5.0,0.0,0.0,5.0,2015,4,annual,5.0,0.0,country,0.0,0.0,1.0,1.791759469228055,0.0,0.0,0.0,0.0,1.791759469228055,8.0,-3.0,-0.375,8.0,-0.375,5.0,14.0,False,,0.40007429420505203,5.0,limited
1067,Commitments,Djibouti,IDA,MIDDLE EAST AND NORTH AFRICA,FY16,0.0,31.0,0.0,0.0,31.0,2016,4,annual,31.0,0.0,country,0.0,0.0,1.0,3.4657359027997265,0.0,0.0,0.0,0.0,3.4657359027997265,5.0,26.0,5.2,5.0,5.2,31.0,8.0,True,0.25806451612903225,0.48551263001485884,31.0,moderate
860,Commitments,Djibouti,IDA,MIDDLE EAST AND NORTH AFRICA,FY17,0.0,28.0,0.0,0.0,28.0,2017,4,annual,28.0,0.0,country,0.0,0.0,1.0,3.367295829986474,0.0,0.0,0.0,0.0,3.367295829986474,31.0,-3.0,-0.0967741935483871,31.0,-0.0967741935483871,28.0,13.0,True,0.4642857142857143,0.47436849925705793,28.0,moderate
3322,Commitments,Djibouti,IDA,MIDDLE EAST AND NORTH AFRICA,FY18,0.0,30.0,0.0,0.0,30.0,2018,4,annual,30.0,0.0,country,0.0,0.0,1.0,3.4339872044851463,0.0,0.0,0.0,0.0,3.4339872044851463,28.0,2.0,0.07142857142857142,28.0,0.07142857142857142,30.0,15.0,True,0.5,0.48068350668647847,30.0,moderate
3099,Commitments,Djibouti,IDA,MIDDLE EAST AND NORTH AFRICA,FY19,0.0,71.0,0.0,0.0,71.0,2019,4,annual,71.0,0.0,country,0.0,0.0,1.0,4.276666119016055,0.0,0.0,0.0,0.0,4.276666119016055,30.0,41.0,1.3666666666666667,30.0,1.3666666666666667,71.0,17.0,True,0.23943661971830985,0.5772659732540861,71.0,moderate
2208,Commitments,Djibouti,IDA,MIDDLE EAST AND NORTH AFRICA,FY20,0.0,51.0,0.0,0.0,51.0,2020,4,annual,51.0,0.0,country,0.0,0.0,1.0,3.9512437185814275,0.0,0.0,0.0,0.0,3.9512437185814275,71.0,-20.0,-0.28169014084507044,71.0,-0.28169014084507044,51.0,27.0,True,0.5294117647058824,0.5364041604754829,51.0,moderate
1989,Commitments,Djibouti,IDA,MIDDLE EAST AND NORTH AFRICA,FY21,0.0,45.0,0.0,0.0,45.0,2021,4,annual,45.0,0.0,country,0.0,0.0,1.0,3.828641396489095,0.0,0.0,0.0,0.0,3.828641396489095,51.0,-6.0,-0.11764705882352941,51.0,-0.11764705882352941,45.0,45.0,True,1.0,0.5182020802377415,45.0,moderate
624,Commitments,Djibouti,IDA,MIDDLE EAST AND NORTH AFRICA,FY22,0.0,202.0,0.0,0.0,202.0,2022,4,annual,202.0,0.0,country,0.0,0.0,1.0,5.313205979041787,0.0,0.0,0.0,0.0,5.313205979041787,45.0,157.0,3.488888888888889,45.0,3.488888888888889,202.0,34.0,True,0.16831683168316833,0.7317979197622585,202.0,significant
377,Commitments,Djibouti,IDA,MIDDLE EAST AND NORTH AFRICA,FY23,0.0,35.0,0.0,0.0,35.0,2023,4,annual,35.0,0.0,country,0.0,0.0,1.0,3.58351893845611,0.0,0.0,0.0,0.0,3.58351893845611,202.0,-167.0,-0.8267326732673267,202.0,-0.8267326732673267,35.0,56.0,True,1.6,0.49777117384843983,35.0,moderate
2791,Commitments,Djibouti,IDA,MIDDLE EAST AND NORTH AFRICA,FY24,0.0,40.0,0.0,0.0,40.0,2024,4,annual,40.0,0.0,country,0.0,0.0,1.0,3.713572066704308,0.0,0.0,0.0,0.0,3.713572066704308,35.0,5.0,0.14285714285714285,35.0,0.14285714285714285,40.0,56.0,True,1.4,0.5092867756315007,40.0,moderate
1592,Commitments,Djibouti,IDA,MIDDLE EAST AND NORTH AFRICA,FY25,0.0,148.0,0.0,0.0,148.0,2025,4,annual,148.0,0.0,country,0.0,0.0,1.0,5.003946305945459,0.0,0.0,0.0,0.0,5.003946305945459,40.0,108.0,2.7,40.0,2.7,148.0,50.0,True,0.33783783783783783,0.6972511144130757,148.0,significant
1154,Commitments,Djibouti,IDA,"MIDDLE EAST, NORTH AFRICA, AFGHANISTAN, AND PAKISTAN",2025-Q3,0.0,141.0,0.0,0.0,141.0,2025,3,quarterly,141.0,0.0,country,0.0,0.0,1.0,4.955827057601261,0.0,0.0,0.0,0.0,4.955827057601261,,,,,,141.0,32.0,True,0.22695035460992907,0.8305084745762712,141.0,significant
179,Commitments,Djibouti,IDA,"MIDDLE EAST, NORTH AFRICA, AFGHANISTAN, AND PAKISTAN",2026-Q3,0.0,37.0,0.0,26.0,63.0,2026,3,quarterly,63.0,0.0,country,0.0,0.0,0.5873015873015873,3.6375861597263857,0.0,0.0,0.4126984126984127,3.295836866004329,4.1588830833596715,141.0,-78.0,-0.5531914893617021,141.0,-0.5531914893617021,63.0,53.0,True,0.8412698412698413,0.75,63.0,moderate
2612,Gross Disbursements,Djibouti,IDA,MIDDLE EAST AND NORTH AFRICA,FY14,0.0,8.0,0.0,0.0,8.0,2014,4,annual,8.0,0.0,country,0.0,0.0,1.0,2.1972245773362196,0.0,0.0,0.0,0.0,2.1972245773362196,,,,,,8.0,8.0,False,,0.30591572123176664,8.0,limited
2444,Gross Disbursements,Djibouti,IDA,MIDDLE EAST AND NORTH AFRICA,FY15,0.0,14.0,0.0,0.0,14.0,2015,4,annual,14.0,0.0,country,0.0,0.0,1.0,2.70805020110221,0.0,0.0,0.0,0.0,2.70805020110221,8.0,6.0,0.75,8.0,0.75,5.0,14.0,False,,0.36547811993517015,14.0,moderate
2272,Gross Disbursements,Djibouti,IDA,MIDDLE EAST AND NORTH AFRICA,FY16,0.0,8.0,0.0,0.0,8.0,2016,4,annual,8.0,0.0,country,0.0,0.0,1.0,2.1972245773362196,0.0,0.0,0.0,0.0,2.1972245773362196,14.0,-6.0,-0.42857142857142855,14.0,-0.42857142857142855,31.0,8.0,True,0.25806451612903225,0.30591572123176664,8.0,limited
953,Gross Disbursements,Djibouti,IDA,MIDDLE EAST AND NORTH AFRICA,FY17,0.0,13.0,0.0,0.0,13.0,2017,4,annual,13.0,0.0,country,0.0,0.0,1.0,2.6390573296152584,0.0,0.0,0.0,0.0,2.6390573296152584,8.0,5.0,0.625,8.0,0.625,28.0,13.0,True,0.4642857142857143,0.35615883306320906,13.0,moderate
780,Gross Disbursements,Djibouti,IDA,MIDDLE EAST AND NORTH AFRICA,FY18,0.0,15.0,0.0,0.0,15.0,2018,4,annual,15.0,0.0,country,0.0,0.0,1.0,2.772588722239781,0.0,0.0,0.0,0.0,2.772588722239781,13.0,2.0,0.15384615384615385,13.0,0.15384615384615385,30.0,15.0,True,0.5,0.37155591572123176,15.0,moderate
3219,Gross Disbursements,Djibouti,IDA,MIDDLE EAST AND NORTH AFRICA,FY19,0.0,17.0,0.0,0.0,17.0,2019,4,annual,17.0,0.0,country,0.0,0.0,1.0,2.8903717578961645,0.0,0.0,0.0,0.0,2.8903717578961645,15.0,2.0,0.13333333333333333,15.0,0.13333333333333333,71.0,17.0,True,0.23943661971830985,0.38492706645056723,17.0,moderate
2092,Gross Disbursements,Djibouti,IDA,MIDDLE EAST AND NORTH AFRICA,FY20,0.0,27.0,0.0,0.0,27.0,2020,4,annual,27.0,0.0,country,0.0,0.0,1.0,3.332204510175204,0.0,0.0,0.0,0.0,3.332204510175204,17.0,10.0,0.5882352941176471,17.0,0.5882352941176471,51.0,27.0,True,0.5294117647058824,0.4485413290113452,27.0,moderate
1862,Gross Disbursements,Djibouti,IDA,MIDDLE EAST AND NORTH AFRICA,FY21,0.0,45.0,0.0,0.0,45.0,2021,4,annual,45.0,0.0,country,0.0,0.0,1.0,3.828641396489095,0.0,0.0,0.0,0.0,3.828641396489095,27.0,18.0,0.6666666666666666,27.0,0.6666666666666666,45.0,45.0,True,1.0,0.5222852512155591,45.0,moderate
497,Gross Disbursements,Djibouti,IDA,MIDDLE EAST AND NORTH AFRICA,FY22,0.0,34.0,0.0,0.0,34.0,2022,4,annual,34.0,0.0,country,0.0,0.0,1.0,3.5553480614894135,0.0,0.0,0.0,0.0,3.5553480614894135,45.0,-11.0,-0.24444444444444444,45.0,-0.24444444444444444,202.0,34.0,True,0.16831683168316833,0.47893030794165314,34.0,moderate
2882,Gross Disbursements,Djibouti,IDA,MIDDLE EAST AND NORTH AFRICA,FY23,0.0,56.0,0.0,0.0,56.0,2023,4,annual,56.0,0.0,country,0.0,0.0,1.0,4.04305126783455,0.0,0.0,0.0,0.0,4.04305126783455,34.0,22.0,0.6470588235294118,34.0,0.6470588235294118,35.0,56.0,True,1.6,0.5575364667747164,56.0,moderate
1804,Gross Disbursements,Djibouti,IDA,MIDDLE EAST AND NORTH AFRICA,FY24,0.0,56.0,0.0,0.0,56.0,2024,4,annual,56.0,0.0,country,0.0,0.0,1.0,4.04305126783455,0.0,0.0,0.0,0.0,4.04305126783455,56.0,0.0,0.0,56.0,0.0,40.0,56.0,True,1.4,0.5575364667747164,56.0,moderate
1684,Gross Disbursements,Djibouti,IDA,MIDDLE EAST AND NORTH AFRICA,FY25,0.0,50.0,0.0,0.0,50.0,2025,4,annual,50.0,0.0,country,0.0,0.0,1.0,3.9318256327243257,0.0,0.0,0.0,0.0,3.9318256327243257,56.0,-6.0,-0.10714285714285714,56.0,-0.10714285714285714,148.0,50.0,True,0.33783783783783783,0.5409238249594813,50.0,moderate
1370,Gross Disbursements,Djibouti,IDA,"MIDDLE EAST, NORTH AFRICA, AFGHANISTAN, AND PAKISTAN",2025-Q3,0.0,32.0,0.0,0.0,32.0,2025,3,quarterly,32.0,0.0,country,0.0,0.0,1.0,3.4965075614664802,0.0,0.0,0.0,0.0,3.4965075614664802,,,,,,141.0,32.0,True,0.22695035460992907,0.46651785714285715,32.0,moderate
1247,Gross Disbursements,Djibouti,IDA,"MIDDLE EAST, NORTH AFRICA, AFGHANISTAN, AND PAKISTAN",2026-Q3,0.0,53.0,0.0,0.0,53.0,2026,3,quarterly,53.0,0.0,country,0.0,0.0,1.0,3.9889840465642745,0.0,0.0,0.0,0.0,3.9889840465642745,32.0,21.0,0.65625,32.0,0.65625,63.0,53.0,True,0.8412698412698413,0.5401785714285714,53.0,moderate
2517,Commitments,Dominica,IDA,LATIN AMERICA AND CARIBBEAN,FY14,0.0,17.0,0.0,0.0,17.0,2014,4,annual,17.0,0.0,country,0.0,0.0,1.0,2.8903717578961645,0.0,0.0,0.0,0.0,2.8903717578961645,,,,,,17.0,1.0,True,0.058823529411764705,0.4335066864784547,17.0,moderate
2347,Commitments,Dominica,IDA,LATIN AMERICA AND CARIBBEAN,FY15,0.0,0.0,0.0,0.0,0.0,2015,4,annual,0.0,0.0,country,0.0,0.0,0.0,0.0,0.0,0.0,0.0,0.0,0.0,17.0,-17.0,-1.0,17.0,-1.0,0.0,1.0,False,,0.19539375928677563,0.0,limited
851,Commitments,Dominica,IDA,LATIN AMERICA AND CARIBBEAN,FY17,0.0,0.0,0.0,0.0,0.0,2017,4,annual,0.0,0.0,country,0.0,0.0,0.0,0.0,0.0,0.0,0.0,0.0,0.0,0.0,0.0,,0.0,,0.0,1.0,False,,0.19539375928677563,0.0,limited
3330,Commitments,Dominica,IDA,LATIN AMERICA AND CARIBBEAN,FY18,0.0,65.0,0.0,0.0,65.0,2018,4,annual,65.0,0.0,country,0.0,0.0,1.0,4.189654742026425,0.0,0.0,0.0,0.0,4.189654742026425,0.0,65.0,,0.0,,65.0,10.0,True,0.15384615384615385,0.5646359583952452,65.0,moderate
3096,Commitments,Dominica,IDA,LATIN AMERICA AND CARIBBEAN,FY19,0.0,50.0,0.0,0.0,50.0,2019,4,annual,50.0,0.0,country,0.0,0.0,1.0,3.9318256327243257,0.0,0.0,0.0,0.0,3.9318256327243257,65.0,-15.0,-0.23076923076923078,65.0,-0.23076923076923078,50.0,4.0,True,0.08,0.5300891530460624,50.0,moderate
2219,Commitments,Dominica,IDA,LATIN AMERICA AND CARIBBEAN,FY20,0.0,63.0,0.0,0.0,63.0,2020,4,annual,63.0,0.0,country,0.0,0.0,1.0,4.1588830833596715,0.0,0.0,0.0,0.0,4.1588830833596715,50.0,13.0,0.26,50.0,0.26,63.0,16.0,True,0.25396825396825395,0.5583209509658247,63.0,moderate
1975,Commitments,Dominica,IDA,LATIN AMERICA AND CARIBBEAN,FY21,25.0,0.0,0.0,0.0,25.0,2021,4,annual,25.0,0.0,country,1.0,3.258096538021482,0.0,0.0,0.0,0.0,0.0,0.0,3.258096538021482,63.0,-38.0,-0.6031746031746031,63.0,-0.6031746031746031,25.0,46.0,True,1.84,0.4676820208023774,25.0,moderate
610,Commitments,Dominica,IDA,LATIN AMERICA AND CARIBBEAN,FY22,50.0,0.0,0.0,0.0,50.0,2022,4,annual,50.0,0.0,country,1.0,3.9318256327243257,0.0,0.0,0.0,0.0,0.0,0.0,3.9318256327243257,25.0,25.0,1.0,25.0,1.0,50.0,62.0,True,1.24,0.5300891530460624,50.0,moderate
2996,Commitments,Dominica,IDA,LATIN AMERICA AND CARIBBEAN,FY23,0.0,0.0,0.0,0.0,0.0,2023,4,annual,0.0,0.0,country,0.0,0.0,0.0,0.0,0.0,0.0,0.0,0.0,0.0,50.0,-50.0,-1.0,50.0,-1.0,0.0,30.0,False,,0.19539375928677563,0.0,limited
2712,Commitments,Dominica,IDA,LATIN AMERICA AND CARIBBEAN,FY24,0.0,47.0,0.0,0.0,47.0,2024,4,annual,47.0,0.0,country,0.0,0.0,1.0,3.871201010907891,0.0,0.0,0.0,0.0,3.871201010907891,0.0,47.0,,0.0,,47.0,18.0,True,0.3829787234042553,0.5215453194650818,47.0,moderate
1513,Commitments,Dominica,IDA,LATIN AMERICA AND CARIBBEAN,FY25,24.0,40.0,0.0,0.0,64.0,2025,4,annual,64.0,0.0,country,0.375,3.2188758248682006,0.625,3.713572066704308,0.0,0.0,0.0,0.0,4.174387269895637,47.0,17.0,0.3617021276595745,47.0,0.3617021276595745,64.0,93.0,True,1.453125,0.5609212481426449,64.0,moderate
293,Commitments,Dominica,IDA,LATIN AMERICA AND CARIBBEAN,2025-Q3,0.0,40.0,0.0,0.0,40.0,2025,3,quarterly,40.0,0.0,country,0.0,0.0,1.0,3.713572066704308,0.0,0.0,0.0,0.0,3.713572066704308,,,,,,40.0,58.51,True,1.46275,0.7076271186440678,40.0,moderate
100,Commitments,Dominica,IDA,LATIN AMERICA AND CARIBBEAN,2026-Q3,0.0,0.0,0.0,0.0,0.0,2026,3,quarterly,0.0,0.0,country,0.0,0.0,0.0,0.0,0.0,0.0,0.0,0.0,0.0,40.0,-40.0,-1.0,40.0,-1.0,0.0,10.0,False,,0.326271186440678,0.0,limited
2604,Gross Disbursements,Dominica,IDA,LATIN AMERICA AND CARIBBEAN,FY14,0.0,1.0,0.0,0.0,1.0,2014,4,annual,1.0,0.0,country,0.0,0.0,1.0,0.6931471805599453,0.0,0.0,0.0,0.0,0.6931471805599453,,,,,,17.0,1.0,True,0.058823529411764705,0.21920583468395463,1.0,limited
2436,Gross Disbursements,Dominica,IDA,LATIN AMERICA AND CARIBBEAN,FY15,0.0,1.0,0.0,0.0,1.0,2015,4,annual,1.0,0.0,country,0.0,0.0,1.0,0.6931471805599453,0.0,0.0,0.0,0.0,0.6931471805599453,1.0,0.0,0.0,1.0,0.0,0.0,1.0,False,,0.21920583468395463,1.0,limited
2259,Gross Disbursements,Dominica,IDA,LATIN AMERICA AND CARIBBEAN,FY16,0.0,1.0,0.0,0.0,1.0,2016,4,annual,1.0,0.0,country,0.0,0.0,1.0,0.6931471805599453,0.0,0.0,0.0,0.0,0.6931471805599453,1.0,0.0,0.0,1.0,0.0,,1.0,False,,0.21920583468395463,1.0,limited
957,Gross Disbursements,Dominica,IDA,LATIN AMERICA AND CARIBBEAN,FY17,0.0,1.0,0.0,0.0,1.0,2017,4,annual,1.0,0.0,country,0.0,0.0,1.0,0.6931471805599453,0.0,0.0,0.0,0.0,0.6931471805599453,1.0,0.0,0.0,1.0,0.0,0.0,1.0,False,,0.21920583468395463,1.0,limited
793,Gross Disbursements,Dominica,IDA,LATIN AMERICA AND CARIBBEAN,FY18,0.0,10.0,0.0,0.0,10.0,2018,4,annual,10.0,0.0,country,0.0,0.0,1.0,2.3978952727983707,0.0,0.0,0.0,0.0,2.3978952727983707,1.0,9.0,9.0,1.0,9.0,65.0,10.0,True,0.15384615384615385,0.3286061588330632,10.0,limited
3229,Gross Disbursements,Dominica,IDA,LATIN AMERICA AND CARIBBEAN,FY19,0.0,4.0,0.0,0.0,4.0,2019,4,annual,4.0,0.0,country,0.0,0.0,1.0,1.6094379124341003,0.0,0.0,0.0,0.0,1.6094379124341003,10.0,-6.0,-0.6,10.0,-0.6,50.0,4.0,True,0.08,0.25810372771474877,4.0,limited
2091,Gross Disbursements,Dominica,IDA,LATIN AMERICA AND CARIBBEAN,FY20,0.0,16.0,0.0,0.0,16.0,2020,4,annual,16.0,0.0,country,0.0,0.0,1.0,2.833213344056216,0.0,0.0,0.0,0.0,2.833213344056216,4.0,12.0,3.0,4.0,3.0,63.0,16.0,True,0.25396825396825395,0.37682333873581847,16.0,moderate
731,Gross Disbursements,Dominica,IDA,LATIN AMERICA AND CARIBBEAN,FY21,25.0,21.0,0.0,0.0,46.0,2021,4,annual,46.0,0.0,country,0.5434782608695652,3.258096538021482,0.45652173913043476,3.091042453358316,0.0,0.0,0.0,0.0,3.8501476017100584,16.0,30.0,1.875,16.0,1.875,25.0,46.0,True,1.84,0.5259319286871961,46.0,moderate
484,Gross Disbursements,Dominica,IDA,LATIN AMERICA AND CARIBBEAN,FY22,30.0,32.0,0.0,0.0,62.0,2022,4,annual,62.0,0.0,country,0.4838709677419355,3.4339872044851463,0.5161290322580645,3.4965075614664802,0.0,0.0,0.0,0.0,4.143134726391533,46.0,16.0,0.34782608695652173,46.0,0.34782608695652173,50.0,62.0,True,1.24,0.5826580226904376,62.0,moderate
2868,Gross Disbursements,Dominica,IDA,LATIN AMERICA AND CARIBBEAN,FY23,0.0,30.0,0.0,0.0,30.0,2023,4,annual,30.0,0.0,country,0.0,0.0,1.0,3.4339872044851463,0.0,0.0,0.0,0.0,3.4339872044851463,62.0,-32.0,-0.5161290322580645,62.0,-0.5161290322580645,0.0,30.0,False,,0.46312803889789306,30.0,moderate
1790,Gross Disbursements,Dominica,IDA,LATIN AMERICA AND CARIBBEAN,FY24,0.0,18.0,0.0,0.0,18.0,2024,4,annual,18.0,0.0,country,0.0,0.0,1.0,2.9444389791664403,0.0,0.0,0.0,0.0,2.9444389791664403,30.0,-12.0,-0.4,30.0,-0.4,47.0,18.0,True,0.3829787234042553,0.3942463533225284,18.0,moderate
1670,Gross Disbursements,Dominica,IDA,LATIN AMERICA AND CARIBBEAN,FY25,25.0,68.0,0.0,0.0,93.0,2025,4,annual,93.0,0.0,country,0.26881720430107525,3.258096538021482,0.7311827956989247,4.23410650459726,0.0,0.0,0.0,0.0,4.543294782270004,18.0,75.0,4.166666666666667,18.0,4.166666666666667,64.0,93.0,True,1.453125,0.643030794165316,93.0,moderate
1355,Gross Disbursements,Dominica,IDA,LATIN AMERICA AND CARIBBEAN,2025-Q3,0.0,58.51,0.0,0.0,58.51,2025,3,quarterly,58.51,0.0,country,0.0,0.0,1.0,4.086144365656761,0.0,0.0,0.0,0.0,4.086144365656761,,,,,,40.0,58.51,True,1.46275,0.5535714285714286,58.51,moderate
1232,Gross Disbursements,Dominica,IDA,LATIN AMERICA AND CARIBBEAN,2026-Q3,0.0,10.0,0.0,0.0,10.0,2026,3,quarterly,10.0,0.0,country,0.0,0.0,1.0,2.3978952727983707,0.0,0.0,0.0,0.0,2.3978952727983707,58.51,-48.51,-0.8290890446077593,58.51,-0.8290890446077593,0.0,10.0,False,,0.36160714285714285,10.0,limited
3384,Commitments,Dominican Republic,IDA,LATIN AMERICA AND CARIBBEAN,FY18,0.0,0.0,0.0,0.0,0.0,2018,4,annual,0.0,0.0,country,0.0,0.0,0.0,0.0,0.0,0.0,0.0,0.0,0.0,,,,,,0.0,,False,,0.19539375928677563,0.0,limited
3144,Commitments,Dominican Republic,IDA,LATIN AMERICA AND CARIBBEAN,FY19,0.0,0.0,0.0,0.0,0.0,2019,4,annual,0.0,0.0,country,0.0,0.0,0.0,0.0,0.0,0.0,0.0,0.0,0.0,0.0,0.0,,0.0,,0.0,0.0,False,,0.19539375928677563,0.0,limited
3017,Commitments,Dominican Republic,IDA,LATIN AMERICA AND CARIBBEAN,FY20,0.0,0.0,0.0,0.0,0.0,2020,4,annual,0.0,0.0,country,0.0,0.0,0.0,0.0,0.0,0.0,0.0,0.0,0.0,0.0,0.0,,0.0,,0.0,0.0,False,,0.19539375928677563,0.0,limited
1976,Commitments,Dominican Republic,IDA,LATIN AMERICA AND CARIBBEAN,FY21,0.0,0.0,0.0,0.0,0.0,2021,4,annual,0.0,0.0,country,0.0,0.0,0.0,0.0,0.0,0.0,0.0,0.0,0.0,0.0,0.0,,0.0,,0.0,0.0,False,,0.19539375928677563,0.0,limited
611,Commitments,Dominican Republic,IDA,LATIN AMERICA AND CARIBBEAN,FY22,0.0,0.0,0.0,0.0,0.0,2022,4,annual,0.0,0.0,country,0.0,0.0,0.0,0.0,0.0,0.0,0.0,0.0,0.0,0.0,0.0,,0.0,,0.0,0.0,False,,0.19539375928677563,0.0,limited
2997,Commitments,Dominican Republic,IDA,LATIN AMERICA AND CARIBBEAN,FY23,0.0,0.0,0.0,0.0,0.0,2023,4,annual,0.0,0.0,country,0.0,0.0,0.0,0.0,0.0,0.0,0.0,0.0,0.0,0.0,0.0,,0.0,,0.0,0.0,False,,0.19539375928677563,0.0,limited
2713,Commitments,Dominican Republic,IDA,LATIN AMERICA AND CARIBBEAN,FY24,0.0,0.0,0.0,0.0,0.0,2024,4,annual,0.0,0.0,country,0.0,0.0,0.0,0.0,0.0,0.0,0.0,0.0,0.0,0.0,0.0,,0.0,,0.0,0.0,False,,0.19539375928677563,0.0,limited
1514,Commitments,Dominican Republic,IDA,LATIN AMERICA AND CARIBBEAN,FY25,0.0,0.0,0.0,0.0,0.0,2025,4,annual,0.0,0.0,country,0.0,0.0,0.0,0.0,0.0,0.0,0.0,0.0,0.0,0.0,0.0,,0.0,,0.0,0.0,False,,0.19539375928677563,0.0,limited
294,Commitments,Dominican Republic,IDA,LATIN AMERICA AND CARIBBEAN,2025-Q3,0.0,0.0,0.0,0.0,0.0,2025,3,quarterly,0.0,0.0,country,0.0,0.0,0.0,0.0,0.0,0.0,0.0,0.0,0.0,,,,,,0.0,0.0,False,,0.326271186440678,0.0,limited
101,Commitments,Dominican Republic,IDA,LATIN AMERICA AND CARIBBEAN,2026-Q3,0.0,0.0,0.0,0.0,0.0,2026,3,quarterly,0.0,0.0,country,0.0,0.0,0.0,0.0,0.0,0.0,0.0,0.0,0.0,0.0,0.0,,0.0,,0.0,-0.25,False,,0.326271186440678,0.0,limited
2260,Gross Disbursements,Dominican Republic,IDA,LATIN AMERICA AND CARIBBEAN,FY16,0.0,0.0,0.0,0.0,0.0,2016,4,annual,0.0,0.0,country,0.0,0.0,0.0,0.0,0.0,0.0,0.0,0.0,0.0,,,,,,,0.0,False,,0.1094003241491086,0.0,limited
994,Gross Disbursements,Dominican Republic,IDA,LATIN AMERICA AND CARIBBEAN,FY17,0.0,0.0,0.0,0.0,0.0,2017,4,annual,0.0,0.0,country,0.0,0.0,0.0,0.0,0.0,0.0,0.0,0.0,0.0,0.0,0.0,,0.0,,,0.0,False,,0.1094003241491086,0.0,limited
3265,Gross Disbursements,Dominican Republic,IDA,LATIN AMERICA AND CARIBBEAN,FY19,0.0,0.0,0.0,0.0,0.0,2019,4,annual,0.0,0.0,country,0.0,0.0,0.0,0.0,0.0,0.0,0.0,0.0,0.0,0.0,0.0,,0.0,,0.0,0.0,False,,0.1094003241491086,0.0,limited
2141,Gross Disbursements,Dominican Republic,IDA,LATIN AMERICA AND CARIBBEAN,FY20,0.0,0.0,0.0,0.0,0.0,2020,4,annual,0.0,0.0,country,0.0,0.0,0.0,0.0,0.0,0.0,0.0,0.0,0.0,0.0,0.0,,0.0,,0.0,0.0,False,,0.1094003241491086,0.0,limited
732,Gross Disbursements,Dominican Republic,IDA,LATIN AMERICA AND CARIBBEAN,FY21,0.0,0.0,0.0,0.0,0.0,2021,4,annual,0.0,0.0,country,0.0,0.0,0.0,0.0,0.0,0.0,0.0,0.0,0.0,0.0,0.0,,0.0,,0.0,0.0,False,,0.1094003241491086,0.0,limited
485,Gross Disbursements,Dominican Republic,IDA,LATIN AMERICA AND CARIBBEAN,FY22,0.0,0.0,0.0,0.0,0.0,2022,4,annual,0.0,0.0,country,0.0,0.0,0.0,0.0,0.0,0.0,0.0,0.0,0.0,0.0,0.0,,0.0,,0.0,0.0,False,,0.1094003241491086,0.0,limited
2869,Gross Disbursements,Dominican Republic,IDA,LATIN AMERICA AND CARIBBEAN,FY23,0.0,0.0,0.0,0.0,0.0,2023,4,annual,0.0,0.0,country,0.0,0.0,0.0,0.0,0.0,0.0,0.0,0.0,0.0,0.0,0.0,,0.0,,0.0,0.0,False,,0.1094003241491086,0.0,limited
1791,Gross Disbursements,Dominican Republic,IDA,LATIN AMERICA AND CARIBBEAN,FY24,0.0,0.0,0.0,0.0,0.0,2024,4,annual,0.0,0.0,country,0.0,0.0,0.0,0.0,0.0,0.0,0.0,0.0,0.0,0.0,0.0,,0.0,,0.0,0.0,False,,0.1094003241491086,0.0,limited
1671,Gross Disbursements,Dominican Republic,IDA,LATIN AMERICA AND CARIBBEAN,FY25,0.0,0.0,0.0,0.0,0.0,2025,4,annual,0.0,0.0,country,0.0,0.0,0.0,0.0,0.0,0.0,0.0,0.0,0.0,0.0,0.0,,0.0,,0.0,0.0,False,,0.1094003241491086,0.0,limited
1356,Gross Disbursements,Dominican Republic,IDA,LATIN AMERICA AND CARIBBEAN,2025-Q3,0.0,0.0,0.0,0.0,0.0,2025,3,quarterly,0.0,0.0,country,0.0,0.0,0.0,0.0,0.0,0.0,0.0,0.0,0.0,,,,,,0.0,0.0,False,,0.15848214285714285,0.0,limited
1233,Gross Disbursements,Dominican Republic,IDA,LATIN AMERICA AND CARIBBEAN,2026-Q3,0.0,-0.25,0.0,0.0,-0.25,2026,3,quarterly,-0.25,0.0,country,-0.0,0.0,1.0,0.0,-0.0,0.0,-0.0,0.0,0.0,0.0,-0.25,,0.0,,0.0,-0.25,False,,0.017857142857142856,0.25,limited
1431,Commitments,East Asia and Pacific,IDA,EAST ASIA AND PACIFIC,FY25,0.0,13.0,0.0,0.0,13.0,2025,4,annual,13.0,0.0,aggregate_or_institution,0.0,0.0,1.0,2.6390573296152584,0.0,0.0,0.0,0.0,2.6390573296152584,,,,,,13.0,,True,,0.6271929824561403,13.0,moderate
211,Commitments,East Asia and Pacific,IDA,EAST ASIA AND PACIFIC,2025-Q3,0.0,5.0,0.0,0.0,5.0,2025,3,quarterly,5.0,0.0,aggregate_or_institution,0.0,0.0,1.0,1.791759469228055,0.0,0.0,0.0,0.0,1.791759469228055,,,,,,5.0,0.0,False,,0.765625,5.0,limited
18,Commitments,East Asia and Pacific,IDA,EAST ASIA AND PACIFIC,2026-Q3,0.0,2.0,0.0,0.0,2.0,2026,3,quarterly,2.0,0.0,aggregate_or_institution,0.0,0.0,1.0,1.0986122886681098,0.0,0.0,0.0,0.0,1.0986122886681098,5.0,-3.0,-0.6,5.0,-0.6,2.0,0.52,False,,0.671875,2.0,limited
1413,Gross Disbursements,East Asia and Pacific,IDA,EAST ASIA AND PACIFIC,2025-Q3,0.0,0.0,0.0,0.0,0.0,2025,3,quarterly,0.0,0.0,aggregate_or_institution,0.0,0.0,0.0,0.0,0.0,0.0,0.0,0.0,0.0,,,,,,5.0,0.0,False,,0.18181818181818182,0.0,limited
1290,Gross Disbursements,East Asia and Pacific,IDA,EAST ASIA AND PACIFIC,2026-Q3,0.0,0.52,0.0,0.0,0.52,2026,3,quarterly,0.52,0.0,aggregate_or_institution,0.0,0.0,1.0,0.41871033485818504,0.0,0.0,0.0,0.0,0.41871033485818504,0.0,0.52,,0.0,,2.0,0.52,False,,0.3181818181818182,0.52,limited
1017,Commitments,Eastern Africa,IDA,AFRICA,FY16,0.0,8.0,0.0,0.0,8.0,2016,4,annual,8.0,0.0,aggregate_or_institution,0.0,0.0,1.0,2.1972245773362196,0.0,0.0,0.0,0.0,2.1972245773362196,,,,,,8.0,0.0,False,,0.5964912280701754,8.0,limited
875,Commitments,Eastern Africa,IDA,AFRICA,FY17,0.0,53.0,0.0,0.0,53.0,2017,4,annual,53.0,0.0,aggregate_or_institution,0.0,0.0,1.0,3.9889840465642745,0.0,0.0,0.0,0.0,3.9889840465642745,8.0,45.0,5.625,8.0,5.625,53.0,25.0,True,0.4716981132075472,0.7543859649122807,53.0,moderate
3337,Commitments,Eastern Africa,IDA,AFRICA,FY18,0.0,0.0,0.0,0.0,0.0,2018,4,annual,0.0,0.0,aggregate_or_institution,0.0,0.0,0.0,0.0,0.0,0.0,0.0,0.0,0.0,53.0,-53.0,-1.0,53.0,-1.0,0.0,29.0,False,,0.25877192982456143,0.0,limited
3117,Commitments,Eastern Africa,IDA,AFRICA,FY19,0.0,28.0,0.0,0.0,28.0,2019,4,annual,28.0,0.0,aggregate_or_institution,0.0,0.0,1.0,3.367295829986474,0.0,0.0,0.0,0.0,3.367295829986474,0.0,28.0,,0.0,,28.0,4.0,True,0.14285714285714285,0.6798245614035088,28.0,moderate
2226,Commitments,Eastern Africa,IDA,AFRICA EAST,FY20,0.0,443.0,0.0,0.0,443.0,2020,4,annual,443.0,0.0,aggregate_or_institution,0.0,0.0,1.0,6.095824562432225,0.0,0.0,0.0,0.0,6.095824562432225,28.0,415.0,14.821428571428571,28.0,14.821428571428571,443.0,21.0,True,0.04740406320541761,0.9824561403508771,443.0,significant
1092,Gross Disbursements,Eastern Africa,IDA,AFRICA,FY16,0.0,0.0,0.0,0.0,0.0,2016,4,annual,0.0,0.0,aggregate_or_institution,0.0,0.0,0.0,0.0,0.0,0.0,0.0,0.0,0.0,,,,,,8.0,0.0,False,,0.0797872340425532,0.0,limited
944,Gross Disbursements,Eastern Africa,IDA,AFRICA,FY17,0.0,25.0,0.0,0.0,25.0,2017,4,annual,25.0,0.0,aggregate_or_institution,0.0,0.0,1.0,3.258096538021482,0.0,0.0,0.0,0.0,3.258096538021482,0.0,25.0,,0.0,,53.0,25.0,True,0.4716981132075472,0.7340425531914894,25.0,moderate
792,Gross Disbursements,Eastern Africa,IDA,AFRICA,FY18,0.0,29.0,0.0,0.0,29.0,2018,4,annual,29.0,0.0,aggregate_or_institution,0.0,0.0,1.0,3.4011973816621555,0.0,0.0,0.0,0.0,3.4011973816621555,25.0,4.0,0.16,25.0,0.16,0.0,29.0,False,,0.7819148936170213,29.0,moderate
3243,Gross Disbursements,Eastern Africa,IDA,AFRICA,FY19,0.0,4.0,0.0,0.0,4.0,2019,4,annual,4.0,0.0,aggregate_or_institution,0.0,0.0,1.0,1.6094379124341003,0.0,0.0,0.0,0.0,1.6094379124341003,29.0,-25.0,-0.8620689655172413,29.0,-0.8620689655172413,28.0,4.0,True,0.14285714285714285,0.5425531914893617,4.0,limited
2089,Gross Disbursements,Eastern Africa,IDA,AFRICA EAST,FY20,0.0,21.0,0.0,0.0,21.0,2020,4,annual,21.0,0.0,aggregate_or_institution,0.0,0.0,1.0,3.091042453358316,0.0,0.0,0.0,0.0,3.091042453358316,4.0,17.0,4.25,4.0,4.25,443.0,21.0,True,0.04740406320541761,0.7127659574468085,21.0,moderate
1934,Commitments,Eastern and Southern Africa,IDA,EASTERN AND SOUTHERN AFRICA,FY21,0.0,3.0,0.0,0.0,3.0,2021,4,annual,3.0,0.0,aggregate_or_institution,0.0,0.0,1.0,1.3862943611198906,0.0,0.0,0.0,0.0,1.3862943611198906,,,,,,3.0,47.0,False,,0.5307017543859649,3.0,limited
569,Commitments,Eastern and Southern Africa,IDA,EASTERN AND SOUTHERN AFRICA,FY22,0.0,58.0,0.0,39.0,97.0,2022,4,annual,97.0,0.0,aggregate_or_institution,0.0,0.0,0.5979381443298969,4.07753744390572,0.0,0.0,0.4020618556701031,3.6888794541139363,4.584967478670572,3.0,94.0,31.333333333333332,3.0,31.333333333333332,97.0,28.0,True,0.28865979381443296,0.8070175438596491,97.0,moderate
2955,Commitments,Eastern and Southern Africa,IDA,EASTERN AND SOUTHERN AFRICA,FY23,0.0,207.0,0.0,0.0,207.0,2023,4,annual,207.0,0.0,aggregate_or_institution,0.0,0.0,1.0,5.337538079701318,0.0,0.0,0.0,0.0,5.337538079701318,97.0,110.0,1.134020618556701,97.0,1.134020618556701,207.0,97.0,True,0.46859903381642515,0.8947368421052632,207.0,significant
2636,Commitments,Eastern and Southern Africa,IDA,EASTERN AND SOUTHERN AFRICA,FY24,0.0,442.0,0.0,0.0,442.0,2024,4,annual,442.0,0.0,aggregate_or_institution,0.0,0.0,1.0,6.093569770045136,0.0,0.0,0.0,0.0,6.093569770045136,207.0,235.0,1.1352657004830917,207.0,1.1352657004830917,442.0,32.0,True,0.07239819004524888,0.9736842105263158,442.0,significant
1437,Commitments,Eastern and Southern Africa,IDA,EASTERN AND SOUTHERN AFRICA,FY25,0.0,120.0,0.0,0.0,120.0,2025,4,annual,120.0,0.0,aggregate_or_institution,0.0,0.0,1.0,4.795790545596741,0.0,0.0,0.0,0.0,4.795790545596741,442.0,-322.0,-0.7285067873303167,442.0,-0.7285067873303167,120.0,127.0,True,1.0583333333333333,0.8508771929824561,120.0,significant
217,Commitments,Eastern and Southern Africa,IDA,EASTERN AND SOUTHERN AFRICA,2025-Q3,0.0,0.0,0.0,0.0,0.0,2025,3,quarterly,0.0,0.0,aggregate_or_institution,0.0,0.0,0.0,0.0,0.0,0.0,0.0,0.0,0.0,,,,,,0.0,59.0,False,,0.328125,0.0,limited
24,Commitments,Eastern and Southern Africa,IDA,EASTERN AND SOUTHERN AFRICA,2026-Q3,0.0,69.0,0.0,0.0,69.0,2026,3,quarterly,69.0,0.0,aggregate_or_institution,0.0,0.0,1.0,4.248495242049359,0.0,0.0,0.0,0.0,4.248495242049359,0.0,69.0,,0.0,,69.0,371.0,True,5.3768115942028984,0.9375,69.0,moderate
694,Gross Disbursements,Eastern and Southern Africa,IDA,EASTERN AND SOUTHERN AFRICA,FY21,0.0,47.0,0.0,0.0,47.0,2021,4,annual,47.0,0.0,aggregate_or_institution,0.0,0.0,1.0,3.871201010907891,0.0,0.0,0.0,0.0,3.871201010907891,,,,,,3.0,47.0,False,,0.8829787234042553,47.0,moderate
447,Gross Disbursements,Eastern and Southern Africa,IDA,EASTERN AND SOUTHERN AFRICA,FY22,0.0,28.0,0.0,0.0,28.0,2022,4,annual,28.0,0.0,aggregate_or_institution,0.0,0.0,1.0,3.367295829986474,0.0,0.0,0.0,0.0,3.367295829986474,47.0,-19.0,-0.40425531914893614,47.0,-0.40425531914893614,97.0,28.0,True,0.28865979381443296,0.7659574468085106,28.0,moderate
2831,Gross Disbursements,Eastern and Southern Africa,IDA,EASTERN AND SOUTHERN AFRICA,FY23,0.0,90.0,0.0,7.0,97.0,2023,4,annual,97.0,0.0,aggregate_or_institution,0.0,0.0,0.9278350515463918,4.51085950651685,0.0,0.0,0.07216494845360824,2.0794415416798357,4.584967478670572,28.0,69.0,2.4642857142857144,28.0,2.4642857142857144,207.0,97.0,True,0.46859903381642515,0.9574468085106383,97.0,moderate
1753,Gross Disbursements,Eastern and Southern Africa,IDA,EASTERN AND SOUTHERN AFRICA,FY24,0.0,29.0,0.0,3.0,32.0,2024,4,annual,32.0,0.0,aggregate_or_institution,0.0,0.0,0.90625,3.4011973816621555,0.0,0.0,0.09375,1.3862943611198906,3.4965075614664802,97.0,-65.0,-0.6701030927835051,97.0,-0.6701030927835051,442.0,32.0,True,0.07239819004524888,0.8085106382978723,32.0,moderate
1633,Gross Disbursements,Eastern and Southern Africa,IDA,EASTERN AND SOUTHERN AFRICA,FY25,0.0,122.0,0.0,5.0,127.0,2025,4,annual,127.0,0.0,aggregate_or_institution,0.0,0.0,0.9606299212598425,4.812184355372417,0.0,0.0,0.03937007874015748,1.791759469228055,4.852030263919617,32.0,95.0,2.96875,32.0,2.96875,120.0,127.0,True,1.0583333333333333,0.9787234042553191,127.0,significant
1318,Gross Disbursements,Eastern and Southern Africa,IDA,EASTERN AND SOUTHERN AFRICA,2025-Q3,0.0,56.0,0.0,3.0,59.0,2025,3,quarterly,59.0,0.0,aggregate_or_institution,0.0,0.0,0.9491525423728814,4.04305126783455,0.0,0.0,0.05084745762711865,1.3862943611198906,4.0943445622221,,,,,,0.0,59.0,False,,0.8636363636363636,59.0,moderate
1195,Gross Disbursements,Eastern and Southern Africa,IDA,EASTERN AND SOUTHERN AFRICA,2026-Q3,0.0,367.0,0.0,4.0,371.0,2026,3,quarterly,371.0,0.0,aggregate_or_institution,0.0,0.0,0.9892183288409704,5.908082938168931,0.0,0.0,0.01078167115902965,1.6094379124341003,5.918893854273146,59.0,312.0,5.288135593220339,59.0,5.288135593220339,69.0,371.0,True,5.3768115942028984,1.0,371.0,significant
3385,Commitments,Ecuador,IDA,LATIN AMERICA AND CARIBBEAN,FY18,0.0,0.0,0.0,0.0,0.0,2018,4,annual,0.0,0.0,country,0.0,0.0,0.0,0.0,0.0,0.0,0.0,0.0,0.0,,,,,,0.0,,False,,0.19539375928677563,0.0,limited
3145,Commitments,Ecuador,IDA,LATIN AMERICA AND CARIBBEAN,FY19,0.0,0.0,0.0,0.0,0.0,2019,4,annual,0.0,0.0,country,0.0,0.0,0.0,0.0,0.0,0.0,0.0,0.0,0.0,0.0,0.0,,0.0,,0.0,0.0,False,,0.19539375928677563,0.0,limited
3018,Commitments,Ecuador,IDA,LATIN AMERICA AND CARIBBEAN,FY20,0.0,0.0,0.0,0.0,0.0,2020,4,annual,0.0,0.0,country,0.0,0.0,0.0,0.0,0.0,0.0,0.0,0.0,0.0,0.0,0.0,,0.0,,0.0,0.0,False,,0.19539375928677563,0.0,limited
1977,Commitments,Ecuador,IDA,LATIN AMERICA AND CARIBBEAN,FY21,0.0,0.0,0.0,0.0,0.0,2021,4,annual,0.0,0.0,country,0.0,0.0,0.0,0.0,0.0,0.0,0.0,0.0,0.0,0.0,0.0,,0.0,,0.0,0.0,False,,0.19539375928677563,0.0,limited
612,Commitments,Ecuador,IDA,LATIN AMERICA AND CARIBBEAN,FY22,0.0,0.0,0.0,0.0,0.0,2022,4,annual,0.0,0.0,country,0.0,0.0,0.0,0.0,0.0,0.0,0.0,0.0,0.0,0.0,0.0,,0.0,,0.0,0.0,False,,0.19539375928677563,0.0,limited
2998,Commitments,Ecuador,IDA,LATIN AMERICA AND CARIBBEAN,FY23,0.0,0.0,0.0,0.0,0.0,2023,4,annual,0.0,0.0,country,0.0,0.0,0.0,0.0,0.0,0.0,0.0,0.0,0.0,0.0,0.0,,0.0,,0.0,0.0,False,,0.19539375928677563,0.0,limited
2714,Commitments,Ecuador,IDA,LATIN AMERICA AND CARIBBEAN,FY24,0.0,0.0,0.0,0.0,0.0,2024,4,annual,0.0,0.0,country,0.0,0.0,0.0,0.0,0.0,0.0,0.0,0.0,0.0,0.0,0.0,,0.0,,0.0,0.0,False,,0.19539375928677563,0.0,limited
1515,Commitments,Ecuador,IDA,LATIN AMERICA AND CARIBBEAN,FY25,0.0,0.0,0.0,0.0,0.0,2025,4,annual,0.0,0.0,country,0.0,0.0,0.0,0.0,0.0,0.0,0.0,0.0,0.0,0.0,0.0,,0.0,,0.0,0.0,False,,0.19539375928677563,0.0,limited
295,Commitments,Ecuador,IDA,LATIN AMERICA AND CARIBBEAN,2025-Q3,0.0,0.0,0.0,0.0,0.0,2025,3,quarterly,0.0,0.0,country,0.0,0.0,0.0,0.0,0.0,0.0,0.0,0.0,0.0,,,,,,0.0,0.0,False,,0.326271186440678,0.0,limited
102,Commitments,Ecuador,IDA,LATIN AMERICA AND CARIBBEAN,2026-Q3,0.0,0.0,0.0,0.0,0.0,2026,3,quarterly,0.0,0.0,country,0.0,0.0,0.0,0.0,0.0,0.0,0.0,0.0,0.0,0.0,0.0,,0.0,,0.0,0.0,False,,0.326271186440678,0.0,limited
2261,Gross Disbursements,Ecuador,IDA,LATIN AMERICA AND CARIBBEAN,FY16,0.0,0.0,0.0,0.0,0.0,2016,4,annual,0.0,0.0,country,0.0,0.0,0.0,0.0,0.0,0.0,0.0,0.0,0.0,,,,,,,0.0,False,,0.1094003241491086,0.0,limited
995,Gross Disbursements,Ecuador,IDA,LATIN AMERICA AND CARIBBEAN,FY17,0.0,0.0,0.0,0.0,0.0,2017,4,annual,0.0,0.0,country,0.0,0.0,0.0,0.0,0.0,0.0,0.0,0.0,0.0,0.0,0.0,,0.0,,,0.0,False,,0.1094003241491086,0.0,limited
3266,Gross Disbursements,Ecuador,IDA,LATIN AMERICA AND CARIBBEAN,FY19,0.0,0.0,0.0,0.0,0.0,2019,4,annual,0.0,0.0,country,0.0,0.0,0.0,0.0,0.0,0.0,0.0,0.0,0.0,0.0,0.0,,0.0,,0.0,0.0,False,,0.1094003241491086,0.0,limited
2142,Gross Disbursements,Ecuador,IDA,LATIN AMERICA AND CARIBBEAN,FY20,0.0,0.0,0.0,0.0,0.0,2020,4,annual,0.0,0.0,country,0.0,0.0,0.0,0.0,0.0,0.0,0.0,0.0,0.0,0.0,0.0,,0.0,,0.0,0.0,False,,0.1094003241491086,0.0,limited
733,Gross Disbursements,Ecuador,IDA,LATIN AMERICA AND CARIBBEAN,FY21,0.0,0.0,0.0,0.0,0.0,2021,4,annual,0.0,0.0,country,0.0,0.0,0.0,0.0,0.0,0.0,0.0,0.0,0.0,0.0,0.0,,0.0,,0.0,0.0,False,,0.1094003241491086,0.0,limited
486,Gross Disbursements,Ecuador,IDA,LATIN AMERICA AND CARIBBEAN,FY22,0.0,0.0,0.0,0.0,0.0,2022,4,annual,0.0,0.0,country,0.0,0.0,0.0,0.0,0.0,0.0,0.0,0.0,0.0,0.0,0.0,,0.0,,0.0,0.0,False,,0.1094003241491086,0.0,limited
2870,Gross Disbursements,Ecuador,IDA,LATIN AMERICA AND CARIBBEAN,FY23,0.0,0.0,0.0,0.0,0.0,2023,4,annual,0.0,0.0,country,0.0,0.0,0.0,0.0,0.0,0.0,0.0,0.0,0.0,0.0,0.0,,0.0,,0.0,0.0,False,,0.1094003241491086,0.0,limited
1792,Gross Disbursements,Ecuador,IDA,LATIN AMERICA AND CARIBBEAN,FY24,0.0,0.0,0.0,0.0,0.0,2024,4,annual,0.0,0.0,country,0.0,0.0,0.0,0.0,0.0,0.0,0.0,0.0,0.0,0.0,0.0,,0.0,,0.0,0.0,False,,0.1094003241491086,0.0,limited
1672,Gross Disbursements,Ecuador,IDA,LATIN AMERICA AND CARIBBEAN,FY25,0.0,0.0,0.0,0.0,0.0,2025,4,annual,0.0,0.0,country,0.0,0.0,0.0,0.0,0.0,0.0,0.0,0.0,0.0,0.0,0.0,,0.0,,0.0,0.0,False,,0.1094003241491086,0.0,limited
1357,Gross Disbursements,Ecuador,IDA,LATIN AMERICA AND CARIBBEAN,2025-Q3,0.0,0.0,0.0,0.0,0.0,2025,3,quarterly,0.0,0.0,country,0.0,0.0,0.0,0.0,0.0,0.0,0.0,0.0,0.0,,,,,,0.0,0.0,False,,0.15848214285714285,0.0,limited
1234,Gross Disbursements,Ecuador,IDA,LATIN AMERICA AND CARIBBEAN,2026-Q3,0.0,0.0,0.0,0.0,0.0,2026,3,quarterly,0.0,0.0,country,0.0,0.0,0.0,0.0,0.0,0.0,0.0,0.0,0.0,0.0,0.0,,0.0,,0.0,0.0,False,,0.15848214285714285,0.0,limited
3390,Commitments,"Egypt, Arab Republic of",IDA,MIDDLE EAST AND NORTH AFRICA,FY18,0.0,0.0,0.0,0.0,0.0,2018,4,annual,0.0,0.0,country,0.0,0.0,0.0,0.0,0.0,0.0,0.0,0.0,0.0,,,,,,0.0,,False,,0.19539375928677563,0.0,limited
3151,Commitments,"Egypt, Arab Republic of",IDA,MIDDLE EAST AND NORTH AFRICA,FY19,0.0,0.0,0.0,0.0,0.0,2019,4,annual,0.0,0.0,country,0.0,0.0,0.0,0.0,0.0,0.0,0.0,0.0,0.0,0.0,0.0,,0.0,,0.0,0.0,False,,0.19539375928677563,0.0,limited
3022,Commitments,"Egypt, Arab Republic of",IDA,MIDDLE EAST AND NORTH AFRICA,FY20,0.0,0.0,0.0,0.0,0.0,2020,4,annual,0.0,0.0,country,0.0,0.0,0.0,0.0,0.0,0.0,0.0,0.0,0.0,0.0,0.0,,0.0,,0.0,0.0,False,,0.19539375928677563,0.0,limited
1990,Commitments,"Egypt, Arab Republic of",IDA,MIDDLE EAST AND NORTH AFRICA,FY21,0.0,0.0,0.0,0.0,0.0,2021,4,annual,0.0,0.0,country,0.0,0.0,0.0,0.0,0.0,0.0,0.0,0.0,0.0,0.0,0.0,,0.0,,0.0,0.0,False,,0.19539375928677563,0.0,limited
625,Commitments,"Egypt, Arab Republic of",IDA,MIDDLE EAST AND NORTH AFRICA,FY22,0.0,0.0,0.0,0.0,0.0,2022,4,annual,0.0,0.0,country,0.0,0.0,0.0,0.0,0.0,0.0,0.0,0.0,0.0,0.0,0.0,,0.0,,0.0,0.0,False,,0.19539375928677563,0.0,limited
378,Commitments,"Egypt, Arab Republic of",IDA,MIDDLE EAST AND NORTH AFRICA,FY23,0.0,0.0,0.0,0.0,0.0,2023,4,annual,0.0,0.0,country,0.0,0.0,0.0,0.0,0.0,0.0,0.0,0.0,0.0,0.0,0.0,,0.0,,0.0,0.0,False,,0.19539375928677563,0.0,limited
2735,Commitments,"Egypt, Arab Republic of",IDA,MIDDLE EAST AND NORTH AFRICA,FY24,0.0,0.0,0.0,0.0,0.0,2024,4,annual,0.0,0.0,country,0.0,0.0,0.0,0.0,0.0,0.0,0.0,0.0,0.0,0.0,0.0,,0.0,,0.0,0.0,False,,0.19539375928677563,0.0,limited
1536,Commitments,"Egypt, Arab Republic of",IDA,MIDDLE EAST AND NORTH AFRICA,FY25,0.0,0.0,0.0,0.0,0.0,2025,4,annual,0.0,0.0,country,0.0,0.0,0.0,0.0,0.0,0.0,0.0,0.0,0.0,0.0,0.0,,0.0,,0.0,0.0,False,,0.19539375928677563,0.0,limited
316,Commitments,"Egypt, Arab Republic of",IDA,"MIDDLE EAST, NORTH AFRICA, AFGHANISTAN, AND PAKISTAN",2025-Q3,0.0,0.0,0.0,0.0,0.0,2025,3,quarterly,0.0,0.0,country,0.0,0.0,0.0,0.0,0.0,0.0,0.0,0.0,0.0,,,,,,0.0,0.0,False,,0.326271186440678,0.0,limited
123,Commitments,"Egypt, Arab Republic of",IDA,"MIDDLE EAST, NORTH AFRICA, AFGHANISTAN, AND PAKISTAN",2026-Q3,0.0,0.0,0.0,0.0,0.0,2026,3,quarterly,0.0,0.0,country,0.0,0.0,0.0,0.0,0.0,0.0,0.0,0.0,0.0,0.0,0.0,,0.0,,0.0,0.0,False,,0.326271186440678,0.0,limited
2613,Gross Disbursements,"Egypt, Arab Republic of",IDA,MIDDLE EAST AND NORTH AFRICA,FY14,0.0,0.0,0.0,0.0,0.0,2014,4,annual,0.0,0.0,country,0.0,0.0,0.0,0.0,0.0,0.0,0.0,0.0,0.0,,,,,,,0.0,False,,0.1094003241491086,0.0,limited
2445,Gross Disbursements,"Egypt, Arab Republic of",IDA,MIDDLE EAST AND NORTH AFRICA,FY15,0.0,0.0,0.0,0.0,0.0,2015,4,annual,0.0,0.0,country,0.0,0.0,0.0,0.0,0.0,0.0,0.0,0.0,0.0,0.0,0.0,,0.0,,,0.0,False,,0.1094003241491086,0.0,limited
2273,Gross Disbursements,"Egypt, Arab Republic of",IDA,MIDDLE EAST AND NORTH AFRICA,FY16,0.0,0.0,0.0,0.0,0.0,2016,4,annual,0.0,0.0,country,0.0,0.0,0.0,0.0,0.0,0.0,0.0,0.0,0.0,0.0,0.0,,0.0,,,0.0,False,,0.1094003241491086,0.0,limited
999,Gross Disbursements,"Egypt, Arab Republic of",IDA,MIDDLE EAST AND NORTH AFRICA,FY17,0.0,0.0,0.0,0.0,0.0,2017,4,annual,0.0,0.0,country,0.0,0.0,0.0,0.0,0.0,0.0,0.0,0.0,0.0,0.0,0.0,,0.0,,,0.0,False,,0.1094003241491086,0.0,limited
3270,Gross Disbursements,"Egypt, Arab Republic of",IDA,MIDDLE EAST AND NORTH AFRICA,FY19,0.0,0.0,0.0,0.0,0.0,2019,4,annual,0.0,0.0,country,0.0,0.0,0.0,0.0,0.0,0.0,0.0,0.0,0.0,0.0,0.0,,0.0,,0.0,0.0,False,,0.1094003241491086,0.0,limited
2146,Gross Disbursements,"Egypt, Arab Republic of",IDA,MIDDLE EAST AND NORTH AFRICA,FY20,0.0,0.0,0.0,0.0,0.0,2020,4,annual,0.0,0.0,country,0.0,0.0,0.0,0.0,0.0,0.0,0.0,0.0,0.0,0.0,0.0,,0.0,,0.0,0.0,False,,0.1094003241491086,0.0,limited
1863,Gross Disbursements,"Egypt, Arab Republic of",IDA,MIDDLE EAST AND NORTH AFRICA,FY21,0.0,0.0,0.0,0.0,0.0,2021,4,annual,0.0,0.0,country,0.0,0.0,0.0,0.0,0.0,0.0,0.0,0.0,0.0,0.0,0.0,,0.0,,0.0,0.0,False,,0.1094003241491086,0.0,limited
498,Gross Disbursements,"Egypt, Arab Republic of",IDA,MIDDLE EAST AND NORTH AFRICA,FY22,0.0,0.0,0.0,0.0,0.0,2022,4,annual,0.0,0.0,country,0.0,0.0,0.0,0.0,0.0,0.0,0.0,0.0,0.0,0.0,0.0,,0.0,,0.0,0.0,False,,0.1094003241491086,0.0,limited
2883,Gross Disbursements,"Egypt, Arab Republic of",IDA,MIDDLE EAST AND NORTH AFRICA,FY23,0.0,0.0,0.0,0.0,0.0,2023,4,annual,0.0,0.0,country,0.0,0.0,0.0,0.0,0.0,0.0,0.0,0.0,0.0,0.0,0.0,,0.0,,0.0,0.0,False,,0.1094003241491086,0.0,limited
1805,Gross Disbursements,"Egypt, Arab Republic of",IDA,MIDDLE EAST AND NORTH AFRICA,FY24,0.0,0.0,0.0,0.0,0.0,2024,4,annual,0.0,0.0,country,0.0,0.0,0.0,0.0,0.0,0.0,0.0,0.0,0.0,0.0,0.0,,0.0,,0.0,0.0,False,,0.1094003241491086,0.0,limited
1685,Gross Disbursements,"Egypt, Arab Republic of",IDA,MIDDLE EAST AND NORTH AFRICA,FY25,0.0,0.0,0.0,0.0,0.0,2025,4,annual,0.0,0.0,country,0.0,0.0,0.0,0.0,0.0,0.0,0.0,0.0,0.0,0.0,0.0,,0.0,,0.0,0.0,False,,0.1094003241491086,0.0,limited
1371,Gross Disbursements,"Egypt, Arab Republic of",IDA,"MIDDLE EAST, NORTH AFRICA, AFGHANISTAN, AND PAKISTAN",2025-Q3,0.0,0.0,0.0,0.0,0.0,2025,3,quarterly,0.0,0.0,country,0.0,0.0,0.0,0.0,0.0,0.0,0.0,0.0,0.0,,,,,,0.0,0.0,False,,0.15848214285714285,0.0,limited
1248,Gross Disbursements,"Egypt, Arab Republic of",IDA,"MIDDLE EAST, NORTH AFRICA, AFGHANISTAN, AND PAKISTAN",2026-Q3,0.0,0.0,0.0,0.0,0.0,2026,3,quarterly,0.0,0.0,country,0.0,0.0,0.0,0.0,0.0,0.0,0.0,0.0,0.0,0.0,0.0,,0.0,,0.0,0.0,False,,0.15848214285714285,0.0,limited
3386,Commitments,El Salvador,IDA,LATIN AMERICA AND CARIBBEAN,FY18,0.0,0.0,0.0,0.0,0.0,2018,4,annual,0.0,0.0,country,0.0,0.0,0.0,0.0,0.0,0.0,0.0,0.0,0.0,,,,,,0.0,,False,,0.19539375928677563,0.0,limited
3146,Commitments,El Salvador,IDA,LATIN AMERICA AND CARIBBEAN,FY19,0.0,0.0,0.0,0.0,0.0,2019,4,annual,0.0,0.0,country,0.0,0.0,0.0,0.0,0.0,0.0,0.0,0.0,0.0,0.0,0.0,,0.0,,0.0,0.0,False,,0.19539375928677563,0.0,limited
3019,Commitments,El Salvador,IDA,LATIN AMERICA AND CARIBBEAN,FY20,0.0,0.0,0.0,0.0,0.0,2020,4,annual,0.0,0.0,country,0.0,0.0,0.0,0.0,0.0,0.0,0.0,0.0,0.0,0.0,0.0,,0.0,,0.0,0.0,False,,0.19539375928677563,0.0,limited
1978,Commitments,El Salvador,IDA,LATIN AMERICA AND CARIBBEAN,FY21,0.0,0.0,0.0,0.0,0.0,2021,4,annual,0.0,0.0,country,0.0,0.0,0.0,0.0,0.0,0.0,0.0,0.0,0.0,0.0,0.0,,0.0,,0.0,0.0,False,,0.19539375928677563,0.0,limited
613,Commitments,El Salvador,IDA,LATIN AMERICA AND CARIBBEAN,FY22,0.0,0.0,0.0,0.0,0.0,2022,4,annual,0.0,0.0,country,0.0,0.0,0.0,0.0,0.0,0.0,0.0,0.0,0.0,0.0,0.0,,0.0,,0.0,0.0,False,,0.19539375928677563,0.0,limited
2999,Commitments,El Salvador,IDA,LATIN AMERICA AND CARIBBEAN,FY23,0.0,0.0,0.0,0.0,0.0,2023,4,annual,0.0,0.0,country,0.0,0.0,0.0,0.0,0.0,0.0,0.0,0.0,0.0,0.0,0.0,,0.0,,0.0,0.0,False,,0.19539375928677563,0.0,limited
2715,Commitments,El Salvador,IDA,LATIN AMERICA AND CARIBBEAN,FY24,0.0,0.0,0.0,0.0,0.0,2024,4,annual,0.0,0.0,country,0.0,0.0,0.0,0.0,0.0,0.0,0.0,0.0,0.0,0.0,0.0,,0.0,,0.0,0.0,False,,0.19539375928677563,0.0,limited
1516,Commitments,El Salvador,IDA,LATIN AMERICA AND CARIBBEAN,FY25,0.0,0.0,0.0,0.0,0.0,2025,4,annual,0.0,0.0,country,0.0,0.0,0.0,0.0,0.0,0.0,0.0,0.0,0.0,0.0,0.0,,0.0,,0.0,0.0,False,,0.19539375928677563,0.0,limited
296,Commitments,El Salvador,IDA,LATIN AMERICA AND CARIBBEAN,2025-Q3,-1.0,0.0,0.0,0.0,-1.0,2025,3,quarterly,-1.0,0.0,country,1.0,0.0,-0.0,0.0,-0.0,0.0,-0.0,0.0,0.0,,,,,,-1.0,0.0,False,,0.00847457627118644,1.0,limited
103,Commitments,El Salvador,IDA,LATIN AMERICA AND CARIBBEAN,2026-Q3,0.0,-1.0,0.0,0.0,-1.0,2026,3,quarterly,-1.0,0.0,country,-0.0,0.0,1.0,0.0,-0.0,0.0,-0.0,0.0,0.0,-1.0,0.0,0.0,-1.0,0.0,-1.0,0.0,False,,0.00847457627118644,1.0,limited
2262,Gross Disbursements,El Salvador,IDA,LATIN AMERICA AND CARIBBEAN,FY16,0.0,0.0,0.0,0.0,0.0,2016,4,annual,0.0,0.0,country,0.0,0.0,0.0,0.0,0.0,0.0,0.0,0.0,0.0,,,,,,,0.0,False,,0.1094003241491086,0.0,limited
996,Gross Disbursements,El Salvador,IDA,LATIN AMERICA AND CARIBBEAN,FY17,0.0,0.0,0.0,0.0,0.0,2017,4,annual,0.0,0.0,country,0.0,0.0,0.0,0.0,0.0,0.0,0.0,0.0,0.0,0.0,0.0,,0.0,,,0.0,False,,0.1094003241491086,0.0,limited
3267,Gross Disbursements,El Salvador,IDA,LATIN AMERICA AND CARIBBEAN,FY19,0.0,0.0,0.0,0.0,0.0,2019,4,annual,0.0,0.0,country,0.0,0.0,0.0,0.0,0.0,0.0,0.0,0.0,0.0,0.0,0.0,,0.0,,0.0,0.0,False,,0.1094003241491086,0.0,limited
2143,Gross Disbursements,El Salvador,IDA,LATIN AMERICA AND CARIBBEAN,FY20,0.0,0.0,0.0,0.0,0.0,2020,4,annual,0.0,0.0,country,0.0,0.0,0.0,0.0,0.0,0.0,0.0,0.0,0.0,0.0,0.0,,0.0,,0.0,0.0,False,,0.1094003241491086,0.0,limited
734,Gross Disbursements,El Salvador,IDA,LATIN AMERICA AND CARIBBEAN,FY21,0.0,0.0,0.0,0.0,0.0,2021,4,annual,0.0,0.0,country,0.0,0.0,0.0,0.0,0.0,0.0,0.0,0.0,0.0,0.0,0.0,,0.0,,0.0,0.0,False,,0.1094003241491086,0.0,limited
487,Gross Disbursements,El Salvador,IDA,LATIN AMERICA AND CARIBBEAN,FY22,0.0,0.0,0.0,0.0,0.0,2022,4,annual,0.0,0.0,country,0.0,0.0,0.0,0.0,0.0,0.0,0.0,0.0,0.0,0.0,0.0,,0.0,,0.0,0.0,False,,0.1094003241491086,0.0,limited
2871,Gross Disbursements,El Salvador,IDA,LATIN AMERICA AND CARIBBEAN,FY23,0.0,0.0,0.0,0.0,0.0,2023,4,annual,0.0,0.0,country,0.0,0.0,0.0,0.0,0.0,0.0,0.0,0.0,0.0,0.0,0.0,,0.0,,0.0,0.0,False,,0.1094003241491086,0.0,limited
1793,Gross Disbursements,El Salvador,IDA,LATIN AMERICA AND CARIBBEAN,FY24,0.0,0.0,0.0,0.0,0.0,2024,4,annual,0.0,0.0,country,0.0,0.0,0.0,0.0,0.0,0.0,0.0,0.0,0.0,0.0,0.0,,0.0,,0.0,0.0,False,,0.1094003241491086,0.0,limited
1673,Gross Disbursements,El Salvador,IDA,LATIN AMERICA AND CARIBBEAN,FY25,0.0,0.0,0.0,0.0,0.0,2025,4,annual,0.0,0.0,country,0.0,0.0,0.0,0.0,0.0,0.0,0.0,0.0,0.0,0.0,0.0,,0.0,,0.0,0.0,False,,0.1094003241491086,0.0,limited
1358,Gross Disbursements,El Salvador,IDA,LATIN AMERICA AND CARIBBEAN,2025-Q3,0.0,0.0,0.0,0.0,0.0,2025,3,quarterly,0.0,0.0,country,0.0,0.0,0.0,0.0,0.0,0.0,0.0,0.0,0.0,,,,,,-1.0,0.0,False,,0.15848214285714285,0.0,limited
1235,Gross Disbursements,El Salvador,IDA,LATIN AMERICA AND CARIBBEAN,2026-Q3,0.0,0.0,0.0,0.0,0.0,2026,3,quarterly,0.0,0.0,country,0.0,0.0,0.0,0.0,0.0,0.0,0.0,0.0,0.0,0.0,0.0,,0.0,,-1.0,0.0,False,,0.15848214285714285,0.0,limited
3351,Commitments,Equatorial Guinea,IDA,AFRICA,FY18,0.0,0.0,0.0,0.0,0.0,2018,4,annual,0.0,0.0,country,0.0,0.0,0.0,0.0,0.0,0.0,0.0,0.0,0.0,,,,,,0.0,,False,,0.19539375928677563,0.0,limited
3118,Commitments,Equatorial Guinea,IDA,AFRICA,FY19,0.0,0.0,0.0,0.0,0.0,2019,4,annual,0.0,0.0,country,0.0,0.0,0.0,0.0,0.0,0.0,0.0,0.0,0.0,0.0,0.0,,0.0,,0.0,0.0,False,,0.19539375928677563,0.0,limited
2234,Commitments,Equatorial Guinea,IDA,AFRICA WEST,FY20,0.0,0.0,0.0,0.0,0.0,2020,4,annual,0.0,0.0,country,0.0,0.0,0.0,0.0,0.0,0.0,0.0,0.0,0.0,0.0,0.0,,0.0,,0.0,0.0,False,,0.19539375928677563,0.0,limited
2020,Commitments,Equatorial Guinea,IDA,WESTERN AND CENTRAL AFRICA,FY21,0.0,0.0,0.0,0.0,0.0,2021,4,annual,0.0,0.0,country,0.0,0.0,0.0,0.0,0.0,0.0,0.0,0.0,0.0,0.0,0.0,,0.0,,0.0,0.0,False,,0.19539375928677563,0.0,limited
655,Commitments,Equatorial Guinea,IDA,WESTERN AND CENTRAL AFRICA,FY22,0.0,0.0,0.0,0.0,0.0,2022,4,annual,0.0,0.0,country,0.0,0.0,0.0,0.0,0.0,0.0,0.0,0.0,0.0,0.0,0.0,,0.0,,0.0,0.0,False,,0.19539375928677563,0.0,limited
408,Commitments,Equatorial Guinea,IDA,WESTERN AND CENTRAL AFRICA,FY23,0.0,0.0,0.0,0.0,0.0,2023,4,annual,0.0,0.0,country,0.0,0.0,0.0,0.0,0.0,0.0,0.0,0.0,0.0,0.0,0.0,,0.0,,0.0,0.0,False,,0.19539375928677563,0.0,limited
2803,Commitments,Equatorial Guinea,IDA,WESTERN AND CENTRAL AFRICA,FY24,0.0,0.0,0.0,0.0,0.0,2024,4,annual,0.0,0.0,country,0.0,0.0,0.0,0.0,0.0,0.0,0.0,0.0,0.0,0.0,0.0,,0.0,,0.0,0.0,False,,0.19539375928677563,0.0,limited
1604,Commitments,Equatorial Guinea,IDA,WESTERN AND CENTRAL AFRICA,FY25,0.0,0.0,0.0,0.0,0.0,2025,4,annual,0.0,0.0,country,0.0,0.0,0.0,0.0,0.0,0.0,0.0,0.0,0.0,0.0,0.0,,0.0,,0.0,0.0,False,,0.19539375928677563,0.0,limited
1166,Commitments,Equatorial Guinea,IDA,WESTERN AND CENTRAL AFRICA,2025-Q3,0.0,1.0,0.0,0.0,1.0,2025,3,quarterly,1.0,0.0,country,0.0,0.0,1.0,0.6931471805599453,0.0,0.0,0.0,0.0,0.6931471805599453,,,,,,1.0,0.0,False,,0.6398305084745762,1.0,limited
191,Commitments,Equatorial Guinea,IDA,WESTERN AND CENTRAL AFRICA,2026-Q3,0.0,0.0,0.0,0.0,0.0,2026,3,quarterly,0.0,0.0,country,0.0,0.0,0.0,0.0,0.0,0.0,0.0,0.0,0.0,1.0,-1.0,-1.0,1.0,-1.0,0.0,0.0,False,,0.326271186440678,0.0,limited
1093,Gross Disbursements,Equatorial Guinea,IDA,AFRICA,FY16,0.0,0.0,0.0,0.0,0.0,2016,4,annual,0.0,0.0,country,0.0,0.0,0.0,0.0,0.0,0.0,0.0,0.0,0.0,,,,,,,0.0,False,,0.1094003241491086,0.0,limited
980,Gross Disbursements,Equatorial Guinea,IDA,AFRICA,FY17,0.0,0.0,0.0,0.0,0.0,2017,4,annual,0.0,0.0,country,0.0,0.0,0.0,0.0,0.0,0.0,0.0,0.0,0.0,0.0,0.0,,0.0,,,0.0,False,,0.1094003241491086,0.0,limited
3252,Gross Disbursements,Equatorial Guinea,IDA,AFRICA,FY19,0.0,0.0,0.0,0.0,0.0,2019,4,annual,0.0,0.0,country,0.0,0.0,0.0,0.0,0.0,0.0,0.0,0.0,0.0,0.0,0.0,,0.0,,0.0,0.0,False,,0.1094003241491086,0.0,limited
2131,Gross Disbursements,Equatorial Guinea,IDA,AFRICA WEST,FY20,0.0,0.0,0.0,0.0,0.0,2020,4,annual,0.0,0.0,country,0.0,0.0,0.0,0.0,0.0,0.0,0.0,0.0,0.0,0.0,0.0,,0.0,,0.0,0.0,False,,0.1094003241491086,0.0,limited
1890,Gross Disbursements,Equatorial Guinea,IDA,WESTERN AND CENTRAL AFRICA,FY21,0.0,0.0,0.0,0.0,0.0,2021,4,annual,0.0,0.0,country,0.0,0.0,0.0,0.0,0.0,0.0,0.0,0.0,0.0,0.0,0.0,,0.0,,0.0,0.0,False,,0.1094003241491086,0.0,limited
525,Gross Disbursements,Equatorial Guinea,IDA,WESTERN AND CENTRAL AFRICA,FY22,0.0,0.0,0.0,0.0,0.0,2022,4,annual,0.0,0.0,country,0.0,0.0,0.0,0.0,0.0,0.0,0.0,0.0,0.0,0.0,0.0,,0.0,,0.0,0.0,False,,0.1094003241491086,0.0,limited
2911,Gross Disbursements,Equatorial Guinea,IDA,WESTERN AND CENTRAL AFRICA,FY23,0.0,0.0,0.0,0.0,0.0,2023,4,annual,0.0,0.0,country,0.0,0.0,0.0,0.0,0.0,0.0,0.0,0.0,0.0,0.0,0.0,,0.0,,0.0,0.0,False,,0.1094003241491086,0.0,limited
1833,Gross Disbursements,Equatorial Guinea,IDA,WESTERN AND CENTRAL AFRICA,FY24,0.0,0.0,0.0,0.0,0.0,2024,4,annual,0.0,0.0,country,0.0,0.0,0.0,0.0,0.0,0.0,0.0,0.0,0.0,0.0,0.0,,0.0,,0.0,0.0,False,,0.1094003241491086,0.0,limited
1713,Gross Disbursements,Equatorial Guinea,IDA,WESTERN AND CENTRAL AFRICA,FY25,0.0,0.0,0.0,0.0,0.0,2025,4,annual,0.0,0.0,country,0.0,0.0,0.0,0.0,0.0,0.0,0.0,0.0,0.0,0.0,0.0,,0.0,,0.0,0.0,False,,0.1094003241491086,0.0,limited
1398,Gross Disbursements,Equatorial Guinea,IDA,WESTERN AND CENTRAL AFRICA,2025-Q3,0.0,0.0,0.0,0.0,0.0,2025,3,quarterly,0.0,0.0,country,0.0,0.0,0.0,0.0,0.0,0.0,0.0,0.0,0.0,,,,,,1.0,0.0,False,,0.15848214285714285,0.0,limited
1275,Gross Disbursements,Equatorial Guinea,IDA,WESTERN AND CENTRAL AFRICA,2026-Q3,0.0,0.0,0.0,0.0,0.0,2026,3,quarterly,0.0,0.0,country,0.0,0.0,0.0,0.0,0.0,0.0,0.0,0.0,0.0,0.0,0.0,,0.0,,0.0,0.0,False,,0.15848214285714285,0.0,limited
3352,Commitments,Eritrea,IDA,AFRICA,FY18,0.0,0.0,0.0,0.0,0.0,2018,4,annual,0.0,0.0,country,0.0,0.0,0.0,0.0,0.0,0.0,0.0,0.0,0.0,,,,,,0.0,,False,,0.19539375928677563,0.0,limited
3119,Commitments,Eritrea,IDA,AFRICA,FY19,0.0,0.0,0.0,0.0,0.0,2019,4,annual,0.0,0.0,country,0.0,0.0,0.0,0.0,0.0,0.0,0.0,0.0,0.0,0.0,0.0,,0.0,,0.0,0.0,False,,0.19539375928677563,0.0,limited
2229,Commitments,Eritrea,IDA,AFRICA EAST,FY20,0.0,0.0,0.0,0.0,0.0,2020,4,annual,0.0,0.0,country,0.0,0.0,0.0,0.0,0.0,0.0,0.0,0.0,0.0,0.0,0.0,,0.0,,0.0,0.0,False,,0.19539375928677563,0.0,limited
1935,Commitments,Eritrea,IDA,EASTERN AND SOUTHERN AFRICA,FY21,0.0,0.0,0.0,0.0,0.0,2021,4,annual,0.0,0.0,country,0.0,0.0,0.0,0.0,0.0,0.0,0.0,0.0,0.0,0.0,0.0,,0.0,,0.0,0.0,False,,0.19539375928677563,0.0,limited
570,Commitments,Eritrea,IDA,EASTERN AND SOUTHERN AFRICA,FY22,0.0,0.0,0.0,0.0,0.0,2022,4,annual,0.0,0.0,country,0.0,0.0,0.0,0.0,0.0,0.0,0.0,0.0,0.0,0.0,0.0,,0.0,,0.0,0.0,False,,0.19539375928677563,0.0,limited
2956,Commitments,Eritrea,IDA,EASTERN AND SOUTHERN AFRICA,FY23,0.0,0.0,0.0,0.0,0.0,2023,4,annual,0.0,0.0,country,0.0,0.0,0.0,0.0,0.0,0.0,0.0,0.0,0.0,0.0,0.0,,0.0,,0.0,0.0,False,,0.19539375928677563,0.0,limited
2784,Commitments,Eritrea,IDA,EASTERN AND SOUTHERN AFRICA,FY24,0.0,0.0,0.0,0.0,0.0,2024,4,annual,0.0,0.0,country,0.0,0.0,0.0,0.0,0.0,0.0,0.0,0.0,0.0,0.0,0.0,,0.0,,0.0,0.0,False,,0.19539375928677563,0.0,limited
1585,Commitments,Eritrea,IDA,EASTERN AND SOUTHERN AFRICA,FY25,0.0,0.0,0.0,0.0,0.0,2025,4,annual,0.0,0.0,country,0.0,0.0,0.0,0.0,0.0,0.0,0.0,0.0,0.0,0.0,0.0,,0.0,,0.0,0.0,False,,0.19539375928677563,0.0,limited
365,Commitments,Eritrea,IDA,EASTERN AND SOUTHERN AFRICA,2025-Q3,0.0,0.0,0.0,0.0,0.0,2025,3,quarterly,0.0,0.0,country,0.0,0.0,0.0,0.0,0.0,0.0,0.0,0.0,0.0,,,,,,0.0,0.0,False,,0.326271186440678,0.0,limited
172,Commitments,Eritrea,IDA,EASTERN AND SOUTHERN AFRICA,2026-Q3,0.0,0.0,0.0,0.0,0.0,2026,3,quarterly,0.0,0.0,country,0.0,0.0,0.0,0.0,0.0,0.0,0.0,0.0,0.0,0.0,0.0,,0.0,,0.0,0.0,False,,0.326271186440678,0.0,limited
1094,Gross Disbursements,Eritrea,IDA,AFRICA,FY16,0.0,0.0,0.0,0.0,0.0,2016,4,annual,0.0,0.0,country,0.0,0.0,0.0,0.0,0.0,0.0,0.0,0.0,0.0,,,,,,,0.0,False,,0.1094003241491086,0.0,limited
981,Gross Disbursements,Eritrea,IDA,AFRICA,FY17,0.0,0.0,0.0,0.0,0.0,2017,4,annual,0.0,0.0,country,0.0,0.0,0.0,0.0,0.0,0.0,0.0,0.0,0.0,0.0,0.0,,0.0,,,0.0,False,,0.1094003241491086,0.0,limited
3253,Gross Disbursements,Eritrea,IDA,AFRICA,FY19,0.0,0.0,0.0,0.0,0.0,2019,4,annual,0.0,0.0,country,0.0,0.0,0.0,0.0,0.0,0.0,0.0,0.0,0.0,0.0,0.0,,0.0,,0.0,0.0,False,,0.1094003241491086,0.0,limited
2128,Gross Disbursements,Eritrea,IDA,AFRICA EAST,FY20,0.0,0.0,0.0,0.0,0.0,2020,4,annual,0.0,0.0,country,0.0,0.0,0.0,0.0,0.0,0.0,0.0,0.0,0.0,0.0,0.0,,0.0,,0.0,0.0,False,,0.1094003241491086,0.0,limited
695,Gross Disbursements,Eritrea,IDA,EASTERN AND SOUTHERN AFRICA,FY21,0.0,0.0,0.0,0.0,0.0,2021,4,annual,0.0,0.0,country,0.0,0.0,0.0,0.0,0.0,0.0,0.0,0.0,0.0,0.0,0.0,,0.0,,0.0,0.0,False,,0.1094003241491086,0.0,limited
448,Gross Disbursements,Eritrea,IDA,EASTERN AND SOUTHERN AFRICA,FY22,0.0,0.0,0.0,0.0,0.0,2022,4,annual,0.0,0.0,country,0.0,0.0,0.0,0.0,0.0,0.0,0.0,0.0,0.0,0.0,0.0,,0.0,,0.0,0.0,False,,0.1094003241491086,0.0,limited
2832,Gross Disbursements,Eritrea,IDA,EASTERN AND SOUTHERN AFRICA,FY23,0.0,0.0,0.0,0.0,0.0,2023,4,annual,0.0,0.0,country,0.0,0.0,0.0,0.0,0.0,0.0,0.0,0.0,0.0,0.0,0.0,,0.0,,0.0,0.0,False,,0.1094003241491086,0.0,limited
1754,Gross Disbursements,Eritrea,IDA,EASTERN AND SOUTHERN AFRICA,FY24,0.0,0.0,0.0,0.0,0.0,2024,4,annual,0.0,0.0,country,0.0,0.0,0.0,0.0,0.0,0.0,0.0,0.0,0.0,0.0,0.0,,0.0,,0.0,0.0,False,,0.1094003241491086,0.0,limited
1634,Gross Disbursements,Eritrea,IDA,EASTERN AND SOUTHERN AFRICA,FY25,0.0,0.0,0.0,0.0,0.0,2025,4,annual,0.0,0.0,country,0.0,0.0,0.0,0.0,0.0,0.0,0.0,0.0,0.0,0.0,0.0,,0.0,,0.0,0.0,False,,0.1094003241491086,0.0,limited
1319,Gross Disbursements,Eritrea,IDA,EASTERN AND SOUTHERN AFRICA,2025-Q3,0.0,0.0,0.0,0.0,0.0,2025,3,quarterly,0.0,0.0,country,0.0,0.0,0.0,0.0,0.0,0.0,0.0,0.0,0.0,,,,,,0.0,0.0,False,,0.15848214285714285,0.0,limited
1196,Gross Disbursements,Eritrea,IDA,EASTERN AND SOUTHERN AFRICA,2026-Q3,0.0,0.0,0.0,0.0,0.0,2026,3,quarterly,0.0,0.0,country,0.0,0.0,0.0,0.0,0.0,0.0,0.0,0.0,0.0,0.0,0.0,,0.0,,0.0,0.0,False,,0.15848214285714285,0.0,limited
2669,Commitments,Estonia,IDA,EUROPE AND CENTRAL ASIA,FY24,0.0,0.0,0.0,0.0,0.0,2024,4,annual,0.0,0.0,country,0.0,0.0,0.0,0.0,0.0,0.0,0.0,0.0,0.0,,,,,,0.0,,False,,0.19539375928677563,0.0,limited
1470,Commitments,Estonia,IDA,EUROPE AND CENTRAL ASIA,FY25,0.0,0.0,0.0,0.0,0.0,2025,4,annual,0.0,0.0,country,0.0,0.0,0.0,0.0,0.0,0.0,0.0,0.0,0.0,0.0,0.0,,0.0,,0.0,,False,,0.19539375928677563,0.0,limited
250,Commitments,Estonia,IDA,EUROPE AND CENTRAL ASIA,2025-Q3,0.0,0.0,0.0,0.0,0.0,2025,3,quarterly,0.0,0.0,country,0.0,0.0,0.0,0.0,0.0,0.0,0.0,0.0,0.0,,,,,,0.0,,False,,0.326271186440678,0.0,limited
57,Commitments,Estonia,IDA,EUROPE AND CENTRAL ASIA,2026-Q3,0.0,0.0,0.0,0.0,0.0,2026,3,quarterly,0.0,0.0,country,0.0,0.0,0.0,0.0,0.0,0.0,0.0,0.0,0.0,0.0,0.0,,0.0,,0.0,,False,,0.326271186440678,0.0,limited
3353,Commitments,Eswatini,IDA,AFRICA,FY18,0.0,0.0,0.0,0.0,0.0,2018,4,annual,0.0,0.0,country,0.0,0.0,0.0,0.0,0.0,0.0,0.0,0.0,0.0,,,,,,0.0,,False,,0.19539375928677563,0.0,limited
3120,Commitments,Eswatini,IDA,AFRICA,FY19,0.0,0.0,0.0,0.0,0.0,2019,4,annual,0.0,0.0,country,0.0,0.0,0.0,0.0,0.0,0.0,0.0,0.0,0.0,0.0,0.0,,0.0,,0.0,0.0,False,,0.19539375928677563,0.0,limited
2230,Commitments,Eswatini,IDA,AFRICA EAST,FY20,0.0,0.0,0.0,0.0,0.0,2020,4,annual,0.0,0.0,country,0.0,0.0,0.0,0.0,0.0,0.0,0.0,0.0,0.0,0.0,0.0,,0.0,,0.0,0.0,False,,0.19539375928677563,0.0,limited
1936,Commitments,Eswatini,IDA,EASTERN AND SOUTHERN AFRICA,FY21,0.0,0.0,0.0,0.0,0.0,2021,4,annual,0.0,0.0,country,0.0,0.0,0.0,0.0,0.0,0.0,0.0,0.0,0.0,0.0,0.0,,0.0,,0.0,0.0,False,,0.19539375928677563,0.0,limited
571,Commitments,Eswatini,IDA,EASTERN AND SOUTHERN AFRICA,FY22,0.0,0.0,0.0,0.0,0.0,2022,4,annual,0.0,0.0,country,0.0,0.0,0.0,0.0,0.0,0.0,0.0,0.0,0.0,0.0,0.0,,0.0,,0.0,0.0,False,,0.19539375928677563,0.0,limited
2957,Commitments,Eswatini,IDA,EASTERN AND SOUTHERN AFRICA,FY23,0.0,0.0,0.0,0.0,0.0,2023,4,annual,0.0,0.0,country,0.0,0.0,0.0,0.0,0.0,0.0,0.0,0.0,0.0,0.0,0.0,,0.0,,0.0,0.0,False,,0.19539375928677563,0.0,limited
2637,Commitments,Eswatini,IDA,EASTERN AND SOUTHERN AFRICA,FY24,0.0,0.0,0.0,0.0,0.0,2024,4,annual,0.0,0.0,country,0.0,0.0,0.0,0.0,0.0,0.0,0.0,0.0,0.0,0.0,0.0,,0.0,,0.0,0.0,False,,0.19539375928677563,0.0,limited
1438,Commitments,Eswatini,IDA,EASTERN AND SOUTHERN AFRICA,FY25,0.0,66.0,0.0,0.0,66.0,2025,4,annual,66.0,0.0,country,0.0,0.0,1.0,4.204692619390966,0.0,0.0,0.0,0.0,4.204692619390966,0.0,66.0,,0.0,,66.0,0.0,True,0.0,0.5687221396731055,66.0,moderate
218,Commitments,Eswatini,IDA,EASTERN AND SOUTHERN AFRICA,2025-Q3,0.0,39.0,0.0,0.0,39.0,2025,3,quarterly,39.0,0.0,country,0.0,0.0,1.0,3.6888794541139363,0.0,0.0,0.0,0.0,3.6888794541139363,,,,,,39.0,0.0,True,0.0,0.7019774011299436,39.0,moderate
25,Commitments,Eswatini,IDA,EASTERN AND SOUTHERN AFRICA,2026-Q3,0.0,0.0,0.0,0.0,0.0,2026,3,quarterly,0.0,0.0,country,0.0,0.0,0.0,0.0,0.0,0.0,0.0,0.0,0.0,39.0,-39.0,-1.0,39.0,-1.0,0.0,0.0,False,,0.326271186440678,0.0,limited
3254,Gross Disbursements,Eswatini,IDA,AFRICA,FY19,0.0,0.0,0.0,0.0,0.0,2019,4,annual,0.0,0.0,country,0.0,0.0,0.0,0.0,0.0,0.0,0.0,0.0,0.0,,,,,,0.0,0.0,False,,0.1094003241491086,0.0,limited
2129,Gross Disbursements,Eswatini,IDA,AFRICA EAST,FY20,0.0,0.0,0.0,0.0,0.0,2020,4,annual,0.0,0.0,country,0.0,0.0,0.0,0.0,0.0,0.0,0.0,0.0,0.0,0.0,0.0,,0.0,,0.0,0.0,False,,0.1094003241491086,0.0,limited
696,Gross Disbursements,Eswatini,IDA,EASTERN AND SOUTHERN AFRICA,FY21,0.0,0.0,0.0,0.0,0.0,2021,4,annual,0.0,0.0,country,0.0,0.0,0.0,0.0,0.0,0.0,0.0,0.0,0.0,0.0,0.0,,0.0,,0.0,0.0,False,,0.1094003241491086,0.0,limited
449,Gross Disbursements,Eswatini,IDA,EASTERN AND SOUTHERN AFRICA,FY22,0.0,0.0,0.0,0.0,0.0,2022,4,annual,0.0,0.0,country,0.0,0.0,0.0,0.0,0.0,0.0,0.0,0.0,0.0,0.0,0.0,,0.0,,0.0,0.0,False,,0.1094003241491086,0.0,limited
2833,Gross Disbursements,Eswatini,IDA,EASTERN AND SOUTHERN AFRICA,FY23,0.0,0.0,0.0,0.0,0.0,2023,4,annual,0.0,0.0,country,0.0,0.0,0.0,0.0,0.0,0.0,0.0,0.0,0.0,0.0,0.0,,0.0,,0.0,0.0,False,,0.1094003241491086,0.0,limited
1755,Gross Disbursements,Eswatini,IDA,EASTERN AND SOUTHERN AFRICA,FY24,0.0,0.0,0.0,0.0,0.0,2024,4,annual,0.0,0.0,country,0.0,0.0,0.0,0.0,0.0,0.0,0.0,0.0,0.0,0.0,0.0,,0.0,,0.0,0.0,False,,0.1094003241491086,0.0,limited
1635,Gross Disbursements,Eswatini,IDA,EASTERN AND SOUTHERN AFRICA,FY25,0.0,0.0,0.0,0.0,0.0,2025,4,annual,0.0,0.0,country,0.0,0.0,0.0,0.0,0.0,0.0,0.0,0.0,0.0,0.0,0.0,,0.0,,66.0,0.0,True,0.0,0.1094003241491086,0.0,limited
1320,Gross Disbursements,Eswatini,IDA,EASTERN AND SOUTHERN AFRICA,2025-Q3,0.0,0.0,0.0,0.0,0.0,2025,3,quarterly,0.0,0.0,country,0.0,0.0,0.0,0.0,0.0,0.0,0.0,0.0,0.0,,,,,,39.0,0.0,True,0.0,0.15848214285714285,0.0,limited
1197,Gross Disbursements,Eswatini,IDA,EASTERN AND SOUTHERN AFRICA,2026-Q3,0.0,0.0,0.0,0.0,0.0,2026,3,quarterly,0.0,0.0,country,0.0,0.0,0.0,0.0,0.0,0.0,0.0,0.0,0.0,0.0,0.0,,0.0,,0.0,0.0,False,,0.15848214285714285,0.0,limited
2470,Commitments,Ethiopia,IDA,AFRICA,FY14,0.0,1244.0,0.0,380.0,1624.0,2014,4,annual,1624.0,0.0,country,0.0,0.0,0.7660098522167488,7.126890808898808,0.0,0.0,0.23399014778325122,5.942799375126701,7.393263094763838,,,,,,1624.0,924.0,True,0.5689655172413793,0.9635958395245171,1624.0,major
2301,Commitments,Ethiopia,IDA,AFRICA,FY15,0.0,1395.0,0.0,0.0,1395.0,2015,4,annual,1395.0,0.0,country,0.0,0.0,1.0,7.241366283322318,0.0,0.0,0.0,0.0,7.241366283322318,1624.0,-229.0,-0.14100985221674878,1624.0,-0.14100985221674878,1395.0,744.0,True,0.5333333333333333,0.9561664190193165,1395.0,major
1018,Commitments,Ethiopia,IDA,AFRICA,FY16,0.0,1262.0,0.0,600.0,1862.0,2016,4,annual,1862.0,0.0,country,0.0,0.0,0.677765843179377,7.141245122350491,0.0,0.0,0.322234156820623,6.398594934535208,7.529943370601589,1395.0,467.0,0.3347670250896057,1395.0,0.3347670250896057,1862.0,1103.0,True,0.592373791621912,0.974739970282318,1862.0,major
807,Commitments,Ethiopia,IDA,AFRICA,FY17,0.0,753.0,0.0,150.0,903.0,2017,4,annual,903.0,0.0,country,0.0,0.0,0.8338870431893688,6.625392368007956,0.0,0.0,0.16611295681063123,5.017279836814924,6.806829360392176,1862.0,-959.0,-0.5150375939849624,1862.0,-0.5150375939849624,903.0,1047.0,True,1.159468438538206,0.9271916790490342,903.0,major
3275,Commitments,Ethiopia,IDA,AFRICA,FY18,0.0,945.0,0.0,2177.0,3122.0,2018,4,annual,3122.0,0.0,country,0.0,0.0,0.30269058295964124,6.852242569051878,0.0,0.0,0.6973094170403588,7.686162303492906,8.046549357283078,903.0,2219.0,2.4573643410852712,903.0,2.4573643410852712,3122.0,1405.0,True,0.45003203074951953,0.9962852897473997,3122.0,major
3035,Commitments,Ethiopia,IDA,AFRICA,FY19,1200.0,910.0,0.0,500.0,2610.0,2019,4,annual,2610.0,0.0,country,0.45977011494252873,7.0909098220799835,0.3486590038314176,6.814542897259958,0.0,0.0,0.19157088122605365,6.2166061010848646,7.8674885686991285,3122.0,-512.0,-0.16399743754003843,3122.0,-0.16399743754003843,2610.0,2237.0,True,0.8570881226053639,0.9925705794947994,2610.0,major
2153,Commitments,Ethiopia,IDA,AFRICA EAST,FY20,750.0,296.0,0.0,0.0,1046.0,2020,4,annual,1046.0,0.0,country,0.7170172084130019,6.621405651764134,0.2829827915869981,5.6937321388027,0.0,0.0,0.0,0.0,6.953684210870537,2610.0,-1564.0,-0.5992337164750958,2610.0,-0.5992337164750958,1046.0,2202.0,True,2.1051625239005736,0.9398216939078752,1046.0,major
1937,Commitments,Ethiopia,IDA,EASTERN AND SOUTHERN AFRICA,FY21,0.0,2199.0,0.0,305.0,2504.0,2021,4,annual,2504.0,0.0,country,0.0,0.0,0.8781948881789138,7.696212639346407,0.0,0.0,0.12180511182108626,5.723585101952381,7.826044013518965,1046.0,1458.0,1.3938814531548758,1046.0,1.3938814531548758,2504.0,1233.0,True,0.49241214057507987,0.9903417533432393,2504.0,major
572,Commitments,Ethiopia,IDA,EASTERN AND SOUTHERN AFRICA,FY22,0.0,1904.0,0.0,0.0,1904.0,2022,4,annual,1904.0,0.0,country,0.0,0.0,1.0,7.552237287560802,0.0,0.0,0.0,0.0,7.552237287560802,2504.0,-600.0,-0.23961661341853036,2504.0,-0.23961661341853036,1904.0,1233.0,True,0.6475840336134454,0.9769687964338781,1904.0,major
2958,Commitments,Ethiopia,IDA,EASTERN AND SOUTHERN AFRICA,FY23,0.0,650.0,0.0,1050.0,1700.0,2023,4,annual,1700.0,0.0,country,0.0,0.0,0.38235294117647056,6.478509642208569,0.0,0.0,0.6176470588235294,6.957497370876951,7.438971592395862,1904.0,-204.0,-0.10714285714285714,1904.0,-0.10714285714285714,1700.0,1874.0,True,1.1023529411764705,0.9695393759286776,1700.0,major
2638,Commitments,Ethiopia,IDA,EASTERN AND SOUTHERN AFRICA,FY24,0.0,3095.0,0.0,300.0,3395.0,2024,4,annual,3395.0,0.0,country,0.0,0.0,0.9116347569955817,8.037866234709618,0.0,0.0,0.08836524300441827,5.707110264748875,8.130353547431238,1700.0,1695.0,0.9970588235294118,1700.0,0.9970588235294118,3395.0,1740.0,True,0.5125184094256259,0.9992570579494799,3395.0,major
1439,Commitments,Ethiopia,IDA,EASTERN AND SOUTHERN AFRICA,FY25,1500.0,894.0,0.0,50.0,2444.0,2025,4,annual,2444.0,0.0,country,0.613747954173486,7.313886831633462,0.3657937806873977,6.796823718274855,0.0,0.0,0.020458265139116204,3.9318256327243257,7.801800401908973,3395.0,-951.0,-0.2801178203240059,3395.0,-0.2801178203240059,2444.0,3343.0,True,1.3678396072013093,0.9895988112927192,2444.0,major
219,Commitments,Ethiopia,IDA,EASTERN AND SOUTHERN AFRICA,2025-Q3,1500.0,880.0,0.0,0.0,2380.0,2025,3,quarterly,2380.0,0.0,country,0.6302521008403361,7.313886831633462,0.3697478991596639,6.78105762593618,0.0,0.0,0.0,0.0,7.7752758464868625,,,,,,2380.0,2569.51,True,1.0796260504201682,0.9943502824858758,2380.0,major
26,Commitments,Ethiopia,IDA,EASTERN AND SOUTHERN AFRICA,2026-Q3,1000.0,749.88,-0.2,400.0,2149.0,2026,3,quarterly,2149.6800000000003,-0.680000000000291,country,0.46533271288971617,6.90875477931522,0.34894369474174036,6.6212458520461075,-9.306654257794323e-05,0.0,0.18613308515588645,5.993961427306569,7.673223121121708,2380.0,-231.0,-0.09705882352941177,2380.0,-0.09705882352941177,2149.0,1976.0,True,0.9194974406700791,0.9915254237288136,2149.0,major
2549,Gross Disbursements,Ethiopia,IDA,AFRICA,FY14,0.0,917.0,0.0,7.0,924.0,2014,4,annual,924.0,0.0,country,0.0,0.0,0.9924242424242424,6.822197390620491,0.0,0.0,0.007575757575757576,2.0794415416798357,6.829793737512425,,,,,,1624.0,924.0,True,0.5689655172413793,0.9457050243111832,924.0,major
2381,Gross Disbursements,Ethiopia,IDA,AFRICA,FY15,0.0,572.0,0.0,172.0,744.0,2015,4,annual,744.0,0.0,country,0.0,0.0,0.7688172043010753,6.35088571671474,0.0,0.0,0.23118279569892472,5.153291594497779,6.61338421837956,924.0,-180.0,-0.19480519480519481,924.0,-0.19480519480519481,1395.0,744.0,True,0.5333333333333333,0.9303079416531604,744.0,major
1095,Gross Disbursements,Ethiopia,IDA,AFRICA,FY16,0.0,831.0,0.0,272.0,1103.0,2016,4,annual,1103.0,0.0,country,0.0,0.0,0.7533998186763372,6.723832440821209,0.0,0.0,0.24660018132366274,5.60947179518496,7.00669522683704,744.0,359.0,0.4825268817204301,744.0,0.4825268817204301,1862.0,1103.0,True,0.592373791621912,0.9570502431118314,1103.0,major
889,Gross Disbursements,Ethiopia,IDA,AFRICA,FY17,0.0,824.0,0.0,223.0,1047.0,2017,4,annual,1047.0,0.0,country,0.0,0.0,0.7870105062082139,6.715383386334681,0.0,0.0,0.21298949379178606,5.4116460518550396,6.954638864880987,1103.0,-56.0,-0.050770625566636446,1103.0,-0.050770625566636446,903.0,1047.0,True,1.159468438538206,0.9546191247974068,1047.0,major
3397,Gross Disbursements,Ethiopia,IDA,AFRICA,FY18,0.0,750.0,0.0,655.0,1405.0,2018,4,annual,1405.0,0.0,country,0.0,0.0,0.5338078291814946,6.621405651764134,0.0,0.0,0.46619217081850534,6.486160788944089,7.2485040723706105,1047.0,358.0,0.3419293218720153,1047.0,0.3419293218720153,3122.0,1405.0,True,0.45003203074951953,0.9744732576985413,1405.0,major
3158,Gross Disbursements,Ethiopia,IDA,AFRICA,FY19,1192.0,682.0,0.0,363.0,2237.0,2019,4,annual,2237.0,0.0,country,0.532856504246759,7.084226422097916,0.3048725972284309,6.52649485957079,0.0,0.0,0.16227089852481003,5.8971538676367405,7.71333788887187,1405.0,832.0,0.592170818505338,1405.0,0.592170818505338,2610.0,2237.0,True,0.8570881226053639,0.9975688816855753,2237.0,major
2039,Gross Disbursements,Ethiopia,IDA,AFRICA EAST,FY20,747.0,765.0,0.0,690.0,2202.0,2020,4,annual,2202.0,0.0,country,0.33923705722070846,6.617402977974478,0.3474114441416894,6.641182169740591,0.0,0.0,0.3133514986376022,6.53813982376767,7.697575346802343,2237.0,-35.0,-0.015645954403218598,2237.0,-0.015645954403218598,1046.0,2202.0,True,2.1051625239005736,0.9967585089141004,2202.0,major
697,Gross Disbursements,Ethiopia,IDA,EASTERN AND SOUTHERN AFRICA,FY21,0.0,780.0,0.0,453.0,1233.0,2021,4,annual,1233.0,0.0,country,0.0,0.0,0.6326034063260341,6.660575149839686,0.0,0.0,0.36739659367396593,6.118097198041348,7.1180162044653335,2202.0,-969.0,-0.44005449591280654,2202.0,-0.44005449591280654,2504.0,1233.0,True,0.49241214057507987,0.9647487844408428,1233.0,major
450,Gross Disbursements,Ethiopia,IDA,EASTERN AND SOUTHERN AFRICA,FY22,0.0,854.0,0.0,379.0,1233.0,2022,4,annual,1233.0,0.0,country,0.0,0.0,0.6926196269261963,6.75110146893676,0.0,0.0,0.3073803730738037,5.940171252720432,7.1180162044653335,1233.0,0.0,0.0,1233.0,0.0,1904.0,1233.0,True,0.6475840336134454,0.9647487844408428,1233.0,major
2834,Gross Disbursements,Ethiopia,IDA,EASTERN AND SOUTHERN AFRICA,FY23,0.0,1467.0,0.0,407.0,1874.0,2023,4,annual,1874.0,0.0,country,0.0,0.0,0.7828175026680897,7.291656209174461,0.0,0.0,0.21718249733191036,6.0112671744041615,7.536363938404511,1233.0,641.0,0.5198702351987023,1233.0,0.5198702351987023,1700.0,1874.0,True,1.1023529411764705,0.9894651539708266,1874.0,major
1756,Gross Disbursements,Ethiopia,IDA,EASTERN AND SOUTHERN AFRICA,FY24,0.0,1263.0,0.0,477.0,1740.0,2024,4,annual,1740.0,0.0,country,0.0,0.0,0.7258620689655172,7.142036574706803,0.0,0.0,0.27413793103448275,6.169610732491456,7.462214939768189,1874.0,-134.0,-0.07150480256136606,1874.0,-0.07150480256136606,3395.0,1740.0,True,0.5125184094256259,0.9878444084278768,1740.0,major
1636,Gross Disbursements,Ethiopia,IDA,EASTERN AND SOUTHERN AFRICA,FY25,1515.0,1583.0,0.0,245.0,3343.0,2025,4,annual,3343.0,0.0,country,0.45318576129225246,7.323830566202317,0.47352677236015556,7.367708572374371,0.0,0.0,0.07328746634759198,5.5053315359323625,8.114922974204593,1740.0,1603.0,0.921264367816092,1740.0,0.921264367816092,2444.0,3343.0,True,1.3678396072013093,0.9991896272285251,3343.0,major
1321,Gross Disbursements,Ethiopia,IDA,EASTERN AND SOUTHERN AFRICA,2025-Q3,1515.0,879.51,0.0,175.0,2569.51,2025,3,quarterly,2569.51,0.0,country,0.5896065786862086,7.323830566202317,0.3422870508384867,6.780501285055187,0.0,0.0,0.06810637047530463,5.170483995038151,7.851859601781709,,,,,,2380.0,2569.51,True,1.0796260504201682,0.9955357142857143,2569.51,major
1198,Gross Disbursements,Ethiopia,IDA,EASTERN AND SOUTHERN AFRICA,2026-Q3,1014.0,676.0,0.0,286.0,1976.0,2026,3,quarterly,1976.0,0.0,country,0.5131578947368421,6.922643891475888,0.34210526315789475,6.517671272912275,0.0,0.0,0.14473684210526316,5.659482215759621,7.589335823170617,2569.51,-593.5100000000002,-0.23098178251884607,2569.51,-0.23098178251884607,2149.0,1976.0,True,0.9194974406700791,0.9910714285714286,1976.0,major
3095,Commitments,Fiji,IDA,EAST ASIA AND PACIFIC,FY19,0.0,0.0,0.0,0.0,0.0,2019,4,annual,0.0,0.0,country,0.0,0.0,0.0,0.0,0.0,0.0,0.0,0.0,0.0,,,,,,0.0,0.0,False,,0.19539375928677563,0.0,limited
2191,Commitments,Fiji,IDA,EAST ASIA AND PACIFIC,FY20,58.0,6.0,0.0,0.0,64.0,2020,4,annual,64.0,0.0,country,0.90625,4.07753744390572,0.09375,1.9459101490553132,0.0,0.0,0.0,0.0,4.174387269895637,0.0,64.0,,0.0,,64.0,58.0,True,0.90625,0.5609212481426449,64.0,moderate
1906,Commitments,Fiji,IDA,EAST ASIA AND PACIFIC,FY21,120.0,50.0,0.0,0.0,170.0,2021,4,annual,170.0,0.0,country,0.7058823529411765,4.795790545596741,0.29411764705882354,3.9318256327243257,0.0,0.0,0.0,0.0,5.14166355650266,64.0,106.0,1.65625,64.0,1.65625,170.0,122.0,True,0.7176470588235294,0.712481426448737,170.0,significant
541,Commitments,Fiji,IDA,EAST ASIA AND PACIFIC,FY22,50.0,49.0,0.0,0.0,99.0,2022,4,annual,99.0,0.0,country,0.5050505050505051,3.9318256327243257,0.494949494949495,3.912023005428146,0.0,0.0,0.0,0.0,4.605170185988092,170.0,-71.0,-0.4176470588235294,170.0,-0.4176470588235294,99.0,72.0,True,0.7272727272727273,0.6341010401188707,99.0,moderate
2927,Commitments,Fiji,IDA,EAST ASIA AND PACIFIC,FY23,0.0,61.0,0.0,0.0,61.0,2023,4,annual,61.0,0.0,country,0.0,0.0,1.0,4.127134385045092,0.0,0.0,0.0,0.0,4.127134385045092,99.0,-38.0,-0.3838383838383838,99.0,-0.3838383838383838,61.0,51.0,True,0.8360655737704918,0.5534918276374443,61.0,moderate
1849,Commitments,Fiji,IDA,EAST ASIA AND PACIFIC,FY24,125.0,0.0,0.0,0.0,125.0,2024,4,annual,125.0,0.0,country,1.0,4.836281906951478,0.0,0.0,0.0,0.0,0.0,0.0,4.836281906951478,61.0,64.0,1.0491803278688525,61.0,1.0491803278688525,125.0,7.0,True,0.056,0.6734769687964339,125.0,significant
1416,Commitments,Fiji,IDA,EAST ASIA AND PACIFIC,FY25,0.0,34.0,0.0,0.0,34.0,2025,4,annual,34.0,0.0,country,0.0,0.0,1.0,3.5553480614894135,0.0,0.0,0.0,0.0,3.5553480614894135,125.0,-91.0,-0.728,125.0,-0.728,34.0,101.0,True,2.9705882352941178,0.4933135215453195,34.0,moderate
195,Commitments,Fiji,IDA,EAST ASIA AND PACIFIC,2025-Q3,0.0,34.0,0.0,0.0,34.0,2025,3,quarterly,34.0,0.0,country,0.0,0.0,1.0,3.5553480614894135,0.0,0.0,0.0,0.0,3.5553480614894135,,,,,,34.0,100.0,True,2.9411764705882355,0.6949152542372882,34.0,moderate
2,Commitments,Fiji,IDA,EAST ASIA AND PACIFIC,2026-Q3,0.0,105.0,0.0,0.0,105.0,2026,3,quarterly,105.0,0.0,country,0.0,0.0,1.0,4.663439094112067,0.0,0.0,0.0,0.0,4.663439094112067,34.0,71.0,2.088235294117647,34.0,2.088235294117647,105.0,10.0,True,0.09523809523809523,0.7994350282485876,105.0,significant
3204,Gross Disbursements,Fiji,IDA,EAST ASIA AND PACIFIC,FY19,0.0,0.0,0.0,0.0,0.0,2019,4,annual,0.0,0.0,country,0.0,0.0,0.0,0.0,0.0,0.0,0.0,0.0,0.0,,,,,,0.0,0.0,False,,0.1094003241491086,0.0,limited
2072,Gross Disbursements,Fiji,IDA,EAST ASIA AND PACIFIC,FY20,58.0,0.0,0.0,0.0,58.0,2020,4,annual,58.0,0.0,country,1.0,4.07753744390572,0.0,0.0,0.0,0.0,0.0,0.0,4.07753744390572,0.0,58.0,,0.0,,64.0,58.0,True,0.90625,0.5709076175040518,58.0,moderate
671,Gross Disbursements,Fiji,IDA,EAST ASIA AND PACIFIC,FY21,110.0,12.0,0.0,0.0,122.0,2021,4,annual,122.0,0.0,country,0.9016393442622951,4.709530201312334,0.09836065573770492,2.5649493574615367,0.0,0.0,0.0,0.0,4.812184355372417,58.0,64.0,1.103448275862069,58.0,1.103448275862069,170.0,122.0,True,0.7176470588235294,0.6847649918962723,122.0,significant
424,Gross Disbursements,Fiji,IDA,EAST ASIA AND PACIFIC,FY22,0.0,72.0,0.0,0.0,72.0,2022,4,annual,72.0,0.0,country,0.0,0.0,1.0,4.290459441148391,0.0,0.0,0.0,0.0,4.290459441148391,122.0,-50.0,-0.4098360655737705,122.0,-0.4098360655737705,99.0,72.0,True,0.7272727272727273,0.6021069692058347,72.0,moderate
2807,Gross Disbursements,Fiji,IDA,EAST ASIA AND PACIFIC,FY23,49.0,2.0,0.0,0.0,51.0,2023,4,annual,51.0,0.0,country,0.9607843137254902,3.912023005428146,0.0392156862745098,1.0986122886681098,0.0,0.0,0.0,0.0,3.9512437185814275,72.0,-21.0,-0.2916666666666667,72.0,-0.2916666666666667,61.0,51.0,True,0.8360655737704918,0.5429497568881686,51.0,moderate
1729,Gross Disbursements,Fiji,IDA,EAST ASIA AND PACIFIC,FY24,0.0,7.0,0.0,0.0,7.0,2024,4,annual,7.0,0.0,country,0.0,0.0,1.0,2.0794415416798357,0.0,0.0,0.0,0.0,2.0794415416798357,51.0,-44.0,-0.8627450980392157,51.0,-0.8627450980392157,125.0,7.0,True,0.056,0.2925445705024311,7.0,limited
1608,Gross Disbursements,Fiji,IDA,EAST ASIA AND PACIFIC,FY25,95.0,6.0,0.0,0.0,101.0,2025,4,annual,101.0,0.0,country,0.9405940594059405,4.564348191467836,0.0594059405940594,1.9459101490553132,0.0,0.0,0.0,0.0,4.624972813284271,7.0,94.0,13.428571428571429,7.0,13.428571428571429,34.0,101.0,True,2.9705882352941178,0.6523500810372771,101.0,significant
1293,Gross Disbursements,Fiji,IDA,EAST ASIA AND PACIFIC,2025-Q3,95.0,5.0,0.0,0.0,100.0,2025,3,quarterly,100.0,0.0,country,0.95,4.564348191467836,0.05,1.791759469228055,0.0,0.0,0.0,0.0,4.61512051684126,,,,,,34.0,100.0,True,2.9411764705882355,0.6294642857142857,100.0,moderate
1170,Gross Disbursements,Fiji,IDA,EAST ASIA AND PACIFIC,2026-Q3,0.0,10.0,0.0,0.0,10.0,2026,3,quarterly,10.0,0.0,country,0.0,0.0,1.0,2.3978952727983707,0.0,0.0,0.0,0.0,2.3978952727983707,100.0,-90.0,-0.9,100.0,-0.9,105.0,10.0,True,0.09523809523809523,0.36160714285714285,10.0,limited
2670,Commitments,Finland,IDA,EUROPE AND CENTRAL ASIA,FY24,0.0,0.0,0.0,0.0,0.0,2024,4,annual,0.0,0.0,country,0.0,0.0,0.0,0.0,0.0,0.0,0.0,0.0,0.0,,,,,,0.0,,False,,0.19539375928677563,0.0,limited
1471,Commitments,Finland,IDA,EUROPE AND CENTRAL ASIA,FY25,0.0,0.0,0.0,0.0,0.0,2025,4,annual,0.0,0.0,country,0.0,0.0,0.0,0.0,0.0,0.0,0.0,0.0,0.0,0.0,0.0,,0.0,,0.0,,False,,0.19539375928677563,0.0,limited
251,Commitments,Finland,IDA,EUROPE AND CENTRAL ASIA,2025-Q3,0.0,0.0,0.0,0.0,0.0,2025,3,quarterly,0.0,0.0,country,0.0,0.0,0.0,0.0,0.0,0.0,0.0,0.0,0.0,,,,,,0.0,,False,,0.326271186440678,0.0,limited
58,Commitments,Finland,IDA,EUROPE AND CENTRAL ASIA,2026-Q3,0.0,0.0,0.0,0.0,0.0,2026,3,quarterly,0.0,0.0,country,0.0,0.0,0.0,0.0,0.0,0.0,0.0,0.0,0.0,0.0,0.0,,0.0,,0.0,,False,,0.326271186440678,0.0,limited
2671,Commitments,France,IDA,EUROPE AND CENTRAL ASIA,FY24,0.0,0.0,0.0,0.0,0.0,2024,4,annual,0.0,0.0,country,0.0,0.0,0.0,0.0,0.0,0.0,0.0,0.0,0.0,,,,,,0.0,,False,,0.19539375928677563,0.0,limited
1472,Commitments,France,IDA,EUROPE AND CENTRAL ASIA,FY25,0.0,0.0,0.0,0.0,0.0,2025,4,annual,0.0,0.0,country,0.0,0.0,0.0,0.0,0.0,0.0,0.0,0.0,0.0,0.0,0.0,,0.0,,0.0,,False,,0.19539375928677563,0.0,limited
252,Commitments,France,IDA,EUROPE AND CENTRAL ASIA,2025-Q3,0.0,0.0,0.0,0.0,0.0,2025,3,quarterly,0.0,0.0,country,0.0,0.0,0.0,0.0,0.0,0.0,0.0,0.0,0.0,,,,,,0.0,,False,,0.326271186440678,0.0,limited
59,Commitments,France,IDA,EUROPE AND CENTRAL ASIA,2026-Q3,0.0,0.0,0.0,0.0,0.0,2026,3,quarterly,0.0,0.0,country,0.0,0.0,0.0,0.0,0.0,0.0,0.0,0.0,0.0,0.0,0.0,,0.0,,0.0,,False,,0.326271186440678,0.0,limited
2758,Commitments,Gabon,IDA,WESTERN AND CENTRAL AFRICA,FY24,0.0,0.0,0.0,0.0,0.0,2024,4,annual,0.0,0.0,country,0.0,0.0,0.0,0.0,0.0,0.0,0.0,0.0,0.0,,,,,,0.0,,False,,0.19539375928677563,0.0,limited
1559,Commitments,Gabon,IDA,WESTERN AND CENTRAL AFRICA,FY25,0.0,0.0,0.0,0.0,0.0,2025,4,annual,0.0,0.0,country,0.0,0.0,0.0,0.0,0.0,0.0,0.0,0.0,0.0,0.0,0.0,,0.0,,0.0,,False,,0.19539375928677563,0.0,limited
339,Commitments,Gabon,IDA,WESTERN AND CENTRAL AFRICA,2025-Q3,0.0,0.0,0.0,0.0,0.0,2025,3,quarterly,0.0,0.0,country,0.0,0.0,0.0,0.0,0.0,0.0,0.0,0.0,0.0,,,,,,0.0,,False,,0.326271186440678,0.0,limited
146,Commitments,Gabon,IDA,WESTERN AND CENTRAL AFRICA,2026-Q3,-1.0,0.0,0.0,0.16,-0.84,2026,3,quarterly,-0.84,0.0,country,1.1904761904761905,0.0,-0.0,0.0,-0.0,0.0,-0.1904761904761905,0.14842000511827327,0.0,0.0,-0.84,,0.0,,-0.84,,False,,0.01694915254237288,0.84,limited
2471,Commitments,"Gambia, The",IDA,AFRICA,FY14,0.0,40.0,0.0,0.0,40.0,2014,4,annual,40.0,0.0,country,0.0,0.0,1.0,3.713572066704308,0.0,0.0,0.0,0.0,3.713572066704308,,,,,,40.0,13.0,True,0.325,0.5092867756315007,40.0,moderate
2302,Commitments,"Gambia, The",IDA,AFRICA,FY15,0.0,52.0,0.0,0.0,52.0,2015,4,annual,52.0,0.0,country,0.0,0.0,1.0,3.970291913552122,0.0,0.0,0.0,0.0,3.970291913552122,40.0,12.0,0.3,40.0,0.3,52.0,9.0,True,0.17307692307692307,0.5404903417533432,52.0,moderate
1019,Commitments,"Gambia, The",IDA,AFRICA,FY16,0.0,19.0,0.0,0.0,19.0,2016,4,annual,19.0,0.0,country,0.0,0.0,1.0,2.995732273553991,0.0,0.0,0.0,0.0,2.995732273553991,52.0,-33.0,-0.6346153846153846,52.0,-0.6346153846153846,19.0,17.0,True,0.8947368421052632,0.4416790490341753,19.0,moderate
849,Commitments,"Gambia, The",IDA,AFRICA,FY17,56.0,20.0,0.0,0.0,76.0,2017,4,annual,76.0,0.0,country,0.7368421052631579,4.04305126783455,0.2631578947368421,3.044522437723423,0.0,0.0,0.0,0.0,4.343805421853684,19.0,57.0,3.0,19.0,3.0,76.0,22.0,True,0.2894736842105263,0.5884101040118871,76.0,moderate
3317,Commitments,"Gambia, The",IDA,AFRICA,FY18,0.0,71.0,0.0,0.0,71.0,2018,4,annual,71.0,0.0,country,0.0,0.0,1.0,4.276666119016055,0.0,0.0,0.0,0.0,4.276666119016055,76.0,-5.0,-0.06578947368421052,76.0,-0.06578947368421052,71.0,85.0,True,1.1971830985915493,0.5772659732540861,71.0,moderate
3077,Commitments,"Gambia, The",IDA,AFRICA,FY19,0.0,96.0,0.0,0.0,96.0,2019,4,annual,96.0,0.0,country,0.0,0.0,1.0,4.574710978503383,0.0,0.0,0.0,0.0,4.574710978503383,71.0,25.0,0.352112676056338,71.0,0.352112676056338,96.0,23.0,True,0.23958333333333334,0.6281575037147102,96.0,moderate
2212,Commitments,"Gambia, The",IDA,AFRICA WEST,FY20,30.0,100.0,0.0,0.0,130.0,2020,4,annual,130.0,0.0,country,0.23076923076923078,3.4339872044851463,0.7692307692307693,4.61512051684126,0.0,0.0,0.0,0.0,4.875197323201151,96.0,34.0,0.3541666666666667,96.0,0.3541666666666667,130.0,30.0,True,0.23076923076923078,0.6809063893016345,130.0,significant
2021,Commitments,"Gambia, The",IDA,WESTERN AND CENTRAL AFRICA,FY21,0.0,38.0,0.0,0.0,38.0,2021,4,annual,38.0,0.0,country,0.0,0.0,1.0,3.6635616461296463,0.0,0.0,0.0,0.0,3.6635616461296463,130.0,-92.0,-0.7076923076923077,130.0,-0.7076923076923077,38.0,96.0,True,2.526315789473684,0.5048291233283804,38.0,moderate
656,Commitments,"Gambia, The",IDA,WESTERN AND CENTRAL AFRICA,FY22,20.0,170.0,0.0,0.0,190.0,2022,4,annual,190.0,0.0,country,0.10526315789473684,3.044522437723423,0.8947368421052632,5.14166355650266,0.0,0.0,0.0,0.0,5.25227342804663,38.0,152.0,4.0,38.0,4.0,190.0,80.0,True,0.42105263157894735,0.7206537890044576,190.0,significant
409,Commitments,"Gambia, The",IDA,WESTERN AND CENTRAL AFRICA,FY23,20.0,75.0,0.0,0.0,95.0,2023,4,annual,95.0,0.0,country,0.21052631578947367,3.044522437723423,0.7894736842105263,4.330733340286331,0.0,0.0,0.0,0.0,4.564348191467836,190.0,-95.0,-0.5,190.0,-0.5,95.0,111.0,True,1.168421052631579,0.6263001485884101,95.0,moderate
2804,Commitments,"Gambia, The",IDA,WESTERN AND CENTRAL AFRICA,FY24,60.0,263.0,0.0,0.0,323.0,2024,4,annual,323.0,0.0,country,0.18575851393188855,4.110873864173311,0.8142414860681114,5.575949103146316,0.0,0.0,0.0,0.0,5.780743515792329,95.0,228.0,2.4,95.0,2.4,323.0,149.0,True,0.4613003095975232,0.7901188707280832,323.0,significant
1605,Commitments,"Gambia, The",IDA,WESTERN AND CENTRAL AFRICA,FY25,30.0,53.0,0.0,48.0,131.0,2025,4,annual,131.0,0.0,country,0.22900763358778625,3.4339872044851463,0.40458015267175573,3.9889840465642745,0.0,0.0,0.366412213740458,3.8918202981106265,4.882801922586371,323.0,-192.0,-0.5944272445820433,323.0,-0.5944272445820433,131.0,146.0,True,1.1145038167938932,0.6835066864784547,131.0,significant
1167,Commitments,"Gambia, The",IDA,WESTERN AND CENTRAL AFRICA,2025-Q3,30.0,0.0,0.0,48.0,78.0,2025,3,quarterly,78.0,0.0,country,0.38461538461538464,3.4339872044851463,0.0,0.0,0.0,0.0,0.6153846153846154,3.8918202981106265,4.3694478524670215,,,,,,78.0,101.0,True,1.294871794871795,0.7655367231638418,78.0,moderate
192,Commitments,"Gambia, The",IDA,WESTERN AND CENTRAL AFRICA,2026-Q3,45.0,0.0,0.0,0.0,45.0,2026,3,quarterly,45.0,0.0,country,1.0,3.828641396489095,0.0,0.0,0.0,0.0,0.0,0.0,3.828641396489095,78.0,-33.0,-0.4230769230769231,78.0,-0.4230769230769231,45.0,119.0,True,2.6444444444444444,0.7203389830508474,45.0,moderate
2550,Gross Disbursements,"Gambia, The",IDA,AFRICA,FY14,0.0,13.0,0.0,0.0,13.0,2014,4,annual,13.0,0.0,country,0.0,0.0,1.0,2.6390573296152584,0.0,0.0,0.0,0.0,2.6390573296152584,,,,,,40.0,13.0,True,0.325,0.35615883306320906,13.0,moderate
2382,Gross Disbursements,"Gambia, The",IDA,AFRICA,FY15,0.0,9.0,0.0,0.0,9.0,2015,4,annual,9.0,0.0,country,0.0,0.0,1.0,2.302585092994046,0.0,0.0,0.0,0.0,2.302585092994046,13.0,-4.0,-0.3076923076923077,13.0,-0.3076923076923077,52.0,9.0,True,0.17307692307692307,0.31685575364667745,9.0,limited
1096,Gross Disbursements,"Gambia, The",IDA,AFRICA,FY16,0.0,17.0,0.0,0.0,17.0,2016,4,annual,17.0,0.0,country,0.0,0.0,1.0,2.8903717578961645,0.0,0.0,0.0,0.0,2.8903717578961645,9.0,8.0,0.8888888888888888,9.0,0.8888888888888888,19.0,17.0,True,0.8947368421052632,0.38492706645056723,17.0,moderate
920,Gross Disbursements,"Gambia, The",IDA,AFRICA,FY17,0.0,22.0,0.0,0.0,22.0,2017,4,annual,22.0,0.0,country,0.0,0.0,1.0,3.1354942159291497,0.0,0.0,0.0,0.0,3.1354942159291497,17.0,5.0,0.29411764705882354,17.0,0.29411764705882354,76.0,22.0,True,0.2894736842105263,0.41572123176661263,22.0,moderate
777,Gross Disbursements,"Gambia, The",IDA,AFRICA,FY18,57.0,28.0,0.0,0.0,85.0,2018,4,annual,85.0,0.0,country,0.6705882352941176,4.060443010546419,0.32941176470588235,3.367295829986474,0.0,0.0,0.0,0.0,4.454347296253507,22.0,63.0,2.8636363636363638,22.0,2.8636363636363638,71.0,85.0,True,1.1971830985915493,0.6341166936790924,85.0,moderate
3217,Gross Disbursements,"Gambia, The",IDA,AFRICA,FY19,0.0,23.0,0.0,0.0,23.0,2019,4,annual,23.0,0.0,country,0.0,0.0,1.0,3.1780538303479458,0.0,0.0,0.0,0.0,3.1780538303479458,85.0,-62.0,-0.7294117647058823,85.0,-0.7294117647058823,96.0,23.0,True,0.23958333333333334,0.42017828200972446,23.0,moderate
2075,Gross Disbursements,"Gambia, The",IDA,AFRICA WEST,FY20,0.0,30.0,0.0,0.0,30.0,2020,4,annual,30.0,0.0,country,0.0,0.0,1.0,3.4339872044851463,0.0,0.0,0.0,0.0,3.4339872044851463,23.0,7.0,0.30434782608695654,23.0,0.30434782608695654,130.0,30.0,True,0.23076923076923078,0.46312803889789306,30.0,moderate
1891,Gross Disbursements,"Gambia, The",IDA,WESTERN AND CENTRAL AFRICA,FY21,31.0,65.0,0.0,0.0,96.0,2021,4,annual,96.0,0.0,country,0.3229166666666667,3.4657359027997265,0.6770833333333334,4.189654742026425,0.0,0.0,0.0,0.0,4.574710978503383,30.0,66.0,2.2,30.0,2.2,38.0,96.0,True,2.526315789473684,0.6478930307941653,96.0,moderate
526,Gross Disbursements,"Gambia, The",IDA,WESTERN AND CENTRAL AFRICA,FY22,19.0,61.0,0.0,0.0,80.0,2022,4,annual,80.0,0.0,country,0.2375,2.995732273553991,0.7625,4.127134385045092,0.0,0.0,0.0,0.0,4.394449154672439,96.0,-16.0,-0.16666666666666666,96.0,-0.16666666666666666,190.0,80.0,True,0.42105263157894735,0.6260129659643436,80.0,moderate
2912,Gross Disbursements,"Gambia, The",IDA,WESTERN AND CENTRAL AFRICA,FY23,21.0,90.0,0.0,0.0,111.0,2023,4,annual,111.0,0.0,country,0.1891891891891892,3.091042453358316,0.8108108108108109,4.51085950651685,0.0,0.0,0.0,0.0,4.718498871295094,80.0,31.0,0.3875,80.0,0.3875,95.0,111.0,True,1.168421052631579,0.6661264181523501,111.0,significant
1834,Gross Disbursements,"Gambia, The",IDA,WESTERN AND CENTRAL AFRICA,FY24,41.0,108.0,0.0,0.0,149.0,2024,4,annual,149.0,0.0,country,0.2751677852348993,3.7376696182833684,0.7248322147651006,4.6913478822291435,0.0,0.0,0.0,0.0,5.0106352940962555,111.0,38.0,0.34234234234234234,111.0,0.34234234234234234,323.0,149.0,True,0.4613003095975232,0.7228525121555915,149.0,significant
1714,Gross Disbursements,"Gambia, The",IDA,WESTERN AND CENTRAL AFRICA,FY25,29.0,106.0,0.0,11.0,146.0,2025,4,annual,146.0,0.0,country,0.19863013698630136,3.4011973816621555,0.726027397260274,4.672828834461906,0.0,0.0,0.07534246575342465,2.4849066497880004,4.990432586778736,149.0,-3.0,-0.020134228187919462,149.0,-0.020134228187919462,131.0,146.0,True,1.1145038167938932,0.7171799027552674,146.0,significant
1399,Gross Disbursements,"Gambia, The",IDA,WESTERN AND CENTRAL AFRICA,2025-Q3,29.0,72.0,0.0,0.0,101.0,2025,3,quarterly,101.0,0.0,country,0.2871287128712871,3.4011973816621555,0.7128712871287128,4.290459441148391,0.0,0.0,0.0,0.0,4.624972813284271,,,,,,78.0,101.0,True,1.294871794871795,0.6339285714285714,101.0,significant
1276,Gross Disbursements,"Gambia, The",IDA,WESTERN AND CENTRAL AFRICA,2026-Q3,45.0,73.0,0.0,1.0,119.0,2026,3,quarterly,119.0,0.0,country,0.37815126050420167,3.828641396489095,0.6134453781512605,4.30406509320417,0.0,0.0,0.008403361344537815,0.6931471805599453,4.787491742782046,101.0,18.0,0.1782178217821782,101.0,0.1782178217821782,45.0,119.0,True,2.6444444444444444,0.6763392857142857,119.0,significant
2510,Commitments,Georgia,IDA,EUROPE AND CENTRAL ASIA,FY14,23.0,50.0,0.0,0.0,73.0,2014,4,annual,73.0,0.0,country,0.3150684931506849,3.1780538303479458,0.684931506849315,3.9318256327243257,0.0,0.0,0.0,0.0,4.30406509320417,,,,,,73.0,65.0,True,0.8904109589041096,0.5824665676077266,73.0,moderate
2340,Commitments,Georgia,IDA,EUROPE AND CENTRAL ASIA,FY15,0.0,0.0,0.0,0.0,0.0,2015,4,annual,0.0,0.0,country,0.0,0.0,0.0,0.0,0.0,0.0,0.0,0.0,0.0,73.0,-73.0,-1.0,73.0,-1.0,0.0,48.0,False,,0.19539375928677563,0.0,limited
3373,Commitments,Georgia,IDA,EUROPE AND CENTRAL ASIA,FY18,0.0,0.0,0.0,0.0,0.0,2018,4,annual,0.0,0.0,country,0.0,0.0,0.0,0.0,0.0,0.0,0.0,0.0,0.0,0.0,0.0,,0.0,,0.0,7.0,False,,0.19539375928677563,0.0,limited
3135,Commitments,Georgia,IDA,EUROPE AND CENTRAL ASIA,FY19,0.0,0.0,0.0,0.0,0.0,2019,4,annual,0.0,0.0,country,0.0,0.0,0.0,0.0,0.0,0.0,0.0,0.0,0.0,0.0,0.0,,0.0,,0.0,3.0,False,,0.19539375928677563,0.0,limited
3006,Commitments,Georgia,IDA,EUROPE AND CENTRAL ASIA,FY20,0.0,0.0,0.0,0.0,0.0,2020,4,annual,0.0,0.0,country,0.0,0.0,0.0,0.0,0.0,0.0,0.0,0.0,0.0,0.0,0.0,,0.0,,0.0,2.0,False,,0.19539375928677563,0.0,limited
1958,Commitments,Georgia,IDA,EUROPE AND CENTRAL ASIA,FY21,0.0,0.0,0.0,0.0,0.0,2021,4,annual,0.0,0.0,country,0.0,0.0,0.0,0.0,0.0,0.0,0.0,0.0,0.0,0.0,0.0,,0.0,,0.0,10.0,False,,0.19539375928677563,0.0,limited
593,Commitments,Georgia,IDA,EUROPE AND CENTRAL ASIA,FY22,0.0,0.0,0.0,0.0,0.0,2022,4,annual,0.0,0.0,country,0.0,0.0,0.0,0.0,0.0,0.0,0.0,0.0,0.0,0.0,0.0,,0.0,,0.0,5.0,False,,0.19539375928677563,0.0,limited
2979,Commitments,Georgia,IDA,EUROPE AND CENTRAL ASIA,FY23,0.0,0.0,0.0,0.0,0.0,2023,4,annual,0.0,0.0,country,0.0,0.0,0.0,0.0,0.0,0.0,0.0,0.0,0.0,0.0,0.0,,0.0,,0.0,4.0,False,,0.19539375928677563,0.0,limited
2672,Commitments,Georgia,IDA,EUROPE AND CENTRAL ASIA,FY24,0.0,0.0,0.0,0.0,0.0,2024,4,annual,0.0,0.0,country,0.0,0.0,0.0,0.0,0.0,0.0,0.0,0.0,0.0,0.0,0.0,,0.0,,0.0,0.0,False,,0.19539375928677563,0.0,limited
1473,Commitments,Georgia,IDA,EUROPE AND CENTRAL ASIA,FY25,0.0,0.0,0.0,0.0,0.0,2025,4,annual,0.0,0.0,country,0.0,0.0,0.0,0.0,0.0,0.0,0.0,0.0,0.0,0.0,0.0,,0.0,,0.0,0.0,False,,0.19539375928677563,0.0,limited
253,Commitments,Georgia,IDA,EUROPE AND CENTRAL ASIA,2025-Q3,0.0,0.0,0.0,0.0,0.0,2025,3,quarterly,0.0,0.0,country,0.0,0.0,0.0,0.0,0.0,0.0,0.0,0.0,0.0,,,,,,0.0,0.0,False,,0.326271186440678,0.0,limited
60,Commitments,Georgia,IDA,EUROPE AND CENTRAL ASIA,2026-Q3,0.0,0.0,0.0,0.0,0.0,2026,3,quarterly,0.0,0.0,country,0.0,0.0,0.0,0.0,0.0,0.0,0.0,0.0,0.0,0.0,0.0,,0.0,,0.0,0.0,False,,0.326271186440678,0.0,limited
2594,Gross Disbursements,Georgia,IDA,EUROPE AND CENTRAL ASIA,FY14,29.0,36.0,0.0,0.0,65.0,2014,4,annual,65.0,0.0,country,0.4461538461538462,3.4011973816621555,0.5538461538461539,3.6109179126442243,0.0,0.0,0.0,0.0,4.189654742026425,,,,,,73.0,65.0,True,0.8904109589041096,0.5891410048622366,65.0,moderate
2426,Gross Disbursements,Georgia,IDA,EUROPE AND CENTRAL ASIA,FY15,22.0,26.0,0.0,0.0,48.0,2015,4,annual,48.0,0.0,country,0.4583333333333333,3.1354942159291497,0.5416666666666666,3.295836866004329,0.0,0.0,0.0,0.0,3.8918202981106265,65.0,-17.0,-0.26153846153846155,65.0,-0.26153846153846155,0.0,48.0,False,,0.534035656401945,48.0,moderate
1150,Gross Disbursements,Georgia,IDA,EUROPE AND CENTRAL ASIA,FY16,0.0,39.0,0.0,0.0,39.0,2016,4,annual,39.0,0.0,country,0.0,0.0,1.0,3.6888794541139363,0.0,0.0,0.0,0.0,3.6888794541139363,48.0,-9.0,-0.1875,48.0,-0.1875,,39.0,False,,0.4991896272285251,39.0,moderate
961,Gross Disbursements,Georgia,IDA,EUROPE AND CENTRAL ASIA,FY17,0.0,5.0,0.0,0.0,5.0,2017,4,annual,5.0,0.0,country,0.0,0.0,1.0,1.791759469228055,0.0,0.0,0.0,0.0,1.791759469228055,39.0,-34.0,-0.8717948717948718,39.0,-0.8717948717948718,,5.0,False,,0.2706645056726094,5.0,limited
798,Gross Disbursements,Georgia,IDA,EUROPE AND CENTRAL ASIA,FY18,0.0,7.0,0.0,0.0,7.0,2018,4,annual,7.0,0.0,country,0.0,0.0,1.0,2.0794415416798357,0.0,0.0,0.0,0.0,2.0794415416798357,5.0,2.0,0.4,5.0,0.4,0.0,7.0,False,,0.2925445705024311,7.0,limited
3246,Gross Disbursements,Georgia,IDA,EUROPE AND CENTRAL ASIA,FY19,0.0,3.0,0.0,0.0,3.0,2019,4,annual,3.0,0.0,country,0.0,0.0,1.0,1.3862943611198906,0.0,0.0,0.0,0.0,1.3862943611198906,7.0,-4.0,-0.5714285714285714,7.0,-0.5714285714285714,0.0,3.0,False,,0.24513776337115073,3.0,limited
2108,Gross Disbursements,Georgia,IDA,EUROPE AND CENTRAL ASIA,FY20,0.0,2.0,0.0,0.0,2.0,2020,4,annual,2.0,0.0,country,0.0,0.0,1.0,1.0986122886681098,0.0,0.0,0.0,0.0,1.0986122886681098,3.0,-1.0,-0.3333333333333333,3.0,-0.3333333333333333,0.0,2.0,False,,0.233387358184765,2.0,limited
718,Gross Disbursements,Georgia,IDA,EUROPE AND CENTRAL ASIA,FY21,0.0,10.0,0.0,0.0,10.0,2021,4,annual,10.0,0.0,country,0.0,0.0,1.0,2.3978952727983707,0.0,0.0,0.0,0.0,2.3978952727983707,2.0,8.0,4.0,2.0,4.0,0.0,10.0,False,,0.3286061588330632,10.0,limited
471,Gross Disbursements,Georgia,IDA,EUROPE AND CENTRAL ASIA,FY22,0.0,5.0,0.0,0.0,5.0,2022,4,annual,5.0,0.0,country,0.0,0.0,1.0,1.791759469228055,0.0,0.0,0.0,0.0,1.791759469228055,10.0,-5.0,-0.5,10.0,-0.5,0.0,5.0,False,,0.2706645056726094,5.0,limited
2855,Gross Disbursements,Georgia,IDA,EUROPE AND CENTRAL ASIA,FY23,0.0,4.0,0.0,0.0,4.0,2023,4,annual,4.0,0.0,country,0.0,0.0,1.0,1.6094379124341003,0.0,0.0,0.0,0.0,1.6094379124341003,5.0,-1.0,-0.2,5.0,-0.2,0.0,4.0,False,,0.25810372771474877,4.0,limited
1777,Gross Disbursements,Georgia,IDA,EUROPE AND CENTRAL ASIA,FY24,0.0,0.0,0.0,0.0,0.0,2024,4,annual,0.0,0.0,country,0.0,0.0,0.0,0.0,0.0,0.0,0.0,0.0,0.0,4.0,-4.0,-1.0,4.0,-1.0,0.0,0.0,False,,0.1094003241491086,0.0,limited
1657,Gross Disbursements,Georgia,IDA,EUROPE AND CENTRAL ASIA,FY25,0.0,0.0,0.0,0.0,0.0,2025,4,annual,0.0,0.0,country,0.0,0.0,0.0,0.0,0.0,0.0,0.0,0.0,0.0,0.0,0.0,,0.0,,0.0,0.0,False,,0.1094003241491086,0.0,limited
1342,Gross Disbursements,Georgia,IDA,EUROPE AND CENTRAL ASIA,2025-Q3,0.0,0.0,0.0,0.0,0.0,2025,3,quarterly,0.0,0.0,country,0.0,0.0,0.0,0.0,0.0,0.0,0.0,0.0,0.0,,,,,,0.0,0.0,False,,0.15848214285714285,0.0,limited
1219,Gross Disbursements,Georgia,IDA,EUROPE AND CENTRAL ASIA,2026-Q3,0.0,0.0,0.0,0.0,0.0,2026,3,quarterly,0.0,0.0,country,0.0,0.0,0.0,0.0,0.0,0.0,0.0,0.0,0.0,0.0,0.0,,0.0,,0.0,0.0,False,,0.15848214285714285,0.0,limited
2472,Commitments,Ghana,IDA,AFRICA,FY14,0.0,415.0,0.0,0.0,415.0,2014,4,annual,415.0,0.0,country,0.0,0.0,1.0,6.030685260261263,0.0,0.0,0.0,0.0,6.030685260261263,,,,,,415.0,312.0,True,0.7518072289156627,0.8239227340267459,415.0,significant
2365,Commitments,Ghana,IDA,AFRICA,FY15,550.0,130.0,0.0,0.0,680.0,2015,4,annual,680.0,0.0,country,0.8088235294117647,6.311734809152915,0.19117647058823528,4.875197323201151,0.0,0.0,0.0,0.0,6.523562306149512,415.0,265.0,0.6385542168674698,415.0,0.6385542168674698,680.0,386.0,True,0.5676470588235294,0.888558692421991,680.0,major
1020,Commitments,Ghana,IDA,AFRICA,FY16,0.0,500.0,0.0,0.0,500.0,2016,4,annual,500.0,0.0,country,0.0,0.0,1.0,6.2166061010848646,0.0,0.0,0.0,0.0,6.2166061010848646,680.0,-180.0,-0.2647058823529412,680.0,-0.2647058823529412,500.0,473.0,True,0.946,0.8454680534918276,500.0,significant
828,Commitments,Ghana,IDA,AFRICA,FY17,0.0,251.0,0.0,0.0,251.0,2017,4,annual,251.0,0.0,country,0.0,0.0,1.0,5.529429087511423,0.0,0.0,0.0,0.0,5.529429087511423,500.0,-249.0,-0.498,500.0,-0.498,251.0,259.0,True,1.0318725099601593,0.7600297176820208,251.0,significant
3286,Commitments,Ghana,IDA,AFRICA,FY18,200.0,50.0,0.0,0.0,250.0,2018,4,annual,250.0,0.0,country,0.8,5.303304908059076,0.2,3.9318256327243257,0.0,0.0,0.0,0.0,5.5254529391317835,251.0,-1.0,-0.00398406374501992,251.0,-0.00398406374501992,250.0,363.0,True,1.452,0.7581723625557206,250.0,significant
3041,Commitments,Ghana,IDA,AFRICA,FY19,0.0,480.0,0.0,100.0,580.0,2019,4,annual,580.0,0.0,country,0.0,0.0,0.8275862068965517,6.175867270105761,0.0,0.0,0.1724137931034483,4.61512051684126,6.364750756851911,250.0,330.0,1.32,250.0,1.32,580.0,148.0,True,0.25517241379310346,0.8632986627043091,580.0,major
2166,Commitments,Ghana,IDA,AFRICA WEST,FY20,0.0,850.0,0.0,0.0,850.0,2020,4,annual,850.0,0.0,country,0.0,0.0,1.0,6.7464121285733745,0.0,0.0,0.0,0.0,6.7464121285733745,580.0,270.0,0.46551724137931033,580.0,0.46551724137931033,850.0,332.0,True,0.3905882352941176,0.9212481426448736,850.0,major
2022,Commitments,Ghana,IDA,WESTERN AND CENTRAL AFRICA,FY21,0.0,805.0,0.0,0.0,805.0,2021,4,annual,805.0,0.0,country,0.0,0.0,1.0,6.692083742506628,0.0,0.0,0.0,0.0,6.692083742506628,850.0,-45.0,-0.052941176470588235,850.0,-0.052941176470588235,805.0,402.0,True,0.4993788819875776,0.9138187221396731,805.0,major
657,Commitments,Ghana,IDA,WESTERN AND CENTRAL AFRICA,FY22,0.0,486.0,0.0,445.0,931.0,2022,4,annual,931.0,0.0,country,0.0,0.0,0.5220193340494093,6.18826412308259,0.0,0.0,0.47798066595059074,6.100318952020064,6.837332814685591,805.0,126.0,0.1565217391304348,805.0,0.1565217391304348,931.0,445.0,True,0.47798066595059074,0.9286775631500743,931.0,major
410,Commitments,Ghana,IDA,WESTERN AND CENTRAL AFRICA,FY23,0.0,800.0,0.0,0.0,800.0,2023,4,annual,800.0,0.0,country,0.0,0.0,1.0,6.68586094706836,0.0,0.0,0.0,0.0,6.68586094706836,931.0,-131.0,-0.14070891514500536,931.0,-0.14070891514500536,800.0,493.0,True,0.61625,0.9104754829123328,800.0,major
2759,Commitments,Ghana,IDA,WESTERN AND CENTRAL AFRICA,FY24,300.0,250.0,0.0,250.0,800.0,2024,4,annual,800.0,0.0,country,0.375,5.707110264748875,0.3125,5.5254529391317835,0.0,0.0,0.3125,5.5254529391317835,6.68586094706836,800.0,0.0,0.0,800.0,0.0,800.0,1018.0,True,1.2725,0.9104754829123328,800.0,major
1560,Commitments,Ghana,IDA,WESTERN AND CENTRAL AFRICA,FY25,359.0,308.0,0.0,0.0,667.0,2025,4,annual,667.0,0.0,country,0.5382308845577212,5.886104031450156,0.4617691154422789,5.733341276897746,0.0,0.0,0.0,0.0,6.504288173536645,800.0,-133.0,-0.16625,800.0,-0.16625,667.0,688.0,True,1.0314842578710646,0.8870728083209509,667.0,major
340,Commitments,Ghana,IDA,WESTERN AND CENTRAL AFRICA,2025-Q3,0.0,180.0,0.0,0.0,180.0,2025,3,quarterly,180.0,0.0,country,0.0,0.0,1.0,5.198497031265826,0.0,0.0,0.0,0.0,5.198497031265826,,,,,,180.0,654.51,True,3.6361666666666665,0.8573446327683616,180.0,significant
147,Commitments,Ghana,IDA,WESTERN AND CENTRAL AFRICA,2026-Q3,0.0,0.0,0.0,0.0,0.0,2026,3,quarterly,0.0,0.0,country,0.0,0.0,0.0,0.0,0.0,0.0,0.0,0.0,0.0,180.0,-180.0,-1.0,180.0,-1.0,0.0,411.51,False,,0.326271186440678,0.0,limited
2551,Gross Disbursements,Ghana,IDA,AFRICA,FY14,0.0,312.0,0.0,0.0,312.0,2014,4,annual,312.0,0.0,country,0.0,0.0,1.0,5.746203190540153,0.0,0.0,0.0,0.0,5.746203190540153,,,,,,415.0,312.0,True,0.7518072289156627,0.8217179902755267,312.0,significant
2383,Gross Disbursements,Ghana,IDA,AFRICA,FY15,0.0,386.0,0.0,0.0,386.0,2015,4,annual,386.0,0.0,country,0.0,0.0,1.0,5.958424693029782,0.0,0.0,0.0,0.0,5.958424693029782,312.0,74.0,0.23717948717948717,312.0,0.23717948717948717,680.0,386.0,True,0.5676470588235294,0.8476499189627229,386.0,significant
1097,Gross Disbursements,Ghana,IDA,AFRICA,FY16,152.0,321.0,0.0,0.0,473.0,2016,4,annual,473.0,0.0,country,0.321353065539112,5.030437921392435,0.678646934460888,5.7745515455444085,0.0,0.0,0.0,0.0,6.161207321695077,386.0,87.0,0.22538860103626943,386.0,0.22538860103626943,500.0,473.0,True,0.946,0.8756077795786061,473.0,significant
900,Gross Disbursements,Ghana,IDA,AFRICA,FY17,0.0,259.0,0.0,0.0,259.0,2017,4,annual,259.0,0.0,country,0.0,0.0,1.0,5.560681631015528,0.0,0.0,0.0,0.0,5.560681631015528,473.0,-214.0,-0.452431289640592,473.0,-0.452431289640592,251.0,259.0,True,1.0318725099601593,0.7986223662884927,259.0,significant
743,Gross Disbursements,Ghana,IDA,AFRICA,FY18,202.0,161.0,0.0,0.0,363.0,2018,4,annual,363.0,0.0,country,0.5564738292011019,5.313205979041787,0.44352617079889806,5.087596335232384,0.0,0.0,0.0,0.0,5.8971538676367405,259.0,104.0,0.4015444015444015,259.0,0.4015444015444015,250.0,363.0,True,1.452,0.8403565640194489,363.0,significant
3178,Gross Disbursements,Ghana,IDA,AFRICA,FY19,0.0,145.0,0.0,3.0,148.0,2019,4,annual,148.0,0.0,country,0.0,0.0,0.9797297297297297,4.983606621708336,0.0,0.0,0.02027027027027027,1.3862943611198906,5.003946305945459,363.0,-215.0,-0.5922865013774105,363.0,-0.5922865013774105,580.0,148.0,True,0.25517241379310346,0.7196110210696921,148.0,significant
2053,Gross Disbursements,Ghana,IDA,AFRICA WEST,FY20,0.0,289.0,0.0,43.0,332.0,2020,4,annual,332.0,0.0,country,0.0,0.0,0.8704819277108434,5.66988092298052,0.0,0.0,0.12951807228915663,3.784189633918261,5.808142489980444,148.0,184.0,1.2432432432432432,148.0,1.2432432432432432,850.0,332.0,True,0.3905882352941176,0.8290113452188006,332.0,significant
1892,Gross Disbursements,Ghana,IDA,WESTERN AND CENTRAL AFRICA,FY21,0.0,376.0,0.0,26.0,402.0,2021,4,annual,402.0,0.0,country,0.0,0.0,0.9353233830845771,5.932245187448011,0.0,0.0,0.06467661691542288,3.295836866004329,5.998936561946683,332.0,70.0,0.21084337349397592,332.0,0.21084337349397592,805.0,402.0,True,0.4993788819875776,0.8541329011345219,402.0,significant
527,Gross Disbursements,Ghana,IDA,WESTERN AND CENTRAL AFRICA,FY22,0.0,445.0,0.0,0.0,445.0,2022,4,annual,445.0,0.0,country,0.0,0.0,1.0,6.100318952020064,0.0,0.0,0.0,0.0,6.100318952020064,402.0,43.0,0.10696517412935323,402.0,0.10696517412935323,931.0,445.0,True,0.47798066595059074,0.8638573743922204,445.0,significant
2913,Gross Disbursements,Ghana,IDA,WESTERN AND CENTRAL AFRICA,FY23,0.0,380.0,50.0,63.0,493.0,2023,4,annual,493.0,0.0,country,0.0,0.0,0.77079107505071,5.942799375126701,0.10141987829614604,3.9318256327243257,0.12778904665314403,4.1588830833596715,6.202535517187923,445.0,48.0,0.10786516853932585,445.0,0.10786516853932585,800.0,493.0,True,0.61625,0.8849270664505673,493.0,significant
1835,Gross Disbursements,Ghana,IDA,WESTERN AND CENTRAL AFRICA,FY24,300.0,559.0,100.0,59.0,1018.0,2024,4,annual,1018.0,0.0,country,0.29469548133595286,5.707110264748875,0.5491159135559921,6.327936783729195,0.09823182711198428,4.61512051684126,0.05795677799607073,4.0943445622221,6.926577033222725,493.0,525.0,1.0649087221095335,493.0,1.0649087221095335,800.0,1018.0,True,1.2725,0.953808752025932,1018.0,major
1715,Gross Disbursements,Ghana,IDA,WESTERN AND CENTRAL AFRICA,FY25,0.0,409.0,212.0,67.0,688.0,2025,4,annual,688.0,0.0,country,0.0,0.0,0.5944767441860465,6.016157159698354,0.3081395348837209,5.3612921657094255,0.09738372093023256,4.219507705176107,6.535241271013659,1018.0,-330.0,-0.3241650294695481,1018.0,-0.3241650294695481,667.0,688.0,True,1.0314842578710646,0.9222042139384117,688.0,major
1400,Gross Disbursements,Ghana,IDA,WESTERN AND CENTRAL AFRICA,2025-Q3,0.0,376.51,212.0,66.0,654.51,2025,3,quarterly,654.51,0.0,country,0.0,0.0,0.5752547707445265,5.933597058404449,0.3239064338207209,5.3612921657094255,0.10083879543475271,4.204692619390966,6.48541355861752,,,,,,180.0,654.51,True,3.6361666666666665,0.9330357142857143,654.51,major
1277,Gross Disbursements,Ghana,IDA,WESTERN AND CENTRAL AFRICA,2026-Q3,359.51,25.0,0.0,27.0,411.51,2026,3,quarterly,411.51,0.0,country,0.8736361206289033,5.887519695591318,0.06075186508225803,3.258096538021482,0.0,0.0,0.06561201428883867,3.332204510175204,6.022260447905135,654.51,-243.0,-0.37127011046431685,654.51,-0.37127011046431685,0.0,411.51,False,,0.8883928571428571,411.51,significant
2673,Commitments,Greece,IDA,EUROPE AND CENTRAL ASIA,FY24,0.0,0.0,0.0,0.0,0.0,2024,4,annual,0.0,0.0,country,0.0,0.0,0.0,0.0,0.0,0.0,0.0,0.0,0.0,,,,,,0.0,,False,,0.19539375928677563,0.0,limited
1474,Commitments,Greece,IDA,EUROPE AND CENTRAL ASIA,FY25,0.0,0.0,0.0,0.0,0.0,2025,4,annual,0.0,0.0,country,0.0,0.0,0.0,0.0,0.0,0.0,0.0,0.0,0.0,0.0,0.0,,0.0,,0.0,,False,,0.19539375928677563,0.0,limited
254,Commitments,Greece,IDA,EUROPE AND CENTRAL ASIA,2025-Q3,0.0,0.0,0.0,0.0,0.0,2025,3,quarterly,0.0,0.0,country,0.0,0.0,0.0,0.0,0.0,0.0,0.0,0.0,0.0,,,,,,0.0,,False,,0.326271186440678,0.0,limited
61,Commitments,Greece,IDA,EUROPE AND CENTRAL ASIA,2026-Q3,0.0,0.0,0.0,0.0,0.0,2026,3,quarterly,0.0,0.0,country,0.0,0.0,0.0,0.0,0.0,0.0,0.0,0.0,0.0,0.0,0.0,,0.0,,0.0,,False,,0.326271186440678,0.0,limited
2518,Commitments,Grenada,IDA,LATIN AMERICA AND CARIBBEAN,FY14,15.0,0.0,0.0,0.0,15.0,2014,4,annual,15.0,0.0,country,1.0,2.772588722239781,0.0,0.0,0.0,0.0,0.0,0.0,2.772588722239781,,,,,,15.0,3.0,True,0.2,0.425334323922734,15.0,moderate
2348,Commitments,Grenada,IDA,LATIN AMERICA AND CARIBBEAN,FY15,0.0,0.0,0.0,0.0,0.0,2015,4,annual,0.0,0.0,country,0.0,0.0,0.0,0.0,0.0,0.0,0.0,0.0,0.0,15.0,-15.0,-1.0,15.0,-1.0,0.0,20.0,False,,0.19539375928677563,0.0,limited
1062,Commitments,Grenada,IDA,LATIN AMERICA AND CARIBBEAN,FY16,10.0,0.0,0.0,0.0,10.0,2016,4,annual,10.0,0.0,country,1.0,2.3978952727983707,0.0,0.0,0.0,0.0,0.0,0.0,2.3978952727983707,0.0,10.0,,0.0,,10.0,12.0,True,1.2,0.4138187221396731,10.0,limited
859,Commitments,Grenada,IDA,LATIN AMERICA AND CARIBBEAN,FY17,9.0,2.0,0.0,0.0,12.0,2017,4,annual,11.0,1.0,country,0.75,2.302585092994046,0.16666666666666666,1.0986122886681098,0.0,0.0,0.0,0.0,2.5649493574615367,10.0,2.0,0.2,10.0,0.2,12.0,13.0,True,1.0833333333333333,0.4197622585438336,12.0,moderate
3346,Commitments,Grenada,IDA,LATIN AMERICA AND CARIBBEAN,FY18,30.0,0.0,0.0,0.0,30.0,2018,4,annual,30.0,0.0,country,1.0,3.4339872044851463,0.0,0.0,0.0,0.0,0.0,0.0,3.4339872044851463,12.0,18.0,1.5,12.0,1.5,30.0,2.0,True,0.06666666666666667,0.48068350668647847,30.0,moderate
3085,Commitments,Grenada,IDA,LATIN AMERICA AND CARIBBEAN,FY19,0.0,2.0,0.0,0.0,2.0,2019,4,annual,2.0,0.0,country,0.0,0.0,1.0,1.0986122886681098,0.0,0.0,0.0,0.0,1.0986122886681098,30.0,-28.0,-0.9333333333333333,30.0,-0.9333333333333333,2.0,32.0,False,,0.3911589895988113,2.0,limited
2220,Commitments,Grenada,IDA,LATIN AMERICA AND CARIBBEAN,FY20,40.0,51.0,0.0,0.0,91.0,2020,4,annual,91.0,0.0,country,0.43956043956043955,3.713572066704308,0.5604395604395604,3.9512437185814275,0.0,0.0,0.0,0.0,4.5217885770490405,2.0,89.0,44.5,2.0,44.5,91.0,24.0,True,0.26373626373626374,0.6188707280832095,91.0,moderate
1979,Commitments,Grenada,IDA,LATIN AMERICA AND CARIBBEAN,FY21,25.0,0.0,0.0,0.0,25.0,2021,4,annual,25.0,0.0,country,1.0,3.258096538021482,0.0,0.0,0.0,0.0,0.0,0.0,3.258096538021482,91.0,-66.0,-0.7252747252747253,91.0,-0.7252747252747253,25.0,34.0,True,1.36,0.4676820208023774,25.0,moderate
614,Commitments,Grenada,IDA,LATIN AMERICA AND CARIBBEAN,FY22,25.0,38.0,0.0,0.0,63.0,2022,4,annual,63.0,0.0,country,0.3968253968253968,3.258096538021482,0.6031746031746031,3.6635616461296463,0.0,0.0,0.0,0.0,4.1588830833596715,25.0,38.0,1.52,25.0,1.52,63.0,26.0,True,0.4126984126984127,0.5583209509658247,63.0,moderate
3000,Commitments,Grenada,IDA,LATIN AMERICA AND CARIBBEAN,FY23,0.0,0.0,0.0,0.0,0.0,2023,4,annual,0.0,0.0,country,0.0,0.0,0.0,0.0,0.0,0.0,0.0,0.0,0.0,63.0,-63.0,-1.0,63.0,-1.0,0.0,4.0,False,,0.19539375928677563,0.0,limited
2716,Commitments,Grenada,IDA,LATIN AMERICA AND CARIBBEAN,FY24,29.0,25.0,0.0,0.0,54.0,2024,4,annual,54.0,0.0,country,0.5370370370370371,3.4011973816621555,0.46296296296296297,3.258096538021482,0.0,0.0,0.0,0.0,4.007333185232471,0.0,54.0,,0.0,,54.0,41.0,True,0.7592592592592593,0.5442050520059435,54.0,moderate
1517,Commitments,Grenada,IDA,LATIN AMERICA AND CARIBBEAN,FY25,0.0,68.0,0.0,0.0,68.0,2025,4,annual,68.0,0.0,country,0.0,0.0,1.0,4.23410650459726,0.0,0.0,0.0,0.0,4.23410650459726,54.0,14.0,0.25925925925925924,54.0,0.25925925925925924,68.0,26.0,True,0.38235294117647056,0.5724368499257058,68.0,moderate
297,Commitments,Grenada,IDA,LATIN AMERICA AND CARIBBEAN,2025-Q3,0.0,40.0,0.0,0.0,40.0,2025,3,quarterly,40.0,0.0,country,0.0,0.0,1.0,3.713572066704308,0.0,0.0,0.0,0.0,3.713572066704308,,,,,,40.0,25.0,True,0.625,0.7076271186440678,40.0,moderate
104,Commitments,Grenada,IDA,LATIN AMERICA AND CARIBBEAN,2026-Q3,0.0,0.0,0.0,0.0,0.0,2026,3,quarterly,0.0,0.0,country,0.0,0.0,0.0,0.0,0.0,0.0,0.0,0.0,0.0,40.0,-40.0,-1.0,40.0,-1.0,0.0,15.0,False,,0.326271186440678,0.0,limited
2605,Gross Disbursements,Grenada,IDA,LATIN AMERICA AND CARIBBEAN,FY14,0.0,3.0,0.0,0.0,3.0,2014,4,annual,3.0,0.0,country,0.0,0.0,1.0,1.3862943611198906,0.0,0.0,0.0,0.0,1.3862943611198906,,,,,,15.0,3.0,True,0.2,0.24513776337115073,3.0,limited
2437,Gross Disbursements,Grenada,IDA,LATIN AMERICA AND CARIBBEAN,FY15,15.0,5.0,0.0,0.0,20.0,2015,4,annual,20.0,0.0,country,0.75,2.772588722239781,0.25,1.791759469228055,0.0,0.0,0.0,0.0,3.044522437723423,3.0,17.0,5.666666666666667,3.0,5.666666666666667,0.0,20.0,False,,0.406807131280389,20.0,moderate
2263,Gross Disbursements,Grenada,IDA,LATIN AMERICA AND CARIBBEAN,FY16,10.0,2.0,0.0,0.0,12.0,2016,4,annual,12.0,0.0,country,0.8333333333333334,2.3978952727983707,0.16666666666666666,1.0986122886681098,0.0,0.0,0.0,0.0,2.5649493574615367,20.0,-8.0,-0.4,20.0,-0.4,10.0,12.0,True,1.2,0.34562398703403563,12.0,moderate
974,Gross Disbursements,Grenada,IDA,LATIN AMERICA AND CARIBBEAN,FY17,9.0,4.0,0.0,0.0,13.0,2017,4,annual,13.0,0.0,country,0.6923076923076923,2.302585092994046,0.3076923076923077,1.6094379124341003,0.0,0.0,0.0,0.0,2.6390573296152584,12.0,1.0,0.08333333333333333,12.0,0.08333333333333333,12.0,13.0,True,1.0833333333333333,0.35615883306320906,13.0,moderate
768,Gross Disbursements,Grenada,IDA,LATIN AMERICA AND CARIBBEAN,FY18,0.0,2.0,0.0,0.0,2.0,2018,4,annual,2.0,0.0,country,0.0,0.0,1.0,1.0986122886681098,0.0,0.0,0.0,0.0,1.0986122886681098,13.0,-11.0,-0.8461538461538461,13.0,-0.8461538461538461,30.0,2.0,True,0.06666666666666667,0.233387358184765,2.0,limited
3223,Gross Disbursements,Grenada,IDA,LATIN AMERICA AND CARIBBEAN,FY19,30.0,2.0,0.0,0.0,32.0,2019,4,annual,32.0,0.0,country,0.9375,3.4339872044851463,0.0625,1.0986122886681098,0.0,0.0,0.0,0.0,3.4965075614664802,2.0,30.0,15.0,2.0,15.0,2.0,32.0,False,,0.4712317666126418,32.0,moderate
2100,Gross Disbursements,Grenada,IDA,LATIN AMERICA AND CARIBBEAN,FY20,20.0,4.0,0.0,0.0,24.0,2020,4,annual,24.0,0.0,country,0.8333333333333334,3.044522437723423,0.16666666666666666,1.6094379124341003,0.0,0.0,0.0,0.0,3.2188758248682006,32.0,-8.0,-0.25,32.0,-0.25,91.0,24.0,True,0.26373626373626374,0.42787682333873583,24.0,moderate
735,Gross Disbursements,Grenada,IDA,LATIN AMERICA AND CARIBBEAN,FY21,25.0,9.0,0.0,0.0,34.0,2021,4,annual,34.0,0.0,country,0.7352941176470589,3.258096538021482,0.2647058823529412,2.302585092994046,0.0,0.0,0.0,0.0,3.5553480614894135,24.0,10.0,0.4166666666666667,24.0,0.4166666666666667,25.0,34.0,True,1.36,0.47893030794165314,34.0,moderate
488,Gross Disbursements,Grenada,IDA,LATIN AMERICA AND CARIBBEAN,FY22,25.0,1.0,0.0,0.0,26.0,2022,4,annual,26.0,0.0,country,0.9615384615384616,3.258096538021482,0.038461538461538464,0.6931471805599453,0.0,0.0,0.0,0.0,3.295836866004329,34.0,-8.0,-0.23529411764705882,34.0,-0.23529411764705882,63.0,26.0,True,0.4126984126984127,0.44246353322528365,26.0,moderate
2872,Gross Disbursements,Grenada,IDA,LATIN AMERICA AND CARIBBEAN,FY23,0.0,4.0,0.0,0.0,4.0,2023,4,annual,4.0,0.0,country,0.0,0.0,1.0,1.6094379124341003,0.0,0.0,0.0,0.0,1.6094379124341003,26.0,-22.0,-0.8461538461538461,26.0,-0.8461538461538461,0.0,4.0,False,,0.25810372771474877,4.0,limited
1794,Gross Disbursements,Grenada,IDA,LATIN AMERICA AND CARIBBEAN,FY24,30.0,11.0,0.0,0.0,41.0,2024,4,annual,41.0,0.0,country,0.7317073170731707,3.4339872044851463,0.2682926829268293,2.4849066497880004,0.0,0.0,0.0,0.0,3.7376696182833684,4.0,37.0,9.25,4.0,9.25,54.0,41.0,True,0.7592592592592593,0.5056726094003241,41.0,moderate
1674,Gross Disbursements,Grenada,IDA,LATIN AMERICA AND CARIBBEAN,FY25,20.0,6.0,0.0,0.0,26.0,2025,4,annual,26.0,0.0,country,0.7692307692307693,3.044522437723423,0.23076923076923078,1.9459101490553132,0.0,0.0,0.0,0.0,3.295836866004329,41.0,-15.0,-0.36585365853658536,41.0,-0.36585365853658536,68.0,26.0,True,0.38235294117647056,0.44246353322528365,26.0,moderate
1359,Gross Disbursements,Grenada,IDA,LATIN AMERICA AND CARIBBEAN,2025-Q3,20.0,5.0,0.0,0.0,25.0,2025,3,quarterly,25.0,0.0,country,0.8,3.044522437723423,0.2,1.791759469228055,0.0,0.0,0.0,0.0,3.258096538021482,,,,,,40.0,25.0,True,0.625,0.4419642857142857,25.0,moderate
1236,Gross Disbursements,Grenada,IDA,LATIN AMERICA AND CARIBBEAN,2026-Q3,0.0,15.0,0.0,0.0,15.0,2026,3,quarterly,15.0,0.0,country,0.0,0.0,1.0,2.772588722239781,0.0,0.0,0.0,0.0,2.772588722239781,25.0,-10.0,-0.4,25.0,-0.4,0.0,15.0,False,,0.39732142857142855,15.0,moderate
2717,Commitments,Guatemala,IDA,LATIN AMERICA AND CARIBBEAN,FY24,0.0,0.0,0.0,0.0,0.0,2024,4,annual,0.0,0.0,country,0.0,0.0,0.0,0.0,0.0,0.0,0.0,0.0,0.0,,,,,,0.0,,False,,0.19539375928677563,0.0,limited
1518,Commitments,Guatemala,IDA,LATIN AMERICA AND CARIBBEAN,FY25,0.0,0.0,0.0,0.0,0.0,2025,4,annual,0.0,0.0,country,0.0,0.0,0.0,0.0,0.0,0.0,0.0,0.0,0.0,0.0,0.0,,0.0,,0.0,,False,,0.19539375928677563,0.0,limited
298,Commitments,Guatemala,IDA,LATIN AMERICA AND CARIBBEAN,2025-Q3,0.0,0.0,0.0,0.0,0.0,2025,3,quarterly,0.0,0.0,country,0.0,0.0,0.0,0.0,0.0,0.0,0.0,0.0,0.0,,,,,,0.0,,False,,0.326271186440678,0.0,limited
105,Commitments,Guatemala,IDA,LATIN AMERICA AND CARIBBEAN,2026-Q3,0.0,0.0,0.0,0.0,0.0,2026,3,quarterly,0.0,0.0,country,0.0,0.0,0.0,0.0,0.0,0.0,0.0,0.0,0.0,0.0,0.0,,0.0,,0.0,,False,,0.326271186440678,0.0,limited
2473,Commitments,Guinea,IDA,AFRICA,FY14,0.0,79.0,0.0,0.0,79.0,2014,4,annual,79.0,0.0,country,0.0,0.0,1.0,4.382026634673881,0.0,0.0,0.0,0.0,4.382026634673881,,,,,,79.0,26.0,True,0.3291139240506329,0.5950965824665676,79.0,moderate
2303,Commitments,Guinea,IDA,AFRICA,FY15,50.0,187.0,0.0,0.0,237.0,2015,4,annual,237.0,0.0,country,0.2109704641350211,3.9318256327243257,0.7890295358649789,5.236441962829949,0.0,0.0,0.0,0.0,5.472270673671475,79.0,158.0,2.0,79.0,2.0,237.0,148.0,True,0.6244725738396625,0.7518573551263001,237.0,significant
1021,Commitments,Guinea,IDA,AFRICA,FY16,40.0,57.0,0.0,0.0,97.0,2016,4,annual,97.0,0.0,country,0.41237113402061853,3.713572066704308,0.5876288659793815,4.060443010546419,0.0,0.0,0.0,0.0,4.584967478670572,237.0,-140.0,-0.5907172995780591,237.0,-0.5907172995780591,97.0,39.0,True,0.4020618556701031,0.6300148588410104,97.0,moderate
839,Commitments,Guinea,IDA,AFRICA,FY17,0.0,75.0,0.0,0.0,75.0,2017,4,annual,75.0,0.0,country,0.0,0.0,1.0,4.330733340286331,0.0,0.0,0.0,0.0,4.330733340286331,97.0,-22.0,-0.2268041237113402,97.0,-0.2268041237113402,75.0,85.0,True,1.1333333333333333,0.5843239227340268,75.0,moderate
3295,Commitments,Guinea,IDA,AFRICA,FY18,0.0,120.0,0.0,0.0,120.0,2018,4,annual,120.0,0.0,country,0.0,0.0,1.0,4.795790545596741,0.0,0.0,0.0,0.0,4.795790545596741,75.0,45.0,0.6,75.0,0.6,120.0,68.0,True,0.5666666666666667,0.6656760772659732,120.0,significant
3066,Commitments,Guinea,IDA,AFRICA,FY19,60.0,285.0,0.0,0.0,345.0,2019,4,annual,345.0,0.0,country,0.17391304347826086,4.110873864173311,0.8260869565217391,5.655991810819852,0.0,0.0,0.0,0.0,5.846438775057725,120.0,225.0,1.875,120.0,1.875,345.0,148.0,True,0.4289855072463768,0.8001485884101041,345.0,significant
2179,Commitments,Guinea,IDA,AFRICA WEST,FY20,90.0,191.0,0.0,0.0,281.0,2020,4,annual,281.0,0.0,country,0.3202846975088968,4.51085950651685,0.6797153024911032,5.2574953720277815,0.0,0.0,0.0,0.0,5.641907070938114,345.0,-64.0,-0.1855072463768116,345.0,-0.1855072463768116,281.0,171.0,True,0.608540925266904,0.7719167904903418,281.0,significant
2023,Commitments,Guinea,IDA,WESTERN AND CENTRAL AFRICA,FY21,140.0,193.0,0.0,0.0,333.0,2021,4,annual,333.0,0.0,country,0.42042042042042044,4.948759890378168,0.5795795795795796,5.267858159063328,0.0,0.0,0.0,0.0,5.811140992976701,281.0,52.0,0.18505338078291814,281.0,0.18505338078291814,333.0,260.0,True,0.7807807807807807,0.7953194650817236,333.0,significant
658,Commitments,Guinea,IDA,WESTERN AND CENTRAL AFRICA,FY22,0.0,25.0,0.0,0.0,25.0,2022,4,annual,25.0,0.0,country,0.0,0.0,1.0,3.258096538021482,0.0,0.0,0.0,0.0,3.258096538021482,333.0,-308.0,-0.924924924924925,333.0,-0.924924924924925,25.0,75.0,True,3.0,0.4676820208023774,25.0,moderate
411,Commitments,Guinea,IDA,WESTERN AND CENTRAL AFRICA,FY23,0.0,206.0,0.0,0.0,206.0,2023,4,annual,206.0,0.0,country,0.0,0.0,1.0,5.332718793265369,0.0,0.0,0.0,0.0,5.332718793265369,25.0,181.0,7.24,25.0,7.24,206.0,114.0,True,0.5533980582524272,0.7355126300148589,206.0,significant
2760,Commitments,Guinea,IDA,WESTERN AND CENTRAL AFRICA,FY24,0.0,150.0,0.0,0.0,150.0,2024,4,annual,150.0,0.0,country,0.0,0.0,1.0,5.017279836814924,0.0,0.0,0.0,0.0,5.017279836814924,206.0,-56.0,-0.27184466019417475,206.0,-0.27184466019417475,150.0,164.0,True,1.0933333333333333,0.700594353640416,150.0,significant
1561,Commitments,Guinea,IDA,WESTERN AND CENTRAL AFRICA,FY25,0.0,517.0,0.0,0.0,517.0,2025,4,annual,517.0,0.0,country,0.0,0.0,1.0,6.249975242259483,0.0,0.0,0.0,0.0,6.249975242259483,150.0,367.0,2.4466666666666668,150.0,2.4466666666666668,517.0,215.0,True,0.4158607350096712,0.850668647845468,517.0,major
341,Commitments,Guinea,IDA,WESTERN AND CENTRAL AFRICA,2025-Q3,0.0,85.0,0.0,0.0,85.0,2025,3,quarterly,85.0,0.0,country,0.0,0.0,1.0,4.454347296253507,0.0,0.0,0.0,0.0,4.454347296253507,,,,,,85.0,150.3,True,1.7682352941176471,0.7768361581920904,85.0,moderate
148,Commitments,Guinea,IDA,WESTERN AND CENTRAL AFRICA,2026-Q3,0.0,50.0,0.0,0.0,50.0,2026,3,quarterly,50.0,0.0,country,0.0,0.0,1.0,3.9318256327243257,0.0,0.0,0.0,0.0,3.9318256327243257,85.0,-35.0,-0.4117647058823529,85.0,-0.4117647058823529,50.0,110.0,True,2.2,0.730225988700565,50.0,moderate
2552,Gross Disbursements,Guinea,IDA,AFRICA,FY14,0.0,26.0,0.0,0.0,26.0,2014,4,annual,26.0,0.0,country,0.0,0.0,1.0,3.295836866004329,0.0,0.0,0.0,0.0,3.295836866004329,,,,,,79.0,26.0,True,0.3291139240506329,0.44246353322528365,26.0,moderate
2384,Gross Disbursements,Guinea,IDA,AFRICA,FY15,49.0,98.0,0.0,0.0,148.0,2015,4,annual,147.0,1.0,country,0.3310810810810811,3.912023005428146,0.6621621621621622,4.59511985013459,0.0,0.0,0.0,0.0,5.003946305945459,26.0,122.0,4.6923076923076925,26.0,4.6923076923076925,237.0,148.0,True,0.6244725738396625,0.7196110210696921,148.0,significant
1098,Gross Disbursements,Guinea,IDA,AFRICA,FY16,0.0,39.0,0.0,0.0,39.0,2016,4,annual,39.0,0.0,country,0.0,0.0,1.0,3.6888794541139363,0.0,0.0,0.0,0.0,3.6888794541139363,148.0,-109.0,-0.7364864864864865,148.0,-0.7364864864864865,97.0,39.0,True,0.4020618556701031,0.4991896272285251,39.0,moderate
929,Gross Disbursements,Guinea,IDA,AFRICA,FY17,39.0,46.0,0.0,0.0,85.0,2017,4,annual,85.0,0.0,country,0.4588235294117647,3.6888794541139363,0.5411764705882353,3.8501476017100584,0.0,0.0,0.0,0.0,4.454347296253507,39.0,46.0,1.1794871794871795,39.0,1.1794871794871795,75.0,85.0,True,1.1333333333333333,0.6341166936790924,85.0,moderate
742,Gross Disbursements,Guinea,IDA,AFRICA,FY18,0.0,68.0,0.0,0.0,68.0,2018,4,annual,68.0,0.0,country,0.0,0.0,1.0,4.23410650459726,0.0,0.0,0.0,0.0,4.23410650459726,85.0,-17.0,-0.2,85.0,-0.2,120.0,68.0,True,0.5666666666666667,0.5927876823338736,68.0,moderate
3186,Gross Disbursements,Guinea,IDA,AFRICA,FY19,59.0,89.0,0.0,0.0,148.0,2019,4,annual,148.0,0.0,country,0.39864864864864863,4.0943445622221,0.6013513513513513,4.499809670330265,0.0,0.0,0.0,0.0,5.003946305945459,68.0,80.0,1.1764705882352942,68.0,1.1764705882352942,345.0,148.0,True,0.4289855072463768,0.7196110210696921,148.0,significant
2059,Gross Disbursements,Guinea,IDA,AFRICA WEST,FY20,92.0,79.0,0.0,0.0,171.0,2020,4,annual,171.0,0.0,country,0.5380116959064327,4.532599493153256,0.4619883040935672,4.382026634673881,0.0,0.0,0.0,0.0,5.147494476813453,148.0,23.0,0.1554054054054054,148.0,0.1554054054054054,281.0,171.0,True,0.608540925266904,0.7455429497568882,171.0,significant
1893,Gross Disbursements,Guinea,IDA,WESTERN AND CENTRAL AFRICA,FY21,145.0,115.0,0.0,0.0,260.0,2021,4,annual,260.0,0.0,country,0.5576923076923077,4.983606621708336,0.4423076923076923,4.7535901911063645,0.0,0.0,0.0,0.0,5.564520407322694,171.0,89.0,0.52046783625731,171.0,0.52046783625731,333.0,260.0,True,0.7807807807807807,0.799837925445705,260.0,significant
528,Gross Disbursements,Guinea,IDA,WESTERN AND CENTRAL AFRICA,FY22,0.0,75.0,0.0,0.0,75.0,2022,4,annual,75.0,0.0,country,0.0,0.0,1.0,4.330733340286331,0.0,0.0,0.0,0.0,4.330733340286331,260.0,-185.0,-0.7115384615384616,260.0,-0.7115384615384616,25.0,75.0,True,3.0,0.6077795786061588,75.0,moderate
2914,Gross Disbursements,Guinea,IDA,WESTERN AND CENTRAL AFRICA,FY23,0.0,114.0,0.0,0.0,114.0,2023,4,annual,114.0,0.0,country,0.0,0.0,1.0,4.74493212836325,0.0,0.0,0.0,0.0,4.74493212836325,75.0,39.0,0.52,75.0,0.52,206.0,114.0,True,0.5533980582524272,0.6705834683954619,114.0,significant
1836,Gross Disbursements,Guinea,IDA,WESTERN AND CENTRAL AFRICA,FY24,0.0,164.0,0.0,0.0,164.0,2024,4,annual,164.0,0.0,country,0.0,0.0,1.0,5.10594547390058,0.0,0.0,0.0,0.0,5.10594547390058,114.0,50.0,0.43859649122807015,114.0,0.43859649122807015,150.0,164.0,True,1.0933333333333333,0.7382495948136143,164.0,significant
1716,Gross Disbursements,Guinea,IDA,WESTERN AND CENTRAL AFRICA,FY25,0.0,215.0,0.0,0.0,215.0,2025,4,annual,215.0,0.0,country,0.0,0.0,1.0,5.375278407684165,0.0,0.0,0.0,0.0,5.375278407684165,164.0,51.0,0.31097560975609756,164.0,0.31097560975609756,517.0,215.0,True,0.4158607350096712,0.7747163695299838,215.0,significant
1401,Gross Disbursements,Guinea,IDA,WESTERN AND CENTRAL AFRICA,2025-Q3,0.0,150.3,0.0,0.0,150.3,2025,3,quarterly,150.3,0.0,country,0.0,0.0,1.0,5.01926462079431,0.0,0.0,0.0,0.0,5.01926462079431,,,,,,85.0,150.3,True,1.7682352941176471,0.7142857142857143,150.3,significant
1278,Gross Disbursements,Guinea,IDA,WESTERN AND CENTRAL AFRICA,2026-Q3,0.0,110.0,0.0,0.0,110.0,2026,3,quarterly,110.0,0.0,country,0.0,0.0,1.0,4.709530201312334,0.0,0.0,0.0,0.0,4.709530201312334,150.3,-40.30000000000001,-0.2681304058549568,150.3,-0.2681304058549568,50.0,110.0,True,2.2,0.6629464285714286,110.0,significant
2474,Commitments,Guinea-Bissau,IDA,AFRICA,FY14,0.0,46.0,0.0,0.0,46.0,2014,4,annual,46.0,0.0,country,0.0,0.0,1.0,3.8501476017100584,0.0,0.0,0.0,0.0,3.8501476017100584,,,,,,46.0,9.0,True,0.1956521739130435,0.5196879643387816,46.0,moderate
2304,Commitments,Guinea-Bissau,IDA,AFRICA,FY15,0.0,83.0,0.0,0.0,83.0,2015,4,annual,83.0,0.0,country,0.0,0.0,1.0,4.430816798843313,0.0,0.0,0.0,0.0,4.430816798843313,46.0,37.0,0.8043478260869565,46.0,0.8043478260869565,83.0,16.0,True,0.1927710843373494,0.6051263001485884,83.0,moderate
1022,Commitments,Guinea-Bissau,IDA,AFRICA,FY16,0.0,10.0,0.0,0.0,10.0,2016,4,annual,10.0,0.0,country,0.0,0.0,1.0,2.3978952727983707,0.0,0.0,0.0,0.0,2.3978952727983707,83.0,-73.0,-0.8795180722891566,83.0,-0.8795180722891566,10.0,9.0,True,0.9,0.4138187221396731,10.0,limited
855,Commitments,Guinea-Bissau,IDA,AFRICA,FY17,0.0,81.0,0.0,0.0,81.0,2017,4,annual,81.0,0.0,country,0.0,0.0,1.0,4.406719247264253,0.0,0.0,0.0,0.0,4.406719247264253,10.0,71.0,7.1,10.0,7.1,81.0,10.0,True,0.12345679012345678,0.6010401188707281,81.0,moderate
3323,Commitments,Guinea-Bissau,IDA,AFRICA,FY18,0.0,40.0,0.0,0.0,40.0,2018,4,annual,40.0,0.0,country,0.0,0.0,1.0,3.713572066704308,0.0,0.0,0.0,0.0,3.713572066704308,81.0,-41.0,-0.5061728395061729,81.0,-0.5061728395061729,40.0,19.0,True,0.475,0.5092867756315007,40.0,moderate
3111,Commitments,Guinea-Bissau,IDA,AFRICA,FY19,0.0,71.0,0.0,0.0,71.0,2019,4,annual,71.0,0.0,country,0.0,0.0,1.0,4.276666119016055,0.0,0.0,0.0,0.0,4.276666119016055,40.0,31.0,0.775,40.0,0.775,71.0,59.0,True,0.8309859154929577,0.5772659732540861,71.0,moderate
2221,Commitments,Guinea-Bissau,IDA,AFRICA WEST,FY20,0.0,15.0,0.0,0.0,15.0,2020,4,annual,15.0,0.0,country,0.0,0.0,1.0,2.772588722239781,0.0,0.0,0.0,0.0,2.772588722239781,71.0,-56.0,-0.7887323943661971,71.0,-0.7887323943661971,15.0,37.0,True,2.466666666666667,0.425334323922734,15.0,moderate
2024,Commitments,Guinea-Bissau,IDA,WESTERN AND CENTRAL AFRICA,FY21,0.0,20.0,0.0,0.0,20.0,2021,4,annual,20.0,0.0,country,0.0,0.0,1.0,3.044522437723423,0.0,0.0,0.0,0.0,3.044522437723423,15.0,5.0,0.3333333333333333,15.0,0.3333333333333333,20.0,36.0,True,1.8,0.44762258543833583,20.0,moderate
659,Commitments,Guinea-Bissau,IDA,WESTERN AND CENTRAL AFRICA,FY22,0.0,72.0,0.0,0.0,72.0,2022,4,annual,72.0,0.0,country,0.0,0.0,1.0,4.290459441148391,0.0,0.0,0.0,0.0,4.290459441148391,20.0,52.0,2.6,20.0,2.6,72.0,41.0,True,0.5694444444444444,0.5802377414561665,72.0,moderate
412,Commitments,Guinea-Bissau,IDA,WESTERN AND CENTRAL AFRICA,FY23,0.0,65.0,0.0,0.0,65.0,2023,4,annual,65.0,0.0,country,0.0,0.0,1.0,4.189654742026425,0.0,0.0,0.0,0.0,4.189654742026425,72.0,-7.0,-0.09722222222222222,72.0,-0.09722222222222222,65.0,43.0,True,0.6615384615384615,0.5646359583952452,65.0,moderate
2761,Commitments,Guinea-Bissau,IDA,WESTERN AND CENTRAL AFRICA,FY24,0.0,95.0,0.0,0.0,95.0,2024,4,annual,95.0,0.0,country,0.0,0.0,1.0,4.564348191467836,0.0,0.0,0.0,0.0,4.564348191467836,65.0,30.0,0.46153846153846156,65.0,0.46153846153846156,95.0,44.0,True,0.4631578947368421,0.6263001485884101,95.0,moderate
1562,Commitments,Guinea-Bissau,IDA,WESTERN AND CENTRAL AFRICA,FY25,10.0,39.0,0.0,0.0,49.0,2025,4,annual,49.0,0.0,country,0.20408163265306123,2.3978952727983707,0.7959183673469388,3.6888794541139363,0.0,0.0,0.0,0.0,3.912023005428146,95.0,-46.0,-0.4842105263157895,95.0,-0.4842105263157895,49.0,71.0,True,1.4489795918367347,0.524888558692422,49.0,moderate
342,Commitments,Guinea-Bissau,IDA,WESTERN AND CENTRAL AFRICA,2025-Q3,0.0,24.0,0.0,0.0,24.0,2025,3,quarterly,24.0,0.0,country,0.0,0.0,1.0,3.2188758248682006,0.0,0.0,0.0,0.0,3.2188758248682006,,,,,,24.0,32.0,True,1.3333333333333333,0.6694915254237288,24.0,moderate
149,Commitments,Guinea-Bissau,IDA,WESTERN AND CENTRAL AFRICA,2026-Q3,0.19,0.0,0.0,0.0,0.19,2026,3,quarterly,0.19,0.0,country,1.0,0.173953307123438,0.0,0.0,0.0,0.0,0.0,0.0,0.173953307123438,24.0,-23.81,-0.9920833333333333,24.0,-0.9920833333333333,0.19,18.0,False,,0.6299435028248588,0.19,limited
2553,Gross Disbursements,Guinea-Bissau,IDA,AFRICA,FY14,0.0,9.0,0.0,0.0,9.0,2014,4,annual,9.0,0.0,country,0.0,0.0,1.0,2.302585092994046,0.0,0.0,0.0,0.0,2.302585092994046,,,,,,46.0,9.0,True,0.1956521739130435,0.31685575364667745,9.0,limited
2385,Gross Disbursements,Guinea-Bissau,IDA,AFRICA,FY15,0.0,16.0,0.0,0.0,16.0,2015,4,annual,16.0,0.0,country,0.0,0.0,1.0,2.833213344056216,0.0,0.0,0.0,0.0,2.833213344056216,9.0,7.0,0.7777777777777778,9.0,0.7777777777777778,83.0,16.0,True,0.1927710843373494,0.37682333873581847,16.0,moderate
1099,Gross Disbursements,Guinea-Bissau,IDA,AFRICA,FY16,0.0,9.0,0.0,0.0,9.0,2016,4,annual,9.0,0.0,country,0.0,0.0,1.0,2.302585092994046,0.0,0.0,0.0,0.0,2.302585092994046,16.0,-7.0,-0.4375,16.0,-0.4375,10.0,9.0,True,0.9,0.31685575364667745,9.0,limited
950,Gross Disbursements,Guinea-Bissau,IDA,AFRICA,FY17,0.0,10.0,0.0,0.0,10.0,2017,4,annual,10.0,0.0,country,0.0,0.0,1.0,2.3978952727983707,0.0,0.0,0.0,0.0,2.3978952727983707,9.0,1.0,0.1111111111111111,9.0,0.1111111111111111,81.0,10.0,True,0.12345679012345678,0.3286061588330632,10.0,limited
757,Gross Disbursements,Guinea-Bissau,IDA,AFRICA,FY18,0.0,19.0,0.0,0.0,19.0,2018,4,annual,19.0,0.0,country,0.0,0.0,1.0,2.995732273553991,0.0,0.0,0.0,0.0,2.995732273553991,10.0,9.0,0.9,10.0,0.9,40.0,19.0,True,0.475,0.4007293354943274,19.0,moderate
3213,Gross Disbursements,Guinea-Bissau,IDA,AFRICA,FY19,0.0,59.0,0.0,0.0,59.0,2019,4,annual,59.0,0.0,country,0.0,0.0,1.0,4.0943445622221,0.0,0.0,0.0,0.0,4.0943445622221,19.0,40.0,2.1052631578947367,19.0,2.1052631578947367,71.0,59.0,True,0.8309859154929577,0.5753646677471637,59.0,moderate
2098,Gross Disbursements,Guinea-Bissau,IDA,AFRICA WEST,FY20,0.0,37.0,0.0,0.0,37.0,2020,4,annual,37.0,0.0,country,0.0,0.0,1.0,3.6375861597263857,0.0,0.0,0.0,0.0,3.6375861597263857,59.0,-22.0,-0.3728813559322034,59.0,-0.3728813559322034,15.0,37.0,True,2.466666666666667,0.4914910858995138,37.0,moderate
1894,Gross Disbursements,Guinea-Bissau,IDA,WESTERN AND CENTRAL AFRICA,FY21,0.0,36.0,0.0,0.0,36.0,2021,4,annual,36.0,0.0,country,0.0,0.0,1.0,3.6109179126442243,0.0,0.0,0.0,0.0,3.6109179126442243,37.0,-1.0,-0.02702702702702703,37.0,-0.02702702702702703,20.0,36.0,True,1.8,0.4878444084278768,36.0,moderate
529,Gross Disbursements,Guinea-Bissau,IDA,WESTERN AND CENTRAL AFRICA,FY22,0.0,41.0,0.0,0.0,41.0,2022,4,annual,41.0,0.0,country,0.0,0.0,1.0,3.7376696182833684,0.0,0.0,0.0,0.0,3.7376696182833684,36.0,5.0,0.1388888888888889,36.0,0.1388888888888889,72.0,41.0,True,0.5694444444444444,0.5056726094003241,41.0,moderate
2915,Gross Disbursements,Guinea-Bissau,IDA,WESTERN AND CENTRAL AFRICA,FY23,0.0,43.0,0.0,0.0,43.0,2023,4,annual,43.0,0.0,country,0.0,0.0,1.0,3.784189633918261,0.0,0.0,0.0,0.0,3.784189633918261,41.0,2.0,0.04878048780487805,41.0,0.04878048780487805,65.0,43.0,True,0.6615384615384615,0.5145867098865479,43.0,moderate
1837,Gross Disbursements,Guinea-Bissau,IDA,WESTERN AND CENTRAL AFRICA,FY24,0.0,44.0,0.0,0.0,44.0,2024,4,annual,44.0,0.0,country,0.0,0.0,1.0,3.8066624897703196,0.0,0.0,0.0,0.0,3.8066624897703196,43.0,1.0,0.023255813953488372,43.0,0.023255813953488372,95.0,44.0,True,0.4631578947368421,0.5194489465153971,44.0,moderate
1717,Gross Disbursements,Guinea-Bissau,IDA,WESTERN AND CENTRAL AFRICA,FY25,11.0,60.0,0.0,0.0,71.0,2025,4,annual,71.0,0.0,country,0.15492957746478872,2.4849066497880004,0.8450704225352113,4.110873864173311,0.0,0.0,0.0,0.0,4.276666119016055,44.0,27.0,0.6136363636363636,44.0,0.6136363636363636,49.0,71.0,True,1.4489795918367347,0.5996758508914101,71.0,moderate
1402,Gross Disbursements,Guinea-Bissau,IDA,WESTERN AND CENTRAL AFRICA,2025-Q3,0.0,32.0,0.0,0.0,32.0,2025,3,quarterly,32.0,0.0,country,0.0,0.0,1.0,3.4965075614664802,0.0,0.0,0.0,0.0,3.4965075614664802,,,,,,24.0,32.0,True,1.3333333333333333,0.46651785714285715,32.0,moderate
1279,Gross Disbursements,Guinea-Bissau,IDA,WESTERN AND CENTRAL AFRICA,2026-Q3,0.0,18.0,0.0,0.0,18.0,2026,3,quarterly,18.0,0.0,country,0.0,0.0,1.0,2.9444389791664403,0.0,0.0,0.0,0.0,2.9444389791664403,32.0,-14.0,-0.4375,32.0,-0.4375,0.19,18.0,False,,0.4107142857142857,18.0,moderate
2519,Commitments,Guyana,IDA,LATIN AMERICA AND CARIBBEAN,FY14,0.0,22.0,0.0,0.0,22.0,2014,4,annual,22.0,0.0,country,0.0,0.0,1.0,3.1354942159291497,0.0,0.0,0.0,0.0,3.1354942159291497,,,,,,22.0,2.0,True,0.09090909090909091,0.45579494799405645,22.0,moderate
2349,Commitments,Guyana,IDA,LATIN AMERICA AND CARIBBEAN,FY15,0.0,0.0,0.0,0.0,0.0,2015,4,annual,0.0,0.0,country,0.0,0.0,0.0,0.0,0.0,0.0,0.0,0.0,0.0,22.0,-22.0,-1.0,22.0,-1.0,0.0,6.0,False,,0.19539375928677563,0.0,limited
1063,Commitments,Guyana,IDA,LATIN AMERICA AND CARIBBEAN,FY16,0.0,4.0,0.0,0.0,4.0,2016,4,annual,4.0,0.0,country,0.0,0.0,1.0,1.6094379124341003,0.0,0.0,0.0,0.0,1.6094379124341003,0.0,4.0,,0.0,,4.0,6.0,False,,0.39561664190193163,4.0,limited
858,Commitments,Guyana,IDA,LATIN AMERICA AND CARIBBEAN,FY17,0.0,19.0,0.0,0.0,19.0,2017,4,annual,19.0,0.0,country,0.0,0.0,1.0,2.995732273553991,0.0,0.0,0.0,0.0,2.995732273553991,4.0,15.0,3.75,4.0,3.75,19.0,10.0,True,0.5263157894736842,0.4416790490341753,19.0,moderate
3342,Commitments,Guyana,IDA,LATIN AMERICA AND CARIBBEAN,FY18,35.0,0.0,0.0,0.0,35.0,2018,4,annual,35.0,0.0,country,1.0,3.58351893845611,0.0,0.0,0.0,0.0,0.0,0.0,3.58351893845611,19.0,16.0,0.8421052631578947,19.0,0.8421052631578947,35.0,6.0,True,0.17142857142857143,0.49777117384843983,35.0,moderate
3147,Commitments,Guyana,IDA,LATIN AMERICA AND CARIBBEAN,FY19,0.0,20.0,0.0,0.0,20.0,2019,4,annual,20.0,0.0,country,0.0,0.0,1.0,3.044522437723423,0.0,0.0,0.0,0.0,3.044522437723423,35.0,-15.0,-0.42857142857142855,35.0,-0.42857142857142855,20.0,39.0,True,1.95,0.44762258543833583,20.0,moderate
2204,Commitments,Guyana,IDA,LATIN AMERICA AND CARIBBEAN,FY20,0.0,0.0,0.0,0.0,0.0,2020,4,annual,0.0,0.0,country,0.0,0.0,0.0,0.0,0.0,0.0,0.0,0.0,0.0,20.0,-20.0,-1.0,20.0,-1.0,0.0,8.0,False,,0.19539375928677563,0.0,limited
1980,Commitments,Guyana,IDA,LATIN AMERICA AND CARIBBEAN,FY21,0.0,52.0,0.0,0.0,52.0,2021,4,annual,52.0,0.0,country,0.0,0.0,1.0,3.970291913552122,0.0,0.0,0.0,0.0,3.970291913552122,0.0,52.0,,0.0,,52.0,7.0,True,0.1346153846153846,0.5404903417533432,52.0,moderate
615,Commitments,Guyana,IDA,LATIN AMERICA AND CARIBBEAN,FY22,0.0,44.0,0.0,0.0,44.0,2022,4,annual,44.0,0.0,country,0.0,0.0,1.0,3.8066624897703196,0.0,0.0,0.0,0.0,3.8066624897703196,52.0,-8.0,-0.15384615384615385,52.0,-0.15384615384615385,44.0,11.0,True,0.25,0.5167161961367014,44.0,moderate
3001,Commitments,Guyana,IDA,LATIN AMERICA AND CARIBBEAN,FY23,0.0,0.0,0.0,0.0,0.0,2023,4,annual,0.0,0.0,country,0.0,0.0,0.0,0.0,0.0,0.0,0.0,0.0,0.0,44.0,-44.0,-1.0,44.0,-1.0,0.0,38.0,False,,0.19539375928677563,0.0,limited
2718,Commitments,Guyana,IDA,LATIN AMERICA AND CARIBBEAN,FY24,35.0,0.0,0.0,0.0,35.0,2024,4,annual,35.0,0.0,country,1.0,3.58351893845611,0.0,0.0,0.0,0.0,0.0,0.0,3.58351893845611,0.0,35.0,,0.0,,35.0,62.0,True,1.7714285714285714,0.49777117384843983,35.0,moderate
1519,Commitments,Guyana,IDA,LATIN AMERICA AND CARIBBEAN,FY25,0.0,195.0,0.0,0.0,195.0,2025,4,annual,195.0,0.0,country,0.0,0.0,1.0,5.278114659230517,0.0,0.0,0.0,0.0,5.278114659230517,35.0,160.0,4.571428571428571,35.0,4.571428571428571,195.0,4.0,True,0.020512820512820513,0.7262258543833581,195.0,significant
299,Commitments,Guyana,IDA,LATIN AMERICA AND CARIBBEAN,2025-Q3,0.0,193.0,0.0,0.0,193.0,2025,3,quarterly,193.0,0.0,country,0.0,0.0,1.0,5.267858159063328,0.0,0.0,0.0,0.0,5.267858159063328,,,,,,193.0,4.0,True,0.02072538860103627,0.864406779661017,193.0,significant
106,Commitments,Guyana,IDA,LATIN AMERICA AND CARIBBEAN,2026-Q3,0.0,0.0,0.0,0.0,0.0,2026,3,quarterly,0.0,0.0,country,0.0,0.0,0.0,0.0,0.0,0.0,0.0,0.0,0.0,193.0,-193.0,-1.0,193.0,-1.0,0.0,5.0,False,,0.326271186440678,0.0,limited
2606,Gross Disbursements,Guyana,IDA,LATIN AMERICA AND CARIBBEAN,FY14,0.0,2.0,0.0,0.0,2.0,2014,4,annual,2.0,0.0,country,0.0,0.0,1.0,1.0986122886681098,0.0,0.0,0.0,0.0,1.0986122886681098,,,,,,22.0,2.0,True,0.09090909090909091,0.233387358184765,2.0,limited
2438,Gross Disbursements,Guyana,IDA,LATIN AMERICA AND CARIBBEAN,FY15,0.0,6.0,0.0,0.0,6.0,2015,4,annual,6.0,0.0,country,0.0,0.0,1.0,1.9459101490553132,0.0,0.0,0.0,0.0,1.9459101490553132,2.0,4.0,2.0,2.0,2.0,0.0,6.0,False,,0.2807941653160454,6.0,limited
2264,Gross Disbursements,Guyana,IDA,LATIN AMERICA AND CARIBBEAN,FY16,0.0,6.0,0.0,0.0,6.0,2016,4,annual,6.0,0.0,country,0.0,0.0,1.0,1.9459101490553132,0.0,0.0,0.0,0.0,1.9459101490553132,6.0,0.0,0.0,6.0,0.0,4.0,6.0,False,,0.2807941653160454,6.0,limited
964,Gross Disbursements,Guyana,IDA,LATIN AMERICA AND CARIBBEAN,FY17,0.0,10.0,0.0,0.0,10.0,2017,4,annual,10.0,0.0,country,0.0,0.0,1.0,2.3978952727983707,0.0,0.0,0.0,0.0,2.3978952727983707,6.0,4.0,0.6666666666666666,6.0,0.6666666666666666,19.0,10.0,True,0.5263157894736842,0.3286061588330632,10.0,limited
765,Gross Disbursements,Guyana,IDA,LATIN AMERICA AND CARIBBEAN,FY18,0.0,6.0,0.0,0.0,6.0,2018,4,annual,6.0,0.0,country,0.0,0.0,1.0,1.9459101490553132,0.0,0.0,0.0,0.0,1.9459101490553132,10.0,-4.0,-0.4,10.0,-0.4,35.0,6.0,True,0.17142857142857143,0.2807941653160454,6.0,limited
3238,Gross Disbursements,Guyana,IDA,LATIN AMERICA AND CARIBBEAN,FY19,34.0,5.0,0.0,0.0,39.0,2019,4,annual,39.0,0.0,country,0.8717948717948718,3.5553480614894135,0.1282051282051282,1.791759469228055,0.0,0.0,0.0,0.0,3.6888794541139363,6.0,33.0,5.5,6.0,5.5,20.0,39.0,True,1.95,0.4991896272285251,39.0,moderate
2113,Gross Disbursements,Guyana,IDA,LATIN AMERICA AND CARIBBEAN,FY20,0.0,8.0,0.0,0.0,8.0,2020,4,annual,8.0,0.0,country,0.0,0.0,1.0,2.1972245773362196,0.0,0.0,0.0,0.0,2.1972245773362196,39.0,-31.0,-0.7948717948717948,39.0,-0.7948717948717948,0.0,8.0,False,,0.30591572123176664,8.0,limited
736,Gross Disbursements,Guyana,IDA,LATIN AMERICA AND CARIBBEAN,FY21,0.0,7.0,0.0,0.0,7.0,2021,4,annual,7.0,0.0,country,0.0,0.0,1.0,2.0794415416798357,0.0,0.0,0.0,0.0,2.0794415416798357,8.0,-1.0,-0.125,8.0,-0.125,52.0,7.0,True,0.1346153846153846,0.2925445705024311,7.0,limited
489,Gross Disbursements,Guyana,IDA,LATIN AMERICA AND CARIBBEAN,FY22,0.0,11.0,0.0,0.0,11.0,2022,4,annual,11.0,0.0,country,0.0,0.0,1.0,2.4849066497880004,0.0,0.0,0.0,0.0,2.4849066497880004,7.0,4.0,0.5714285714285714,7.0,0.5714285714285714,44.0,11.0,True,0.25,0.33833063209076175,11.0,moderate
2873,Gross Disbursements,Guyana,IDA,LATIN AMERICA AND CARIBBEAN,FY23,0.0,38.0,0.0,0.0,38.0,2023,4,annual,38.0,0.0,country,0.0,0.0,1.0,3.6635616461296463,0.0,0.0,0.0,0.0,3.6635616461296463,11.0,27.0,2.4545454545454546,11.0,2.4545454545454546,0.0,38.0,False,,0.49513776337115073,38.0,moderate
1795,Gross Disbursements,Guyana,IDA,LATIN AMERICA AND CARIBBEAN,FY24,36.0,26.0,0.0,0.0,62.0,2024,4,annual,62.0,0.0,country,0.5806451612903226,3.6109179126442243,0.41935483870967744,3.295836866004329,0.0,0.0,0.0,0.0,4.143134726391533,38.0,24.0,0.631578947368421,38.0,0.631578947368421,35.0,62.0,True,1.7714285714285714,0.5826580226904376,62.0,moderate
1675,Gross Disbursements,Guyana,IDA,LATIN AMERICA AND CARIBBEAN,FY25,0.0,4.0,0.0,0.0,4.0,2025,4,annual,4.0,0.0,country,0.0,0.0,1.0,1.6094379124341003,0.0,0.0,0.0,0.0,1.6094379124341003,62.0,-58.0,-0.9354838709677419,62.0,-0.9354838709677419,195.0,4.0,True,0.020512820512820513,0.25810372771474877,4.0,limited
1360,Gross Disbursements,Guyana,IDA,LATIN AMERICA AND CARIBBEAN,2025-Q3,0.0,4.0,0.0,0.0,4.0,2025,3,quarterly,4.0,0.0,country,0.0,0.0,1.0,1.6094379124341003,0.0,0.0,0.0,0.0,1.6094379124341003,,,,,,193.0,4.0,True,0.02072538860103627,0.32589285714285715,4.0,limited
1237,Gross Disbursements,Guyana,IDA,LATIN AMERICA AND CARIBBEAN,2026-Q3,0.0,5.0,0.0,0.0,5.0,2026,3,quarterly,5.0,0.0,country,0.0,0.0,1.0,1.791759469228055,0.0,0.0,0.0,0.0,1.791759469228055,4.0,1.0,0.25,4.0,0.25,0.0,5.0,False,,0.3392857142857143,5.0,limited
2520,Commitments,Haiti,IDA,LATIN AMERICA AND CARIBBEAN,FY14,0.0,103.0,0.0,0.0,103.0,2014,4,annual,103.0,0.0,country,0.0,0.0,1.0,4.6443908991413725,0.0,0.0,0.0,0.0,4.6443908991413725,,,,,,103.0,93.0,True,0.9029126213592233,0.6471025260029718,103.0,significant
2350,Commitments,Haiti,IDA,LATIN AMERICA AND CARIBBEAN,FY15,0.0,50.0,0.0,0.0,50.0,2015,4,annual,50.0,0.0,country,0.0,0.0,1.0,3.9318256327243257,0.0,0.0,0.0,0.0,3.9318256327243257,103.0,-53.0,-0.5145631067961165,103.0,-0.5145631067961165,50.0,49.0,True,0.98,0.5300891530460624,50.0,moderate
1064,Commitments,Haiti,IDA,LATIN AMERICA AND CARIBBEAN,FY16,0.0,0.0,0.0,0.0,0.0,2016,4,annual,0.0,0.0,country,0.0,0.0,0.0,0.0,0.0,0.0,0.0,0.0,0.0,50.0,-50.0,-1.0,50.0,-1.0,0.0,55.0,False,,0.19539375928677563,0.0,limited
841,Commitments,Haiti,IDA,LATIN AMERICA AND CARIBBEAN,FY17,0.0,186.0,0.0,0.0,186.0,2017,4,annual,186.0,0.0,country,0.0,0.0,1.0,5.231108616854587,0.0,0.0,0.0,0.0,5.231108616854587,0.0,186.0,,0.0,,186.0,56.0,True,0.3010752688172043,0.7184249628528975,186.0,significant
3308,Commitments,Haiti,IDA,LATIN AMERICA AND CARIBBEAN,FY18,0.0,105.0,0.0,0.0,105.0,2018,4,annual,105.0,0.0,country,0.0,0.0,1.0,4.663439094112067,0.0,0.0,0.0,0.0,4.663439094112067,186.0,-81.0,-0.43548387096774194,186.0,-0.43548387096774194,105.0,79.0,True,0.7523809523809524,0.650074294205052,105.0,significant
3069,Commitments,Haiti,IDA,LATIN AMERICA AND CARIBBEAN,FY19,20.0,129.0,0.0,0.0,149.0,2019,4,annual,149.0,0.0,country,0.1342281879194631,3.044522437723423,0.8657718120805369,4.867534450455582,0.0,0.0,0.0,0.0,5.0106352940962555,105.0,44.0,0.41904761904761906,105.0,0.41904761904761906,149.0,118.0,True,0.7919463087248322,0.6983655274888558,149.0,significant
2192,Commitments,Haiti,IDA,LATIN AMERICA AND CARIBBEAN,FY20,20.0,193.0,0.0,0.0,213.0,2020,4,annual,213.0,0.0,country,0.09389671361502347,3.044522437723423,0.9061032863849765,5.267858159063328,0.0,0.0,0.0,0.0,5.365976015021851,149.0,64.0,0.42953020134228187,149.0,0.42953020134228187,213.0,115.0,True,0.539906103286385,0.7414561664190193,213.0,significant
1981,Commitments,Haiti,IDA,LATIN AMERICA AND CARIBBEAN,FY21,0.0,147.0,0.0,0.0,147.0,2021,4,annual,147.0,0.0,country,0.0,0.0,1.0,4.997212273764115,0.0,0.0,0.0,0.0,4.997212273764115,213.0,-66.0,-0.30985915492957744,213.0,-0.30985915492957744,147.0,117.0,True,0.7959183673469388,0.6957652303120356,147.0,significant
616,Commitments,Haiti,IDA,LATIN AMERICA AND CARIBBEAN,FY22,0.0,483.0,0.0,0.0,483.0,2022,4,annual,483.0,0.0,country,0.0,0.0,1.0,6.182084906716632,0.0,0.0,0.0,0.0,6.182084906716632,147.0,336.0,2.2857142857142856,147.0,2.2857142857142856,483.0,143.0,True,0.29606625258799174,0.8439821693907875,483.0,significant
369,Commitments,Haiti,IDA,LATIN AMERICA AND CARIBBEAN,FY23,0.0,130.0,0.0,0.0,130.0,2023,4,annual,130.0,0.0,country,0.0,0.0,1.0,4.875197323201151,0.0,0.0,0.0,0.0,4.875197323201151,483.0,-353.0,-0.7308488612836439,483.0,-0.7308488612836439,130.0,76.0,True,0.5846153846153846,0.6809063893016345,130.0,significant
2719,Commitments,Haiti,IDA,LATIN AMERICA AND CARIBBEAN,FY24,0.0,12.0,0.0,0.0,12.0,2024,4,annual,12.0,0.0,country,0.0,0.0,1.0,2.5649493574615367,0.0,0.0,0.0,0.0,2.5649493574615367,130.0,-118.0,-0.9076923076923077,130.0,-0.9076923076923077,12.0,170.0,True,14.166666666666666,0.4197622585438336,12.0,moderate
1520,Commitments,Haiti,IDA,LATIN AMERICA AND CARIBBEAN,FY25,0.0,160.0,0.0,0.0,160.0,2025,4,annual,160.0,0.0,country,0.0,0.0,1.0,5.081404364984463,0.0,0.0,0.0,0.0,5.081404364984463,12.0,148.0,12.333333333333334,12.0,12.333333333333334,160.0,161.0,True,1.00625,0.7087667161961367,160.0,significant
300,Commitments,Haiti,IDA,LATIN AMERICA AND CARIBBEAN,2025-Q3,0.0,135.0,0.0,0.0,135.0,2025,3,quarterly,135.0,0.0,country,0.0,0.0,1.0,4.912654885736052,0.0,0.0,0.0,0.0,4.912654885736052,,,,,,135.0,102.0,True,0.7555555555555555,0.8206214689265536,135.0,significant
107,Commitments,Haiti,IDA,LATIN AMERICA AND CARIBBEAN,2026-Q3,0.0,80.49,0.0,0.0,80.49,2026,3,quarterly,80.49,0.0,country,0.0,0.0,1.0,4.400480313332128,0.0,0.0,0.0,0.0,4.400480313332128,135.0,-54.510000000000005,-0.4037777777777778,135.0,-0.4037777777777778,80.49,110.0,True,1.3666293949558952,0.7740112994350282,80.49,moderate
2607,Gross Disbursements,Haiti,IDA,LATIN AMERICA AND CARIBBEAN,FY14,20.0,73.0,0.0,0.0,93.0,2014,4,annual,93.0,0.0,country,0.21505376344086022,3.044522437723423,0.7849462365591398,4.30406509320417,0.0,0.0,0.0,0.0,4.543294782270004,,,,,,103.0,93.0,True,0.9029126213592233,0.643030794165316,93.0,moderate
2439,Gross Disbursements,Haiti,IDA,LATIN AMERICA AND CARIBBEAN,FY15,0.0,49.0,0.0,0.0,49.0,2015,4,annual,49.0,0.0,country,0.0,0.0,1.0,3.912023005428146,0.0,0.0,0.0,0.0,3.912023005428146,93.0,-44.0,-0.4731182795698925,93.0,-0.4731182795698925,50.0,49.0,True,0.98,0.5380875202593193,49.0,moderate
2265,Gross Disbursements,Haiti,IDA,LATIN AMERICA AND CARIBBEAN,FY16,0.0,55.0,0.0,0.0,55.0,2016,4,annual,55.0,0.0,country,0.0,0.0,1.0,4.02535169073515,0.0,0.0,0.0,0.0,4.02535169073515,49.0,6.0,0.12244897959183673,49.0,0.12244897959183673,0.0,55.0,False,,0.5526742301458671,55.0,moderate
921,Gross Disbursements,Haiti,IDA,LATIN AMERICA AND CARIBBEAN,FY17,0.0,56.0,0.0,0.0,56.0,2017,4,annual,56.0,0.0,country,0.0,0.0,1.0,4.04305126783455,0.0,0.0,0.0,0.0,4.04305126783455,55.0,1.0,0.01818181818181818,55.0,0.01818181818181818,186.0,56.0,True,0.3010752688172043,0.5575364667747164,56.0,moderate
746,Gross Disbursements,Haiti,IDA,LATIN AMERICA AND CARIBBEAN,FY18,0.0,79.0,0.0,0.0,79.0,2018,4,annual,79.0,0.0,country,0.0,0.0,1.0,4.382026634673881,0.0,0.0,0.0,0.0,4.382026634673881,56.0,23.0,0.4107142857142857,56.0,0.4107142857142857,105.0,79.0,True,0.7523809523809524,0.6223662884927067,79.0,moderate
3193,Gross Disbursements,Haiti,IDA,LATIN AMERICA AND CARIBBEAN,FY19,20.0,98.0,0.0,0.0,118.0,2019,4,annual,118.0,0.0,country,0.1694915254237288,3.044522437723423,0.8305084745762712,4.59511985013459,0.0,0.0,0.0,0.0,4.77912349311153,79.0,39.0,0.4936708860759494,79.0,0.4936708860759494,149.0,118.0,True,0.7919463087248322,0.6790923824959482,118.0,significant
2073,Gross Disbursements,Haiti,IDA,LATIN AMERICA AND CARIBBEAN,FY20,0.0,115.0,0.0,0.0,115.0,2020,4,annual,115.0,0.0,country,0.0,0.0,1.0,4.7535901911063645,0.0,0.0,0.0,0.0,4.7535901911063645,118.0,-3.0,-0.025423728813559324,118.0,-0.025423728813559324,213.0,115.0,True,0.539906103286385,0.6722042139384117,115.0,significant
737,Gross Disbursements,Haiti,IDA,LATIN AMERICA AND CARIBBEAN,FY21,0.0,117.0,0.0,0.0,117.0,2021,4,annual,117.0,0.0,country,0.0,0.0,1.0,4.770684624465665,0.0,0.0,0.0,0.0,4.770684624465665,115.0,2.0,0.017391304347826087,115.0,0.017391304347826087,147.0,117.0,True,0.7959183673469388,0.6766612641815235,117.0,significant
490,Gross Disbursements,Haiti,IDA,LATIN AMERICA AND CARIBBEAN,FY22,0.0,143.0,0.0,0.0,143.0,2022,4,annual,143.0,0.0,country,0.0,0.0,1.0,4.969813299576001,0.0,0.0,0.0,0.0,4.969813299576001,117.0,26.0,0.2222222222222222,117.0,0.2222222222222222,483.0,143.0,True,0.29606625258799174,0.7123176661264181,143.0,significant
2874,Gross Disbursements,Haiti,IDA,LATIN AMERICA AND CARIBBEAN,FY23,0.0,76.0,0.0,0.0,76.0,2023,4,annual,76.0,0.0,country,0.0,0.0,1.0,4.343805421853684,0.0,0.0,0.0,0.0,4.343805421853684,143.0,-67.0,-0.46853146853146854,143.0,-0.46853146853146854,130.0,76.0,True,0.5846153846153846,0.6114262560777958,76.0,moderate
1796,Gross Disbursements,Haiti,IDA,LATIN AMERICA AND CARIBBEAN,FY24,0.0,170.0,0.0,0.0,170.0,2024,4,annual,170.0,0.0,country,0.0,0.0,1.0,5.14166355650266,0.0,0.0,0.0,0.0,5.14166355650266,76.0,94.0,1.236842105263158,76.0,1.236842105263158,12.0,170.0,True,14.166666666666666,0.7447325769854133,170.0,significant
1676,Gross Disbursements,Haiti,IDA,LATIN AMERICA AND CARIBBEAN,FY25,0.0,161.0,0.0,0.0,161.0,2025,4,annual,161.0,0.0,country,0.0,0.0,1.0,5.087596335232384,0.0,0.0,0.0,0.0,5.087596335232384,170.0,-9.0,-0.052941176470588235,170.0,-0.052941176470588235,160.0,161.0,True,1.00625,0.7341977309562399,161.0,significant
1361,Gross Disbursements,Haiti,IDA,LATIN AMERICA AND CARIBBEAN,2025-Q3,0.0,102.0,0.0,0.0,102.0,2025,3,quarterly,102.0,0.0,country,0.0,0.0,1.0,4.634728988229636,0.0,0.0,0.0,0.0,4.634728988229636,,,,,,135.0,102.0,True,0.7555555555555555,0.6383928571428571,102.0,significant
1238,Gross Disbursements,Haiti,IDA,LATIN AMERICA AND CARIBBEAN,2026-Q3,0.0,110.0,0.0,0.0,110.0,2026,3,quarterly,110.0,0.0,country,0.0,0.0,1.0,4.709530201312334,0.0,0.0,0.0,0.0,4.709530201312334,102.0,8.0,0.0784313725490196,102.0,0.0784313725490196,80.49,110.0,True,1.3666293949558952,0.6629464285714286,110.0,significant
2521,Commitments,Honduras,IDA,LATIN AMERICA AND CARIBBEAN,FY14,0.0,24.0,0.0,0.0,24.0,2014,4,annual,24.0,0.0,country,0.0,0.0,1.0,3.2188758248682006,0.0,0.0,0.0,0.0,3.2188758248682006,,,,,,24.0,68.0,True,2.8333333333333335,0.46285289747399705,24.0,moderate
2351,Commitments,Honduras,IDA,LATIN AMERICA AND CARIBBEAN,FY15,55.0,25.0,0.0,0.0,80.0,2015,4,annual,80.0,0.0,country,0.6875,4.02535169073515,0.3125,3.258096538021482,0.0,0.0,0.0,0.0,4.394449154672439,24.0,56.0,2.3333333333333335,24.0,2.3333333333333335,80.0,91.0,True,1.1375,0.5980683506686478,80.0,moderate
1065,Commitments,Honduras,IDA,LATIN AMERICA AND CARIBBEAN,FY16,50.0,0.0,0.0,0.0,50.0,2016,4,annual,50.0,0.0,country,1.0,3.9318256327243257,0.0,0.0,0.0,0.0,0.0,0.0,3.9318256327243257,80.0,-30.0,-0.375,80.0,-0.375,50.0,78.0,True,1.56,0.5300891530460624,50.0,moderate
882,Commitments,Honduras,IDA,LATIN AMERICA AND CARIBBEAN,FY17,0.0,25.0,0.0,0.0,25.0,2017,4,annual,25.0,0.0,country,0.0,0.0,1.0,3.258096538021482,0.0,0.0,0.0,0.0,3.258096538021482,50.0,-25.0,-0.5,50.0,-0.5,25.0,28.0,True,1.12,0.4676820208023774,25.0,moderate
3304,Commitments,Honduras,IDA,LATIN AMERICA AND CARIBBEAN,FY18,0.0,0.0,0.0,0.0,0.0,2018,4,annual,0.0,0.0,country,0.0,0.0,0.0,0.0,0.0,0.0,0.0,0.0,0.0,25.0,-25.0,-1.0,25.0,-1.0,0.0,14.0,False,,0.19539375928677563,0.0,limited
3065,Commitments,Honduras,IDA,LATIN AMERICA AND CARIBBEAN,FY19,0.0,155.0,0.0,0.0,155.0,2019,4,annual,155.0,0.0,country,0.0,0.0,1.0,5.049856007249537,0.0,0.0,0.0,0.0,5.049856007249537,0.0,155.0,,0.0,,155.0,12.0,True,0.07741935483870968,0.7043090638930164,155.0,significant
2178,Commitments,Honduras,IDA,LATIN AMERICA AND CARIBBEAN,FY20,119.0,165.0,0.0,0.0,284.0,2020,4,annual,284.0,0.0,country,0.41901408450704225,4.787491742782046,0.5809859154929577,5.111987788356544,0.0,0.0,0.0,0.0,5.652489180268651,155.0,129.0,0.832258064516129,155.0,0.832258064516129,284.0,138.0,True,0.4859154929577465,0.774517087667162,284.0,significant
1982,Commitments,Honduras,IDA,LATIN AMERICA AND CARIBBEAN,FY21,0.0,340.0,0.0,0.0,340.0,2021,4,annual,340.0,0.0,country,0.0,0.0,1.0,5.831882477283517,0.0,0.0,0.0,0.0,5.831882477283517,284.0,56.0,0.19718309859154928,284.0,0.19718309859154928,340.0,36.0,True,0.10588235294117647,0.799034175334324,340.0,significant
617,Commitments,Honduras,IDA,LATIN AMERICA AND CARIBBEAN,FY22,110.0,60.0,0.0,0.0,170.0,2022,4,annual,170.0,0.0,country,0.6470588235294118,4.709530201312334,0.35294117647058826,4.110873864173311,0.0,0.0,0.0,0.0,5.14166355650266,340.0,-170.0,-0.5,340.0,-0.5,170.0,57.0,True,0.3352941176470588,0.712481426448737,170.0,significant
370,Commitments,Honduras,IDA,LATIN AMERICA AND CARIBBEAN,FY23,0.0,0.0,0.0,0.0,0.0,2023,4,annual,0.0,0.0,country,0.0,0.0,0.0,0.0,0.0,0.0,0.0,0.0,0.0,170.0,-170.0,-1.0,170.0,-1.0,0.0,25.0,False,,0.19539375928677563,0.0,limited
2720,Commitments,Honduras,IDA,LATIN AMERICA AND CARIBBEAN,FY24,0.0,40.0,0.0,0.0,40.0,2024,4,annual,40.0,0.0,country,0.0,0.0,1.0,3.713572066704308,0.0,0.0,0.0,0.0,3.713572066704308,0.0,40.0,,0.0,,40.0,109.0,True,2.725,0.5092867756315007,40.0,moderate
1521,Commitments,Honduras,IDA,LATIN AMERICA AND CARIBBEAN,FY25,145.0,187.0,0.0,0.0,332.0,2025,4,annual,332.0,0.0,country,0.4367469879518072,4.983606621708336,0.5632530120481928,5.236441962829949,0.0,0.0,0.0,0.0,5.808142489980444,40.0,292.0,7.3,40.0,7.3,332.0,220.0,True,0.6626506024096386,0.7942050520059435,332.0,significant
301,Commitments,Honduras,IDA,LATIN AMERICA AND CARIBBEAN,2025-Q3,145.0,187.0,0.0,0.0,332.0,2025,3,quarterly,332.0,0.0,country,0.4367469879518072,4.983606621708336,0.5632530120481928,5.236441962829949,0.0,0.0,0.0,0.0,5.808142489980444,,,,,,332.0,205.0,True,0.6174698795180723,0.923728813559322,332.0,significant
108,Commitments,Honduras,IDA,LATIN AMERICA AND CARIBBEAN,2026-Q3,0.0,140.49,0.0,0.0,140.49,2026,3,quarterly,140.49,0.0,country,0.0,0.0,1.0,4.952229043207861,0.0,0.0,0.0,0.0,4.952229043207861,332.0,-191.51,-0.5768373493975903,332.0,-0.5768373493975903,140.49,207.0,True,1.4734144778987828,0.827683615819209,140.49,significant
2608,Gross Disbursements,Honduras,IDA,LATIN AMERICA AND CARIBBEAN,FY14,0.0,68.0,0.0,0.0,68.0,2014,4,annual,68.0,0.0,country,0.0,0.0,1.0,4.23410650459726,0.0,0.0,0.0,0.0,4.23410650459726,,,,,,24.0,68.0,True,2.8333333333333335,0.5927876823338736,68.0,moderate
2440,Gross Disbursements,Honduras,IDA,LATIN AMERICA AND CARIBBEAN,FY15,55.0,36.0,0.0,0.0,91.0,2015,4,annual,91.0,0.0,country,0.6043956043956044,4.02535169073515,0.3956043956043956,3.6109179126442243,0.0,0.0,0.0,0.0,4.5217885770490405,68.0,23.0,0.3382352941176471,68.0,0.3382352941176471,80.0,91.0,True,1.1375,0.6414100486223663,91.0,moderate
2266,Gross Disbursements,Honduras,IDA,LATIN AMERICA AND CARIBBEAN,FY16,50.0,28.0,0.0,0.0,78.0,2016,4,annual,78.0,0.0,country,0.6410256410256411,3.9318256327243257,0.358974358974359,3.367295829986474,0.0,0.0,0.0,0.0,4.3694478524670215,91.0,-13.0,-0.14285714285714285,91.0,-0.14285714285714285,50.0,78.0,True,1.56,0.6179092382495948,78.0,moderate
954,Gross Disbursements,Honduras,IDA,LATIN AMERICA AND CARIBBEAN,FY17,0.0,28.0,0.0,0.0,28.0,2017,4,annual,28.0,0.0,country,0.0,0.0,1.0,3.367295829986474,0.0,0.0,0.0,0.0,3.367295829986474,78.0,-50.0,-0.6410256410256411,78.0,-0.6410256410256411,25.0,28.0,True,1.12,0.4529983792544571,28.0,moderate
785,Gross Disbursements,Honduras,IDA,LATIN AMERICA AND CARIBBEAN,FY18,0.0,14.0,0.0,0.0,14.0,2018,4,annual,14.0,0.0,country,0.0,0.0,1.0,2.70805020110221,0.0,0.0,0.0,0.0,2.70805020110221,28.0,-14.0,-0.5,28.0,-0.5,0.0,14.0,False,,0.36547811993517015,14.0,moderate
3188,Gross Disbursements,Honduras,IDA,LATIN AMERICA AND CARIBBEAN,FY19,0.0,12.0,0.0,0.0,12.0,2019,4,annual,12.0,0.0,country,0.0,0.0,1.0,2.5649493574615367,0.0,0.0,0.0,0.0,2.5649493574615367,14.0,-2.0,-0.14285714285714285,14.0,-0.14285714285714285,155.0,12.0,True,0.07741935483870968,0.34562398703403563,12.0,moderate
2096,Gross Disbursements,Honduras,IDA,LATIN AMERICA AND CARIBBEAN,FY20,119.0,19.0,0.0,0.0,138.0,2020,4,annual,138.0,0.0,country,0.8623188405797102,4.787491742782046,0.13768115942028986,2.995732273553991,0.0,0.0,0.0,0.0,4.9344739331306915,12.0,126.0,10.5,12.0,10.5,284.0,138.0,True,0.4859154929577465,0.7029983792544571,138.0,significant
738,Gross Disbursements,Honduras,IDA,LATIN AMERICA AND CARIBBEAN,FY21,0.0,36.0,0.0,0.0,36.0,2021,4,annual,36.0,0.0,country,0.0,0.0,1.0,3.6109179126442243,0.0,0.0,0.0,0.0,3.6109179126442243,138.0,-102.0,-0.7391304347826086,138.0,-0.7391304347826086,340.0,36.0,True,0.10588235294117647,0.4878444084278768,36.0,moderate
491,Gross Disbursements,Honduras,IDA,LATIN AMERICA AND CARIBBEAN,FY22,0.0,57.0,0.0,0.0,57.0,2022,4,annual,57.0,0.0,country,0.0,0.0,1.0,4.060443010546419,0.0,0.0,0.0,0.0,4.060443010546419,36.0,21.0,0.5833333333333334,36.0,0.5833333333333334,170.0,57.0,True,0.3352941176470588,0.5648298217179902,57.0,moderate
2875,Gross Disbursements,Honduras,IDA,LATIN AMERICA AND CARIBBEAN,FY23,0.0,25.0,0.0,0.0,25.0,2023,4,annual,25.0,0.0,country,0.0,0.0,1.0,3.258096538021482,0.0,0.0,0.0,0.0,3.258096538021482,57.0,-32.0,-0.5614035087719298,57.0,-0.5614035087719298,0.0,25.0,False,,0.4351701782820097,25.0,moderate
1797,Gross Disbursements,Honduras,IDA,LATIN AMERICA AND CARIBBEAN,FY24,0.0,109.0,0.0,0.0,109.0,2024,4,annual,109.0,0.0,country,0.0,0.0,1.0,4.700480365792417,0.0,0.0,0.0,0.0,4.700480365792417,25.0,84.0,3.36,25.0,3.36,40.0,109.0,True,2.725,0.663290113452188,109.0,significant
1677,Gross Disbursements,Honduras,IDA,LATIN AMERICA AND CARIBBEAN,FY25,100.0,120.0,0.0,0.0,220.0,2025,4,annual,220.0,0.0,country,0.45454545454545453,4.61512051684126,0.5454545454545454,4.795790545596741,0.0,0.0,0.0,0.0,5.3981627015177525,109.0,111.0,1.018348623853211,109.0,1.018348623853211,332.0,220.0,True,0.6626506024096386,0.7787682333873582,220.0,significant
1362,Gross Disbursements,Honduras,IDA,LATIN AMERICA AND CARIBBEAN,2025-Q3,100.0,105.0,0.0,0.0,205.0,2025,3,quarterly,205.0,0.0,country,0.4878048780487805,4.61512051684126,0.5121951219512195,4.663439094112067,0.0,0.0,0.0,0.0,5.327876168789581,,,,,,332.0,205.0,True,0.6174698795180723,0.7544642857142857,205.0,significant
1239,Gross Disbursements,Honduras,IDA,LATIN AMERICA AND CARIBBEAN,2026-Q3,145.0,62.0,0.0,0.0,207.0,2026,3,quarterly,207.0,0.0,country,0.7004830917874396,4.983606621708336,0.2995169082125604,4.143134726391533,0.0,0.0,0.0,0.0,5.337538079701318,205.0,2.0,0.00975609756097561,205.0,0.00975609756097561,140.49,207.0,True,1.4734144778987828,0.7589285714285714,207.0,significant
2674,Commitments,Hungary,IDA,EUROPE AND CENTRAL ASIA,FY24,0.0,0.0,0.0,0.0,0.0,2024,4,annual,0.0,0.0,country,0.0,0.0,0.0,0.0,0.0,0.0,0.0,0.0,0.0,,,,,,0.0,,False,,0.19539375928677563,0.0,limited
1475,Commitments,Hungary,IDA,EUROPE AND CENTRAL ASIA,FY25,0.0,0.0,0.0,0.0,0.0,2025,4,annual,0.0,0.0,country,0.0,0.0,0.0,0.0,0.0,0.0,0.0,0.0,0.0,0.0,0.0,,0.0,,0.0,,False,,0.19539375928677563,0.0,limited
255,Commitments,Hungary,IDA,EUROPE AND CENTRAL ASIA,2025-Q3,0.0,0.0,0.0,0.0,0.0,2025,3,quarterly,0.0,0.0,country,0.0,0.0,0.0,0.0,0.0,0.0,0.0,0.0,0.0,,,,,,0.0,,False,,0.326271186440678,0.0,limited
62,Commitments,Hungary,IDA,EUROPE AND CENTRAL ASIA,2026-Q3,0.0,0.0,0.0,0.0,0.0,2026,3,quarterly,0.0,0.0,country,0.0,0.0,0.0,0.0,0.0,0.0,0.0,0.0,0.0,0.0,0.0,,0.0,,0.0,,False,,0.326271186440678,0.0,limited
3048,Commitments,IFC,IDA,OTHER,FY19,0.0,0.0,147.0,0.0,147.0,2019,4,annual,147.0,0.0,aggregate_or_institution,0.0,0.0,0.0,0.0,1.0,4.997212273764115,0.0,0.0,4.997212273764115,,,,,,147.0,0.0,True,0.0,0.8771929824561403,147.0,significant
2180,Commitments,IFC,IDA,OTHER,FY20,0.0,0.0,598.0,0.0,598.0,2020,4,annual,598.0,0.0,aggregate_or_institution,0.0,0.0,0.0,0.0,1.0,6.395261598115449,0.0,0.0,6.395261598115449,147.0,451.0,3.068027210884354,147.0,3.068027210884354,598.0,5.0,True,0.008361204013377926,1.0,598.0,major
1999,Commitments,IFC,IDA,OTHER,FY21,0.0,0.0,318.0,0.0,318.0,2021,4,annual,318.0,0.0,aggregate_or_institution,0.0,0.0,0.0,0.0,1.0,5.765191102784844,0.0,0.0,5.765191102784844,598.0,-280.0,-0.4682274247491639,598.0,-0.4682274247491639,318.0,6.0,True,0.018867924528301886,0.9298245614035088,318.0,significant
634,Commitments,IFC,IDA,OTHER,FY22,0.0,0.0,486.0,0.0,486.0,2022,4,annual,486.0,0.0,aggregate_or_institution,0.0,0.0,0.0,0.0,1.0,6.18826412308259,0.0,0.0,6.18826412308259,318.0,168.0,0.5283018867924528,318.0,0.5283018867924528,486.0,41.0,True,0.08436213991769548,0.9912280701754386,486.0,significant
387,Commitments,IFC,IDA,OTHER,FY23,0.0,0.0,439.0,0.0,439.0,2023,4,annual,439.0,0.0,aggregate_or_institution,0.0,0.0,0.0,0.0,1.0,6.0867747269123065,0.0,0.0,6.0867747269123065,486.0,-47.0,-0.09670781893004116,486.0,-0.09670781893004116,439.0,53.0,True,0.12072892938496584,0.9649122807017544,439.0,significant
2794,Commitments,IFC,IDA,OTHER,FY24,0.0,0.0,429.0,0.0,429.0,2024,4,annual,429.0,0.0,aggregate_or_institution,0.0,0.0,0.0,0.0,1.0,6.063785208687608,0.0,0.0,6.063785208687608,439.0,-10.0,-0.022779043280182234,439.0,-0.022779043280182234,429.0,137.0,True,0.31934731934731936,0.956140350877193,429.0,significant
1595,Commitments,IFC,IDA,OTHER,FY25,0.0,0.0,361.0,0.0,361.0,2025,4,annual,361.0,0.0,aggregate_or_institution,0.0,0.0,0.0,0.0,1.0,5.8916442118257715,0.0,0.0,5.8916442118257715,429.0,-68.0,-0.1585081585081585,429.0,-0.1585081585081585,361.0,93.0,True,0.25761772853185594,0.9473684210526315,361.0,significant
1157,Commitments,IFC,IDA,OTHER,2025-Q3,0.0,0.0,68.0,0.0,68.0,2025,3,quarterly,68.0,0.0,aggregate_or_institution,0.0,0.0,0.0,0.0,1.0,4.23410650459726,0.0,0.0,4.23410650459726,,,,,,68.0,81.0,True,1.1911764705882353,0.90625,68.0,moderate
182,Commitments,IFC,IDA,OTHER,2026-Q3,0.0,0.0,116.0,0.0,116.0,2026,3,quarterly,116.0,0.0,aggregate_or_institution,0.0,0.0,0.0,0.0,1.0,4.762173934797756,0.0,0.0,4.762173934797756,68.0,48.0,0.7058823529411765,68.0,0.7058823529411765,116.0,106.0,True,0.9137931034482759,1.0,116.0,significant
3240,Gross Disbursements,IFC,IDA,OTHER,FY19,0.0,0.0,0.0,0.0,0.0,2019,4,annual,0.0,0.0,aggregate_or_institution,0.0,0.0,0.0,0.0,0.0,0.0,0.0,0.0,0.0,,,,,,147.0,0.0,True,0.0,0.0797872340425532,0.0,limited
2116,Gross Disbursements,IFC,IDA,OTHER,FY20,0.0,0.0,5.0,0.0,5.0,2020,4,annual,5.0,0.0,aggregate_or_institution,0.0,0.0,0.0,0.0,1.0,1.791759469228055,0.0,0.0,1.791759469228055,0.0,5.0,,0.0,,598.0,5.0,True,0.008361204013377926,0.601063829787234,5.0,limited
1871,Gross Disbursements,IFC,IDA,OTHER,FY21,0.0,0.0,6.0,0.0,6.0,2021,4,annual,6.0,0.0,aggregate_or_institution,0.0,0.0,0.0,0.0,1.0,1.9459101490553132,0.0,0.0,1.9459101490553132,5.0,1.0,0.2,5.0,0.2,318.0,6.0,True,0.018867924528301886,0.648936170212766,6.0,limited
506,Gross Disbursements,IFC,IDA,OTHER,FY22,0.0,0.0,41.0,0.0,41.0,2022,4,annual,41.0,0.0,aggregate_or_institution,0.0,0.0,0.0,0.0,1.0,3.7376696182833684,0.0,0.0,3.7376696182833684,6.0,35.0,5.833333333333333,6.0,5.833333333333333,486.0,41.0,True,0.08436213991769548,0.8457446808510638,41.0,moderate
2892,Gross Disbursements,IFC,IDA,OTHER,FY23,0.0,0.0,53.0,0.0,53.0,2023,4,annual,53.0,0.0,aggregate_or_institution,0.0,0.0,0.0,0.0,1.0,3.9889840465642745,0.0,0.0,3.9889840465642745,41.0,12.0,0.2926829268292683,41.0,0.2926829268292683,439.0,53.0,True,0.12072892938496584,0.9042553191489362,53.0,moderate
1814,Gross Disbursements,IFC,IDA,OTHER,FY24,0.0,0.0,137.0,0.0,137.0,2024,4,annual,137.0,0.0,aggregate_or_institution,0.0,0.0,0.0,0.0,1.0,4.927253685157205,0.0,0.0,4.927253685157205,53.0,84.0,1.5849056603773586,53.0,1.5849056603773586,429.0,137.0,True,0.31934731934731936,0.9946808510638298,137.0,significant
1694,Gross Disbursements,IFC,IDA,OTHER,FY25,0.0,0.0,93.0,0.0,93.0,2025,4,annual,93.0,0.0,aggregate_or_institution,0.0,0.0,0.0,0.0,1.0,4.543294782270004,0.0,0.0,4.543294782270004,137.0,-44.0,-0.32116788321167883,137.0,-0.32116788321167883,361.0,93.0,True,0.25761772853185594,0.9468085106382979,93.0,moderate
1379,Gross Disbursements,IFC,IDA,OTHER,2025-Q3,0.0,0.0,81.0,0.0,81.0,2025,3,quarterly,81.0,0.0,aggregate_or_institution,0.0,0.0,0.0,0.0,1.0,4.406719247264253,0.0,0.0,4.406719247264253,,,,,,68.0,81.0,True,1.1911764705882353,0.9090909090909091,81.0,moderate
1256,Gross Disbursements,IFC,IDA,OTHER,2026-Q3,0.0,0.0,106.0,0.0,106.0,2026,3,quarterly,106.0,0.0,aggregate_or_institution,0.0,0.0,0.0,0.0,1.0,4.672828834461906,0.0,0.0,4.672828834461906,81.0,25.0,0.30864197530864196,81.0,0.30864197530864196,116.0,106.0,True,0.9137931034482759,0.9545454545454546,106.0,significant
2675,Commitments,Iceland,IDA,EUROPE AND CENTRAL ASIA,FY24,0.0,0.0,0.0,0.0,0.0,2024,4,annual,0.0,0.0,country,0.0,0.0,0.0,0.0,0.0,0.0,0.0,0.0,0.0,,,,,,0.0,,False,,0.19539375928677563,0.0,limited
1476,Commitments,Iceland,IDA,EUROPE AND CENTRAL ASIA,FY25,0.0,0.0,0.0,0.0,0.0,2025,4,annual,0.0,0.0,country,0.0,0.0,0.0,0.0,0.0,0.0,0.0,0.0,0.0,0.0,0.0,,0.0,,0.0,,False,,0.19539375928677563,0.0,limited
256,Commitments,Iceland,IDA,EUROPE AND CENTRAL ASIA,2025-Q3,0.0,0.0,0.0,0.0,0.0,2025,3,quarterly,0.0,0.0,country,0.0,0.0,0.0,0.0,0.0,0.0,0.0,0.0,0.0,,,,,,0.0,,False,,0.326271186440678,0.0,limited
63,Commitments,Iceland,IDA,EUROPE AND CENTRAL ASIA,2026-Q3,0.0,0.0,0.0,0.0,0.0,2026,3,quarterly,0.0,0.0,country,0.0,0.0,0.0,0.0,0.0,0.0,0.0,0.0,0.0,0.0,0.0,,0.0,,0.0,,False,,0.326271186440678,0.0,limited
2530,Commitments,India,IDA,SOUTH ASIA,FY14,0.0,2969.0,0.0,165.0,3134.0,2014,4,annual,3134.0,0.0,country,0.0,0.0,0.9473516273133376,7.996317231796746,0.0,0.0,0.05264837268666241,5.111987788356544,8.050384453067021,,,,,,3134.0,1231.0,True,0.3927887683471602,0.9970282317979198,3134.0,major
2360,Commitments,India,IDA,SOUTH ASIA,FY15,0.0,1437.0,0.0,250.0,1687.0,2015,4,annual,1687.0,0.0,country,0.0,0.0,0.8518079430942501,7.271008538280992,0.0,0.0,0.14819205690574985,5.5254529391317835,7.431299675155903,3134.0,-1447.0,-0.4617102744097001,3134.0,-0.4617102744097001,1687.0,1446.0,True,0.8571428571428571,0.9680534918276374,1687.0,major
1072,Commitments,India,IDA,SOUTH ASIA,FY16,0.0,1025.0,0.0,0.0,1025.0,2016,4,annual,1025.0,0.0,country,0.0,0.0,1.0,6.933423025730715,0.0,0.0,0.0,0.0,6.933423025730715,1687.0,-662.0,-0.3924125666864256,1687.0,-0.3924125666864256,1025.0,1541.0,True,1.5034146341463415,0.937221396731055,1025.0,major
888,Commitments,India,IDA,SOUTH ASIA,FY17,0.0,383.0,0.0,125.0,508.0,2017,4,annual,508.0,0.0,country,0.0,0.0,0.7539370078740157,5.950642552587727,0.0,0.0,0.24606299212598426,4.836281906951478,6.2324480165505225,1025.0,-517.0,-0.504390243902439,1025.0,-0.504390243902439,508.0,1324.0,True,2.606299212598425,0.8476968796433878,508.0,major
3297,Commitments,India,IDA,SOUTH ASIA,FY18,0.0,0.0,0.0,0.0,0.0,2018,4,annual,0.0,0.0,country,0.0,0.0,0.0,0.0,0.0,0.0,0.0,0.0,0.0,508.0,-508.0,-1.0,508.0,-1.0,0.0,1107.0,False,,0.19539375928677563,0.0,limited
3051,Commitments,India,IDA,SOUTH ASIA,FY19,250.0,0.0,0.0,0.0,250.0,2019,4,annual,250.0,0.0,country,1.0,5.5254529391317835,0.0,0.0,0.0,0.0,0.0,0.0,5.5254529391317835,0.0,250.0,,0.0,,250.0,761.0,True,3.044,0.7581723625557206,250.0,significant
2172,Commitments,India,IDA,SOUTH ASIA,FY20,550.0,0.0,0.0,0.0,550.0,2020,4,annual,550.0,0.0,country,1.0,6.311734809152915,0.0,0.0,0.0,0.0,0.0,0.0,6.311734809152915,250.0,300.0,1.2,250.0,1.2,550.0,1412.0,True,2.5672727272727274,0.8566121842496285,550.0,major
2005,Commitments,India,IDA,SOUTH ASIA,FY21,513.0,0.0,0.0,0.0,513.0,2021,4,annual,513.0,0.0,country,1.0,6.2422232654551655,0.0,0.0,0.0,0.0,0.0,0.0,6.2422232654551655,550.0,-37.0,-0.06727272727272728,550.0,-0.06727272727272728,513.0,969.0,True,1.8888888888888888,0.849925705794948,513.0,major
640,Commitments,India,IDA,SOUTH ASIA,FY22,83.0,0.0,0.0,0.0,83.0,2022,4,annual,83.0,0.0,country,1.0,4.430816798843313,0.0,0.0,0.0,0.0,0.0,0.0,4.430816798843313,513.0,-430.0,-0.8382066276803118,513.0,-0.8382066276803118,83.0,501.0,True,6.036144578313253,0.6051263001485884,83.0,moderate
393,Commitments,India,IDA,SOUTH ASIA,FY23,56.0,0.0,0.0,0.0,56.0,2023,4,annual,56.0,0.0,country,1.0,4.04305126783455,0.0,0.0,0.0,0.0,0.0,0.0,4.04305126783455,83.0,-27.0,-0.3253012048192771,83.0,-0.3253012048192771,56.0,270.0,True,4.821428571428571,0.5460624071322436,56.0,moderate
2747,Commitments,India,IDA,SOUTH ASIA,FY24,32.0,0.0,0.0,0.0,32.0,2024,4,annual,32.0,0.0,country,1.0,3.4965075614664802,0.0,0.0,0.0,0.0,0.0,0.0,3.4965075614664802,56.0,-24.0,-0.42857142857142855,56.0,-0.42857142857142855,32.0,164.0,True,5.125,0.48811292719167904,32.0,moderate
1548,Commitments,India,IDA,SOUTH ASIA,FY25,0.0,0.0,0.0,0.0,0.0,2025,4,annual,0.0,0.0,country,0.0,0.0,0.0,0.0,0.0,0.0,0.0,0.0,0.0,32.0,-32.0,-1.0,32.0,-1.0,0.0,83.0,False,,0.19539375928677563,0.0,limited
328,Commitments,India,IDA,SOUTH ASIA,2025-Q3,0.0,0.0,0.0,0.0,0.0,2025,3,quarterly,0.0,0.0,country,0.0,0.0,0.0,0.0,0.0,0.0,0.0,0.0,0.0,,,,,,0.0,70.49,False,,0.326271186440678,0.0,limited
135,Commitments,India,IDA,SOUTH ASIA,2026-Q3,0.0,0.0,0.0,0.0,0.0,2026,3,quarterly,0.0,0.0,country,0.0,0.0,0.0,0.0,0.0,0.0,0.0,0.0,0.0,0.0,0.0,,0.0,,0.0,3.51,False,,0.326271186440678,0.0,limited
2619,Gross Disbursements,India,IDA,SOUTH ASIA,FY14,0.0,1231.0,0.0,0.0,1231.0,2014,4,annual,1231.0,0.0,country,0.0,0.0,1.0,7.116394144093465,0.0,0.0,0.0,0.0,7.116394144093465,,,,,,3134.0,1231.0,True,0.3927887683471602,0.9635332252836305,1231.0,major
2451,Gross Disbursements,India,IDA,SOUTH ASIA,FY15,0.0,1446.0,0.0,0.0,1446.0,2015,4,annual,1446.0,0.0,country,0.0,0.0,1.0,7.277247726631484,0.0,0.0,0.0,0.0,7.277247726631484,1231.0,215.0,0.17465475223395613,1231.0,0.17465475223395613,1687.0,1446.0,True,0.8571428571428571,0.9789303079416531,1446.0,major
2283,Gross Disbursements,India,IDA,SOUTH ASIA,FY16,0.0,1485.0,0.0,56.0,1541.0,2016,4,annual,1541.0,0.0,country,0.0,0.0,0.963659961064244,7.303843225277705,0.0,0.0,0.036340038935756006,4.04305126783455,7.340835554123275,1446.0,95.0,0.0656984785615491,1446.0,0.0656984785615491,1025.0,1541.0,True,1.5034146341463415,0.9821717990275527,1541.0,major
891,Gross Disbursements,India,IDA,SOUTH ASIA,FY17,0.0,1298.0,0.0,26.0,1324.0,2017,4,annual,1324.0,0.0,country,0.0,0.0,0.9803625377643505,7.1693500166706,0.0,0.0,0.019637462235649546,3.295836866004329,7.1891677384203225,1541.0,-217.0,-0.14081765087605452,1541.0,-0.14081765087605452,508.0,1324.0,True,2.606299212598425,0.9692058346839546,1324.0,major
3401,Gross Disbursements,India,IDA,SOUTH ASIA,FY18,0.0,1077.0,0.0,30.0,1107.0,2018,4,annual,1107.0,0.0,country,0.0,0.0,0.9728997289972899,6.982862751468942,0.0,0.0,0.02710027100271003,3.4339872044851463,7.010311867307229,1324.0,-217.0,-0.16389728096676737,1324.0,-0.16389728096676737,0.0,1107.0,False,,0.9578606158833063,1107.0,major
3160,Gross Disbursements,India,IDA,SOUTH ASIA,FY19,0.0,687.0,0.0,74.0,761.0,2019,4,annual,761.0,0.0,country,0.0,0.0,0.9027595269382391,6.5337888379333435,0.0,0.0,0.09724047306176084,4.31748811353631,6.635946555686647,1107.0,-346.0,-0.31255645889792233,1107.0,-0.31255645889792233,250.0,761.0,True,3.044,0.9327390599675851,761.0,major
2040,Gross Disbursements,India,IDA,SOUTH ASIA,FY20,797.0,598.0,0.0,17.0,1412.0,2020,4,annual,1412.0,0.0,country,0.5644475920679887,6.682108597449809,0.4235127478753541,6.395261598115449,0.0,0.0,0.012039660056657223,2.8903717578961645,7.253470382684528,761.0,651.0,0.8554533508541393,761.0,0.8554533508541393,550.0,1412.0,True,2.5672727272727274,0.9764991896272285,1412.0,major
1875,Gross Disbursements,India,IDA,SOUTH ASIA,FY21,403.0,509.0,0.0,57.0,969.0,2021,4,annual,969.0,0.0,country,0.41589267285861714,6.0014148779611505,0.5252837977296182,6.234410725718371,0.0,0.0,0.058823529411764705,4.060443010546419,6.877296071497429,1412.0,-443.0,-0.31373937677053826,1412.0,-0.31373937677053826,513.0,969.0,True,1.8888888888888888,0.9497568881685575,969.0,major
510,Gross Disbursements,India,IDA,SOUTH ASIA,FY22,112.0,376.0,0.0,13.0,501.0,2022,4,annual,501.0,0.0,country,0.22355289421157684,4.727387818712341,0.7504990019960079,5.932245187448011,0.0,0.0,0.02594810379241517,2.6390573296152584,6.218600119691729,969.0,-468.0,-0.48297213622291024,969.0,-0.48297213622291024,83.0,501.0,True,6.036144578313253,0.8881685575364667,501.0,major
2896,Gross Disbursements,India,IDA,SOUTH ASIA,FY23,83.0,186.0,0.0,1.0,270.0,2023,4,annual,270.0,0.0,country,0.3074074074074074,4.430816798843313,0.6888888888888889,5.231108616854587,0.0,0.0,0.003703703703703704,0.6931471805599453,5.602118820879701,501.0,-231.0,-0.46107784431137727,501.0,-0.46107784431137727,56.0,270.0,True,4.821428571428571,0.8063209076175041,270.0,significant
1818,Gross Disbursements,India,IDA,SOUTH ASIA,FY24,57.0,94.0,0.0,13.0,164.0,2024,4,annual,164.0,0.0,country,0.3475609756097561,4.060443010546419,0.573170731707317,4.553876891600541,0.0,0.0,0.07926829268292683,2.6390573296152584,5.10594547390058,270.0,-106.0,-0.3925925925925926,270.0,-0.3925925925925926,32.0,164.0,True,5.125,0.7382495948136143,164.0,significant
1698,Gross Disbursements,India,IDA,SOUTH ASIA,FY25,32.0,51.0,0.0,0.0,83.0,2025,4,annual,83.0,0.0,country,0.3855421686746988,3.4965075614664802,0.6144578313253012,3.9512437185814275,0.0,0.0,0.0,0.0,4.430816798843313,164.0,-81.0,-0.49390243902439024,164.0,-0.49390243902439024,0.0,83.0,False,,0.6296596434359806,83.0,moderate
1383,Gross Disbursements,India,IDA,SOUTH ASIA,2025-Q3,32.0,38.49,0.0,0.0,70.49,2025,3,quarterly,70.49000000000001,-1.4210854715202004e-14,country,0.45396510143282737,3.4965075614664802,0.5460348985671727,3.676047475298558,0.0,0.0,0.0,0.0,4.26955757977876,,,,,,0.0,70.49,False,,0.5848214285714286,70.49,moderate
1260,Gross Disbursements,India,IDA,SOUTH ASIA,2026-Q3,0.0,3.51,0.0,0.0,3.51,2026,3,quarterly,3.51,0.0,country,0.0,0.0,1.0,1.506297153514587,0.0,0.0,0.0,0.0,1.506297153514587,70.49,-66.97999999999999,-0.9502057029365867,70.49,-0.9502057029365867,0.0,3.51,False,,0.3169642857142857,3.51,limited
3358,Commitments,Indonesia,IDA,EAST ASIA AND PACIFIC,FY18,0.0,0.0,0.0,0.0,0.0,2018,4,annual,0.0,0.0,country,0.0,0.0,0.0,0.0,0.0,0.0,0.0,0.0,0.0,,,,,,0.0,,False,,0.19539375928677563,0.0,limited
3124,Commitments,Indonesia,IDA,EAST ASIA AND PACIFIC,FY19,0.0,0.0,0.0,0.0,0.0,2019,4,annual,0.0,0.0,country,0.0,0.0,0.0,0.0,0.0,0.0,0.0,0.0,0.0,0.0,0.0,,0.0,,0.0,0.0,False,,0.19539375928677563,0.0,limited
2236,Commitments,Indonesia,IDA,EAST ASIA AND PACIFIC,FY20,0.0,0.0,0.0,0.0,0.0,2020,4,annual,0.0,0.0,country,0.0,0.0,0.0,0.0,0.0,0.0,0.0,0.0,0.0,0.0,0.0,,0.0,,0.0,0.0,False,,0.19539375928677563,0.0,limited
1907,Commitments,Indonesia,IDA,EAST ASIA AND PACIFIC,FY21,0.0,0.0,0.0,0.0,0.0,2021,4,annual,0.0,0.0,country,0.0,0.0,0.0,0.0,0.0,0.0,0.0,0.0,0.0,0.0,0.0,,0.0,,0.0,0.0,False,,0.19539375928677563,0.0,limited
542,Commitments,Indonesia,IDA,EAST ASIA AND PACIFIC,FY22,0.0,0.0,0.0,0.0,0.0,2022,4,annual,0.0,0.0,country,0.0,0.0,0.0,0.0,0.0,0.0,0.0,0.0,0.0,0.0,0.0,,0.0,,0.0,0.0,False,,0.19539375928677563,0.0,limited
2928,Commitments,Indonesia,IDA,EAST ASIA AND PACIFIC,FY23,0.0,0.0,0.0,0.0,0.0,2023,4,annual,0.0,0.0,country,0.0,0.0,0.0,0.0,0.0,0.0,0.0,0.0,0.0,0.0,0.0,,0.0,,0.0,0.0,False,,0.19539375928677563,0.0,limited
1850,Commitments,Indonesia,IDA,EAST ASIA AND PACIFIC,FY24,0.0,0.0,0.0,0.0,0.0,2024,4,annual,0.0,0.0,country,0.0,0.0,0.0,0.0,0.0,0.0,0.0,0.0,0.0,0.0,0.0,,0.0,,0.0,0.0,False,,0.19539375928677563,0.0,limited
1417,Commitments,Indonesia,IDA,EAST ASIA AND PACIFIC,FY25,0.0,0.0,0.0,0.0,0.0,2025,4,annual,0.0,0.0,country,0.0,0.0,0.0,0.0,0.0,0.0,0.0,0.0,0.0,0.0,0.0,,0.0,,0.0,0.0,False,,0.19539375928677563,0.0,limited
196,Commitments,Indonesia,IDA,EAST ASIA AND PACIFIC,2025-Q3,0.0,0.0,0.0,0.0,0.0,2025,3,quarterly,0.0,0.0,country,0.0,0.0,0.0,0.0,0.0,0.0,0.0,0.0,0.0,,,,,,0.0,0.0,False,,0.326271186440678,0.0,limited
3,Commitments,Indonesia,IDA,EAST ASIA AND PACIFIC,2026-Q3,0.0,0.0,0.0,0.0,0.0,2026,3,quarterly,0.0,0.0,country,0.0,0.0,0.0,0.0,0.0,0.0,0.0,0.0,0.0,0.0,0.0,,0.0,,0.0,0.0,False,,0.326271186440678,0.0,limited
2574,Gross Disbursements,Indonesia,IDA,EAST ASIA AND PACIFIC,FY14,0.0,-3.0,0.0,0.0,-3.0,2014,4,annual,-3.0,0.0,country,-0.0,0.0,1.0,0.0,-0.0,0.0,-0.0,0.0,0.0,,,,,,,-3.0,False,,0.004051863857374392,3.0,limited
2406,Gross Disbursements,Indonesia,IDA,EAST ASIA AND PACIFIC,FY15,0.0,-1.0,0.0,0.0,-1.0,2015,4,annual,-1.0,0.0,country,-0.0,0.0,1.0,0.0,-0.0,0.0,-0.0,0.0,0.0,-3.0,2.0,0.6666666666666666,-3.0,0.6666666666666666,,-1.0,False,,0.006482982171799027,1.0,limited
1127,Gross Disbursements,Indonesia,IDA,EAST ASIA AND PACIFIC,FY16,0.0,0.0,0.0,0.0,0.0,2016,4,annual,0.0,0.0,country,0.0,0.0,0.0,0.0,0.0,0.0,0.0,0.0,0.0,-1.0,1.0,1.0,-1.0,1.0,,0.0,False,,0.1094003241491086,0.0,limited
988,Gross Disbursements,Indonesia,IDA,EAST ASIA AND PACIFIC,FY17,0.0,0.0,0.0,0.0,0.0,2017,4,annual,0.0,0.0,country,0.0,0.0,0.0,0.0,0.0,0.0,0.0,0.0,0.0,0.0,0.0,,0.0,,,0.0,False,,0.1094003241491086,0.0,limited
3258,Gross Disbursements,Indonesia,IDA,EAST ASIA AND PACIFIC,FY19,0.0,0.0,0.0,0.0,0.0,2019,4,annual,0.0,0.0,country,0.0,0.0,0.0,0.0,0.0,0.0,0.0,0.0,0.0,0.0,0.0,,0.0,,0.0,0.0,False,,0.1094003241491086,0.0,limited
2133,Gross Disbursements,Indonesia,IDA,EAST ASIA AND PACIFIC,FY20,0.0,0.0,0.0,0.0,0.0,2020,4,annual,0.0,0.0,country,0.0,0.0,0.0,0.0,0.0,0.0,0.0,0.0,0.0,0.0,0.0,,0.0,,0.0,0.0,False,,0.1094003241491086,0.0,limited
672,Gross Disbursements,Indonesia,IDA,EAST ASIA AND PACIFIC,FY21,0.0,0.0,0.0,0.0,0.0,2021,4,annual,0.0,0.0,country,0.0,0.0,0.0,0.0,0.0,0.0,0.0,0.0,0.0,0.0,0.0,,0.0,,0.0,0.0,False,,0.1094003241491086,0.0,limited
425,Gross Disbursements,Indonesia,IDA,EAST ASIA AND PACIFIC,FY22,0.0,0.0,0.0,0.0,0.0,2022,4,annual,0.0,0.0,country,0.0,0.0,0.0,0.0,0.0,0.0,0.0,0.0,0.0,0.0,0.0,,0.0,,0.0,0.0,False,,0.1094003241491086,0.0,limited
2808,Gross Disbursements,Indonesia,IDA,EAST ASIA AND PACIFIC,FY23,0.0,0.0,0.0,0.0,0.0,2023,4,annual,0.0,0.0,country,0.0,0.0,0.0,0.0,0.0,0.0,0.0,0.0,0.0,0.0,0.0,,0.0,,0.0,0.0,False,,0.1094003241491086,0.0,limited
1730,Gross Disbursements,Indonesia,IDA,EAST ASIA AND PACIFIC,FY24,0.0,0.0,0.0,0.0,0.0,2024,4,annual,0.0,0.0,country,0.0,0.0,0.0,0.0,0.0,0.0,0.0,0.0,0.0,0.0,0.0,,0.0,,0.0,0.0,False,,0.1094003241491086,0.0,limited
1609,Gross Disbursements,Indonesia,IDA,EAST ASIA AND PACIFIC,FY25,0.0,0.0,0.0,0.0,0.0,2025,4,annual,0.0,0.0,country,0.0,0.0,0.0,0.0,0.0,0.0,0.0,0.0,0.0,0.0,0.0,,0.0,,0.0,0.0,False,,0.1094003241491086,0.0,limited
1294,Gross Disbursements,Indonesia,IDA,EAST ASIA AND PACIFIC,2025-Q3,0.0,0.0,0.0,0.0,0.0,2025,3,quarterly,0.0,0.0,country,0.0,0.0,0.0,0.0,0.0,0.0,0.0,0.0,0.0,,,,,,0.0,0.0,False,,0.15848214285714285,0.0,limited
1171,Gross Disbursements,Indonesia,IDA,EAST ASIA AND PACIFIC,2026-Q3,0.0,0.0,0.0,0.0,0.0,2026,3,quarterly,0.0,0.0,country,0.0,0.0,0.0,0.0,0.0,0.0,0.0,0.0,0.0,0.0,0.0,,0.0,,0.0,0.0,False,,0.15848214285714285,0.0,limited
2736,Commitments,"Iran, Islamic Republic of",IDA,MIDDLE EAST AND NORTH AFRICA,FY24,0.0,0.0,0.0,0.0,0.0,2024,4,annual,0.0,0.0,country,0.0,0.0,0.0,0.0,0.0,0.0,0.0,0.0,0.0,,,,,,0.0,,False,,0.19539375928677563,0.0,limited
1537,Commitments,"Iran, Islamic Republic of",IDA,MIDDLE EAST AND NORTH AFRICA,FY25,0.0,0.0,0.0,0.0,0.0,2025,4,annual,0.0,0.0,country,0.0,0.0,0.0,0.0,0.0,0.0,0.0,0.0,0.0,0.0,0.0,,0.0,,0.0,,False,,0.19539375928677563,0.0,limited
317,Commitments,"Iran, Islamic Republic of",IDA,"MIDDLE EAST, NORTH AFRICA, AFGHANISTAN, AND PAKISTAN",2025-Q3,0.0,0.0,0.0,0.0,0.0,2025,3,quarterly,0.0,0.0,country,0.0,0.0,0.0,0.0,0.0,0.0,0.0,0.0,0.0,,,,,,0.0,,False,,0.326271186440678,0.0,limited
124,Commitments,"Iran, Islamic Republic of",IDA,"MIDDLE EAST, NORTH AFRICA, AFGHANISTAN, AND PAKISTAN",2026-Q3,0.0,0.0,0.0,0.0,0.0,2026,3,quarterly,0.0,0.0,country,0.0,0.0,0.0,0.0,0.0,0.0,0.0,0.0,0.0,0.0,0.0,,0.0,,0.0,,False,,0.326271186440678,0.0,limited
3391,Commitments,Iraq,IDA,MIDDLE EAST AND NORTH AFRICA,FY18,0.0,0.0,0.0,0.0,0.0,2018,4,annual,0.0,0.0,country,0.0,0.0,0.0,0.0,0.0,0.0,0.0,0.0,0.0,,,,,,0.0,,False,,0.19539375928677563,0.0,limited
3152,Commitments,Iraq,IDA,MIDDLE EAST AND NORTH AFRICA,FY19,0.0,0.0,0.0,0.0,0.0,2019,4,annual,0.0,0.0,country,0.0,0.0,0.0,0.0,0.0,0.0,0.0,0.0,0.0,0.0,0.0,,0.0,,0.0,0.0,False,,0.19539375928677563,0.0,limited
3023,Commitments,Iraq,IDA,MIDDLE EAST AND NORTH AFRICA,FY20,0.0,0.0,0.0,0.0,0.0,2020,4,annual,0.0,0.0,country,0.0,0.0,0.0,0.0,0.0,0.0,0.0,0.0,0.0,0.0,0.0,,0.0,,0.0,0.0,False,,0.19539375928677563,0.0,limited
1991,Commitments,Iraq,IDA,MIDDLE EAST AND NORTH AFRICA,FY21,0.0,0.0,0.0,0.0,0.0,2021,4,annual,0.0,0.0,country,0.0,0.0,0.0,0.0,0.0,0.0,0.0,0.0,0.0,0.0,0.0,,0.0,,0.0,0.0,False,,0.19539375928677563,0.0,limited
626,Commitments,Iraq,IDA,MIDDLE EAST AND NORTH AFRICA,FY22,0.0,0.0,0.0,0.0,0.0,2022,4,annual,0.0,0.0,country,0.0,0.0,0.0,0.0,0.0,0.0,0.0,0.0,0.0,0.0,0.0,,0.0,,0.0,0.0,False,,0.19539375928677563,0.0,limited
379,Commitments,Iraq,IDA,MIDDLE EAST AND NORTH AFRICA,FY23,0.0,0.0,0.0,0.0,0.0,2023,4,annual,0.0,0.0,country,0.0,0.0,0.0,0.0,0.0,0.0,0.0,0.0,0.0,0.0,0.0,,0.0,,0.0,0.0,False,,0.19539375928677563,0.0,limited
2737,Commitments,Iraq,IDA,MIDDLE EAST AND NORTH AFRICA,FY24,0.0,0.0,0.0,0.0,0.0,2024,4,annual,0.0,0.0,country,0.0,0.0,0.0,0.0,0.0,0.0,0.0,0.0,0.0,0.0,0.0,,0.0,,0.0,0.0,False,,0.19539375928677563,0.0,limited
1538,Commitments,Iraq,IDA,MIDDLE EAST AND NORTH AFRICA,FY25,0.0,0.0,0.0,0.0,0.0,2025,4,annual,0.0,0.0,country,0.0,0.0,0.0,0.0,0.0,0.0,0.0,0.0,0.0,0.0,0.0,,0.0,,0.0,0.0,False,,0.19539375928677563,0.0,limited
318,Commitments,Iraq,IDA,"MIDDLE EAST, NORTH AFRICA, AFGHANISTAN, AND PAKISTAN",2025-Q3,0.0,0.0,0.0,0.0,0.0,2025,3,quarterly,0.0,0.0,country,0.0,0.0,0.0,0.0,0.0,0.0,0.0,0.0,0.0,,,,,,0.0,0.0,False,,0.326271186440678,0.0,limited
125,Commitments,Iraq,IDA,"MIDDLE EAST, NORTH AFRICA, AFGHANISTAN, AND PAKISTAN",2026-Q3,0.0,0.0,0.0,0.0,0.0,2026,3,quarterly,0.0,0.0,country,0.0,0.0,0.0,0.0,0.0,0.0,0.0,0.0,0.0,0.0,0.0,,0.0,,0.0,0.0,False,,0.326271186440678,0.0,limited
2614,Gross Disbursements,Iraq,IDA,MIDDLE EAST AND NORTH AFRICA,FY14,0.0,86.0,0.0,0.0,86.0,2014,4,annual,86.0,0.0,country,0.0,0.0,1.0,4.465908118654584,0.0,0.0,0.0,0.0,4.465908118654584,,,,,,,86.0,False,,0.6365478119935171,86.0,moderate
2446,Gross Disbursements,Iraq,IDA,MIDDLE EAST AND NORTH AFRICA,FY15,0.0,35.0,0.0,0.0,35.0,2015,4,annual,35.0,0.0,country,0.0,0.0,1.0,3.58351893845611,0.0,0.0,0.0,0.0,3.58351893845611,86.0,-51.0,-0.5930232558139535,86.0,-0.5930232558139535,,35.0,False,,0.4837925445705024,35.0,moderate
2274,Gross Disbursements,Iraq,IDA,MIDDLE EAST AND NORTH AFRICA,FY16,0.0,19.0,0.0,0.0,19.0,2016,4,annual,19.0,0.0,country,0.0,0.0,1.0,2.995732273553991,0.0,0.0,0.0,0.0,2.995732273553991,35.0,-16.0,-0.45714285714285713,35.0,-0.45714285714285713,,19.0,False,,0.4007293354943274,19.0,moderate
1000,Gross Disbursements,Iraq,IDA,MIDDLE EAST AND NORTH AFRICA,FY17,0.0,-1.0,0.0,0.0,-1.0,2017,4,annual,-1.0,0.0,country,-0.0,0.0,1.0,0.0,-0.0,0.0,-0.0,0.0,0.0,19.0,-20.0,-1.0526315789473684,19.0,-1.0526315789473684,,-1.0,False,,0.006482982171799027,1.0,limited
3271,Gross Disbursements,Iraq,IDA,MIDDLE EAST AND NORTH AFRICA,FY19,0.0,0.0,0.0,0.0,0.0,2019,4,annual,0.0,0.0,country,0.0,0.0,0.0,0.0,0.0,0.0,0.0,0.0,0.0,-1.0,1.0,1.0,-1.0,1.0,0.0,0.0,False,,0.1094003241491086,0.0,limited
2147,Gross Disbursements,Iraq,IDA,MIDDLE EAST AND NORTH AFRICA,FY20,0.0,0.0,0.0,0.0,0.0,2020,4,annual,0.0,0.0,country,0.0,0.0,0.0,0.0,0.0,0.0,0.0,0.0,0.0,0.0,0.0,,0.0,,0.0,0.0,False,,0.1094003241491086,0.0,limited
1864,Gross Disbursements,Iraq,IDA,MIDDLE EAST AND NORTH AFRICA,FY21,0.0,0.0,0.0,0.0,0.0,2021,4,annual,0.0,0.0,country,0.0,0.0,0.0,0.0,0.0,0.0,0.0,0.0,0.0,0.0,0.0,,0.0,,0.0,0.0,False,,0.1094003241491086,0.0,limited
499,Gross Disbursements,Iraq,IDA,MIDDLE EAST AND NORTH AFRICA,FY22,0.0,0.0,0.0,0.0,0.0,2022,4,annual,0.0,0.0,country,0.0,0.0,0.0,0.0,0.0,0.0,0.0,0.0,0.0,0.0,0.0,,0.0,,0.0,0.0,False,,0.1094003241491086,0.0,limited
2884,Gross Disbursements,Iraq,IDA,MIDDLE EAST AND NORTH AFRICA,FY23,0.0,0.0,0.0,0.0,0.0,2023,4,annual,0.0,0.0,country,0.0,0.0,0.0,0.0,0.0,0.0,0.0,0.0,0.0,0.0,0.0,,0.0,,0.0,0.0,False,,0.1094003241491086,0.0,limited
1806,Gross Disbursements,Iraq,IDA,MIDDLE EAST AND NORTH AFRICA,FY24,0.0,0.0,0.0,0.0,0.0,2024,4,annual,0.0,0.0,country,0.0,0.0,0.0,0.0,0.0,0.0,0.0,0.0,0.0,0.0,0.0,,0.0,,0.0,0.0,False,,0.1094003241491086,0.0,limited
1686,Gross Disbursements,Iraq,IDA,MIDDLE EAST AND NORTH AFRICA,FY25,0.0,0.0,0.0,0.0,0.0,2025,4,annual,0.0,0.0,country,0.0,0.0,0.0,0.0,0.0,0.0,0.0,0.0,0.0,0.0,0.0,,0.0,,0.0,0.0,False,,0.1094003241491086,0.0,limited
1372,Gross Disbursements,Iraq,IDA,"MIDDLE EAST, NORTH AFRICA, AFGHANISTAN, AND PAKISTAN",2025-Q3,0.0,0.0,0.0,0.0,0.0,2025,3,quarterly,0.0,0.0,country,0.0,0.0,0.0,0.0,0.0,0.0,0.0,0.0,0.0,,,,,,0.0,0.0,False,,0.15848214285714285,0.0,limited
1249,Gross Disbursements,Iraq,IDA,"MIDDLE EAST, NORTH AFRICA, AFGHANISTAN, AND PAKISTAN",2026-Q3,0.0,0.0,0.0,0.0,0.0,2026,3,quarterly,0.0,0.0,country,0.0,0.0,0.0,0.0,0.0,0.0,0.0,0.0,0.0,0.0,0.0,,0.0,,0.0,0.0,False,,0.15848214285714285,0.0,limited
2676,Commitments,Ireland,IDA,EUROPE AND CENTRAL ASIA,FY24,0.0,0.0,0.0,0.0,0.0,2024,4,annual,0.0,0.0,country,0.0,0.0,0.0,0.0,0.0,0.0,0.0,0.0,0.0,,,,,,0.0,,False,,0.19539375928677563,0.0,limited
1477,Commitments,Ireland,IDA,EUROPE AND CENTRAL ASIA,FY25,0.0,0.0,0.0,0.0,0.0,2025,4,annual,0.0,0.0,country,0.0,0.0,0.0,0.0,0.0,0.0,0.0,0.0,0.0,0.0,0.0,,0.0,,0.0,,False,,0.19539375928677563,0.0,limited
257,Commitments,Ireland,IDA,EUROPE AND CENTRAL ASIA,2025-Q3,0.0,0.0,0.0,0.0,0.0,2025,3,quarterly,0.0,0.0,country,0.0,0.0,0.0,0.0,0.0,0.0,0.0,0.0,0.0,,,,,,0.0,,False,,0.326271186440678,0.0,limited
64,Commitments,Ireland,IDA,EUROPE AND CENTRAL ASIA,2026-Q3,0.0,0.0,0.0,0.0,0.0,2026,3,quarterly,0.0,0.0,country,0.0,0.0,0.0,0.0,0.0,0.0,0.0,0.0,0.0,0.0,0.0,,0.0,,0.0,,False,,0.326271186440678,0.0,limited
2738,Commitments,Israel,IDA,MIDDLE EAST AND NORTH AFRICA,FY24,0.0,0.0,0.0,0.0,0.0,2024,4,annual,0.0,0.0,country,0.0,0.0,0.0,0.0,0.0,0.0,0.0,0.0,0.0,,,,,,0.0,,False,,0.19539375928677563,0.0,limited
1539,Commitments,Israel,IDA,MIDDLE EAST AND NORTH AFRICA,FY25,0.0,0.0,0.0,0.0,0.0,2025,4,annual,0.0,0.0,country,0.0,0.0,0.0,0.0,0.0,0.0,0.0,0.0,0.0,0.0,0.0,,0.0,,0.0,,False,,0.19539375928677563,0.0,limited
319,Commitments,Israel,IDA,"MIDDLE EAST, NORTH AFRICA, AFGHANISTAN, AND PAKISTAN",2025-Q3,0.0,0.0,0.0,0.0,0.0,2025,3,quarterly,0.0,0.0,country,0.0,0.0,0.0,0.0,0.0,0.0,0.0,0.0,0.0,,,,,,0.0,,False,,0.326271186440678,0.0,limited
126,Commitments,Israel,IDA,"MIDDLE EAST, NORTH AFRICA, AFGHANISTAN, AND PAKISTAN",2026-Q3,0.0,0.0,0.0,0.0,0.0,2026,3,quarterly,0.0,0.0,country,0.0,0.0,0.0,0.0,0.0,0.0,0.0,0.0,0.0,0.0,0.0,,0.0,,0.0,,False,,0.326271186440678,0.0,limited
2677,Commitments,Italy,IDA,EUROPE AND CENTRAL ASIA,FY24,0.0,0.0,0.0,0.0,0.0,2024,4,annual,0.0,0.0,country,0.0,0.0,0.0,0.0,0.0,0.0,0.0,0.0,0.0,,,,,,0.0,,False,,0.19539375928677563,0.0,limited
1478,Commitments,Italy,IDA,EUROPE AND CENTRAL ASIA,FY25,0.0,0.0,0.0,0.0,0.0,2025,4,annual,0.0,0.0,country,0.0,0.0,0.0,0.0,0.0,0.0,0.0,0.0,0.0,0.0,0.0,,0.0,,0.0,,False,,0.19539375928677563,0.0,limited
258,Commitments,Italy,IDA,EUROPE AND CENTRAL ASIA,2025-Q3,0.0,0.0,0.0,0.0,0.0,2025,3,quarterly,0.0,0.0,country,0.0,0.0,0.0,0.0,0.0,0.0,0.0,0.0,0.0,,,,,,0.0,,False,,0.326271186440678,0.0,limited
65,Commitments,Italy,IDA,EUROPE AND CENTRAL ASIA,2026-Q3,0.0,0.0,0.0,0.0,0.0,2026,3,quarterly,0.0,0.0,country,0.0,0.0,0.0,0.0,0.0,0.0,0.0,0.0,0.0,0.0,0.0,,0.0,,0.0,,False,,0.326271186440678,0.0,limited
2721,Commitments,Jamaica,IDA,LATIN AMERICA AND CARIBBEAN,FY24,0.0,0.0,0.0,0.0,0.0,2024,4,annual,0.0,0.0,country,0.0,0.0,0.0,0.0,0.0,0.0,0.0,0.0,0.0,,,,,,0.0,,False,,0.19539375928677563,0.0,limited
1522,Commitments,Jamaica,IDA,LATIN AMERICA AND CARIBBEAN,FY25,0.0,0.0,0.0,0.0,0.0,2025,4,annual,0.0,0.0,country,0.0,0.0,0.0,0.0,0.0,0.0,0.0,0.0,0.0,0.0,0.0,,0.0,,0.0,,False,,0.19539375928677563,0.0,limited
302,Commitments,Jamaica,IDA,LATIN AMERICA AND CARIBBEAN,2025-Q3,0.0,0.0,0.0,0.0,0.0,2025,3,quarterly,0.0,0.0,country,0.0,0.0,0.0,0.0,0.0,0.0,0.0,0.0,0.0,,,,,,0.0,,False,,0.326271186440678,0.0,limited
109,Commitments,Jamaica,IDA,LATIN AMERICA AND CARIBBEAN,2026-Q3,0.0,0.0,0.0,0.0,0.0,2026,3,quarterly,0.0,0.0,country,0.0,0.0,0.0,0.0,0.0,0.0,0.0,0.0,0.0,0.0,0.0,,0.0,,0.0,,False,,0.326271186440678,0.0,limited
1851,Commitments,Japan,IDA,EAST ASIA AND PACIFIC,FY24,0.0,0.0,0.0,0.0,0.0,2024,4,annual,0.0,0.0,country,0.0,0.0,0.0,0.0,0.0,0.0,0.0,0.0,0.0,,,,,,0.0,,False,,0.19539375928677563,0.0,limited
1418,Commitments,Japan,IDA,EAST ASIA AND PACIFIC,FY25,0.0,0.0,0.0,0.0,0.0,2025,4,annual,0.0,0.0,country,0.0,0.0,0.0,0.0,0.0,0.0,0.0,0.0,0.0,0.0,0.0,,0.0,,0.0,,False,,0.19539375928677563,0.0,limited
197,Commitments,Japan,IDA,EAST ASIA AND PACIFIC,2025-Q3,0.0,0.0,0.0,0.0,0.0,2025,3,quarterly,0.0,0.0,country,0.0,0.0,0.0,0.0,0.0,0.0,0.0,0.0,0.0,,,,,,0.0,,False,,0.326271186440678,0.0,limited
4,Commitments,Japan,IDA,EAST ASIA AND PACIFIC,2026-Q3,0.0,0.0,0.0,0.0,0.0,2026,3,quarterly,0.0,0.0,country,0.0,0.0,0.0,0.0,0.0,0.0,0.0,0.0,0.0,0.0,0.0,,0.0,,0.0,,False,,0.326271186440678,0.0,limited
885,Commitments,Jordan,IDA,MIDDLE EAST AND NORTH AFRICA,FY17,0.0,0.0,0.0,100.0,100.0,2017,4,annual,100.0,0.0,country,0.0,0.0,0.0,0.0,0.0,0.0,1.0,4.61512051684126,4.61512051684126,,,,,,100.0,48.0,True,0.48,0.6404160475482912,100.0,moderate
3392,Commitments,Jordan,IDA,MIDDLE EAST AND NORTH AFRICA,FY18,0.0,0.0,0.0,0.0,0.0,2018,4,annual,0.0,0.0,country,0.0,0.0,0.0,0.0,0.0,0.0,0.0,0.0,0.0,100.0,-100.0,-1.0,100.0,-1.0,0.0,8.0,False,,0.19539375928677563,0.0,limited
3082,Commitments,Jordan,IDA,MIDDLE EAST AND NORTH AFRICA,FY19,0.0,0.0,0.0,0.0,0.0,2019,4,annual,0.0,0.0,country,0.0,0.0,0.0,0.0,0.0,0.0,0.0,0.0,0.0,0.0,0.0,,0.0,,0.0,30.0,False,,0.19539375928677563,0.0,limited
3024,Commitments,Jordan,IDA,MIDDLE EAST AND NORTH AFRICA,FY20,0.0,0.0,0.0,100.0,100.0,2020,4,annual,100.0,0.0,country,0.0,0.0,0.0,0.0,0.0,0.0,1.0,4.61512051684126,4.61512051684126,0.0,100.0,,0.0,,100.0,10.0,True,0.1,0.6404160475482912,100.0,moderate
1992,Commitments,Jordan,IDA,MIDDLE EAST AND NORTH AFRICA,FY21,0.0,0.0,0.0,0.0,0.0,2021,4,annual,0.0,0.0,country,0.0,0.0,0.0,0.0,0.0,0.0,0.0,0.0,0.0,100.0,-100.0,-1.0,100.0,-1.0,0.0,28.0,False,,0.19539375928677563,0.0,limited
627,Commitments,Jordan,IDA,MIDDLE EAST AND NORTH AFRICA,FY22,0.0,0.0,0.0,0.0,0.0,2022,4,annual,0.0,0.0,country,0.0,0.0,0.0,0.0,0.0,0.0,0.0,0.0,0.0,0.0,0.0,,0.0,,0.0,33.0,False,,0.19539375928677563,0.0,limited
380,Commitments,Jordan,IDA,MIDDLE EAST AND NORTH AFRICA,FY23,0.0,0.0,0.0,0.0,0.0,2023,4,annual,0.0,0.0,country,0.0,0.0,0.0,0.0,0.0,0.0,0.0,0.0,0.0,0.0,0.0,,0.0,,0.0,0.0,False,,0.19539375928677563,0.0,limited
2739,Commitments,Jordan,IDA,MIDDLE EAST AND NORTH AFRICA,FY24,0.0,0.0,0.0,0.0,0.0,2024,4,annual,0.0,0.0,country,0.0,0.0,0.0,0.0,0.0,0.0,0.0,0.0,0.0,0.0,0.0,,0.0,,0.0,42.0,False,,0.19539375928677563,0.0,limited
1540,Commitments,Jordan,IDA,MIDDLE EAST AND NORTH AFRICA,FY25,0.0,0.0,0.0,0.0,0.0,2025,4,annual,0.0,0.0,country,0.0,0.0,0.0,0.0,0.0,0.0,0.0,0.0,0.0,0.0,0.0,,0.0,,0.0,0.0,False,,0.19539375928677563,0.0,limited
320,Commitments,Jordan,IDA,"MIDDLE EAST, NORTH AFRICA, AFGHANISTAN, AND PAKISTAN",2025-Q3,0.0,0.0,0.0,0.0,0.0,2025,3,quarterly,0.0,0.0,country,0.0,0.0,0.0,0.0,0.0,0.0,0.0,0.0,0.0,,,,,,0.0,0.0,False,,0.326271186440678,0.0,limited
127,Commitments,Jordan,IDA,"MIDDLE EAST, NORTH AFRICA, AFGHANISTAN, AND PAKISTAN",2026-Q3,0.0,0.0,0.0,0.0,0.0,2026,3,quarterly,0.0,0.0,country,0.0,0.0,0.0,0.0,0.0,0.0,0.0,0.0,0.0,0.0,0.0,,0.0,,0.0,0.0,False,,0.326271186440678,0.0,limited
2275,Gross Disbursements,Jordan,IDA,MIDDLE EAST AND NORTH AFRICA,FY16,0.0,0.0,0.0,0.0,0.0,2016,4,annual,0.0,0.0,country,0.0,0.0,0.0,0.0,0.0,0.0,0.0,0.0,0.0,,,,,,,0.0,False,,0.1094003241491086,0.0,limited
960,Gross Disbursements,Jordan,IDA,MIDDLE EAST AND NORTH AFRICA,FY17,0.0,0.0,0.0,48.0,48.0,2017,4,annual,48.0,0.0,country,0.0,0.0,0.0,0.0,0.0,0.0,1.0,3.8918202981106265,3.8918202981106265,0.0,48.0,,0.0,,100.0,48.0,True,0.48,0.534035656401945,48.0,moderate
771,Gross Disbursements,Jordan,IDA,MIDDLE EAST AND NORTH AFRICA,FY18,0.0,0.0,0.0,8.0,8.0,2018,4,annual,8.0,0.0,country,0.0,0.0,0.0,0.0,0.0,0.0,1.0,2.1972245773362196,2.1972245773362196,48.0,-40.0,-0.8333333333333334,48.0,-0.8333333333333334,0.0,8.0,False,,0.30591572123176664,8.0,limited
3236,Gross Disbursements,Jordan,IDA,MIDDLE EAST AND NORTH AFRICA,FY19,0.0,0.0,0.0,30.0,30.0,2019,4,annual,30.0,0.0,country,0.0,0.0,0.0,0.0,0.0,0.0,1.0,3.4339872044851463,3.4339872044851463,8.0,22.0,2.75,8.0,2.75,0.0,30.0,False,,0.46312803889789306,30.0,moderate
2101,Gross Disbursements,Jordan,IDA,MIDDLE EAST AND NORTH AFRICA,FY20,0.0,0.0,0.0,10.0,10.0,2020,4,annual,10.0,0.0,country,0.0,0.0,0.0,0.0,0.0,0.0,1.0,2.3978952727983707,2.3978952727983707,30.0,-20.0,-0.6666666666666666,30.0,-0.6666666666666666,100.0,10.0,True,0.1,0.3286061588330632,10.0,limited
1865,Gross Disbursements,Jordan,IDA,MIDDLE EAST AND NORTH AFRICA,FY21,0.0,0.0,0.0,28.0,28.0,2021,4,annual,28.0,0.0,country,0.0,0.0,0.0,0.0,0.0,0.0,1.0,3.367295829986474,3.367295829986474,10.0,18.0,1.8,10.0,1.8,0.0,28.0,False,,0.4529983792544571,28.0,moderate
500,Gross Disbursements,Jordan,IDA,MIDDLE EAST AND NORTH AFRICA,FY22,0.0,0.0,0.0,33.0,33.0,2022,4,annual,33.0,0.0,country,0.0,0.0,0.0,0.0,0.0,0.0,1.0,3.5263605246161616,3.5263605246161616,28.0,5.0,0.17857142857142858,28.0,0.17857142857142858,0.0,33.0,False,,0.47487844408427876,33.0,moderate
2885,Gross Disbursements,Jordan,IDA,MIDDLE EAST AND NORTH AFRICA,FY23,0.0,0.0,0.0,0.0,0.0,2023,4,annual,0.0,0.0,country,0.0,0.0,0.0,0.0,0.0,0.0,0.0,0.0,0.0,33.0,-33.0,-1.0,33.0,-1.0,0.0,0.0,False,,0.1094003241491086,0.0,limited
1807,Gross Disbursements,Jordan,IDA,MIDDLE EAST AND NORTH AFRICA,FY24,0.0,0.0,0.0,42.0,42.0,2024,4,annual,42.0,0.0,country,0.0,0.0,0.0,0.0,0.0,0.0,1.0,3.7612001156935624,3.7612001156935624,0.0,42.0,,0.0,,0.0,42.0,False,,0.5097244732576985,42.0,moderate
1687,Gross Disbursements,Jordan,IDA,MIDDLE EAST AND NORTH AFRICA,FY25,0.0,0.0,0.0,0.0,0.0,2025,4,annual,0.0,0.0,country,0.0,0.0,0.0,0.0,0.0,0.0,0.0,0.0,0.0,42.0,-42.0,-1.0,42.0,-1.0,0.0,0.0,False,,0.1094003241491086,0.0,limited
1373,Gross Disbursements,Jordan,IDA,"MIDDLE EAST, NORTH AFRICA, AFGHANISTAN, AND PAKISTAN",2025-Q3,0.0,0.0,0.0,0.0,0.0,2025,3,quarterly,0.0,0.0,country,0.0,0.0,0.0,0.0,0.0,0.0,0.0,0.0,0.0,,,,,,0.0,0.0,False,,0.15848214285714285,0.0,limited
1250,Gross Disbursements,Jordan,IDA,"MIDDLE EAST, NORTH AFRICA, AFGHANISTAN, AND PAKISTAN",2026-Q3,0.0,0.0,0.0,0.0,0.0,2026,3,quarterly,0.0,0.0,country,0.0,0.0,0.0,0.0,0.0,0.0,0.0,0.0,0.0,0.0,0.0,,0.0,,0.0,0.0,False,,0.15848214285714285,0.0,limited
2678,Commitments,Kazakhstan,IDA,EUROPE AND CENTRAL ASIA,FY24,0.0,0.0,0.0,0.0,0.0,2024,4,annual,0.0,0.0,country,0.0,0.0,0.0,0.0,0.0,0.0,0.0,0.0,0.0,,,,,,0.0,,False,,0.19539375928677563,0.0,limited
1479,Commitments,Kazakhstan,IDA,EUROPE AND CENTRAL ASIA,FY25,0.0,0.0,0.0,0.0,0.0,2025,4,annual,0.0,0.0,country,0.0,0.0,0.0,0.0,0.0,0.0,0.0,0.0,0.0,0.0,0.0,,0.0,,0.0,,False,,0.19539375928677563,0.0,limited
259,Commitments,Kazakhstan,IDA,EUROPE AND CENTRAL ASIA,2025-Q3,0.0,0.0,0.0,0.0,0.0,2025,3,quarterly,0.0,0.0,country,0.0,0.0,0.0,0.0,0.0,0.0,0.0,0.0,0.0,,,,,,0.0,,False,,0.326271186440678,0.0,limited
66,Commitments,Kazakhstan,IDA,EUROPE AND CENTRAL ASIA,2026-Q3,0.0,-1.0,0.0,0.0,-1.0,2026,3,quarterly,-1.0,0.0,country,-0.0,0.0,1.0,0.0,-0.0,0.0,-0.0,0.0,0.0,0.0,-1.0,,0.0,,-1.0,,False,,0.00847457627118644,1.0,limited
2475,Commitments,Kenya,IDA,AFRICA,FY14,0.0,362.0,0.0,250.0,612.0,2014,4,annual,612.0,0.0,country,0.0,0.0,0.5915032679738562,5.8944028342648505,0.0,0.0,0.4084967320261438,5.5254529391317835,6.418364935936212,,,,,,612.0,503.0,True,0.8218954248366013,0.8714710252600297,612.0,major
2366,Commitments,Kenya,IDA,AFRICA,FY15,0.0,1305.0,0.0,0.0,1305.0,2015,4,annual,1305.0,0.0,country,0.0,0.0,1.0,7.174724309836376,0.0,0.0,0.0,0.0,7.174724309836376,612.0,693.0,1.1323529411764706,612.0,1.1323529411764706,1305.0,530.0,True,0.4061302681992337,0.9531946508172363,1305.0,major
1023,Commitments,Kenya,IDA,AFRICA,FY16,0.0,396.0,0.0,250.0,646.0,2016,4,annual,646.0,0.0,country,0.0,0.0,0.6130030959752322,5.983936280687191,0.0,0.0,0.38699690402476783,5.5254529391317835,6.472346294500901,1305.0,-659.0,-0.5049808429118774,1305.0,-0.5049808429118774,646.0,489.0,True,0.7569659442724458,0.8811292719167905,646.0,major
811,Commitments,Kenya,IDA,AFRICA,FY17,0.0,850.0,0.0,50.0,900.0,2017,4,annual,900.0,0.0,country,0.0,0.0,0.9444444444444444,6.7464121285733745,0.0,0.0,0.05555555555555555,3.9318256327243257,6.803505257608338,646.0,254.0,0.3931888544891641,646.0,0.3931888544891641,900.0,577.0,True,0.6411111111111111,0.9253343239227341,900.0,major
3278,Commitments,Kenya,IDA,AFRICA,FY18,200.0,630.0,0.0,450.0,1280.0,2018,4,annual,1280.0,0.0,country,0.15625,5.303304908059076,0.4921875,6.447305862541213,0.0,0.0,0.3515625,6.111467339502679,7.155396301896734,900.0,380.0,0.4222222222222222,900.0,0.4222222222222222,1280.0,538.0,True,0.4203125,0.9517087667161961,1280.0,major
3038,Commitments,Kenya,IDA,AFRICA,FY19,750.0,310.0,0.0,0.0,1060.0,2019,4,annual,1060.0,0.0,country,0.7075471698113207,6.621405651764134,0.29245283018867924,5.739792912179234,0.0,0.0,0.0,0.0,6.966967138613983,1280.0,-220.0,-0.171875,1280.0,-0.171875,1060.0,1405.0,True,1.3254716981132075,0.9420505200594353,1060.0,major
2156,Commitments,Kenya,IDA,AFRICA EAST,FY20,750.0,193.0,0.0,0.0,943.0,2020,4,annual,943.0,0.0,country,0.7953340402969247,6.621405651764134,0.2046659597030753,5.267858159063328,0.0,0.0,0.0,0.0,6.8501261661455,1060.0,-117.0,-0.11037735849056604,1060.0,-0.11037735849056604,943.0,1912.0,True,2.027571580063627,0.9301634472511144,943.0,major
1938,Commitments,Kenya,IDA,EASTERN AND SOUTHERN AFRICA,FY21,750.0,1080.0,0.0,0.0,1830.0,2021,4,annual,1830.0,0.0,country,0.4098360655737705,6.621405651764134,0.5901639344262295,6.985641817639208,0.0,0.0,0.0,0.0,7.5126175446745105,943.0,887.0,0.9406150583244963,943.0,0.9406150583244963,1830.0,1438.0,True,0.7857923497267759,0.9732540861812778,1830.0,major
573,Commitments,Kenya,IDA,EASTERN AND SOUTHERN AFRICA,FY22,520.0,810.0,0.0,470.0,1800.0,2022,4,annual,1800.0,0.0,country,0.28888888888888886,6.255750041753367,0.45,6.698268054115413,0.0,0.0,0.2611111111111111,6.154858094016418,7.496097345175956,1830.0,-30.0,-0.01639344262295082,1830.0,-0.01639344262295082,1800.0,1055.0,True,0.5861111111111111,0.9717682020802377,1800.0,major
2959,Commitments,Kenya,IDA,EASTERN AND SOUTHERN AFRICA,FY23,500.0,760.0,0.0,750.0,2010.0,2023,4,annual,2010.0,0.0,country,0.24875621890547264,6.2166061010848646,0.3781094527363184,6.634633357861686,0.0,0.0,0.373134328358209,6.621405651764134,7.606387389772652,1800.0,210.0,0.11666666666666667,1800.0,0.11666666666666667,2010.0,1161.0,True,0.5776119402985075,0.9799405646359584,2010.0,major
2639,Commitments,Kenya,IDA,EASTERN AND SOUTHERN AFRICA,FY24,350.0,653.0,0.0,650.0,1653.0,2024,4,annual,1653.0,0.0,country,0.21173623714458562,5.860786223465865,0.39503932244404116,6.483107351457199,0.0,0.0,0.3932244404113733,6.478509642208569,7.4109518755836366,2010.0,-357.0,-0.17761194029850746,2010.0,-0.17761194029850746,1653.0,1096.0,True,0.663036902601331,0.9665676077265973,1653.0,major
1440,Commitments,Kenya,IDA,EASTERN AND SOUTHERN AFRICA,FY25,0.0,328.0,0.0,250.0,578.0,2025,4,annual,578.0,0.0,country,0.0,0.0,0.5674740484429066,5.796057750765372,0.0,0.0,0.43252595155709345,5.5254529391317835,6.361302477572996,1653.0,-1075.0,-0.6503327283726558,1653.0,-0.6503327283726558,578.0,799.0,True,1.3823529411764706,0.8610698365527489,578.0,major
220,Commitments,Kenya,IDA,EASTERN AND SOUTHERN AFRICA,2025-Q3,0.0,0.0,0.0,250.0,250.0,2025,3,quarterly,250.0,0.0,country,0.0,0.0,0.0,0.0,0.0,0.0,1.0,5.5254529391317835,5.5254529391317835,,,,,,250.0,486.0,True,1.944,0.8884180790960452,250.0,significant
27,Commitments,Kenya,IDA,EASTERN AND SOUTHERN AFRICA,2026-Q3,0.0,1005.0,0.0,280.0,1285.0,2026,3,quarterly,1285.0,0.0,country,0.0,0.0,0.7821011673151751,6.913737350659685,0.0,0.0,0.2178988326848249,5.638354669333745,7.1592919047975645,250.0,1035.0,4.14,250.0,4.14,1285.0,702.0,True,0.5463035019455252,0.9830508474576272,1285.0,major
2554,Gross Disbursements,Kenya,IDA,AFRICA,FY14,0.0,494.0,0.0,9.0,503.0,2014,4,annual,503.0,0.0,country,0.0,0.0,0.9821073558648111,6.20455776256869,0.0,0.0,0.017892644135188866,2.302585092994046,6.222576268071369,,,,,,612.0,503.0,True,0.8218954248366013,0.8889789303079416,503.0,major
2386,Gross Disbursements,Kenya,IDA,AFRICA,FY15,0.0,500.0,0.0,30.0,530.0,2015,4,annual,530.0,0.0,country,0.0,0.0,0.9433962264150944,6.2166061010848646,0.0,0.0,0.05660377358490566,3.4339872044851463,6.274762021241939,503.0,27.0,0.0536779324055666,503.0,0.0536779324055666,1305.0,530.0,True,0.4061302681992337,0.8987034035656402,530.0,major
1100,Gross Disbursements,Kenya,IDA,AFRICA,FY16,0.0,372.0,0.0,117.0,489.0,2016,4,annual,489.0,0.0,country,0.0,0.0,0.7607361963190185,5.921578419643816,0.0,0.0,0.2392638036809816,4.770684624465665,6.194405391104672,530.0,-41.0,-0.07735849056603773,530.0,-0.07735849056603773,646.0,489.0,True,0.7569659442724458,0.8816855753646677,489.0,significant
895,Gross Disbursements,Kenya,IDA,AFRICA,FY17,0.0,501.0,0.0,76.0,577.0,2017,4,annual,577.0,0.0,country,0.0,0.0,0.8682842287694974,6.218600119691729,0.0,0.0,0.1317157712305026,4.343805421853684,6.359573868672378,489.0,88.0,0.17995910020449898,489.0,0.17995910020449898,900.0,577.0,True,0.6411111111111111,0.906807131280389,577.0,major
3399,Gross Disbursements,Kenya,IDA,AFRICA,FY18,0.0,463.0,0.0,75.0,538.0,2018,4,annual,538.0,0.0,country,0.0,0.0,0.8605947955390335,6.139884552226255,0.0,0.0,0.13940520446096655,4.330733340286331,6.289715570908998,577.0,-39.0,-0.06759098786828423,577.0,-0.06759098786828423,1280.0,538.0,True,0.4203125,0.9019448946515397,538.0,major
3159,Gross Disbursements,Kenya,IDA,AFRICA,FY19,751.0,507.0,0.0,147.0,1405.0,2019,4,annual,1405.0,0.0,country,0.5345195729537366,6.62273632394984,0.3608540925266904,6.230481447578482,0.0,0.0,0.10462633451957296,4.997212273764115,7.2485040723706105,538.0,867.0,1.6115241635687731,538.0,1.6115241635687731,1060.0,1405.0,True,1.3254716981132075,0.9744732576985413,1405.0,major
2036,Gross Disbursements,Kenya,IDA,AFRICA EAST,FY20,932.0,718.0,0.0,262.0,1912.0,2020,4,annual,1912.0,0.0,country,0.4874476987447699,6.838405200847344,0.37552301255230125,6.577861357721047,0.0,0.0,0.13702928870292888,5.572154032177765,7.556427969440253,1405.0,507.0,0.3608540925266904,1405.0,0.3608540925266904,943.0,1912.0,True,2.027571580063627,0.9902755267423015,1912.0,major
698,Gross Disbursements,Kenya,IDA,EASTERN AND SOUTHERN AFRICA,FY21,750.0,590.0,0.0,98.0,1438.0,2021,4,annual,1438.0,0.0,country,0.521557719054242,6.621405651764134,0.4102920723226704,6.3818160174060985,0.0,0.0,0.06815020862308763,4.59511985013459,7.271703706887368,1912.0,-474.0,-0.24790794979079497,1912.0,-0.24790794979079497,1830.0,1438.0,True,0.7857923497267759,0.9781199351701783,1438.0,major
451,Gross Disbursements,Kenya,IDA,EASTERN AND SOUTHERN AFRICA,FY22,520.0,515.0,0.0,20.0,1055.0,2022,4,annual,1055.0,0.0,country,0.4928909952606635,6.255750041753367,0.4881516587677725,6.246106765481563,0.0,0.0,0.018957345971563982,3.044522437723423,6.962243464266207,1438.0,-383.0,-0.2663421418636996,1438.0,-0.2663421418636996,1800.0,1055.0,True,0.5861111111111111,0.9554294975688817,1055.0,major
2835,Gross Disbursements,Kenya,IDA,EASTERN AND SOUTHERN AFRICA,FY23,500.0,492.0,0.0,169.0,1161.0,2023,4,annual,1161.0,0.0,country,0.4306632213608958,6.2166061010848646,0.42377260981912146,6.20050917404269,0.0,0.0,0.14556416881998277,5.135798437050262,7.057897937411856,1055.0,106.0,0.1004739336492891,1055.0,0.1004739336492891,2010.0,1161.0,True,0.5776119402985075,0.960291734197731,1161.0,major
1757,Gross Disbursements,Kenya,IDA,EASTERN AND SOUTHERN AFRICA,FY24,348.0,522.0,0.0,226.0,1096.0,2024,4,annual,1096.0,0.0,country,0.3175182481751825,5.855071922202427,0.4762773722627737,6.259581464064923,0.0,0.0,0.2062043795620438,5.424950017481403,7.00033446027523,1161.0,-65.0,-0.05598621877691645,1161.0,-0.05598621877691645,1653.0,1096.0,True,0.663036902601331,0.9562398703403565,1096.0,major
1637,Gross Disbursements,Kenya,IDA,EASTERN AND SOUTHERN AFRICA,FY25,0.0,579.0,0.0,220.0,799.0,2025,4,annual,799.0,0.0,country,0.0,0.0,0.7246558197747184,6.363028103540465,0.0,0.0,0.2753441802252816,5.3981627015177525,6.684611727667927,1096.0,-297.0,-0.270985401459854,1096.0,-0.270985401459854,578.0,799.0,True,1.3823529411764706,0.9367909238249594,799.0,major
1322,Gross Disbursements,Kenya,IDA,EASTERN AND SOUTHERN AFRICA,2025-Q3,0.0,427.0,0.0,59.0,486.0,2025,3,quarterly,486.0,0.0,country,0.0,0.0,0.8786008230452675,6.059123195581797,0.0,0.0,0.12139917695473251,4.0943445622221,6.18826412308259,,,,,,250.0,486.0,True,1.944,0.90625,486.0,significant
1199,Gross Disbursements,Kenya,IDA,EASTERN AND SOUTHERN AFRICA,2026-Q3,0.0,418.0,0.0,284.0,702.0,2026,3,quarterly,702.0,0.0,country,0.0,0.0,0.5954415954415955,6.037870919922137,0.0,0.0,0.4045584045584046,5.652489180268651,6.555356891810665,486.0,216.0,0.4444444444444444,486.0,0.4444444444444444,1285.0,702.0,True,0.5463035019455252,0.9419642857142857,702.0,major
2493,Commitments,Kiribati,IDA,EAST ASIA AND PACIFIC,FY14,5.0,0.0,0.0,0.0,5.0,2014,4,annual,5.0,0.0,country,1.0,1.791759469228055,0.0,0.0,0.0,0.0,0.0,0.0,1.791759469228055,,,,,,5.0,13.0,False,,0.40007429420505203,5.0,limited
2323,Commitments,Kiribati,IDA,EAST ASIA AND PACIFIC,FY15,3.0,6.0,0.0,0.0,9.0,2015,4,annual,9.0,0.0,country,0.3333333333333333,1.3862943611198906,0.6666666666666666,1.9459101490553132,0.0,0.0,0.0,0.0,2.302585092994046,5.0,4.0,0.8,5.0,0.8,9.0,12.0,False,,0.40973254086181277,9.0,limited
1043,Commitments,Kiribati,IDA,EAST ASIA AND PACIFIC,FY16,0.0,7.0,0.0,0.0,7.0,2016,4,annual,7.0,0.0,country,0.0,0.0,1.0,2.0794415416798357,0.0,0.0,0.0,0.0,2.0794415416798357,9.0,-2.0,-0.2222222222222222,9.0,-0.2222222222222222,7.0,9.0,False,,0.4063893016344725,7.0,limited
871,Commitments,Kiribati,IDA,EAST ASIA AND PACIFIC,FY17,2.0,20.0,0.0,0.0,22.0,2017,4,annual,22.0,0.0,country,0.09090909090909091,1.0986122886681098,0.9090909090909091,3.044522437723423,0.0,0.0,0.0,0.0,3.1354942159291497,7.0,15.0,2.142857142857143,7.0,2.142857142857143,22.0,8.0,True,0.36363636363636365,0.45579494799405645,22.0,moderate
3344,Commitments,Kiribati,IDA,EAST ASIA AND PACIFIC,FY18,5.0,0.0,0.0,0.0,5.0,2018,4,annual,5.0,0.0,country,1.0,1.791759469228055,0.0,0.0,0.0,0.0,0.0,0.0,1.791759469228055,22.0,-17.0,-0.7727272727272727,22.0,-0.7727272727272727,5.0,12.0,False,,0.40007429420505203,5.0,limited
3092,Commitments,Kiribati,IDA,EAST ASIA AND PACIFIC,FY19,5.0,0.0,0.0,0.0,5.0,2019,4,annual,5.0,0.0,country,1.0,1.791759469228055,0.0,0.0,0.0,0.0,0.0,0.0,1.791759469228055,5.0,0.0,0.0,5.0,0.0,5.0,14.0,False,,0.40007429420505203,5.0,limited
2224,Commitments,Kiribati,IDA,EAST ASIA AND PACIFIC,FY20,0.0,69.0,0.0,0.0,69.0,2020,4,annual,69.0,0.0,country,0.0,0.0,1.0,4.248495242049359,0.0,0.0,0.0,0.0,4.248495242049359,5.0,64.0,12.8,5.0,12.8,69.0,1.0,True,0.014492753623188406,0.5739227340267459,69.0,moderate
1908,Commitments,Kiribati,IDA,EAST ASIA AND PACIFIC,FY21,5.0,0.0,0.0,0.0,5.0,2021,4,annual,5.0,0.0,country,1.0,1.791759469228055,0.0,0.0,0.0,0.0,0.0,0.0,1.791759469228055,69.0,-64.0,-0.927536231884058,69.0,-0.927536231884058,5.0,2.0,False,,0.40007429420505203,5.0,limited
543,Commitments,Kiribati,IDA,EAST ASIA AND PACIFIC,FY22,0.0,65.0,0.0,0.0,65.0,2022,4,annual,65.0,0.0,country,0.0,0.0,1.0,4.189654742026425,0.0,0.0,0.0,0.0,4.189654742026425,5.0,60.0,12.0,5.0,12.0,65.0,6.0,True,0.09230769230769231,0.5646359583952452,65.0,moderate
2929,Commitments,Kiribati,IDA,EAST ASIA AND PACIFIC,FY23,0.0,0.0,0.0,0.0,0.0,2023,4,annual,0.0,0.0,country,0.0,0.0,0.0,0.0,0.0,0.0,0.0,0.0,0.0,65.0,-65.0,-1.0,65.0,-1.0,0.0,9.0,False,,0.19539375928677563,0.0,limited
2772,Commitments,Kiribati,IDA,EAST ASIA AND PACIFIC,FY24,10.0,10.0,0.0,0.0,20.0,2024,4,annual,20.0,0.0,country,0.5,2.3978952727983707,0.5,2.3978952727983707,0.0,0.0,0.0,0.0,3.044522437723423,0.0,20.0,,0.0,,20.0,22.0,True,1.1,0.44762258543833583,20.0,moderate
1573,Commitments,Kiribati,IDA,EAST ASIA AND PACIFIC,FY25,0.0,133.0,0.0,0.0,133.0,2025,4,annual,133.0,0.0,country,0.0,0.0,1.0,4.897839799950911,0.0,0.0,0.0,0.0,4.897839799950911,20.0,113.0,5.65,20.0,5.65,133.0,21.0,True,0.15789473684210525,0.6853640416047548,133.0,significant
353,Commitments,Kiribati,IDA,EAST ASIA AND PACIFIC,2025-Q3,0.0,133.0,0.0,0.0,133.0,2025,3,quarterly,133.0,0.0,country,0.0,0.0,1.0,4.897839799950911,0.0,0.0,0.0,0.0,4.897839799950911,,,,,,133.0,14.0,True,0.10526315789473684,0.8163841807909604,133.0,significant
160,Commitments,Kiribati,IDA,EAST ASIA AND PACIFIC,2026-Q3,15.0,29.0,0.0,0.0,44.0,2026,3,quarterly,44.0,0.0,country,0.3409090909090909,2.772588722239781,0.6590909090909091,3.4011973816621555,0.0,0.0,0.0,0.0,3.8066624897703196,133.0,-89.0,-0.6691729323308271,133.0,-0.6691729323308271,44.0,39.0,True,0.8863636363636364,0.7146892655367232,44.0,moderate
2575,Gross Disbursements,Kiribati,IDA,EAST ASIA AND PACIFIC,FY14,5.0,8.0,0.0,0.0,13.0,2014,4,annual,13.0,0.0,country,0.38461538461538464,1.791759469228055,0.6153846153846154,2.1972245773362196,0.0,0.0,0.0,0.0,2.6390573296152584,,,,,,5.0,13.0,False,,0.35615883306320906,13.0,moderate
2407,Gross Disbursements,Kiribati,IDA,EAST ASIA AND PACIFIC,FY15,3.0,9.0,0.0,0.0,12.0,2015,4,annual,12.0,0.0,country,0.25,1.3862943611198906,0.75,2.302585092994046,0.0,0.0,0.0,0.0,2.5649493574615367,13.0,-1.0,-0.07692307692307693,13.0,-0.07692307692307693,9.0,12.0,False,,0.34562398703403563,12.0,moderate
1128,Gross Disbursements,Kiribati,IDA,EAST ASIA AND PACIFIC,FY16,0.0,9.0,0.0,0.0,9.0,2016,4,annual,9.0,0.0,country,0.0,0.0,1.0,2.302585092994046,0.0,0.0,0.0,0.0,2.302585092994046,12.0,-3.0,-0.25,12.0,-0.25,7.0,9.0,False,,0.31685575364667745,9.0,limited
955,Gross Disbursements,Kiribati,IDA,EAST ASIA AND PACIFIC,FY17,2.0,6.0,0.0,0.0,8.0,2017,4,annual,8.0,0.0,country,0.25,1.0986122886681098,0.75,1.9459101490553132,0.0,0.0,0.0,0.0,2.1972245773362196,9.0,-1.0,-0.1111111111111111,9.0,-0.1111111111111111,22.0,8.0,True,0.36363636363636365,0.30591572123176664,8.0,limited
782,Gross Disbursements,Kiribati,IDA,EAST ASIA AND PACIFIC,FY18,5.0,7.0,0.0,0.0,12.0,2018,4,annual,12.0,0.0,country,0.4166666666666667,1.791759469228055,0.5833333333333334,2.0794415416798357,0.0,0.0,0.0,0.0,2.5649493574615367,8.0,4.0,0.5,8.0,0.5,5.0,12.0,False,,0.34562398703403563,12.0,moderate
3248,Gross Disbursements,Kiribati,IDA,EAST ASIA AND PACIFIC,FY19,5.0,9.0,0.0,0.0,14.0,2019,4,annual,14.0,0.0,country,0.35714285714285715,1.791759469228055,0.6428571428571429,2.302585092994046,0.0,0.0,0.0,0.0,2.70805020110221,12.0,2.0,0.16666666666666666,12.0,0.16666666666666666,5.0,14.0,False,,0.36547811993517015,14.0,moderate
2125,Gross Disbursements,Kiribati,IDA,EAST ASIA AND PACIFIC,FY20,0.0,1.0,0.0,0.0,1.0,2020,4,annual,1.0,0.0,country,0.0,0.0,1.0,0.6931471805599453,0.0,0.0,0.0,0.0,0.6931471805599453,14.0,-13.0,-0.9285714285714286,14.0,-0.9285714285714286,69.0,1.0,True,0.014492753623188406,0.21920583468395463,1.0,limited
673,Gross Disbursements,Kiribati,IDA,EAST ASIA AND PACIFIC,FY21,0.0,2.0,0.0,0.0,2.0,2021,4,annual,2.0,0.0,country,0.0,0.0,1.0,1.0986122886681098,0.0,0.0,0.0,0.0,1.0986122886681098,1.0,1.0,1.0,1.0,1.0,5.0,2.0,False,,0.233387358184765,2.0,limited
426,Gross Disbursements,Kiribati,IDA,EAST ASIA AND PACIFIC,FY22,5.0,1.0,0.0,0.0,6.0,2022,4,annual,6.0,0.0,country,0.8333333333333334,1.791759469228055,0.16666666666666666,0.6931471805599453,0.0,0.0,0.0,0.0,1.9459101490553132,2.0,4.0,2.0,2.0,2.0,65.0,6.0,True,0.09230769230769231,0.2807941653160454,6.0,limited
2809,Gross Disbursements,Kiribati,IDA,EAST ASIA AND PACIFIC,FY23,0.0,9.0,0.0,0.0,9.0,2023,4,annual,9.0,0.0,country,0.0,0.0,1.0,2.302585092994046,0.0,0.0,0.0,0.0,2.302585092994046,6.0,3.0,0.5,6.0,0.5,0.0,9.0,False,,0.31685575364667745,9.0,limited
1731,Gross Disbursements,Kiribati,IDA,EAST ASIA AND PACIFIC,FY24,8.0,14.0,0.0,0.0,22.0,2024,4,annual,22.0,0.0,country,0.36363636363636365,2.1972245773362196,0.6363636363636364,2.70805020110221,0.0,0.0,0.0,0.0,3.1354942159291497,9.0,13.0,1.4444444444444444,9.0,1.4444444444444444,20.0,22.0,True,1.1,0.41572123176661263,22.0,moderate
1610,Gross Disbursements,Kiribati,IDA,EAST ASIA AND PACIFIC,FY25,0.0,21.0,0.0,0.0,21.0,2025,4,annual,21.0,0.0,country,0.0,0.0,1.0,3.091042453358316,0.0,0.0,0.0,0.0,3.091042453358316,22.0,-1.0,-0.045454545454545456,22.0,-0.045454545454545456,133.0,21.0,True,0.15789473684210525,0.41247974068071314,21.0,moderate
1295,Gross Disbursements,Kiribati,IDA,EAST ASIA AND PACIFIC,2025-Q3,0.0,14.0,0.0,0.0,14.0,2025,3,quarterly,14.0,0.0,country,0.0,0.0,1.0,2.70805020110221,0.0,0.0,0.0,0.0,2.70805020110221,,,,,,133.0,14.0,True,0.10526315789473684,0.38392857142857145,14.0,moderate
1172,Gross Disbursements,Kiribati,IDA,EAST ASIA AND PACIFIC,2026-Q3,10.0,29.0,0.0,0.0,39.0,2026,3,quarterly,39.0,0.0,country,0.2564102564102564,2.3978952727983707,0.7435897435897436,3.4011973816621555,0.0,0.0,0.0,0.0,3.6888794541139363,14.0,25.0,1.7857142857142858,14.0,1.7857142857142858,44.0,39.0,True,0.8863636363636364,0.5,39.0,moderate
3359,Commitments,"Korea, Republic of",IDA,EAST ASIA AND PACIFIC,FY18,0.0,0.0,0.0,0.0,0.0,2018,4,annual,0.0,0.0,country,0.0,0.0,0.0,0.0,0.0,0.0,0.0,0.0,0.0,,,,,,0.0,,False,,0.19539375928677563,0.0,limited
3125,Commitments,"Korea, Republic of",IDA,EAST ASIA AND PACIFIC,FY19,0.0,0.0,0.0,0.0,0.0,2019,4,annual,0.0,0.0,country,0.0,0.0,0.0,0.0,0.0,0.0,0.0,0.0,0.0,0.0,0.0,,0.0,,0.0,,False,,0.19539375928677563,0.0,limited
2237,Commitments,"Korea, Republic of",IDA,EAST ASIA AND PACIFIC,FY20,0.0,0.0,0.0,0.0,0.0,2020,4,annual,0.0,0.0,country,0.0,0.0,0.0,0.0,0.0,0.0,0.0,0.0,0.0,0.0,0.0,,0.0,,0.0,,False,,0.19539375928677563,0.0,limited
1909,Commitments,"Korea, Republic of",IDA,EAST ASIA AND PACIFIC,FY21,0.0,0.0,0.0,0.0,0.0,2021,4,annual,0.0,0.0,country,0.0,0.0,0.0,0.0,0.0,0.0,0.0,0.0,0.0,0.0,0.0,,0.0,,0.0,,False,,0.19539375928677563,0.0,limited
544,Commitments,"Korea, Republic of",IDA,EAST ASIA AND PACIFIC,FY22,0.0,0.0,0.0,0.0,0.0,2022,4,annual,0.0,0.0,country,0.0,0.0,0.0,0.0,0.0,0.0,0.0,0.0,0.0,0.0,0.0,,0.0,,0.0,,False,,0.19539375928677563,0.0,limited
2930,Commitments,"Korea, Republic of",IDA,EAST ASIA AND PACIFIC,FY23,0.0,0.0,0.0,0.0,0.0,2023,4,annual,0.0,0.0,country,0.0,0.0,0.0,0.0,0.0,0.0,0.0,0.0,0.0,0.0,0.0,,0.0,,0.0,,False,,0.19539375928677563,0.0,limited
1852,Commitments,"Korea, Republic of",IDA,EAST ASIA AND PACIFIC,FY24,0.0,0.0,0.0,0.0,0.0,2024,4,annual,0.0,0.0,country,0.0,0.0,0.0,0.0,0.0,0.0,0.0,0.0,0.0,0.0,0.0,,0.0,,0.0,,False,,0.19539375928677563,0.0,limited
1419,Commitments,"Korea, Republic of",IDA,EAST ASIA AND PACIFIC,FY25,0.0,0.0,0.0,0.0,0.0,2025,4,annual,0.0,0.0,country,0.0,0.0,0.0,0.0,0.0,0.0,0.0,0.0,0.0,0.0,0.0,,0.0,,0.0,,False,,0.19539375928677563,0.0,limited
198,Commitments,"Korea, Republic of",IDA,EAST ASIA AND PACIFIC,2025-Q3,0.0,0.0,0.0,0.0,0.0,2025,3,quarterly,0.0,0.0,country,0.0,0.0,0.0,0.0,0.0,0.0,0.0,0.0,0.0,,,,,,0.0,,False,,0.326271186440678,0.0,limited
5,Commitments,"Korea, Republic of",IDA,EAST ASIA AND PACIFIC,2026-Q3,0.0,0.0,0.0,0.0,0.0,2026,3,quarterly,0.0,0.0,country,0.0,0.0,0.0,0.0,0.0,0.0,0.0,0.0,0.0,0.0,0.0,,0.0,,0.0,,False,,0.326271186440678,0.0,limited
2511,Commitments,Kosovo,IDA,EUROPE AND CENTRAL ASIA,FY14,0.0,57.0,0.0,0.0,57.0,2014,4,annual,57.0,0.0,country,0.0,0.0,1.0,4.060443010546419,0.0,0.0,0.0,0.0,4.060443010546419,,,,,,57.0,12.0,True,0.21052631578947367,0.5475482912332839,57.0,moderate
2341,Commitments,Kosovo,IDA,EUROPE AND CENTRAL ASIA,FY15,0.0,0.0,0.0,0.0,0.0,2015,4,annual,0.0,0.0,country,0.0,0.0,0.0,0.0,0.0,0.0,0.0,0.0,0.0,57.0,-57.0,-1.0,57.0,-1.0,0.0,10.0,False,,0.19539375928677563,0.0,limited
1056,Commitments,Kosovo,IDA,EUROPE AND CENTRAL ASIA,FY16,0.0,11.0,0.0,0.0,11.0,2016,4,annual,11.0,0.0,country,0.0,0.0,1.0,2.4849066497880004,0.0,0.0,0.0,0.0,2.4849066497880004,0.0,11.0,,0.0,,11.0,8.0,True,0.7272727272727273,0.4175334323922734,11.0,moderate
881,Commitments,Kosovo,IDA,EUROPE AND CENTRAL ASIA,FY17,0.0,62.0,0.0,0.0,62.0,2017,4,annual,62.0,0.0,country,0.0,0.0,1.0,4.143134726391533,0.0,0.0,0.0,0.0,4.143134726391533,11.0,51.0,4.636363636363637,11.0,4.636363636363637,62.0,11.0,True,0.1774193548387097,0.5560921248142645,62.0,moderate
3326,Commitments,Kosovo,IDA,EUROPE AND CENTRAL ASIA,FY18,0.0,0.0,0.0,0.0,0.0,2018,4,annual,0.0,0.0,country,0.0,0.0,0.0,0.0,0.0,0.0,0.0,0.0,0.0,62.0,-62.0,-1.0,62.0,-1.0,0.0,7.0,False,,0.19539375928677563,0.0,limited
3087,Commitments,Kosovo,IDA,EUROPE AND CENTRAL ASIA,FY19,0.0,67.0,0.0,0.0,67.0,2019,4,annual,67.0,0.0,country,0.0,0.0,1.0,4.219507705176107,0.0,0.0,0.0,0.0,4.219507705176107,0.0,67.0,,0.0,,67.0,14.0,True,0.208955223880597,0.5709509658246656,67.0,moderate
2222,Commitments,Kosovo,IDA,EUROPE AND CENTRAL ASIA,FY20,0.0,78.0,0.0,0.0,78.0,2020,4,annual,78.0,0.0,country,0.0,0.0,1.0,4.3694478524670215,0.0,0.0,0.0,0.0,4.3694478524670215,67.0,11.0,0.16417910447761194,67.0,0.16417910447761194,78.0,12.0,True,0.15384615384615385,0.5943536404160475,78.0,moderate
1959,Commitments,Kosovo,IDA,EUROPE AND CENTRAL ASIA,FY21,0.0,18.0,0.0,0.0,18.0,2021,4,annual,18.0,0.0,country,0.0,0.0,1.0,2.9444389791664403,0.0,0.0,0.0,0.0,2.9444389791664403,78.0,-60.0,-0.7692307692307693,78.0,-0.7692307692307693,18.0,94.0,True,5.222222222222222,0.43796433878157504,18.0,moderate
594,Commitments,Kosovo,IDA,EUROPE AND CENTRAL ASIA,FY22,56.0,56.0,0.0,0.0,112.0,2022,4,annual,112.0,0.0,country,0.5,4.04305126783455,0.5,4.04305126783455,0.0,0.0,0.0,0.0,4.727387818712341,18.0,94.0,5.222222222222222,18.0,5.222222222222222,112.0,31.0,True,0.2767857142857143,0.6567607726597325,112.0,significant
2980,Commitments,Kosovo,IDA,EUROPE AND CENTRAL ASIA,FY23,0.0,20.0,0.0,0.0,20.0,2023,4,annual,20.0,0.0,country,0.0,0.0,1.0,3.044522437723423,0.0,0.0,0.0,0.0,3.044522437723423,112.0,-92.0,-0.8214285714285714,112.0,-0.8214285714285714,20.0,88.0,True,4.4,0.44762258543833583,20.0,moderate
2679,Commitments,Kosovo,IDA,EUROPE AND CENTRAL ASIA,FY24,100.0,40.0,0.0,0.0,140.0,2024,4,annual,140.0,0.0,country,0.7142857142857143,4.61512051684126,0.2857142857142857,3.713572066704308,0.0,0.0,0.0,0.0,4.948759890378168,20.0,120.0,6.0,20.0,6.0,140.0,26.0,True,0.18571428571428572,0.6905646359583952,140.0,significant
1480,Commitments,Kosovo,IDA,EUROPE AND CENTRAL ASIA,FY25,0.0,89.0,0.0,0.0,89.0,2025,4,annual,89.0,0.0,country,0.0,0.0,1.0,4.499809670330265,0.0,0.0,0.0,0.0,4.499809670330265,140.0,-51.0,-0.36428571428571427,140.0,-0.36428571428571427,89.0,21.0,True,0.23595505617977527,0.6151560178306092,89.0,moderate
260,Commitments,Kosovo,IDA,EUROPE AND CENTRAL ASIA,2025-Q3,0.0,89.88,0.0,0.0,89.88,2025,3,quarterly,89.88,0.0,country,0.0,0.0,1.0,4.509539954972841,0.0,0.0,0.0,0.0,4.509539954972841,,,,,,89.88,14.49,True,0.16121495327102806,0.7824858757062146,89.88,moderate
67,Commitments,Kosovo,IDA,EUROPE AND CENTRAL ASIA,2026-Q3,0.0,0.0,0.0,0.0,0.0,2026,3,quarterly,0.0,0.0,country,0.0,0.0,0.0,0.0,0.0,0.0,0.0,0.0,0.0,89.88,-89.88,-1.0,89.88,-1.0,0.0,116.0,False,,0.326271186440678,0.0,limited
2595,Gross Disbursements,Kosovo,IDA,EUROPE AND CENTRAL ASIA,FY14,0.0,12.0,0.0,0.0,12.0,2014,4,annual,12.0,0.0,country,0.0,0.0,1.0,2.5649493574615367,0.0,0.0,0.0,0.0,2.5649493574615367,,,,,,57.0,12.0,True,0.21052631578947367,0.34562398703403563,12.0,moderate
2427,Gross Disbursements,Kosovo,IDA,EUROPE AND CENTRAL ASIA,FY15,0.0,10.0,0.0,0.0,10.0,2015,4,annual,10.0,0.0,country,0.0,0.0,1.0,2.3978952727983707,0.0,0.0,0.0,0.0,2.3978952727983707,12.0,-2.0,-0.16666666666666666,12.0,-0.16666666666666666,0.0,10.0,False,,0.3286061588330632,10.0,limited
2248,Gross Disbursements,Kosovo,IDA,EUROPE AND CENTRAL ASIA,FY16,0.0,8.0,0.0,0.0,8.0,2016,4,annual,8.0,0.0,country,0.0,0.0,1.0,2.1972245773362196,0.0,0.0,0.0,0.0,2.1972245773362196,10.0,-2.0,-0.2,10.0,-0.2,11.0,8.0,True,0.7272727272727273,0.30591572123176664,8.0,limited
963,Gross Disbursements,Kosovo,IDA,EUROPE AND CENTRAL ASIA,FY17,0.0,11.0,0.0,0.0,11.0,2017,4,annual,11.0,0.0,country,0.0,0.0,1.0,2.4849066497880004,0.0,0.0,0.0,0.0,2.4849066497880004,8.0,3.0,0.375,8.0,0.375,62.0,11.0,True,0.1774193548387097,0.33833063209076175,11.0,moderate
781,Gross Disbursements,Kosovo,IDA,EUROPE AND CENTRAL ASIA,FY18,0.0,7.0,0.0,0.0,7.0,2018,4,annual,7.0,0.0,country,0.0,0.0,1.0,2.0794415416798357,0.0,0.0,0.0,0.0,2.0794415416798357,11.0,-4.0,-0.36363636363636365,11.0,-0.36363636363636365,0.0,7.0,False,,0.2925445705024311,7.0,limited
3233,Gross Disbursements,Kosovo,IDA,EUROPE AND CENTRAL ASIA,FY19,0.0,14.0,0.0,0.0,14.0,2019,4,annual,14.0,0.0,country,0.0,0.0,1.0,2.70805020110221,0.0,0.0,0.0,0.0,2.70805020110221,7.0,7.0,1.0,7.0,1.0,67.0,14.0,True,0.208955223880597,0.36547811993517015,14.0,moderate
2078,Gross Disbursements,Kosovo,IDA,EUROPE AND CENTRAL ASIA,FY20,0.0,12.0,0.0,0.0,12.0,2020,4,annual,12.0,0.0,country,0.0,0.0,1.0,2.5649493574615367,0.0,0.0,0.0,0.0,2.5649493574615367,14.0,-2.0,-0.14285714285714285,14.0,-0.14285714285714285,78.0,12.0,True,0.15384615384615385,0.34562398703403563,12.0,moderate
719,Gross Disbursements,Kosovo,IDA,EUROPE AND CENTRAL ASIA,FY21,0.0,94.0,0.0,0.0,94.0,2021,4,annual,94.0,0.0,country,0.0,0.0,1.0,4.553876891600541,0.0,0.0,0.0,0.0,4.553876891600541,12.0,82.0,6.833333333333333,12.0,6.833333333333333,18.0,94.0,True,5.222222222222222,0.6446515397082658,94.0,moderate
472,Gross Disbursements,Kosovo,IDA,EUROPE AND CENTRAL ASIA,FY22,0.0,31.0,0.0,0.0,31.0,2022,4,annual,31.0,0.0,country,0.0,0.0,1.0,3.4657359027997265,0.0,0.0,0.0,0.0,3.4657359027997265,94.0,-63.0,-0.6702127659574468,94.0,-0.6702127659574468,112.0,31.0,True,0.2767857142857143,0.4675850891410049,31.0,moderate
2856,Gross Disbursements,Kosovo,IDA,EUROPE AND CENTRAL ASIA,FY23,54.0,34.0,0.0,0.0,88.0,2023,4,annual,88.0,0.0,country,0.6136363636363636,4.007333185232471,0.38636363636363635,3.5553480614894135,0.0,0.0,0.0,0.0,4.48863636973214,31.0,57.0,1.8387096774193548,31.0,1.8387096774193548,20.0,88.0,True,4.4,0.6381685575364667,88.0,moderate
1778,Gross Disbursements,Kosovo,IDA,EUROPE AND CENTRAL ASIA,FY24,0.0,26.0,0.0,0.0,26.0,2024,4,annual,26.0,0.0,country,0.0,0.0,1.0,3.295836866004329,0.0,0.0,0.0,0.0,3.295836866004329,88.0,-62.0,-0.7045454545454546,88.0,-0.7045454545454546,140.0,26.0,True,0.18571428571428572,0.44246353322528365,26.0,moderate
1658,Gross Disbursements,Kosovo,IDA,EUROPE AND CENTRAL ASIA,FY25,0.0,21.0,0.0,0.0,21.0,2025,4,annual,21.0,0.0,country,0.0,0.0,1.0,3.091042453358316,0.0,0.0,0.0,0.0,3.091042453358316,26.0,-5.0,-0.19230769230769232,26.0,-0.19230769230769232,89.0,21.0,True,0.23595505617977527,0.41247974068071314,21.0,moderate
1343,Gross Disbursements,Kosovo,IDA,EUROPE AND CENTRAL ASIA,2025-Q3,0.0,14.49,0.0,0.0,14.49,2025,3,quarterly,14.49,0.0,country,0.0,0.0,1.0,2.740194654428777,0.0,0.0,0.0,0.0,2.740194654428777,,,,,,89.88,14.49,True,0.16121495327102806,0.39285714285714285,14.49,moderate
1220,Gross Disbursements,Kosovo,IDA,EUROPE AND CENTRAL ASIA,2026-Q3,103.0,13.0,0.0,0.0,116.0,2026,3,quarterly,116.0,0.0,country,0.8879310344827587,4.6443908991413725,0.11206896551724138,2.6390573296152584,0.0,0.0,0.0,0.0,4.762173934797756,14.49,101.51,7.00552104899931,14.49,7.00552104899931,0.0,116.0,False,,0.6696428571428571,116.0,significant
2512,Commitments,Kyrgyz Republic,IDA,EUROPE AND CENTRAL ASIA,FY14,50.0,90.0,0.0,0.0,140.0,2014,4,annual,140.0,0.0,country,0.35714285714285715,3.9318256327243257,0.6428571428571429,4.51085950651685,0.0,0.0,0.0,0.0,4.948759890378168,,,,,,140.0,62.0,True,0.44285714285714284,0.6905646359583952,140.0,significant
2342,Commitments,Kyrgyz Republic,IDA,EUROPE AND CENTRAL ASIA,FY15,24.0,52.0,0.0,0.0,76.0,2015,4,annual,76.0,0.0,country,0.3157894736842105,3.2188758248682006,0.6842105263157895,3.970291913552122,0.0,0.0,0.0,0.0,4.343805421853684,140.0,-64.0,-0.45714285714285713,140.0,-0.45714285714285713,76.0,57.0,True,0.75,0.5884101040118871,76.0,moderate
1057,Commitments,Kyrgyz Republic,IDA,EUROPE AND CENTRAL ASIA,FY16,0.0,24.0,0.0,0.0,24.0,2016,4,annual,24.0,0.0,country,0.0,0.0,1.0,3.2188758248682006,0.0,0.0,0.0,0.0,3.2188758248682006,76.0,-52.0,-0.6842105263157895,76.0,-0.6842105263157895,24.0,43.0,True,1.7916666666666667,0.46285289747399705,24.0,moderate
836,Commitments,Kyrgyz Republic,IDA,EUROPE AND CENTRAL ASIA,FY17,24.0,65.0,0.0,0.0,89.0,2017,4,annual,89.0,0.0,country,0.2696629213483146,3.2188758248682006,0.7303370786516854,4.189654742026425,0.0,0.0,0.0,0.0,4.499809670330265,24.0,65.0,2.7083333333333335,24.0,2.7083333333333335,89.0,46.0,True,0.5168539325842697,0.6151560178306092,89.0,moderate
3314,Commitments,Kyrgyz Republic,IDA,EUROPE AND CENTRAL ASIA,FY18,0.0,126.0,0.0,0.0,126.0,2018,4,annual,126.0,0.0,country,0.0,0.0,1.0,4.844187086458591,0.0,0.0,0.0,0.0,4.844187086458591,89.0,37.0,0.4157303370786517,89.0,0.4157303370786517,126.0,47.0,True,0.373015873015873,0.6753343239227341,126.0,significant
3070,Commitments,Kyrgyz Republic,IDA,EUROPE AND CENTRAL ASIA,FY19,23.0,60.0,0.0,20.0,103.0,2019,4,annual,103.0,0.0,country,0.22330097087378642,3.1780538303479458,0.5825242718446602,4.110873864173311,0.0,0.0,0.1941747572815534,3.044522437723423,4.6443908991413725,126.0,-23.0,-0.18253968253968253,126.0,-0.18253968253968253,103.0,55.0,True,0.5339805825242718,0.6471025260029718,103.0,significant
2196,Commitments,Kyrgyz Republic,IDA,EUROPE AND CENTRAL ASIA,FY20,0.0,212.0,0.0,0.0,212.0,2020,4,annual,212.0,0.0,country,0.0,0.0,1.0,5.3612921657094255,0.0,0.0,0.0,0.0,5.3612921657094255,103.0,109.0,1.058252427184466,103.0,1.058252427184466,212.0,46.0,True,0.2169811320754717,0.7395988112927192,212.0,significant
1960,Commitments,Kyrgyz Republic,IDA,EUROPE AND CENTRAL ASIA,FY21,0.0,125.0,0.0,0.0,125.0,2021,4,annual,125.0,0.0,country,0.0,0.0,1.0,4.836281906951478,0.0,0.0,0.0,0.0,4.836281906951478,212.0,-87.0,-0.41037735849056606,212.0,-0.41037735849056606,125.0,46.0,True,0.368,0.6734769687964339,125.0,significant
595,Commitments,Kyrgyz Republic,IDA,EUROPE AND CENTRAL ASIA,FY22,0.0,250.0,0.0,0.0,250.0,2022,4,annual,250.0,0.0,country,0.0,0.0,1.0,5.5254529391317835,0.0,0.0,0.0,0.0,5.5254529391317835,125.0,125.0,1.0,125.0,1.0,250.0,79.0,True,0.316,0.7581723625557206,250.0,significant
2981,Commitments,Kyrgyz Republic,IDA,EUROPE AND CENTRAL ASIA,FY23,0.0,128.0,0.0,0.0,128.0,2023,4,annual,128.0,0.0,country,0.0,0.0,1.0,4.859812404361672,0.0,0.0,0.0,0.0,4.859812404361672,250.0,-122.0,-0.488,250.0,-0.488,128.0,152.0,True,1.1875,0.6775631500742942,128.0,significant
2787,Commitments,Kyrgyz Republic,IDA,EUROPE AND CENTRAL ASIA,FY24,0.0,193.0,0.0,0.0,193.0,2024,4,annual,193.0,0.0,country,0.0,0.0,1.0,5.267858159063328,0.0,0.0,0.0,0.0,5.267858159063328,128.0,65.0,0.5078125,128.0,0.5078125,193.0,166.0,True,0.8601036269430051,0.7236255572065379,193.0,significant
1588,Commitments,Kyrgyz Republic,IDA,EUROPE AND CENTRAL ASIA,FY25,102.0,320.0,0.0,0.0,422.0,2025,4,annual,422.0,0.0,country,0.24170616113744076,4.634728988229636,0.7582938388625592,5.771441123130016,0.0,0.0,0.0,0.0,6.0473721790462776,193.0,229.0,1.1865284974093264,193.0,1.1865284974093264,422.0,160.0,True,0.3791469194312796,0.8268945022288261,422.0,significant
368,Commitments,Kyrgyz Republic,IDA,EUROPE AND CENTRAL ASIA,2025-Q3,0.0,45.0,0.0,0.0,45.0,2025,3,quarterly,45.0,0.0,country,0.0,0.0,1.0,3.828641396489095,0.0,0.0,0.0,0.0,3.828641396489095,,,,,,45.0,121.0,True,2.688888888888889,0.7203389830508474,45.0,moderate
175,Commitments,Kyrgyz Republic,IDA,EUROPE AND CENTRAL ASIA,2026-Q3,0.0,40.3,0.0,0.0,40.3,2026,3,quarterly,40.3,0.0,country,0.0,0.0,1.0,3.720862499966987,0.0,0.0,0.0,0.0,3.720862499966987,45.0,-4.700000000000003,-0.1044444444444445,45.0,-0.1044444444444445,40.3,204.6,True,5.0769230769230775,0.711864406779661,40.3,moderate
2596,Gross Disbursements,Kyrgyz Republic,IDA,EUROPE AND CENTRAL ASIA,FY14,26.0,37.0,0.0,0.0,62.0,2014,4,annual,63.0,-1.0,country,0.41935483870967744,3.295836866004329,0.5967741935483871,3.6375861597263857,0.0,0.0,0.0,0.0,4.143134726391533,,,,,,140.0,62.0,True,0.44285714285714284,0.5826580226904376,62.0,moderate
2428,Gross Disbursements,Kyrgyz Republic,IDA,EUROPE AND CENTRAL ASIA,FY15,25.0,32.0,0.0,0.0,57.0,2015,4,annual,57.0,0.0,country,0.43859649122807015,3.258096538021482,0.5614035087719298,3.4965075614664802,0.0,0.0,0.0,0.0,4.060443010546419,62.0,-5.0,-0.08064516129032258,62.0,-0.08064516129032258,76.0,57.0,True,0.75,0.5648298217179902,57.0,moderate
2249,Gross Disbursements,Kyrgyz Republic,IDA,EUROPE AND CENTRAL ASIA,FY16,23.0,20.0,0.0,0.0,43.0,2016,4,annual,43.0,0.0,country,0.5348837209302325,3.1780538303479458,0.46511627906976744,3.044522437723423,0.0,0.0,0.0,0.0,3.784189633918261,57.0,-14.0,-0.24561403508771928,57.0,-0.24561403508771928,24.0,43.0,True,1.7916666666666667,0.5145867098865479,43.0,moderate
935,Gross Disbursements,Kyrgyz Republic,IDA,EUROPE AND CENTRAL ASIA,FY17,23.0,23.0,0.0,0.0,46.0,2017,4,annual,46.0,0.0,country,0.5,3.1780538303479458,0.5,3.1780538303479458,0.0,0.0,0.0,0.0,3.8501476017100584,43.0,3.0,0.06976744186046512,43.0,0.06976744186046512,89.0,46.0,True,0.5168539325842697,0.5259319286871961,46.0,moderate
761,Gross Disbursements,Kyrgyz Republic,IDA,EUROPE AND CENTRAL ASIA,FY18,0.0,47.0,0.0,0.0,47.0,2018,4,annual,47.0,0.0,country,0.0,0.0,1.0,3.871201010907891,0.0,0.0,0.0,0.0,3.871201010907891,46.0,1.0,0.021739130434782608,46.0,0.021739130434782608,126.0,47.0,True,0.373015873015873,0.5299837925445705,47.0,moderate
3209,Gross Disbursements,Kyrgyz Republic,IDA,EUROPE AND CENTRAL ASIA,FY19,23.0,32.0,0.0,0.0,55.0,2019,4,annual,55.0,0.0,country,0.41818181818181815,3.1780538303479458,0.5818181818181818,3.4965075614664802,0.0,0.0,0.0,0.0,4.02535169073515,47.0,8.0,0.1702127659574468,47.0,0.1702127659574468,103.0,55.0,True,0.5339805825242718,0.5526742301458671,55.0,moderate
2090,Gross Disbursements,Kyrgyz Republic,IDA,EUROPE AND CENTRAL ASIA,FY20,0.0,46.0,0.0,0.0,46.0,2020,4,annual,46.0,0.0,country,0.0,0.0,1.0,3.8501476017100584,0.0,0.0,0.0,0.0,3.8501476017100584,55.0,-9.0,-0.16363636363636364,55.0,-0.16363636363636364,212.0,46.0,True,0.2169811320754717,0.5259319286871961,46.0,moderate
720,Gross Disbursements,Kyrgyz Republic,IDA,EUROPE AND CENTRAL ASIA,FY21,0.0,41.0,0.0,5.0,46.0,2021,4,annual,46.0,0.0,country,0.0,0.0,0.8913043478260869,3.7376696182833684,0.0,0.0,0.10869565217391304,1.791759469228055,3.8501476017100584,46.0,0.0,0.0,46.0,0.0,125.0,46.0,True,0.368,0.5259319286871961,46.0,moderate
473,Gross Disbursements,Kyrgyz Republic,IDA,EUROPE AND CENTRAL ASIA,FY22,0.0,79.0,0.0,0.0,79.0,2022,4,annual,79.0,0.0,country,0.0,0.0,1.0,4.382026634673881,0.0,0.0,0.0,0.0,4.382026634673881,46.0,33.0,0.717391304347826,46.0,0.717391304347826,250.0,79.0,True,0.316,0.6223662884927067,79.0,moderate
2857,Gross Disbursements,Kyrgyz Republic,IDA,EUROPE AND CENTRAL ASIA,FY23,0.0,150.0,0.0,2.0,152.0,2023,4,annual,152.0,0.0,country,0.0,0.0,0.9868421052631579,5.017279836814924,0.0,0.0,0.013157894736842105,1.0986122886681098,5.030437921392435,79.0,73.0,0.9240506329113924,79.0,0.9240506329113924,128.0,152.0,True,1.1875,0.7273095623987034,152.0,significant
1779,Gross Disbursements,Kyrgyz Republic,IDA,EUROPE AND CENTRAL ASIA,FY24,0.0,166.0,0.0,0.0,166.0,2024,4,annual,166.0,0.0,country,0.0,0.0,1.0,5.117993812416755,0.0,0.0,0.0,0.0,5.117993812416755,152.0,14.0,0.09210526315789473,152.0,0.09210526315789473,193.0,166.0,True,0.8601036269430051,0.7414910858995137,166.0,significant
1659,Gross Disbursements,Kyrgyz Republic,IDA,EUROPE AND CENTRAL ASIA,FY25,0.0,153.0,0.0,7.0,160.0,2025,4,annual,160.0,0.0,country,0.0,0.0,0.95625,5.0369526024136295,0.0,0.0,0.04375,2.0794415416798357,5.081404364984463,166.0,-6.0,-0.03614457831325301,166.0,-0.03614457831325301,422.0,160.0,True,0.3791469194312796,0.7329821717990276,160.0,significant
1344,Gross Disbursements,Kyrgyz Republic,IDA,EUROPE AND CENTRAL ASIA,2025-Q3,0.0,118.0,0.0,3.0,121.0,2025,3,quarterly,121.0,0.0,country,0.0,0.0,0.9752066115702479,4.77912349311153,0.0,0.0,0.024793388429752067,1.3862943611198906,4.804021044733257,,,,,,45.0,121.0,True,2.688888888888889,0.6830357142857143,121.0,significant
1221,Gross Disbursements,Kyrgyz Republic,IDA,EUROPE AND CENTRAL ASIA,2026-Q3,102.0,100.6,0.0,2.0,204.6,2026,3,quarterly,204.6,0.0,country,0.49853372434017595,4.634728988229636,0.4916911045943304,4.6210435351443815,0.0,0.0,0.009775171065493646,1.0986122886681098,5.32593253358101,121.0,83.6,0.6909090909090909,121.0,0.6909090909090909,40.3,204.6,True,5.0769230769230775,0.75,204.6,significant
2494,Commitments,Lao People's Democratic Republic,IDA,EAST ASIA AND PACIFIC,FY14,20.0,83.0,0.0,0.0,103.0,2014,4,annual,103.0,0.0,country,0.1941747572815534,3.044522437723423,0.8058252427184466,4.430816798843313,0.0,0.0,0.0,0.0,4.6443908991413725,,,,,,103.0,59.0,True,0.5728155339805825,0.6471025260029718,103.0,significant
2324,Commitments,Lao People's Democratic Republic,IDA,EAST ASIA AND PACIFIC,FY15,0.0,83.0,0.0,0.0,83.0,2015,4,annual,83.0,0.0,country,0.0,0.0,1.0,4.430816798843313,0.0,0.0,0.0,0.0,4.430816798843313,103.0,-20.0,-0.1941747572815534,103.0,-0.1941747572815534,83.0,38.0,True,0.4578313253012048,0.6051263001485884,83.0,moderate
1044,Commitments,Lao People's Democratic Republic,IDA,EAST ASIA AND PACIFIC,FY16,0.0,30.0,0.0,0.0,30.0,2016,4,annual,30.0,0.0,country,0.0,0.0,1.0,3.4339872044851463,0.0,0.0,0.0,0.0,3.4339872044851463,83.0,-53.0,-0.6385542168674698,83.0,-0.6385542168674698,30.0,47.0,True,1.5666666666666667,0.48068350668647847,30.0,moderate
835,Commitments,Lao People's Democratic Republic,IDA,EAST ASIA AND PACIFIC,FY17,39.0,25.0,0.0,0.0,64.0,2017,4,annual,64.0,0.0,country,0.609375,3.6888794541139363,0.390625,3.258096538021482,0.0,0.0,0.0,0.0,4.174387269895637,30.0,34.0,1.1333333333333333,30.0,1.1333333333333333,64.0,85.0,True,1.328125,0.5609212481426449,64.0,moderate
3312,Commitments,Lao People's Democratic Republic,IDA,EAST ASIA AND PACIFIC,FY18,0.0,130.0,0.0,0.0,130.0,2018,4,annual,130.0,0.0,country,0.0,0.0,1.0,4.875197323201151,0.0,0.0,0.0,0.0,4.875197323201151,64.0,66.0,1.03125,64.0,1.03125,130.0,63.0,True,0.4846153846153846,0.6809063893016345,130.0,significant
3074,Commitments,Lao People's Democratic Republic,IDA,EAST ASIA AND PACIFIC,FY19,40.0,82.0,0.0,0.0,122.0,2019,4,annual,122.0,0.0,country,0.32786885245901637,3.713572066704308,0.6721311475409836,4.418840607796598,0.0,0.0,0.0,0.0,4.812184355372417,130.0,-8.0,-0.06153846153846154,130.0,-0.06153846153846154,122.0,86.0,True,0.7049180327868853,0.6693907875185735,122.0,significant
2197,Commitments,Lao People's Democratic Republic,IDA,EAST ASIA AND PACIFIC,FY20,0.0,179.0,0.0,0.0,179.0,2020,4,annual,179.0,0.0,country,0.0,0.0,1.0,5.19295685089021,0.0,0.0,0.0,0.0,5.19295685089021,122.0,57.0,0.4672131147540984,122.0,0.4672131147540984,179.0,63.0,True,0.35195530726256985,0.7161961367013373,179.0,significant
1910,Commitments,Lao People's Democratic Republic,IDA,EAST ASIA AND PACIFIC,FY21,0.0,114.0,0.0,0.0,114.0,2021,4,annual,114.0,0.0,country,0.0,0.0,1.0,4.74493212836325,0.0,0.0,0.0,0.0,4.74493212836325,179.0,-65.0,-0.36312849162011174,179.0,-0.36312849162011174,114.0,58.0,True,0.5087719298245614,0.6582466567607727,114.0,significant
545,Commitments,Lao People's Democratic Republic,IDA,EAST ASIA AND PACIFIC,FY22,0.0,203.0,0.0,0.0,203.0,2022,4,annual,203.0,0.0,country,0.0,0.0,1.0,5.318119993844216,0.0,0.0,0.0,0.0,5.318119993844216,114.0,89.0,0.7807017543859649,114.0,0.7807017543859649,203.0,84.0,True,0.41379310344827586,0.7329123328380386,203.0,significant
2931,Commitments,Lao People's Democratic Republic,IDA,EAST ASIA AND PACIFIC,FY23,0.0,117.0,0.0,0.0,117.0,2023,4,annual,117.0,0.0,country,0.0,0.0,1.0,4.770684624465665,0.0,0.0,0.0,0.0,4.770684624465665,203.0,-86.0,-0.4236453201970443,203.0,-0.4236453201970443,117.0,105.0,True,0.8974358974358975,0.6615898959881129,117.0,significant
2773,Commitments,Lao People's Democratic Republic,IDA,EAST ASIA AND PACIFIC,FY24,0.0,76.0,0.0,0.0,76.0,2024,4,annual,76.0,0.0,country,0.0,0.0,1.0,4.343805421853684,0.0,0.0,0.0,0.0,4.343805421853684,117.0,-41.0,-0.3504273504273504,117.0,-0.3504273504273504,76.0,100.0,True,1.3157894736842106,0.5884101040118871,76.0,moderate
1574,Commitments,Lao People's Democratic Republic,IDA,EAST ASIA AND PACIFIC,FY25,0.0,108.0,0.0,0.0,108.0,2025,4,annual,108.0,0.0,country,0.0,0.0,1.0,4.6913478822291435,0.0,0.0,0.0,0.0,4.6913478822291435,76.0,32.0,0.42105263157894735,76.0,0.42105263157894735,108.0,138.0,True,1.2777777777777777,0.6537890044576523,108.0,significant
354,Commitments,Lao People's Democratic Republic,IDA,EAST ASIA AND PACIFIC,2025-Q3,0.0,56.0,0.0,0.0,56.0,2025,3,quarterly,56.0,0.0,country,0.0,0.0,1.0,4.04305126783455,0.0,0.0,0.0,0.0,4.04305126783455,,,,,,56.0,75.0,True,1.3392857142857142,0.7429378531073446,56.0,moderate
161,Commitments,Lao People's Democratic Republic,IDA,EAST ASIA AND PACIFIC,2026-Q3,0.0,53.0,0.0,0.0,53.0,2026,3,quarterly,53.0,0.0,country,0.0,0.0,1.0,3.9889840465642745,0.0,0.0,0.0,0.0,3.9889840465642745,56.0,-3.0,-0.05357142857142857,56.0,-0.05357142857142857,53.0,94.0,True,1.7735849056603774,0.7344632768361582,53.0,moderate
2576,Gross Disbursements,Lao People's Democratic Republic,IDA,EAST ASIA AND PACIFIC,FY14,20.0,38.0,0.0,0.0,59.0,2014,4,annual,58.0,1.0,country,0.3389830508474576,3.044522437723423,0.6440677966101694,3.6635616461296463,0.0,0.0,0.0,0.0,4.0943445622221,,,,,,103.0,59.0,True,0.5728155339805825,0.5753646677471637,59.0,moderate
2408,Gross Disbursements,Lao People's Democratic Republic,IDA,EAST ASIA AND PACIFIC,FY15,0.0,38.0,0.0,0.0,38.0,2015,4,annual,38.0,0.0,country,0.0,0.0,1.0,3.6635616461296463,0.0,0.0,0.0,0.0,3.6635616461296463,59.0,-21.0,-0.3559322033898305,59.0,-0.3559322033898305,83.0,38.0,True,0.4578313253012048,0.49513776337115073,38.0,moderate
1129,Gross Disbursements,Lao People's Democratic Republic,IDA,EAST ASIA AND PACIFIC,FY16,0.0,47.0,0.0,0.0,47.0,2016,4,annual,47.0,0.0,country,0.0,0.0,1.0,3.871201010907891,0.0,0.0,0.0,0.0,3.871201010907891,38.0,9.0,0.23684210526315788,38.0,0.23684210526315788,30.0,47.0,True,1.5666666666666667,0.5299837925445705,47.0,moderate
930,Gross Disbursements,Lao People's Democratic Republic,IDA,EAST ASIA AND PACIFIC,FY17,40.0,46.0,0.0,0.0,85.0,2017,4,annual,86.0,-1.0,country,0.47058823529411764,3.713572066704308,0.5411764705882353,3.8501476017100584,0.0,0.0,0.0,0.0,4.454347296253507,47.0,38.0,0.8085106382978723,47.0,0.8085106382978723,64.0,85.0,True,1.328125,0.6341166936790924,85.0,moderate
753,Gross Disbursements,Lao People's Democratic Republic,IDA,EAST ASIA AND PACIFIC,FY18,0.0,63.0,0.0,0.0,63.0,2018,4,annual,63.0,0.0,country,0.0,0.0,1.0,4.1588830833596715,0.0,0.0,0.0,0.0,4.1588830833596715,85.0,-22.0,-0.25882352941176473,85.0,-0.25882352941176473,130.0,63.0,True,0.4846153846153846,0.5854943273905997,63.0,moderate
3203,Gross Disbursements,Lao People's Democratic Republic,IDA,EAST ASIA AND PACIFIC,FY19,40.0,46.0,0.0,0.0,86.0,2019,4,annual,86.0,0.0,country,0.46511627906976744,3.713572066704308,0.5348837209302325,3.8501476017100584,0.0,0.0,0.0,0.0,4.465908118654584,63.0,23.0,0.36507936507936506,63.0,0.36507936507936506,122.0,86.0,True,0.7049180327868853,0.6365478119935171,86.0,moderate
2085,Gross Disbursements,Lao People's Democratic Republic,IDA,EAST ASIA AND PACIFIC,FY20,0.0,63.0,0.0,0.0,63.0,2020,4,annual,63.0,0.0,country,0.0,0.0,1.0,4.1588830833596715,0.0,0.0,0.0,0.0,4.1588830833596715,86.0,-23.0,-0.26744186046511625,86.0,-0.26744186046511625,179.0,63.0,True,0.35195530726256985,0.5854943273905997,63.0,moderate
674,Gross Disbursements,Lao People's Democratic Republic,IDA,EAST ASIA AND PACIFIC,FY21,0.0,58.0,0.0,0.0,58.0,2021,4,annual,58.0,0.0,country,0.0,0.0,1.0,4.07753744390572,0.0,0.0,0.0,0.0,4.07753744390572,63.0,-5.0,-0.07936507936507936,63.0,-0.07936507936507936,114.0,58.0,True,0.5087719298245614,0.5709076175040518,58.0,moderate
427,Gross Disbursements,Lao People's Democratic Republic,IDA,EAST ASIA AND PACIFIC,FY22,0.0,84.0,0.0,0.0,84.0,2022,4,annual,84.0,0.0,country,0.0,0.0,1.0,4.442651256490317,0.0,0.0,0.0,0.0,4.442651256490317,58.0,26.0,0.4482758620689655,58.0,0.4482758620689655,203.0,84.0,True,0.41379310344827586,0.6316855753646677,84.0,moderate
2810,Gross Disbursements,Lao People's Democratic Republic,IDA,EAST ASIA AND PACIFIC,FY23,0.0,105.0,0.0,0.0,105.0,2023,4,annual,105.0,0.0,country,0.0,0.0,1.0,4.663439094112067,0.0,0.0,0.0,0.0,4.663439094112067,84.0,21.0,0.25,84.0,0.25,117.0,105.0,True,0.8974358974358975,0.6576175040518638,105.0,significant
1732,Gross Disbursements,Lao People's Democratic Republic,IDA,EAST ASIA AND PACIFIC,FY24,0.0,100.0,0.0,0.0,100.0,2024,4,annual,100.0,0.0,country,0.0,0.0,1.0,4.61512051684126,0.0,0.0,0.0,0.0,4.61512051684126,105.0,-5.0,-0.047619047619047616,105.0,-0.047619047619047616,76.0,100.0,True,1.3157894736842106,0.6511345218800648,100.0,moderate
1611,Gross Disbursements,Lao People's Democratic Republic,IDA,EAST ASIA AND PACIFIC,FY25,0.0,138.0,0.0,0.0,138.0,2025,4,annual,138.0,0.0,country,0.0,0.0,1.0,4.9344739331306915,0.0,0.0,0.0,0.0,4.9344739331306915,100.0,38.0,0.38,100.0,0.38,108.0,138.0,True,1.2777777777777777,0.7029983792544571,138.0,significant
1296,Gross Disbursements,Lao People's Democratic Republic,IDA,EAST ASIA AND PACIFIC,2025-Q3,0.0,75.0,0.0,0.0,75.0,2025,3,quarterly,75.0,0.0,country,0.0,0.0,1.0,4.330733340286331,0.0,0.0,0.0,0.0,4.330733340286331,,,,,,56.0,75.0,True,1.3392857142857142,0.59375,75.0,moderate
1173,Gross Disbursements,Lao People's Democratic Republic,IDA,EAST ASIA AND PACIFIC,2026-Q3,0.0,94.0,0.0,0.0,94.0,2026,3,quarterly,94.0,0.0,country,0.0,0.0,1.0,4.553876891600541,0.0,0.0,0.0,0.0,4.553876891600541,75.0,19.0,0.25333333333333335,75.0,0.25333333333333335,53.0,94.0,True,1.7735849056603774,0.6227678571428571,94.0,moderate
2680,Commitments,Latvia,IDA,EUROPE AND CENTRAL ASIA,FY24,0.0,0.0,0.0,0.0,0.0,2024,4,annual,0.0,0.0,country,0.0,0.0,0.0,0.0,0.0,0.0,0.0,0.0,0.0,,,,,,0.0,,False,,0.19539375928677563,0.0,limited
1481,Commitments,Latvia,IDA,EUROPE AND CENTRAL ASIA,FY25,0.0,0.0,0.0,0.0,0.0,2025,4,annual,0.0,0.0,country,0.0,0.0,0.0,0.0,0.0,0.0,0.0,0.0,0.0,0.0,0.0,,0.0,,0.0,,False,,0.19539375928677563,0.0,limited
261,Commitments,Latvia,IDA,EUROPE AND CENTRAL ASIA,2025-Q3,0.0,0.0,0.0,0.0,0.0,2025,3,quarterly,0.0,0.0,country,0.0,0.0,0.0,0.0,0.0,0.0,0.0,0.0,0.0,,,,,,0.0,,False,,0.326271186440678,0.0,limited
68,Commitments,Latvia,IDA,EUROPE AND CENTRAL ASIA,2026-Q3,0.0,0.0,0.0,0.0,0.0,2026,3,quarterly,0.0,0.0,country,0.0,0.0,0.0,0.0,0.0,0.0,0.0,0.0,0.0,0.0,0.0,,0.0,,0.0,,False,,0.326271186440678,0.0,limited
886,Commitments,Lebanon,IDA,MIDDLE EAST AND NORTH AFRICA,FY17,0.0,0.0,0.0,100.0,100.0,2017,4,annual,100.0,0.0,country,0.0,0.0,0.0,0.0,0.0,0.0,1.0,4.61512051684126,4.61512051684126,,,,,,100.0,0.0,True,0.0,0.6404160475482912,100.0,moderate
3393,Commitments,Lebanon,IDA,MIDDLE EAST AND NORTH AFRICA,FY18,0.0,0.0,0.0,0.0,0.0,2018,4,annual,0.0,0.0,country,0.0,0.0,0.0,0.0,0.0,0.0,0.0,0.0,0.0,100.0,-100.0,-1.0,100.0,-1.0,0.0,25.0,False,,0.19539375928677563,0.0,limited
3153,Commitments,Lebanon,IDA,MIDDLE EAST AND NORTH AFRICA,FY19,0.0,0.0,0.0,0.0,0.0,2019,4,annual,0.0,0.0,country,0.0,0.0,0.0,0.0,0.0,0.0,0.0,0.0,0.0,0.0,0.0,,0.0,,0.0,0.0,False,,0.19539375928677563,0.0,limited
3025,Commitments,Lebanon,IDA,MIDDLE EAST AND NORTH AFRICA,FY20,0.0,0.0,0.0,0.0,0.0,2020,4,annual,0.0,0.0,country,0.0,0.0,0.0,0.0,0.0,0.0,0.0,0.0,0.0,0.0,0.0,,0.0,,0.0,57.0,False,,0.19539375928677563,0.0,limited
1993,Commitments,Lebanon,IDA,MIDDLE EAST AND NORTH AFRICA,FY21,0.0,0.0,0.0,0.0,0.0,2021,4,annual,0.0,0.0,country,0.0,0.0,0.0,0.0,0.0,0.0,0.0,0.0,0.0,0.0,0.0,,0.0,,0.0,7.0,False,,0.19539375928677563,0.0,limited
628,Commitments,Lebanon,IDA,MIDDLE EAST AND NORTH AFRICA,FY22,0.0,0.0,0.0,0.0,0.0,2022,4,annual,0.0,0.0,country,0.0,0.0,0.0,0.0,0.0,0.0,0.0,0.0,0.0,0.0,0.0,,0.0,,0.0,0.0,False,,0.19539375928677563,0.0,limited
381,Commitments,Lebanon,IDA,MIDDLE EAST AND NORTH AFRICA,FY23,0.0,0.0,0.0,0.0,0.0,2023,4,annual,0.0,0.0,country,0.0,0.0,0.0,0.0,0.0,0.0,0.0,0.0,0.0,0.0,0.0,,0.0,,0.0,0.0,False,,0.19539375928677563,0.0,limited
2740,Commitments,Lebanon,IDA,MIDDLE EAST AND NORTH AFRICA,FY24,0.0,0.0,0.0,0.0,0.0,2024,4,annual,0.0,0.0,country,0.0,0.0,0.0,0.0,0.0,0.0,0.0,0.0,0.0,0.0,0.0,,0.0,,0.0,10.0,False,,0.19539375928677563,0.0,limited
1541,Commitments,Lebanon,IDA,MIDDLE EAST AND NORTH AFRICA,FY25,0.0,0.0,0.0,0.0,0.0,2025,4,annual,0.0,0.0,country,0.0,0.0,0.0,0.0,0.0,0.0,0.0,0.0,0.0,0.0,0.0,,0.0,,0.0,0.0,False,,0.19539375928677563,0.0,limited
321,Commitments,Lebanon,IDA,"MIDDLE EAST, NORTH AFRICA, AFGHANISTAN, AND PAKISTAN",2025-Q3,0.0,0.0,0.0,0.0,0.0,2025,3,quarterly,0.0,0.0,country,0.0,0.0,0.0,0.0,0.0,0.0,0.0,0.0,0.0,,,,,,0.0,0.0,False,,0.326271186440678,0.0,limited
128,Commitments,Lebanon,IDA,"MIDDLE EAST, NORTH AFRICA, AFGHANISTAN, AND PAKISTAN",2026-Q3,0.0,0.0,0.0,0.0,0.0,2026,3,quarterly,0.0,0.0,country,0.0,0.0,0.0,0.0,0.0,0.0,0.0,0.0,0.0,0.0,0.0,,0.0,,0.0,0.0,False,,0.326271186440678,0.0,limited
947,Gross Disbursements,Lebanon,IDA,MIDDLE EAST AND NORTH AFRICA,FY17,0.0,0.0,0.0,0.0,0.0,2017,4,annual,0.0,0.0,country,0.0,0.0,0.0,0.0,0.0,0.0,0.0,0.0,0.0,,,,,,100.0,0.0,True,0.0,0.1094003241491086,0.0,limited
805,Gross Disbursements,Lebanon,IDA,MIDDLE EAST AND NORTH AFRICA,FY18,0.0,0.0,0.0,25.0,25.0,2018,4,annual,25.0,0.0,country,0.0,0.0,0.0,0.0,0.0,0.0,1.0,3.258096538021482,3.258096538021482,0.0,25.0,,0.0,,0.0,25.0,False,,0.4351701782820097,25.0,moderate
3205,Gross Disbursements,Lebanon,IDA,MIDDLE EAST AND NORTH AFRICA,FY19,0.0,0.0,0.0,0.0,0.0,2019,4,annual,0.0,0.0,country,0.0,0.0,0.0,0.0,0.0,0.0,0.0,0.0,0.0,25.0,-25.0,-1.0,25.0,-1.0,0.0,0.0,False,,0.1094003241491086,0.0,limited
2112,Gross Disbursements,Lebanon,IDA,MIDDLE EAST AND NORTH AFRICA,FY20,0.0,0.0,0.0,57.0,57.0,2020,4,annual,57.0,0.0,country,0.0,0.0,0.0,0.0,0.0,0.0,1.0,4.060443010546419,4.060443010546419,0.0,57.0,,0.0,,0.0,57.0,False,,0.5648298217179902,57.0,moderate
1866,Gross Disbursements,Lebanon,IDA,MIDDLE EAST AND NORTH AFRICA,FY21,0.0,0.0,0.0,7.0,7.0,2021,4,annual,7.0,0.0,country,0.0,0.0,0.0,0.0,0.0,0.0,1.0,2.0794415416798357,2.0794415416798357,57.0,-50.0,-0.8771929824561403,57.0,-0.8771929824561403,0.0,7.0,False,,0.2925445705024311,7.0,limited
501,Gross Disbursements,Lebanon,IDA,MIDDLE EAST AND NORTH AFRICA,FY22,0.0,0.0,0.0,0.0,0.0,2022,4,annual,0.0,0.0,country,0.0,0.0,0.0,0.0,0.0,0.0,0.0,0.0,0.0,7.0,-7.0,-1.0,7.0,-1.0,0.0,0.0,False,,0.1094003241491086,0.0,limited
2889,Gross Disbursements,Lebanon,IDA,MIDDLE EAST AND NORTH AFRICA,FY23,0.0,0.0,0.0,0.0,0.0,2023,4,annual,0.0,0.0,country,0.0,0.0,0.0,0.0,0.0,0.0,0.0,0.0,0.0,0.0,0.0,,0.0,,0.0,0.0,False,,0.1094003241491086,0.0,limited
1811,Gross Disbursements,Lebanon,IDA,MIDDLE EAST AND NORTH AFRICA,FY24,0.0,0.0,0.0,10.0,10.0,2024,4,annual,10.0,0.0,country,0.0,0.0,0.0,0.0,0.0,0.0,1.0,2.3978952727983707,2.3978952727983707,0.0,10.0,,0.0,,0.0,10.0,False,,0.3286061588330632,10.0,limited
1691,Gross Disbursements,Lebanon,IDA,MIDDLE EAST AND NORTH AFRICA,FY25,0.0,0.0,0.0,0.0,0.0,2025,4,annual,0.0,0.0,country,0.0,0.0,0.0,0.0,0.0,0.0,0.0,0.0,0.0,10.0,-10.0,-1.0,10.0,-1.0,0.0,0.0,False,,0.1094003241491086,0.0,limited
1376,Gross Disbursements,Lebanon,IDA,"MIDDLE EAST, NORTH AFRICA, AFGHANISTAN, AND PAKISTAN",2025-Q3,0.0,0.0,0.0,0.0,0.0,2025,3,quarterly,0.0,0.0,country,0.0,0.0,0.0,0.0,0.0,0.0,0.0,0.0,0.0,,,,,,0.0,0.0,False,,0.15848214285714285,0.0,limited
1253,Gross Disbursements,Lebanon,IDA,"MIDDLE EAST, NORTH AFRICA, AFGHANISTAN, AND PAKISTAN",2026-Q3,0.0,0.0,0.0,0.0,0.0,2026,3,quarterly,0.0,0.0,country,0.0,0.0,0.0,0.0,0.0,0.0,0.0,0.0,0.0,0.0,0.0,,0.0,,0.0,0.0,False,,0.15848214285714285,0.0,limited
2476,Commitments,Lesotho,IDA,AFRICA,FY14,0.0,34.0,0.0,0.0,34.0,2014,4,annual,34.0,0.0,country,0.0,0.0,1.0,3.5553480614894135,0.0,0.0,0.0,0.0,3.5553480614894135,,,,,,34.0,39.0,True,1.1470588235294117,0.4933135215453195,34.0,moderate
2305,Commitments,Lesotho,IDA,AFRICA,FY15,0.0,0.0,0.0,0.0,0.0,2015,4,annual,0.0,0.0,country,0.0,0.0,0.0,0.0,0.0,0.0,0.0,0.0,0.0,34.0,-34.0,-1.0,34.0,-1.0,0.0,12.0,False,,0.19539375928677563,0.0,limited
1024,Commitments,Lesotho,IDA,AFRICA,FY16,0.0,70.0,0.0,0.0,70.0,2016,4,annual,70.0,0.0,country,0.0,0.0,1.0,4.2626798770413155,0.0,0.0,0.0,0.0,4.2626798770413155,0.0,70.0,,0.0,,70.0,20.0,True,0.2857142857142857,0.575408618127786,70.0,moderate
862,Commitments,Lesotho,IDA,AFRICA,FY17,0.0,33.0,0.0,0.0,33.0,2017,4,annual,33.0,0.0,country,0.0,0.0,1.0,3.5263605246161616,0.0,0.0,0.0,0.0,3.5263605246161616,70.0,-37.0,-0.5285714285714286,70.0,-0.5285714285714286,33.0,23.0,True,0.696969696969697,0.49071322436849923,33.0,moderate
3309,Commitments,Lesotho,IDA,AFRICA,FY18,0.0,28.0,0.0,0.0,28.0,2018,4,annual,28.0,0.0,country,0.0,0.0,1.0,3.367295829986474,0.0,0.0,0.0,0.0,3.367295829986474,33.0,-5.0,-0.15151515151515152,33.0,-0.15151515151515152,28.0,40.0,True,1.4285714285714286,0.47436849925705793,28.0,moderate
3093,Commitments,Lesotho,IDA,AFRICA,FY19,0.0,148.0,0.0,0.0,148.0,2019,4,annual,148.0,0.0,country,0.0,0.0,1.0,5.003946305945459,0.0,0.0,0.0,0.0,5.003946305945459,28.0,120.0,4.285714285714286,28.0,4.285714285714286,148.0,31.0,True,0.20945945945945946,0.6972511144130757,148.0,significant
2209,Commitments,Lesotho,IDA,AFRICA EAST,FY20,0.0,69.0,0.0,0.0,69.0,2020,4,annual,69.0,0.0,country,0.0,0.0,1.0,4.248495242049359,0.0,0.0,0.0,0.0,4.248495242049359,148.0,-79.0,-0.5337837837837838,148.0,-0.5337837837837838,69.0,46.0,True,0.6666666666666666,0.5739227340267459,69.0,moderate
1939,Commitments,Lesotho,IDA,EASTERN AND SOUTHERN AFRICA,FY21,0.0,44.0,0.0,0.0,44.0,2021,4,annual,44.0,0.0,country,0.0,0.0,1.0,3.8066624897703196,0.0,0.0,0.0,0.0,3.8066624897703196,69.0,-25.0,-0.36231884057971014,69.0,-0.36231884057971014,44.0,35.0,True,0.7954545454545454,0.5167161961367014,44.0,moderate
574,Commitments,Lesotho,IDA,EASTERN AND SOUTHERN AFRICA,FY22,0.0,72.0,0.0,0.0,72.0,2022,4,annual,72.0,0.0,country,0.0,0.0,1.0,4.290459441148391,0.0,0.0,0.0,0.0,4.290459441148391,44.0,28.0,0.6363636363636364,44.0,0.6363636363636364,72.0,44.0,True,0.6111111111111112,0.5802377414561665,72.0,moderate
2960,Commitments,Lesotho,IDA,EASTERN AND SOUTHERN AFRICA,FY23,0.0,0.0,0.0,0.0,0.0,2023,4,annual,0.0,0.0,country,0.0,0.0,0.0,0.0,0.0,0.0,0.0,0.0,0.0,72.0,-72.0,-1.0,72.0,-1.0,0.0,48.0,False,,0.19539375928677563,0.0,limited
2640,Commitments,Lesotho,IDA,EASTERN AND SOUTHERN AFRICA,FY24,0.0,92.0,0.0,0.0,92.0,2024,4,annual,92.0,0.0,country,0.0,0.0,1.0,4.532599493153256,0.0,0.0,0.0,0.0,4.532599493153256,0.0,92.0,,0.0,,92.0,53.0,True,0.5760869565217391,0.6203566121842496,92.0,moderate
1441,Commitments,Lesotho,IDA,EASTERN AND SOUTHERN AFRICA,FY25,0.0,32.0,0.0,0.0,32.0,2025,4,annual,32.0,0.0,country,0.0,0.0,1.0,3.4965075614664802,0.0,0.0,0.0,0.0,3.4965075614664802,92.0,-60.0,-0.6521739130434783,92.0,-0.6521739130434783,32.0,76.0,True,2.375,0.48811292719167904,32.0,moderate
221,Commitments,Lesotho,IDA,EASTERN AND SOUTHERN AFRICA,2025-Q3,0.0,32.0,0.0,0.0,32.0,2025,3,quarterly,32.0,0.0,country,0.0,0.0,1.0,3.4965075614664802,0.0,0.0,0.0,0.0,3.4965075614664802,,,,,,32.0,57.0,True,1.78125,0.692090395480226,32.0,moderate
28,Commitments,Lesotho,IDA,EASTERN AND SOUTHERN AFRICA,2026-Q3,0.0,18.0,0.0,0.0,18.0,2026,3,quarterly,18.0,0.0,country,0.0,0.0,1.0,2.9444389791664403,0.0,0.0,0.0,0.0,2.9444389791664403,32.0,-14.0,-0.4375,32.0,-0.4375,18.0,45.0,True,2.5,0.652542372881356,18.0,moderate
2555,Gross Disbursements,Lesotho,IDA,AFRICA,FY14,21.0,19.0,0.0,0.0,39.0,2014,4,annual,40.0,-1.0,country,0.5384615384615384,3.091042453358316,0.48717948717948717,2.995732273553991,0.0,0.0,0.0,0.0,3.6888794541139363,,,,,,34.0,39.0,True,1.1470588235294117,0.4991896272285251,39.0,moderate
2387,Gross Disbursements,Lesotho,IDA,AFRICA,FY15,0.0,12.0,0.0,0.0,12.0,2015,4,annual,12.0,0.0,country,0.0,0.0,1.0,2.5649493574615367,0.0,0.0,0.0,0.0,2.5649493574615367,39.0,-27.0,-0.6923076923076923,39.0,-0.6923076923076923,0.0,12.0,False,,0.34562398703403563,12.0,moderate
1101,Gross Disbursements,Lesotho,IDA,AFRICA,FY16,0.0,20.0,0.0,0.0,20.0,2016,4,annual,20.0,0.0,country,0.0,0.0,1.0,3.044522437723423,0.0,0.0,0.0,0.0,3.044522437723423,12.0,8.0,0.6666666666666666,12.0,0.6666666666666666,70.0,20.0,True,0.2857142857142857,0.406807131280389,20.0,moderate
938,Gross Disbursements,Lesotho,IDA,AFRICA,FY17,0.0,23.0,0.0,0.0,23.0,2017,4,annual,23.0,0.0,country,0.0,0.0,1.0,3.1780538303479458,0.0,0.0,0.0,0.0,3.1780538303479458,20.0,3.0,0.15,20.0,0.15,33.0,23.0,True,0.696969696969697,0.42017828200972446,23.0,moderate
769,Gross Disbursements,Lesotho,IDA,AFRICA,FY18,0.0,40.0,0.0,0.0,40.0,2018,4,annual,40.0,0.0,country,0.0,0.0,1.0,3.713572066704308,0.0,0.0,0.0,0.0,3.713572066704308,23.0,17.0,0.7391304347826086,23.0,0.7391304347826086,28.0,40.0,True,1.4285714285714286,0.5024311183144247,40.0,moderate
3210,Gross Disbursements,Lesotho,IDA,AFRICA,FY19,0.0,31.0,0.0,0.0,31.0,2019,4,annual,31.0,0.0,country,0.0,0.0,1.0,3.4657359027997265,0.0,0.0,0.0,0.0,3.4657359027997265,40.0,-9.0,-0.225,40.0,-0.225,148.0,31.0,True,0.20945945945945946,0.4675850891410049,31.0,moderate
2099,Gross Disbursements,Lesotho,IDA,AFRICA EAST,FY20,0.0,46.0,0.0,0.0,46.0,2020,4,annual,46.0,0.0,country,0.0,0.0,1.0,3.8501476017100584,0.0,0.0,0.0,0.0,3.8501476017100584,31.0,15.0,0.4838709677419355,31.0,0.4838709677419355,69.0,46.0,True,0.6666666666666666,0.5259319286871961,46.0,moderate
699,Gross Disbursements,Lesotho,IDA,EASTERN AND SOUTHERN AFRICA,FY21,0.0,35.0,0.0,0.0,35.0,2021,4,annual,35.0,0.0,country,0.0,0.0,1.0,3.58351893845611,0.0,0.0,0.0,0.0,3.58351893845611,46.0,-11.0,-0.2391304347826087,46.0,-0.2391304347826087,44.0,35.0,True,0.7954545454545454,0.4837925445705024,35.0,moderate
452,Gross Disbursements,Lesotho,IDA,EASTERN AND SOUTHERN AFRICA,FY22,0.0,44.0,0.0,0.0,44.0,2022,4,annual,44.0,0.0,country,0.0,0.0,1.0,3.8066624897703196,0.0,0.0,0.0,0.0,3.8066624897703196,35.0,9.0,0.2571428571428571,35.0,0.2571428571428571,72.0,44.0,True,0.6111111111111112,0.5194489465153971,44.0,moderate
2836,Gross Disbursements,Lesotho,IDA,EASTERN AND SOUTHERN AFRICA,FY23,0.0,48.0,0.0,0.0,48.0,2023,4,annual,48.0,0.0,country,0.0,0.0,1.0,3.8918202981106265,0.0,0.0,0.0,0.0,3.8918202981106265,44.0,4.0,0.09090909090909091,44.0,0.09090909090909091,0.0,48.0,False,,0.534035656401945,48.0,moderate
1758,Gross Disbursements,Lesotho,IDA,EASTERN AND SOUTHERN AFRICA,FY24,0.0,53.0,0.0,0.0,53.0,2024,4,annual,53.0,0.0,country,0.0,0.0,1.0,3.9889840465642745,0.0,0.0,0.0,0.0,3.9889840465642745,48.0,5.0,0.10416666666666667,48.0,0.10416666666666667,92.0,53.0,True,0.5760869565217391,0.5470016207455429,53.0,moderate
1638,Gross Disbursements,Lesotho,IDA,EASTERN AND SOUTHERN AFRICA,FY25,0.0,76.0,0.0,0.0,76.0,2025,4,annual,76.0,0.0,country,0.0,0.0,1.0,4.343805421853684,0.0,0.0,0.0,0.0,4.343805421853684,53.0,23.0,0.4339622641509434,53.0,0.4339622641509434,32.0,76.0,True,2.375,0.6114262560777958,76.0,moderate
1323,Gross Disbursements,Lesotho,IDA,EASTERN AND SOUTHERN AFRICA,2025-Q3,0.0,57.0,0.0,0.0,57.0,2025,3,quarterly,57.0,0.0,country,0.0,0.0,1.0,4.060443010546419,0.0,0.0,0.0,0.0,4.060443010546419,,,,,,32.0,57.0,True,1.78125,0.5446428571428571,57.0,moderate
1200,Gross Disbursements,Lesotho,IDA,EASTERN AND SOUTHERN AFRICA,2026-Q3,0.0,45.0,0.0,0.0,45.0,2026,3,quarterly,45.0,0.0,country,0.0,0.0,1.0,3.828641396489095,0.0,0.0,0.0,0.0,3.828641396489095,57.0,-12.0,-0.21052631578947367,57.0,-0.21052631578947367,18.0,45.0,True,2.5,0.5267857142857143,45.0,moderate
2477,Commitments,Liberia,IDA,AFRICA,FY14,0.0,22.0,0.0,0.0,22.0,2014,4,annual,22.0,0.0,country,0.0,0.0,1.0,3.1354942159291497,0.0,0.0,0.0,0.0,3.1354942159291497,,,,,,22.0,42.0,True,1.9090909090909092,0.45579494799405645,22.0,moderate
2306,Commitments,Liberia,IDA,AFRICA,FY15,30.0,227.0,0.0,0.0,257.0,2015,4,annual,257.0,0.0,country,0.11673151750972763,3.4339872044851463,0.8832684824902723,5.429345628954441,0.0,0.0,0.0,0.0,5.552959584921617,22.0,235.0,10.681818181818182,22.0,10.681818181818182,257.0,184.0,True,0.7159533073929961,0.762630014858841,257.0,significant
1025,Commitments,Liberia,IDA,AFRICA,FY16,0.0,32.0,0.0,0.0,32.0,2016,4,annual,32.0,0.0,country,0.0,0.0,1.0,3.4965075614664802,0.0,0.0,0.0,0.0,3.4965075614664802,257.0,-225.0,-0.8754863813229572,257.0,-0.8754863813229572,32.0,131.0,True,4.09375,0.48811292719167904,32.0,moderate
848,Commitments,Liberia,IDA,AFRICA,FY17,52.0,55.0,0.0,0.0,107.0,2017,4,annual,107.0,0.0,country,0.48598130841121495,3.970291913552122,0.514018691588785,4.02535169073515,0.0,0.0,0.0,0.0,4.68213122712422,32.0,75.0,2.34375,32.0,2.34375,107.0,85.0,True,0.794392523364486,0.6523031203566122,107.0,significant
3311,Commitments,Liberia,IDA,AFRICA,FY18,20.0,52.0,0.0,0.0,72.0,2018,4,annual,72.0,0.0,country,0.2777777777777778,3.044522437723423,0.7222222222222222,3.970291913552122,0.0,0.0,0.0,0.0,4.290459441148391,107.0,-35.0,-0.32710280373831774,107.0,-0.32710280373831774,72.0,89.0,True,1.2361111111111112,0.5802377414561665,72.0,moderate
3072,Commitments,Liberia,IDA,AFRICA,FY19,0.0,132.0,0.0,0.0,132.0,2019,4,annual,132.0,0.0,country,0.0,0.0,1.0,4.890349128221754,0.0,0.0,0.0,0.0,4.890349128221754,72.0,60.0,0.8333333333333334,72.0,0.8333333333333334,132.0,102.0,True,0.7727272727272727,0.6842496285289748,132.0,significant
2189,Commitments,Liberia,IDA,AFRICA WEST,FY20,40.0,158.0,0.0,0.0,198.0,2020,4,annual,198.0,0.0,country,0.20202020202020202,3.713572066704308,0.797979797979798,5.0689042022202315,0.0,0.0,0.0,0.0,5.293304824724492,132.0,66.0,0.5,132.0,0.5,198.0,135.0,True,0.6818181818181818,0.7288261515601783,198.0,significant
2025,Commitments,Liberia,IDA,WESTERN AND CENTRAL AFRICA,FY21,65.0,131.0,0.0,0.0,196.0,2021,4,annual,196.0,0.0,country,0.33163265306122447,4.189654742026425,0.6683673469387755,4.882801922586371,0.0,0.0,0.0,0.0,5.2832037287379885,198.0,-2.0,-0.010101010101010102,198.0,-0.010101010101010102,196.0,96.0,True,0.4897959183673469,0.7280832095096582,196.0,significant
660,Commitments,Liberia,IDA,WESTERN AND CENTRAL AFRICA,FY22,0.0,174.0,0.0,0.0,174.0,2022,4,annual,174.0,0.0,country,0.0,0.0,1.0,5.1647859739235145,0.0,0.0,0.0,0.0,5.1647859739235145,196.0,-22.0,-0.11224489795918367,196.0,-0.11224489795918367,174.0,145.0,True,0.8333333333333334,0.7147102526002972,174.0,significant
413,Commitments,Liberia,IDA,WESTERN AND CENTRAL AFRICA,FY23,120.0,166.0,0.0,0.0,286.0,2023,4,annual,286.0,0.0,country,0.4195804195804196,4.795790545596741,0.5804195804195804,5.117993812416755,0.0,0.0,0.0,0.0,5.659482215759621,174.0,112.0,0.6436781609195402,174.0,0.6436781609195402,286.0,143.0,True,0.5,0.7760029717682021,286.0,significant
2762,Commitments,Liberia,IDA,WESTERN AND CENTRAL AFRICA,FY24,0.0,169.0,0.0,0.0,169.0,2024,4,annual,169.0,0.0,country,0.0,0.0,1.0,5.135798437050262,0.0,0.0,0.0,0.0,5.135798437050262,286.0,-117.0,-0.4090909090909091,286.0,-0.4090909090909091,169.0,188.0,True,1.1124260355029585,0.7109955423476969,169.0,significant
1563,Commitments,Liberia,IDA,WESTERN AND CENTRAL AFRICA,FY25,60.0,86.0,0.0,0.0,146.0,2025,4,annual,146.0,0.0,country,0.410958904109589,4.110873864173311,0.589041095890411,4.465908118654584,0.0,0.0,0.0,0.0,4.990432586778736,169.0,-23.0,-0.13609467455621302,169.0,-0.13609467455621302,146.0,174.0,True,1.1917808219178083,0.6946508172362555,146.0,significant
343,Commitments,Liberia,IDA,WESTERN AND CENTRAL AFRICA,2025-Q3,60.0,0.0,0.0,0.0,60.0,2025,3,quarterly,60.0,0.0,country,1.0,4.110873864173311,0.0,0.0,0.0,0.0,0.0,0.0,4.110873864173311,,,,,,60.0,119.0,True,1.9833333333333334,0.7457627118644068,60.0,moderate
150,Commitments,Liberia,IDA,WESTERN AND CENTRAL AFRICA,2026-Q3,0.0,125.0,0.0,0.0,125.0,2026,3,quarterly,125.0,0.0,country,0.0,0.0,1.0,4.836281906951478,0.0,0.0,0.0,0.0,4.836281906951478,60.0,65.0,1.0833333333333333,60.0,1.0833333333333333,125.0,60.0,True,0.48,0.807909604519774,125.0,significant
2556,Gross Disbursements,Liberia,IDA,AFRICA,FY14,10.0,32.0,0.0,0.0,42.0,2014,4,annual,42.0,0.0,country,0.23809523809523808,2.3978952727983707,0.7619047619047619,3.4965075614664802,0.0,0.0,0.0,0.0,3.7612001156935624,,,,,,22.0,42.0,True,1.9090909090909092,0.5097244732576985,42.0,moderate
2388,Gross Disbursements,Liberia,IDA,AFRICA,FY15,29.0,155.0,0.0,0.0,184.0,2015,4,annual,184.0,0.0,country,0.15760869565217392,3.4011973816621555,0.842391304347826,5.049856007249537,0.0,0.0,0.0,0.0,5.220355825078324,42.0,142.0,3.380952380952381,42.0,3.380952380952381,257.0,184.0,True,0.7159533073929961,0.7552674230145867,184.0,significant
1102,Gross Disbursements,Liberia,IDA,AFRICA,FY16,0.0,131.0,0.0,0.0,131.0,2016,4,annual,131.0,0.0,country,0.0,0.0,1.0,4.882801922586371,0.0,0.0,0.0,0.0,4.882801922586371,184.0,-53.0,-0.28804347826086957,184.0,-0.28804347826086957,32.0,131.0,True,4.09375,0.6940842787682334,131.0,significant
919,Gross Disbursements,Liberia,IDA,AFRICA,FY17,51.0,34.0,0.0,0.0,85.0,2017,4,annual,85.0,0.0,country,0.6,3.9512437185814275,0.4,3.5553480614894135,0.0,0.0,0.0,0.0,4.454347296253507,131.0,-46.0,-0.3511450381679389,131.0,-0.3511450381679389,107.0,85.0,True,0.794392523364486,0.6341166936790924,85.0,moderate
752,Gross Disbursements,Liberia,IDA,AFRICA,FY18,21.0,68.0,0.0,0.0,89.0,2018,4,annual,89.0,0.0,country,0.23595505617977527,3.091042453358316,0.7640449438202247,4.23410650459726,0.0,0.0,0.0,0.0,4.499809670330265,85.0,4.0,0.047058823529411764,85.0,0.047058823529411764,72.0,89.0,True,1.2361111111111112,0.6393841166936791,89.0,moderate
3189,Gross Disbursements,Liberia,IDA,AFRICA,FY19,0.0,102.0,0.0,0.0,102.0,2019,4,annual,102.0,0.0,country,0.0,0.0,1.0,4.634728988229636,0.0,0.0,0.0,0.0,4.634728988229636,89.0,13.0,0.14606741573033707,89.0,0.14606741573033707,132.0,102.0,True,0.7727272727272727,0.6535656401944895,102.0,significant
2076,Gross Disbursements,Liberia,IDA,AFRICA WEST,FY20,40.0,95.0,0.0,0.0,135.0,2020,4,annual,135.0,0.0,country,0.2962962962962963,3.713572066704308,0.7037037037037037,4.564348191467836,0.0,0.0,0.0,0.0,4.912654885736052,102.0,33.0,0.3235294117647059,102.0,0.3235294117647059,198.0,135.0,True,0.6818181818181818,0.6977309562398704,135.0,significant
1895,Gross Disbursements,Liberia,IDA,WESTERN AND CENTRAL AFRICA,FY21,26.0,70.0,0.0,0.0,96.0,2021,4,annual,96.0,0.0,country,0.2708333333333333,3.295836866004329,0.7291666666666666,4.2626798770413155,0.0,0.0,0.0,0.0,4.574710978503383,135.0,-39.0,-0.28888888888888886,135.0,-0.28888888888888886,196.0,96.0,True,0.4897959183673469,0.6478930307941653,96.0,moderate
530,Gross Disbursements,Liberia,IDA,WESTERN AND CENTRAL AFRICA,FY22,40.0,105.0,0.0,0.0,145.0,2022,4,annual,145.0,0.0,country,0.27586206896551724,3.713572066704308,0.7241379310344828,4.663439094112067,0.0,0.0,0.0,0.0,4.983606621708336,96.0,49.0,0.5104166666666666,96.0,0.5104166666666666,174.0,145.0,True,0.8333333333333334,0.715964343598055,145.0,significant
2916,Gross Disbursements,Liberia,IDA,WESTERN AND CENTRAL AFRICA,FY23,54.0,89.0,0.0,0.0,143.0,2023,4,annual,143.0,0.0,country,0.3776223776223776,4.007333185232471,0.6223776223776224,4.499809670330265,0.0,0.0,0.0,0.0,4.969813299576001,145.0,-2.0,-0.013793103448275862,145.0,-0.013793103448275862,286.0,143.0,True,0.5,0.7123176661264181,143.0,significant
1838,Gross Disbursements,Liberia,IDA,WESTERN AND CENTRAL AFRICA,FY24,65.0,123.0,0.0,0.0,188.0,2024,4,annual,188.0,0.0,country,0.34574468085106386,4.189654742026425,0.6542553191489362,4.820281565605037,0.0,0.0,0.0,0.0,5.241747015059643,143.0,45.0,0.3146853146853147,143.0,0.3146853146853147,169.0,188.0,True,1.1124260355029585,0.7605348460291734,188.0,significant
1718,Gross Disbursements,Liberia,IDA,WESTERN AND CENTRAL AFRICA,FY25,40.0,134.0,0.0,0.0,174.0,2025,4,annual,174.0,0.0,country,0.22988505747126436,3.713572066704308,0.7701149425287356,4.90527477843843,0.0,0.0,0.0,0.0,5.1647859739235145,188.0,-14.0,-0.07446808510638298,188.0,-0.07446808510638298,146.0,174.0,True,1.1917808219178083,0.7467585089141004,174.0,significant
1403,Gross Disbursements,Liberia,IDA,WESTERN AND CENTRAL AFRICA,2025-Q3,40.0,79.0,0.0,0.0,119.0,2025,3,quarterly,119.0,0.0,country,0.33613445378151263,3.713572066704308,0.6638655462184874,4.382026634673881,0.0,0.0,0.0,0.0,4.787491742782046,,,,,,60.0,119.0,True,1.9833333333333334,0.6763392857142857,119.0,significant
1280,Gross Disbursements,Liberia,IDA,WESTERN AND CENTRAL AFRICA,2026-Q3,0.0,60.0,0.0,0.0,60.0,2026,3,quarterly,60.0,0.0,country,0.0,0.0,1.0,4.110873864173311,0.0,0.0,0.0,0.0,4.110873864173311,119.0,-59.0,-0.4957983193277311,119.0,-0.4957983193277311,125.0,60.0,True,0.48,0.5580357142857143,60.0,moderate
2681,Commitments,Lithuania,IDA,EUROPE AND CENTRAL ASIA,FY24,0.0,0.0,0.0,0.0,0.0,2024,4,annual,0.0,0.0,country,0.0,0.0,0.0,0.0,0.0,0.0,0.0,0.0,0.0,,,,,,0.0,,False,,0.19539375928677563,0.0,limited
1482,Commitments,Lithuania,IDA,EUROPE AND CENTRAL ASIA,FY25,0.0,0.0,0.0,0.0,0.0,2025,4,annual,0.0,0.0,country,0.0,0.0,0.0,0.0,0.0,0.0,0.0,0.0,0.0,0.0,0.0,,0.0,,0.0,,False,,0.19539375928677563,0.0,limited
262,Commitments,Lithuania,IDA,EUROPE AND CENTRAL ASIA,2025-Q3,0.0,0.0,0.0,0.0,0.0,2025,3,quarterly,0.0,0.0,country,0.0,0.0,0.0,0.0,0.0,0.0,0.0,0.0,0.0,,,,,,0.0,,False,,0.326271186440678,0.0,limited
69,Commitments,Lithuania,IDA,EUROPE AND CENTRAL ASIA,2026-Q3,0.0,0.0,0.0,0.0,0.0,2026,3,quarterly,0.0,0.0,country,0.0,0.0,0.0,0.0,0.0,0.0,0.0,0.0,0.0,0.0,0.0,,0.0,,0.0,,False,,0.326271186440678,0.0,limited
2682,Commitments,Luxembourg,IDA,EUROPE AND CENTRAL ASIA,FY24,0.0,0.0,0.0,0.0,0.0,2024,4,annual,0.0,0.0,country,0.0,0.0,0.0,0.0,0.0,0.0,0.0,0.0,0.0,,,,,,0.0,,False,,0.19539375928677563,0.0,limited
1483,Commitments,Luxembourg,IDA,EUROPE AND CENTRAL ASIA,FY25,0.0,0.0,0.0,0.0,0.0,2025,4,annual,0.0,0.0,country,0.0,0.0,0.0,0.0,0.0,0.0,0.0,0.0,0.0,0.0,0.0,,0.0,,0.0,,False,,0.19539375928677563,0.0,limited
263,Commitments,Luxembourg,IDA,EUROPE AND CENTRAL ASIA,2025-Q3,0.0,0.0,0.0,0.0,0.0,2025,3,quarterly,0.0,0.0,country,0.0,0.0,0.0,0.0,0.0,0.0,0.0,0.0,0.0,,,,,,0.0,,False,,0.326271186440678,0.0,limited
70,Commitments,Luxembourg,IDA,EUROPE AND CENTRAL ASIA,2026-Q3,0.0,0.0,0.0,0.0,0.0,2026,3,quarterly,0.0,0.0,country,0.0,0.0,0.0,0.0,0.0,0.0,0.0,0.0,0.0,0.0,0.0,,0.0,,0.0,,False,,0.326271186440678,0.0,limited
3075,Commitments,MIGA,IDA,OTHER,FY19,0.0,0.0,91.0,0.0,91.0,2019,4,annual,91.0,0.0,aggregate_or_institution,0.0,0.0,0.0,0.0,1.0,4.5217885770490405,0.0,0.0,4.5217885770490405,,,,,,91.0,,True,,0.7894736842105263,91.0,moderate
2200,Commitments,MIGA,IDA,OTHER,FY20,0.0,0.0,135.0,0.0,135.0,2020,4,annual,135.0,0.0,aggregate_or_institution,0.0,0.0,0.0,0.0,1.0,4.912654885736052,0.0,0.0,4.912654885736052,91.0,44.0,0.4835164835164835,91.0,0.4835164835164835,135.0,,True,,0.8596491228070176,135.0,significant
2000,Commitments,MIGA,IDA,OTHER,FY21,0.0,0.0,100.0,0.0,100.0,2021,4,annual,100.0,0.0,aggregate_or_institution,0.0,0.0,0.0,0.0,1.0,4.61512051684126,0.0,0.0,4.61512051684126,135.0,-35.0,-0.25925925925925924,135.0,-0.25925925925925924,100.0,,True,,0.8201754385964912,100.0,moderate
635,Commitments,MIGA,IDA,OTHER,FY22,0.0,0.0,115.0,0.0,115.0,2022,4,annual,115.0,0.0,aggregate_or_institution,0.0,0.0,0.0,0.0,1.0,4.7535901911063645,0.0,0.0,4.7535901911063645,100.0,15.0,0.15,100.0,0.15,115.0,,True,,0.8421052631578947,115.0,significant
388,Commitments,MIGA,IDA,OTHER,FY23,0.0,0.0,335.0,0.0,335.0,2023,4,annual,335.0,0.0,aggregate_or_institution,0.0,0.0,0.0,0.0,1.0,5.817111159963204,0.0,0.0,5.817111159963204,115.0,220.0,1.9130434782608696,115.0,1.9130434782608696,335.0,,True,,0.9385964912280702,335.0,significant
2795,Commitments,MIGA,IDA,OTHER,FY24,0.0,0.0,241.0,0.0,241.0,2024,4,annual,241.0,0.0,aggregate_or_institution,0.0,0.0,0.0,0.0,1.0,5.488937726156687,0.0,0.0,5.488937726156687,335.0,-94.0,-0.28059701492537314,335.0,-0.28059701492537314,241.0,,True,,0.9122807017543859,241.0,significant
1596,Commitments,MIGA,IDA,OTHER,FY25,0.0,0.0,64.0,0.0,64.0,2025,4,annual,64.0,0.0,aggregate_or_institution,0.0,0.0,0.0,0.0,1.0,4.174387269895637,0.0,0.0,4.174387269895637,241.0,-177.0,-0.7344398340248963,241.0,-0.7344398340248963,64.0,,True,,0.7719298245614035,64.0,moderate
1158,Commitments,MIGA,IDA,OTHER,2025-Q3,0.0,0.0,2.0,0.0,2.0,2025,3,quarterly,2.0,0.0,aggregate_or_institution,0.0,0.0,0.0,0.0,1.0,1.0986122886681098,0.0,0.0,1.0986122886681098,,,,,,2.0,,False,,0.671875,2.0,limited
183,Commitments,MIGA,IDA,OTHER,2026-Q3,0.0,0.0,59.0,0.0,59.0,2026,3,quarterly,59.0,0.0,aggregate_or_institution,0.0,0.0,0.0,0.0,1.0,4.0943445622221,0.0,0.0,4.0943445622221,2.0,57.0,28.5,2.0,28.5,59.0,,True,,0.875,59.0,moderate
2250,Gross Disbursements,"Macedonia, former Yugoslav Republic of",IDA,EUROPE AND CENTRAL ASIA,FY16,0.0,0.0,0.0,0.0,0.0,2016,4,annual,0.0,0.0,country,0.0,0.0,0.0,0.0,0.0,0.0,0.0,0.0,0.0,,,,,,,0.0,False,,0.1094003241491086,0.0,limited
990,Gross Disbursements,"Macedonia, former Yugoslav Republic of",IDA,EUROPE AND CENTRAL ASIA,FY17,0.0,0.0,0.0,0.0,0.0,2017,4,annual,0.0,0.0,country,0.0,0.0,0.0,0.0,0.0,0.0,0.0,0.0,0.0,0.0,0.0,,0.0,,,0.0,False,,0.1094003241491086,0.0,limited
2456,Commitments,Madagascar,IDA,AFRICA,FY14,0.0,75.0,0.0,0.0,75.0,2014,4,annual,75.0,0.0,country,0.0,0.0,1.0,4.330733340286331,0.0,0.0,0.0,0.0,4.330733340286331,,,,,,75.0,83.0,True,1.1066666666666667,0.5843239227340268,75.0,moderate
2307,Commitments,Madagascar,IDA,AFRICA,FY15,45.0,50.0,0.0,0.0,95.0,2015,4,annual,95.0,0.0,country,0.47368421052631576,3.828641396489095,0.5263157894736842,3.9318256327243257,0.0,0.0,0.0,0.0,4.564348191467836,75.0,20.0,0.26666666666666666,75.0,0.26666666666666666,95.0,117.0,True,1.231578947368421,0.6263001485884101,95.0,moderate
1026,Commitments,Madagascar,IDA,AFRICA,FY16,55.0,198.0,0.0,0.0,253.0,2016,4,annual,253.0,0.0,country,0.21739130434782608,4.02535169073515,0.782608695652174,5.293304824724492,0.0,0.0,0.0,0.0,5.537334267018537,95.0,158.0,1.6631578947368422,95.0,1.6631578947368422,253.0,124.0,True,0.4901185770750988,0.7615156017830609,253.0,significant
823,Commitments,Madagascar,IDA,AFRICA,FY17,65.0,195.0,0.0,0.0,260.0,2017,4,annual,260.0,0.0,country,0.25,4.189654742026425,0.75,5.278114659230517,0.0,0.0,0.0,0.0,5.564520407322694,253.0,7.0,0.02766798418972332,253.0,0.02766798418972332,260.0,156.0,True,0.6,0.7644873699851411,260.0,significant
3288,Commitments,Madagascar,IDA,AFRICA,FY18,90.0,295.0,0.0,0.0,385.0,2018,4,annual,385.0,0.0,country,0.23376623376623376,4.51085950651685,0.7662337662337663,5.69035945432406,0.0,0.0,0.0,0.0,5.955837369464831,260.0,125.0,0.4807692307692308,260.0,0.4807692307692308,385.0,236.0,True,0.612987012987013,0.8164933135215453,385.0,significant
3062,Commitments,Madagascar,IDA,AFRICA,FY19,160.0,362.0,0.0,0.0,522.0,2019,4,annual,522.0,0.0,country,0.3065134099616858,5.081404364984463,0.6934865900383141,5.8944028342648505,0.0,0.0,0.0,0.0,6.259581464064923,385.0,137.0,0.35584415584415585,385.0,0.35584415584415585,522.0,163.0,True,0.31226053639846746,0.8521545319465081,522.0,major
2161,Commitments,Madagascar,IDA,AFRICA EAST,FY20,150.0,160.0,0.0,0.0,310.0,2020,4,annual,310.0,0.0,country,0.4838709677419355,5.017279836814924,0.5161290322580645,5.081404364984463,0.0,0.0,0.0,0.0,5.739792912179234,522.0,-212.0,-0.4061302681992337,522.0,-0.4061302681992337,310.0,355.0,True,1.1451612903225807,0.7860326894502229,310.0,significant
1940,Commitments,Madagascar,IDA,EASTERN AND SOUTHERN AFRICA,FY21,75.0,963.0,0.0,0.0,1038.0,2021,4,annual,1038.0,0.0,country,0.07225433526011561,4.330733340286331,0.9277456647398844,6.871091294610546,0.0,0.0,0.0,0.0,6.946013991099227,310.0,728.0,2.3483870967741933,310.0,2.3483870967741933,1038.0,328.0,True,0.3159922928709056,0.9390787518573551,1038.0,major
575,Commitments,Madagascar,IDA,EASTERN AND SOUTHERN AFRICA,FY22,0.0,1104.0,0.0,0.0,1104.0,2022,4,annual,1104.0,0.0,country,0.0,0.0,1.0,7.007600613951853,0.0,0.0,0.0,0.0,7.007600613951853,1038.0,66.0,0.06358381502890173,1038.0,0.06358381502890173,1104.0,351.0,True,0.3179347826086957,0.9442793462109955,1104.0,major
2961,Commitments,Madagascar,IDA,EASTERN AND SOUTHERN AFRICA,FY23,100.0,1023.0,0.0,0.0,1123.0,2023,4,annual,1123.0,0.0,country,0.08904719501335707,4.61512051684126,0.9109528049866429,6.931471805599453,0.0,0.0,0.0,0.0,7.024649030453636,1104.0,19.0,0.017210144927536232,1104.0,0.017210144927536232,1123.0,452.0,True,0.402493321460374,0.9457652303120356,1123.0,major
2641,Commitments,Madagascar,IDA,EASTERN AND SOUTHERN AFRICA,FY24,0.0,245.0,0.0,0.0,245.0,2024,4,annual,245.0,0.0,country,0.0,0.0,1.0,5.5053315359323625,0.0,0.0,0.0,0.0,5.5053315359323625,1123.0,-878.0,-0.7818343722172751,1123.0,-0.7818343722172751,245.0,631.0,True,2.5755102040816324,0.7559435364041605,245.0,significant
1442,Commitments,Madagascar,IDA,EASTERN AND SOUTHERN AFRICA,FY25,100.0,698.0,0.0,0.0,798.0,2025,4,annual,798.0,0.0,country,0.12531328320802004,4.61512051684126,0.87468671679198,6.54965074223381,0.0,0.0,0.0,0.0,6.683360945766275,245.0,553.0,2.257142857142857,245.0,2.257142857142857,798.0,488.0,True,0.6115288220551378,0.9089895988112927,798.0,major
222,Commitments,Madagascar,IDA,EASTERN AND SOUTHERN AFRICA,2025-Q3,0.0,100.0,0.0,0.0,100.0,2025,3,quarterly,100.0,0.0,country,0.0,0.0,1.0,4.61512051684126,0.0,0.0,0.0,0.0,4.61512051684126,,,,,,100.0,272.0,True,2.72,0.7951977401129944,100.0,moderate
29,Commitments,Madagascar,IDA,EASTERN AND SOUTHERN AFRICA,2026-Q3,0.0,330.0,0.0,0.0,330.0,2026,3,quarterly,330.0,0.0,country,0.0,0.0,1.0,5.802118375377063,0.0,0.0,0.0,0.0,5.802118375377063,100.0,230.0,2.3,100.0,2.3,330.0,488.0,True,1.4787878787878788,0.9209039548022598,330.0,significant
2557,Gross Disbursements,Madagascar,IDA,AFRICA,FY14,0.0,83.0,0.0,0.0,83.0,2014,4,annual,83.0,0.0,country,0.0,0.0,1.0,4.430816798843313,0.0,0.0,0.0,0.0,4.430816798843313,,,,,,75.0,83.0,True,1.1066666666666667,0.6296596434359806,83.0,moderate
2389,Gross Disbursements,Madagascar,IDA,AFRICA,FY15,44.0,73.0,0.0,0.0,117.0,2015,4,annual,117.0,0.0,country,0.37606837606837606,3.8066624897703196,0.6239316239316239,4.30406509320417,0.0,0.0,0.0,0.0,4.770684624465665,83.0,34.0,0.40963855421686746,83.0,0.40963855421686746,95.0,117.0,True,1.231578947368421,0.6766612641815235,117.0,significant
1103,Gross Disbursements,Madagascar,IDA,AFRICA,FY16,55.0,69.0,0.0,0.0,124.0,2016,4,annual,124.0,0.0,country,0.4435483870967742,4.02535169073515,0.5564516129032258,4.248495242049359,0.0,0.0,0.0,0.0,4.8283137373023015,117.0,7.0,0.05982905982905983,117.0,0.05982905982905983,253.0,124.0,True,0.4901185770750988,0.6855753646677472,124.0,significant
908,Gross Disbursements,Madagascar,IDA,AFRICA,FY17,62.0,93.0,0.0,0.0,156.0,2017,4,annual,155.0,1.0,country,0.3974358974358974,4.143134726391533,0.5961538461538461,4.543294782270004,0.0,0.0,0.0,0.0,5.056245805348308,124.0,32.0,0.25806451612903225,124.0,0.25806451612903225,260.0,156.0,True,0.6,0.7313614262560778,156.0,significant
740,Gross Disbursements,Madagascar,IDA,AFRICA,FY18,90.0,145.0,0.0,0.0,236.0,2018,4,annual,235.0,1.0,country,0.3813559322033898,4.51085950651685,0.614406779661017,4.983606621708336,0.0,0.0,0.0,0.0,5.4680601411351315,156.0,80.0,0.5128205128205128,156.0,0.5128205128205128,385.0,236.0,True,0.612987012987013,0.7884927066450568,236.0,significant
3176,Gross Disbursements,Madagascar,IDA,AFRICA,FY19,59.0,104.0,0.0,0.0,163.0,2019,4,annual,163.0,0.0,country,0.3619631901840491,4.0943445622221,0.6380368098159509,4.653960350157523,0.0,0.0,0.0,0.0,5.099866427824199,236.0,-73.0,-0.3093220338983051,236.0,-0.3093220338983051,522.0,163.0,True,0.31226053639846746,0.7366288492706645,163.0,significant
2054,Gross Disbursements,Madagascar,IDA,AFRICA EAST,FY20,213.0,142.0,0.0,0.0,355.0,2020,4,annual,355.0,0.0,country,0.6,5.365976015021851,0.4,4.962844630259907,0.0,0.0,0.0,0.0,5.87493073085203,163.0,192.0,1.177914110429448,163.0,1.177914110429448,310.0,355.0,True,1.1451612903225807,0.8371150729335495,355.0,significant
700,Gross Disbursements,Madagascar,IDA,EASTERN AND SOUTHERN AFRICA,FY21,78.0,250.0,0.0,0.0,328.0,2021,4,annual,328.0,0.0,country,0.23780487804878048,4.3694478524670215,0.7621951219512195,5.5254529391317835,0.0,0.0,0.0,0.0,5.796057750765372,355.0,-27.0,-0.07605633802816901,355.0,-0.07605633802816901,1038.0,328.0,True,0.3159922928709056,0.826580226904376,328.0,significant
453,Gross Disbursements,Madagascar,IDA,EASTERN AND SOUTHERN AFRICA,FY22,0.0,351.0,0.0,0.0,351.0,2022,4,annual,351.0,0.0,country,0.0,0.0,1.0,5.863631175598097,0.0,0.0,0.0,0.0,5.863631175598097,328.0,23.0,0.0701219512195122,328.0,0.0701219512195122,1104.0,351.0,True,0.3179347826086957,0.8350891410048622,351.0,significant
2837,Gross Disbursements,Madagascar,IDA,EASTERN AND SOUTHERN AFRICA,FY23,99.0,353.0,0.0,0.0,452.0,2023,4,annual,452.0,0.0,country,0.21902654867256638,4.605170185988092,0.7809734513274337,5.869296913133774,0.0,0.0,0.0,0.0,6.115892125483034,351.0,101.0,0.28774928774928776,351.0,0.28774928774928776,1123.0,452.0,True,0.402493321460374,0.8679092382495948,452.0,significant
1759,Gross Disbursements,Madagascar,IDA,EASTERN AND SOUTHERN AFRICA,FY24,0.0,631.0,0.0,0.0,631.0,2024,4,annual,631.0,0.0,country,0.0,0.0,1.0,6.448889394146858,0.0,0.0,0.0,0.0,6.448889394146858,452.0,179.0,0.39601769911504425,452.0,0.39601769911504425,245.0,631.0,True,2.5755102040816324,0.9153160453808752,631.0,major
1639,Gross Disbursements,Madagascar,IDA,EASTERN AND SOUTHERN AFRICA,FY25,0.0,488.0,0.0,0.0,488.0,2025,4,annual,488.0,0.0,country,0.0,0.0,1.0,6.192362489474872,0.0,0.0,0.0,0.0,6.192362489474872,631.0,-143.0,-0.2266244057052298,631.0,-0.2266244057052298,798.0,488.0,True,0.6115288220551378,0.8808752025931929,488.0,significant
1324,Gross Disbursements,Madagascar,IDA,EASTERN AND SOUTHERN AFRICA,2025-Q3,0.0,272.0,0.0,0.0,272.0,2025,3,quarterly,272.0,0.0,country,0.0,0.0,1.0,5.60947179518496,0.0,0.0,0.0,0.0,5.60947179518496,,,,,,100.0,272.0,True,2.72,0.7857142857142857,272.0,significant
1201,Gross Disbursements,Madagascar,IDA,EASTERN AND SOUTHERN AFRICA,2026-Q3,100.0,388.0,0.0,0.0,488.0,2026,3,quarterly,488.0,0.0,country,0.20491803278688525,4.61512051684126,0.7950819672131147,5.963579343618446,0.0,0.0,0.0,0.0,6.192362489474872,272.0,216.0,0.7941176470588235,272.0,0.7941176470588235,330.0,488.0,True,1.4787878787878788,0.9107142857142857,488.0,significant
2478,Commitments,Malawi,IDA,AFRICA,FY14,0.0,84.0,0.0,0.0,84.0,2014,4,annual,84.0,0.0,country,0.0,0.0,1.0,4.442651256490317,0.0,0.0,0.0,0.0,4.442651256490317,,,,,,84.0,160.0,True,1.9047619047619047,0.6073551263001485,84.0,moderate
2308,Commitments,Malawi,IDA,AFRICA,FY15,0.0,224.0,0.0,0.0,224.0,2015,4,annual,224.0,0.0,country,0.0,0.0,1.0,5.41610040220442,0.0,0.0,0.0,0.0,5.41610040220442,84.0,140.0,1.6666666666666667,84.0,1.6666666666666667,224.0,114.0,True,0.5089285714285714,0.7481426448736999,224.0,significant
1027,Commitments,Malawi,IDA,AFRICA,FY16,0.0,52.0,0.0,0.0,52.0,2016,4,annual,52.0,0.0,country,0.0,0.0,1.0,3.970291913552122,0.0,0.0,0.0,0.0,3.970291913552122,224.0,-172.0,-0.7678571428571429,224.0,-0.7678571428571429,52.0,175.0,True,3.3653846153846154,0.5404903417533432,52.0,moderate
827,Commitments,Malawi,IDA,AFRICA,FY17,80.0,341.0,0.0,0.0,421.0,2017,4,annual,421.0,0.0,country,0.19002375296912113,4.394449154672439,0.8099762470308789,5.834810737062605,0.0,0.0,0.0,0.0,6.045005314036012,52.0,369.0,7.096153846153846,52.0,7.096153846153846,421.0,237.0,True,0.5629453681710214,0.826151560178306,421.0,significant
3293,Commitments,Malawi,IDA,AFRICA,FY18,0.0,260.0,0.0,0.0,260.0,2018,4,annual,260.0,0.0,country,0.0,0.0,1.0,5.564520407322694,0.0,0.0,0.0,0.0,5.564520407322694,421.0,-161.0,-0.3824228028503563,421.0,-0.3824228028503563,260.0,218.0,True,0.8384615384615385,0.7644873699851411,260.0,significant
3052,Commitments,Malawi,IDA,AFRICA,FY19,70.0,290.0,0.0,0.0,360.0,2019,4,annual,360.0,0.0,country,0.19444444444444445,4.2626798770413155,0.8055555555555556,5.673323267171493,0.0,0.0,0.0,0.0,5.8888779583328805,260.0,100.0,0.38461538461538464,260.0,0.38461538461538464,360.0,186.0,True,0.5166666666666667,0.8090638930163447,360.0,significant
2177,Commitments,Malawi,IDA,AFRICA EAST,FY20,0.0,511.0,0.0,0.0,511.0,2020,4,annual,511.0,0.0,country,0.0,0.0,1.0,6.238324625039508,0.0,0.0,0.0,0.0,6.238324625039508,360.0,151.0,0.41944444444444445,360.0,0.41944444444444445,511.0,128.0,True,0.25048923679060664,0.8488112927191679,511.0,major
1941,Commitments,Malawi,IDA,EASTERN AND SOUTHERN AFRICA,FY21,0.0,371.0,0.0,0.0,371.0,2021,4,annual,371.0,0.0,country,0.0,0.0,1.0,5.918893854273146,0.0,0.0,0.0,0.0,5.918893854273146,511.0,-140.0,-0.273972602739726,511.0,-0.273972602739726,371.0,200.0,True,0.5390835579514824,0.8112927191679049,371.0,significant
576,Commitments,Malawi,IDA,EASTERN AND SOUTHERN AFRICA,FY22,0.0,622.0,0.0,0.0,622.0,2022,4,annual,622.0,0.0,country,0.0,0.0,1.0,6.434546518787453,0.0,0.0,0.0,0.0,6.434546518787453,371.0,251.0,0.6765498652291105,371.0,0.6765498652291105,622.0,338.0,True,0.5434083601286174,0.8763001485884101,622.0,major
2962,Commitments,Malawi,IDA,EASTERN AND SOUTHERN AFRICA,FY23,0.0,620.0,0.0,0.0,620.0,2023,4,annual,620.0,0.0,country,0.0,0.0,1.0,6.431331081933479,0.0,0.0,0.0,0.0,6.431331081933479,622.0,-2.0,-0.003215434083601286,622.0,-0.003215434083601286,620.0,490.0,True,0.7903225806451613,0.87481426448737,620.0,major
2642,Commitments,Malawi,IDA,EASTERN AND SOUTHERN AFRICA,FY24,137.0,455.0,0.0,80.0,672.0,2024,4,annual,672.0,0.0,country,0.20386904761904762,4.927253685157205,0.6770833333333334,6.1224928095143865,0.0,0.0,0.11904761904761904,4.394449154672439,6.511745329644728,620.0,52.0,0.08387096774193549,620.0,0.08387096774193549,672.0,631.0,True,0.9389880952380952,0.887815750371471,672.0,major
1443,Commitments,Malawi,IDA,EASTERN AND SOUTHERN AFRICA,FY25,0.0,660.0,0.0,0.0,660.0,2025,4,annual,660.0,0.0,country,0.0,0.0,1.0,6.493753839851686,0.0,0.0,0.0,0.0,6.493753839851686,672.0,-12.0,-0.017857142857142856,672.0,-0.017857142857142856,660.0,511.0,True,0.7742424242424243,0.8848439821693908,660.0,major
223,Commitments,Malawi,IDA,EASTERN AND SOUTHERN AFRICA,2025-Q3,0.0,246.0,0.0,0.0,246.0,2025,3,quarterly,246.0,0.0,country,0.0,0.0,1.0,5.5093883366279774,0.0,0.0,0.0,0.0,5.5093883366279774,,,,,,246.0,347.0,True,1.410569105691057,0.8813559322033898,246.0,significant
30,Commitments,Malawi,IDA,EASTERN AND SOUTHERN AFRICA,2026-Q3,0.0,135.0,0.0,0.0,135.0,2026,3,quarterly,135.0,0.0,country,0.0,0.0,1.0,4.912654885736052,0.0,0.0,0.0,0.0,4.912654885736052,246.0,-111.0,-0.45121951219512196,246.0,-0.45121951219512196,135.0,310.0,True,2.2962962962962963,0.8206214689265536,135.0,significant
2558,Gross Disbursements,Malawi,IDA,AFRICA,FY14,0.0,160.0,0.0,0.0,160.0,2014,4,annual,160.0,0.0,country,0.0,0.0,1.0,5.081404364984463,0.0,0.0,0.0,0.0,5.081404364984463,,,,,,84.0,160.0,True,1.9047619047619047,0.7329821717990276,160.0,significant
2390,Gross Disbursements,Malawi,IDA,AFRICA,FY15,0.0,114.0,0.0,0.0,114.0,2015,4,annual,114.0,0.0,country,0.0,0.0,1.0,4.74493212836325,0.0,0.0,0.0,0.0,4.74493212836325,160.0,-46.0,-0.2875,160.0,-0.2875,224.0,114.0,True,0.5089285714285714,0.6705834683954619,114.0,significant
1104,Gross Disbursements,Malawi,IDA,AFRICA,FY16,0.0,175.0,0.0,0.0,175.0,2016,4,annual,175.0,0.0,country,0.0,0.0,1.0,5.170483995038151,0.0,0.0,0.0,0.0,5.170483995038151,114.0,61.0,0.5350877192982456,114.0,0.5350877192982456,52.0,175.0,True,3.3653846153846154,0.7479740680713128,175.0,significant
910,Gross Disbursements,Malawi,IDA,AFRICA,FY17,0.0,237.0,0.0,0.0,237.0,2017,4,annual,237.0,0.0,country,0.0,0.0,1.0,5.472270673671475,0.0,0.0,0.0,0.0,5.472270673671475,175.0,62.0,0.35428571428571426,175.0,0.35428571428571426,421.0,237.0,True,0.5629453681710214,0.7893030794165316,237.0,significant
3419,Gross Disbursements,Malawi,IDA,AFRICA,FY18,84.0,134.0,0.0,0.0,218.0,2018,4,annual,218.0,0.0,country,0.3853211009174312,4.442651256490317,0.6146788990825688,4.90527477843843,0.0,0.0,0.0,0.0,5.389071729816501,237.0,-19.0,-0.08016877637130802,237.0,-0.08016877637130802,260.0,218.0,True,0.8384615384615385,0.776742301458671,218.0,significant
3190,Gross Disbursements,Malawi,IDA,AFRICA,FY19,40.0,146.0,0.0,0.0,186.0,2019,4,annual,186.0,0.0,country,0.21505376344086022,3.713572066704308,0.7849462365591398,4.990432586778736,0.0,0.0,0.0,0.0,5.231108616854587,218.0,-32.0,-0.14678899082568808,218.0,-0.14678899082568808,360.0,186.0,True,0.5166666666666667,0.7568881685575365,186.0,significant
2063,Gross Disbursements,Malawi,IDA,AFRICA EAST,FY20,30.0,98.0,0.0,0.0,128.0,2020,4,annual,128.0,0.0,country,0.234375,3.4339872044851463,0.765625,4.59511985013459,0.0,0.0,0.0,0.0,4.859812404361672,186.0,-58.0,-0.3118279569892473,186.0,-0.3118279569892473,511.0,128.0,True,0.25048923679060664,0.6920583468395461,128.0,significant
701,Gross Disbursements,Malawi,IDA,EASTERN AND SOUTHERN AFRICA,FY21,0.0,200.0,0.0,0.0,200.0,2021,4,annual,200.0,0.0,country,0.0,0.0,1.0,5.303304908059076,0.0,0.0,0.0,0.0,5.303304908059076,128.0,72.0,0.5625,128.0,0.5625,371.0,200.0,True,0.5390835579514824,0.7694489465153971,200.0,significant
454,Gross Disbursements,Malawi,IDA,EASTERN AND SOUTHERN AFRICA,FY22,0.0,338.0,0.0,0.0,338.0,2022,4,annual,338.0,0.0,country,0.0,0.0,1.0,5.82600010738045,0.0,0.0,0.0,0.0,5.82600010738045,200.0,138.0,0.69,200.0,0.69,622.0,338.0,True,0.5434083601286174,0.8310372771474879,338.0,significant
2838,Gross Disbursements,Malawi,IDA,EASTERN AND SOUTHERN AFRICA,FY23,0.0,490.0,0.0,0.0,490.0,2023,4,annual,490.0,0.0,country,0.0,0.0,1.0,6.19644412779452,0.0,0.0,0.0,0.0,6.19644412779452,338.0,152.0,0.44970414201183434,338.0,0.44970414201183434,620.0,490.0,True,0.7903225806451613,0.88290113452188,490.0,significant
1760,Gross Disbursements,Malawi,IDA,EASTERN AND SOUTHERN AFRICA,FY24,138.0,493.0,0.0,0.0,631.0,2024,4,annual,631.0,0.0,country,0.21870047543581617,4.9344739331306915,0.7812995245641838,6.202535517187923,0.0,0.0,0.0,0.0,6.448889394146858,490.0,141.0,0.28775510204081634,490.0,0.28775510204081634,672.0,631.0,True,0.9389880952380952,0.9153160453808752,631.0,major
1640,Gross Disbursements,Malawi,IDA,EASTERN AND SOUTHERN AFRICA,FY25,0.0,491.0,0.0,20.0,511.0,2025,4,annual,511.0,0.0,country,0.0,0.0,0.9608610567514677,6.198478716492308,0.0,0.0,0.03913894324853229,3.044522437723423,6.238324625039508,631.0,-120.0,-0.1901743264659271,631.0,-0.1901743264659271,660.0,511.0,True,0.7742424242424243,0.893030794165316,511.0,major
1325,Gross Disbursements,Malawi,IDA,EASTERN AND SOUTHERN AFRICA,2025-Q3,0.0,327.0,0.0,20.0,347.0,2025,3,quarterly,347.0,0.0,country,0.0,0.0,0.9423631123919308,5.793013608384144,0.0,0.0,0.05763688760806916,3.044522437723423,5.8522024797744745,,,,,,246.0,347.0,True,1.410569105691057,0.8482142857142857,347.0,significant
1202,Gross Disbursements,Malawi,IDA,EASTERN AND SOUTHERN AFRICA,2026-Q3,0.0,309.0,0.0,1.0,310.0,2026,3,quarterly,310.0,0.0,country,0.0,0.0,0.9967741935483871,5.736572297479192,0.0,0.0,0.0032258064516129032,0.6931471805599453,5.739792912179234,347.0,-37.0,-0.10662824207492795,347.0,-0.10662824207492795,135.0,310.0,True,2.2962962962962963,0.8080357142857143,310.0,significant
1853,Commitments,Malaysia,IDA,EAST ASIA AND PACIFIC,FY24,0.0,0.0,0.0,0.0,0.0,2024,4,annual,0.0,0.0,country,0.0,0.0,0.0,0.0,0.0,0.0,0.0,0.0,0.0,,,,,,0.0,,False,,0.19539375928677563,0.0,limited
1420,Commitments,Malaysia,IDA,EAST ASIA AND PACIFIC,FY25,0.0,0.0,0.0,0.0,0.0,2025,4,annual,0.0,0.0,country,0.0,0.0,0.0,0.0,0.0,0.0,0.0,0.0,0.0,0.0,0.0,,0.0,,0.0,,False,,0.19539375928677563,0.0,limited
199,Commitments,Malaysia,IDA,EAST ASIA AND PACIFIC,2025-Q3,0.0,0.0,0.0,0.0,0.0,2025,3,quarterly,0.0,0.0,country,0.0,0.0,0.0,0.0,0.0,0.0,0.0,0.0,0.0,,,,,,0.0,,False,,0.326271186440678,0.0,limited
6,Commitments,Malaysia,IDA,EAST ASIA AND PACIFIC,2026-Q3,0.0,0.0,0.0,0.0,0.0,2026,3,quarterly,0.0,0.0,country,0.0,0.0,0.0,0.0,0.0,0.0,0.0,0.0,0.0,0.0,0.0,,0.0,,0.0,,False,,0.326271186440678,0.0,limited
2531,Commitments,Maldives,IDA,SOUTH ASIA,FY14,0.0,23.0,0.0,0.0,23.0,2014,4,annual,23.0,0.0,country,0.0,0.0,1.0,3.1780538303479458,0.0,0.0,0.0,0.0,3.1780538303479458,,,,,,23.0,8.0,True,0.34782608695652173,0.45988112927191677,23.0,moderate
2361,Commitments,Maldives,IDA,SOUTH ASIA,FY15,0.0,3.0,0.0,0.0,3.0,2015,4,annual,3.0,0.0,country,0.0,0.0,1.0,1.3862943611198906,0.0,0.0,0.0,0.0,1.3862943611198906,23.0,-20.0,-0.8695652173913043,23.0,-0.8695652173913043,3.0,6.0,False,,0.39338781575037146,3.0,limited
1073,Commitments,Maldives,IDA,SOUTH ASIA,FY16,0.0,0.0,0.0,0.0,0.0,2016,4,annual,0.0,0.0,country,0.0,0.0,0.0,0.0,0.0,0.0,0.0,0.0,0.0,3.0,-3.0,-1.0,3.0,-1.0,0.0,6.0,False,,0.19539375928677563,0.0,limited
867,Commitments,Maldives,IDA,SOUTH ASIA,FY17,0.0,36.0,0.0,0.0,36.0,2017,4,annual,36.0,0.0,country,0.0,0.0,1.0,3.6109179126442243,0.0,0.0,0.0,0.0,3.6109179126442243,0.0,36.0,,0.0,,36.0,3.0,True,0.08333333333333333,0.5018573551263001,36.0,moderate
3343,Commitments,Maldives,IDA,SOUTH ASIA,FY18,0.0,12.0,0.0,0.0,12.0,2018,4,annual,12.0,0.0,country,0.0,0.0,1.0,2.5649493574615367,0.0,0.0,0.0,0.0,2.5649493574615367,36.0,-24.0,-0.6666666666666666,36.0,-0.6666666666666666,12.0,10.0,True,0.8333333333333334,0.4197622585438336,12.0,moderate
3094,Commitments,Maldives,IDA,SOUTH ASIA,FY19,0.0,20.0,0.0,0.0,20.0,2019,4,annual,20.0,0.0,country,0.0,0.0,1.0,3.044522437723423,0.0,0.0,0.0,0.0,3.044522437723423,12.0,8.0,0.6666666666666666,12.0,0.6666666666666666,20.0,5.0,True,0.25,0.44762258543833583,20.0,moderate
2214,Commitments,Maldives,IDA,SOUTH ASIA,FY20,30.0,36.0,0.0,0.0,66.0,2020,4,annual,66.0,0.0,country,0.45454545454545453,3.4339872044851463,0.5454545454545454,3.6109179126442243,0.0,0.0,0.0,0.0,4.204692619390966,20.0,46.0,2.3,20.0,2.3,66.0,40.0,True,0.6060606060606061,0.5687221396731055,66.0,moderate
2006,Commitments,Maldives,IDA,SOUTH ASIA,FY21,0.0,34.0,0.0,0.0,34.0,2021,4,annual,34.0,0.0,country,0.0,0.0,1.0,3.5553480614894135,0.0,0.0,0.0,0.0,3.5553480614894135,66.0,-32.0,-0.48484848484848486,66.0,-0.48484848484848486,34.0,39.0,True,1.1470588235294117,0.4933135215453195,34.0,moderate
641,Commitments,Maldives,IDA,SOUTH ASIA,FY22,0.0,34.0,0.0,0.0,34.0,2022,4,annual,34.0,0.0,country,0.0,0.0,1.0,3.5553480614894135,0.0,0.0,0.0,0.0,3.5553480614894135,34.0,0.0,0.0,34.0,0.0,34.0,17.0,True,0.5,0.4933135215453195,34.0,moderate
394,Commitments,Maldives,IDA,SOUTH ASIA,FY23,0.0,77.0,0.0,0.0,77.0,2023,4,annual,77.0,0.0,country,0.0,0.0,1.0,4.356708826689592,0.0,0.0,0.0,0.0,4.356708826689592,34.0,43.0,1.2647058823529411,34.0,1.2647058823529411,77.0,13.0,True,0.16883116883116883,0.5924962852897474,77.0,moderate
2799,Commitments,Maldives,IDA,SOUTH ASIA,FY24,0.0,0.0,0.0,0.0,0.0,2024,4,annual,0.0,0.0,country,0.0,0.0,0.0,0.0,0.0,0.0,0.0,0.0,0.0,77.0,-77.0,-1.0,77.0,-1.0,0.0,18.0,False,,0.19539375928677563,0.0,limited
1600,Commitments,Maldives,IDA,SOUTH ASIA,FY25,0.0,0.0,0.0,0.0,0.0,2025,4,annual,0.0,0.0,country,0.0,0.0,0.0,0.0,0.0,0.0,0.0,0.0,0.0,0.0,0.0,,0.0,,0.0,8.0,False,,0.19539375928677563,0.0,limited
1162,Commitments,Maldives,IDA,SOUTH ASIA,2025-Q3,0.0,0.0,0.0,0.0,0.0,2025,3,quarterly,0.0,0.0,country,0.0,0.0,0.0,0.0,0.0,0.0,0.0,0.0,0.0,,,,,,0.0,4.49,False,,0.326271186440678,0.0,limited
187,Commitments,Maldives,IDA,SOUTH ASIA,2026-Q3,0.0,0.0,0.0,0.0,0.0,2026,3,quarterly,0.0,0.0,country,0.0,0.0,0.0,0.0,0.0,0.0,0.0,0.0,0.0,0.0,0.0,,0.0,,0.0,5.51,False,,0.326271186440678,0.0,limited
2620,Gross Disbursements,Maldives,IDA,SOUTH ASIA,FY14,0.0,8.0,0.0,0.0,8.0,2014,4,annual,8.0,0.0,country,0.0,0.0,1.0,2.1972245773362196,0.0,0.0,0.0,0.0,2.1972245773362196,,,,,,23.0,8.0,True,0.34782608695652173,0.30591572123176664,8.0,limited
2452,Gross Disbursements,Maldives,IDA,SOUTH ASIA,FY15,0.0,6.0,0.0,0.0,6.0,2015,4,annual,6.0,0.0,country,0.0,0.0,1.0,1.9459101490553132,0.0,0.0,0.0,0.0,1.9459101490553132,8.0,-2.0,-0.25,8.0,-0.25,3.0,6.0,False,,0.2807941653160454,6.0,limited
2284,Gross Disbursements,Maldives,IDA,SOUTH ASIA,FY16,0.0,6.0,0.0,0.0,6.0,2016,4,annual,6.0,0.0,country,0.0,0.0,1.0,1.9459101490553132,0.0,0.0,0.0,0.0,1.9459101490553132,6.0,0.0,0.0,6.0,0.0,0.0,6.0,False,,0.2807941653160454,6.0,limited
958,Gross Disbursements,Maldives,IDA,SOUTH ASIA,FY17,0.0,3.0,0.0,0.0,3.0,2017,4,annual,3.0,0.0,country,0.0,0.0,1.0,1.3862943611198906,0.0,0.0,0.0,0.0,1.3862943611198906,6.0,-3.0,-0.5,6.0,-0.5,36.0,3.0,True,0.08333333333333333,0.24513776337115073,3.0,limited
791,Gross Disbursements,Maldives,IDA,SOUTH ASIA,FY18,0.0,10.0,0.0,0.0,10.0,2018,4,annual,10.0,0.0,country,0.0,0.0,1.0,2.3978952727983707,0.0,0.0,0.0,0.0,2.3978952727983707,3.0,7.0,2.3333333333333335,3.0,2.3333333333333335,12.0,10.0,True,0.8333333333333334,0.3286061588330632,10.0,limited
3212,Gross Disbursements,Maldives,IDA,SOUTH ASIA,FY19,0.0,5.0,0.0,0.0,5.0,2019,4,annual,5.0,0.0,country,0.0,0.0,1.0,1.791759469228055,0.0,0.0,0.0,0.0,1.791759469228055,10.0,-5.0,-0.5,10.0,-0.5,20.0,5.0,True,0.25,0.2706645056726094,5.0,limited
2094,Gross Disbursements,Maldives,IDA,SOUTH ASIA,FY20,30.0,10.0,0.0,0.0,40.0,2020,4,annual,40.0,0.0,country,0.75,3.4339872044851463,0.25,2.3978952727983707,0.0,0.0,0.0,0.0,3.713572066704308,5.0,35.0,7.0,5.0,7.0,66.0,40.0,True,0.6060606060606061,0.5024311183144247,40.0,moderate
1876,Gross Disbursements,Maldives,IDA,SOUTH ASIA,FY21,0.0,39.0,0.0,0.0,39.0,2021,4,annual,39.0,0.0,country,0.0,0.0,1.0,3.6888794541139363,0.0,0.0,0.0,0.0,3.6888794541139363,40.0,-1.0,-0.025,40.0,-0.025,34.0,39.0,True,1.1470588235294117,0.4991896272285251,39.0,moderate
511,Gross Disbursements,Maldives,IDA,SOUTH ASIA,FY22,0.0,17.0,0.0,0.0,17.0,2022,4,annual,17.0,0.0,country,0.0,0.0,1.0,2.8903717578961645,0.0,0.0,0.0,0.0,2.8903717578961645,39.0,-22.0,-0.5641025641025641,39.0,-0.5641025641025641,34.0,17.0,True,0.5,0.38492706645056723,17.0,moderate
2897,Gross Disbursements,Maldives,IDA,SOUTH ASIA,FY23,0.0,13.0,0.0,0.0,13.0,2023,4,annual,13.0,0.0,country,0.0,0.0,1.0,2.6390573296152584,0.0,0.0,0.0,0.0,2.6390573296152584,17.0,-4.0,-0.23529411764705882,17.0,-0.23529411764705882,77.0,13.0,True,0.16883116883116883,0.35615883306320906,13.0,moderate
1819,Gross Disbursements,Maldives,IDA,SOUTH ASIA,FY24,0.0,18.0,0.0,0.0,18.0,2024,4,annual,18.0,0.0,country,0.0,0.0,1.0,2.9444389791664403,0.0,0.0,0.0,0.0,2.9444389791664403,13.0,5.0,0.38461538461538464,13.0,0.38461538461538464,0.0,18.0,False,,0.3942463533225284,18.0,moderate
1699,Gross Disbursements,Maldives,IDA,SOUTH ASIA,FY25,0.0,8.0,0.0,0.0,8.0,2025,4,annual,8.0,0.0,country,0.0,0.0,1.0,2.1972245773362196,0.0,0.0,0.0,0.0,2.1972245773362196,18.0,-10.0,-0.5555555555555556,18.0,-0.5555555555555556,0.0,8.0,False,,0.30591572123176664,8.0,limited
1384,Gross Disbursements,Maldives,IDA,SOUTH ASIA,2025-Q3,0.0,4.49,0.0,0.0,4.49,2025,3,quarterly,4.49,0.0,country,0.0,0.0,1.0,1.7029282555214393,0.0,0.0,0.0,0.0,1.7029282555214393,,,,,,0.0,4.49,False,,0.33482142857142855,4.49,limited
1261,Gross Disbursements,Maldives,IDA,SOUTH ASIA,2026-Q3,0.0,5.51,0.0,0.0,5.51,2026,3,quarterly,5.51,0.0,country,0.0,0.0,1.0,1.873339456220478,0.0,0.0,0.0,0.0,1.873339456220478,4.49,1.0199999999999996,0.22717149220489968,4.49,0.22717149220489968,0.0,5.51,False,,0.34375,5.51,limited
2479,Commitments,Mali,IDA,AFRICA,FY14,0.0,367.0,0.0,0.0,367.0,2014,4,annual,367.0,0.0,country,0.0,0.0,1.0,5.908082938168931,0.0,0.0,0.0,0.0,5.908082938168931,,,,,,367.0,151.0,True,0.4114441416893733,0.8105497771173849,367.0,significant
2309,Commitments,Mali,IDA,AFRICA,FY15,63.0,155.0,0.0,0.0,218.0,2015,4,annual,218.0,0.0,country,0.2889908256880734,4.1588830833596715,0.7110091743119266,5.049856007249537,0.0,0.0,0.0,0.0,5.389071729816501,367.0,-149.0,-0.40599455040871935,367.0,-0.40599455040871935,218.0,204.0,True,0.9357798165137615,0.7440564635958395,218.0,significant
1028,Commitments,Mali,IDA,AFRICA,FY16,50.0,50.0,0.0,0.0,100.0,2016,4,annual,100.0,0.0,country,0.5,3.9318256327243257,0.5,3.9318256327243257,0.0,0.0,0.0,0.0,4.61512051684126,218.0,-118.0,-0.5412844036697247,218.0,-0.5412844036697247,100.0,162.0,True,1.62,0.6404160475482912,100.0,moderate
829,Commitments,Mali,IDA,AFRICA,FY17,50.0,51.0,0.0,0.0,101.0,2017,4,annual,101.0,0.0,country,0.49504950495049505,3.9318256327243257,0.504950495049505,3.9512437185814275,0.0,0.0,0.0,0.0,4.624972813284271,100.0,1.0,0.01,100.0,0.01,101.0,117.0,True,1.1584158415841583,0.6456166419019317,101.0,significant
3284,Commitments,Mali,IDA,AFRICA,FY18,0.0,233.0,0.0,0.0,233.0,2018,4,annual,233.0,0.0,country,0.0,0.0,1.0,5.455321115357702,0.0,0.0,0.0,0.0,5.455321115357702,101.0,132.0,1.306930693069307,101.0,1.306930693069307,233.0,239.0,True,1.0257510729613735,0.75037147102526,233.0,significant
3059,Commitments,Mali,IDA,AFRICA,FY19,60.0,539.0,0.0,0.0,599.0,2019,4,annual,599.0,0.0,country,0.1001669449081803,4.110873864173311,0.8998330550918197,6.29156913955832,0.0,0.0,0.0,0.0,6.396929655216146,233.0,366.0,1.5708154506437768,233.0,1.5708154506437768,599.0,227.0,True,0.3789649415692821,0.8670133729569094,599.0,major
2175,Commitments,Mali,IDA,AFRICA WEST,FY20,250.0,106.0,0.0,0.0,356.0,2020,4,annual,356.0,0.0,country,0.702247191011236,5.5254529391317835,0.29775280898876405,4.672828834461906,0.0,0.0,0.0,0.0,5.877735781779639,599.0,-243.0,-0.4056761268781302,599.0,-0.4056761268781302,356.0,421.0,True,1.1825842696629214,0.8079494799405647,356.0,significant
2026,Commitments,Mali,IDA,WESTERN AND CENTRAL AFRICA,FY21,60.0,355.0,0.0,0.0,415.0,2021,4,annual,415.0,0.0,country,0.14457831325301204,4.110873864173311,0.8554216867469879,5.87493073085203,0.0,0.0,0.0,0.0,6.030685260261263,356.0,59.0,0.16573033707865167,356.0,0.16573033707865167,415.0,219.0,True,0.5277108433734939,0.8239227340267459,415.0,significant
661,Commitments,Mali,IDA,WESTERN AND CENTRAL AFRICA,FY22,0.0,143.0,0.0,0.0,143.0,2022,4,annual,143.0,0.0,country,0.0,0.0,1.0,4.969813299576001,0.0,0.0,0.0,0.0,4.969813299576001,415.0,-272.0,-0.655421686746988,415.0,-0.655421686746988,143.0,135.0,True,0.9440559440559441,0.6920505200594353,143.0,significant
414,Commitments,Mali,IDA,WESTERN AND CENTRAL AFRICA,FY23,0.0,647.0,0.0,0.0,647.0,2023,4,annual,647.0,0.0,country,0.0,0.0,1.0,6.473890696352274,0.0,0.0,0.0,0.0,6.473890696352274,143.0,504.0,3.5244755244755246,143.0,3.5244755244755246,647.0,287.0,True,0.4435857805255023,0.8818722139673105,647.0,major
2763,Commitments,Mali,IDA,WESTERN AND CENTRAL AFRICA,FY24,0.0,100.0,0.0,0.0,100.0,2024,4,annual,100.0,0.0,country,0.0,0.0,1.0,4.61512051684126,0.0,0.0,0.0,0.0,4.61512051684126,647.0,-547.0,-0.8454404945904173,647.0,-0.8454404945904173,100.0,252.0,True,2.52,0.6404160475482912,100.0,moderate
1564,Commitments,Mali,IDA,WESTERN AND CENTRAL AFRICA,FY25,0.0,580.0,0.0,0.0,580.0,2025,4,annual,580.0,0.0,country,0.0,0.0,1.0,6.364750756851911,0.0,0.0,0.0,0.0,6.364750756851911,100.0,480.0,4.8,100.0,4.8,580.0,271.0,True,0.4672413793103448,0.8632986627043091,580.0,major
344,Commitments,Mali,IDA,WESTERN AND CENTRAL AFRICA,2025-Q3,0.0,300.0,0.0,0.0,300.0,2025,3,quarterly,300.0,0.0,country,0.0,0.0,1.0,5.707110264748875,0.0,0.0,0.0,0.0,5.707110264748875,,,,,,300.0,155.0,True,0.5166666666666667,0.9124293785310734,300.0,significant
151,Commitments,Mali,IDA,WESTERN AND CENTRAL AFRICA,2026-Q3,0.0,150.0,0.0,0.0,150.0,2026,3,quarterly,150.0,0.0,country,0.0,0.0,1.0,5.017279836814924,0.0,0.0,0.0,0.0,5.017279836814924,300.0,-150.0,-0.5,300.0,-0.5,150.0,200.0,True,1.3333333333333333,0.8418079096045198,150.0,significant
2559,Gross Disbursements,Mali,IDA,AFRICA,FY14,51.0,99.0,0.0,0.0,151.0,2014,4,annual,150.0,1.0,country,0.33774834437086093,3.9512437185814275,0.6556291390728477,4.605170185988092,0.0,0.0,0.0,0.0,5.0238805208462765,,,,,,367.0,151.0,True,0.4114441416893733,0.7252836304700162,151.0,significant
2391,Gross Disbursements,Mali,IDA,AFRICA,FY15,57.0,147.0,0.0,0.0,204.0,2015,4,annual,204.0,0.0,country,0.27941176470588236,4.060443010546419,0.7205882352941176,4.997212273764115,0.0,0.0,0.0,0.0,5.3230099791384085,151.0,53.0,0.3509933774834437,151.0,0.3509933774834437,218.0,204.0,True,0.9357798165137615,0.773095623987034,204.0,significant
1105,Gross Disbursements,Mali,IDA,AFRICA,FY16,49.0,114.0,0.0,0.0,162.0,2016,4,annual,163.0,-1.0,country,0.30246913580246915,3.912023005428146,0.7037037037037037,4.74493212836325,0.0,0.0,0.0,0.0,5.093750200806762,204.0,-42.0,-0.20588235294117646,204.0,-0.20588235294117646,100.0,162.0,True,1.62,0.7354132901134521,162.0,significant
907,Gross Disbursements,Mali,IDA,AFRICA,FY17,0.0,117.0,0.0,0.0,117.0,2017,4,annual,117.0,0.0,country,0.0,0.0,1.0,4.770684624465665,0.0,0.0,0.0,0.0,4.770684624465665,162.0,-45.0,-0.2777777777777778,162.0,-0.2777777777777778,101.0,117.0,True,1.1584158415841583,0.6766612641815235,117.0,significant
3418,Gross Disbursements,Mali,IDA,AFRICA,FY18,56.0,183.0,0.0,0.0,239.0,2018,4,annual,239.0,0.0,country,0.23430962343096234,4.04305126783455,0.7656903765690377,5.214935757608986,0.0,0.0,0.0,0.0,5.480638923341991,117.0,122.0,1.0427350427350428,117.0,1.0427350427350428,233.0,239.0,True,1.0257510729613735,0.7925445705024311,239.0,significant
3175,Gross Disbursements,Mali,IDA,AFRICA,FY19,57.0,170.0,0.0,0.0,227.0,2019,4,annual,227.0,0.0,country,0.2511013215859031,4.060443010546419,0.748898678414097,5.14166355650266,0.0,0.0,0.0,0.0,5.429345628954441,239.0,-12.0,-0.0502092050209205,239.0,-0.0502092050209205,599.0,227.0,True,0.3789649415692821,0.7803889789303079,227.0,significant
2062,Gross Disbursements,Mali,IDA,AFRICA WEST,FY20,250.0,171.0,0.0,0.0,421.0,2020,4,annual,421.0,0.0,country,0.5938242280285035,5.5254529391317835,0.40617577197149646,5.147494476813453,0.0,0.0,0.0,0.0,6.045005314036012,227.0,194.0,0.8546255506607929,227.0,0.8546255506607929,356.0,421.0,True,1.1825842696629214,0.8573743922204214,421.0,significant
1896,Gross Disbursements,Mali,IDA,WESTERN AND CENTRAL AFRICA,FY21,64.0,155.0,0.0,0.0,219.0,2021,4,annual,219.0,0.0,country,0.2922374429223744,4.174387269895637,0.7077625570776256,5.049856007249537,0.0,0.0,0.0,0.0,5.393627546352362,421.0,-202.0,-0.47980997624703087,421.0,-0.47980997624703087,415.0,219.0,True,0.5277108433734939,0.7779578606158833,219.0,significant
531,Gross Disbursements,Mali,IDA,WESTERN AND CENTRAL AFRICA,FY22,0.0,135.0,0.0,0.0,135.0,2022,4,annual,135.0,0.0,country,0.0,0.0,1.0,4.912654885736052,0.0,0.0,0.0,0.0,4.912654885736052,219.0,-84.0,-0.3835616438356164,219.0,-0.3835616438356164,143.0,135.0,True,0.9440559440559441,0.6977309562398704,135.0,significant
2917,Gross Disbursements,Mali,IDA,WESTERN AND CENTRAL AFRICA,FY23,0.0,287.0,0.0,0.0,287.0,2023,4,annual,287.0,0.0,country,0.0,0.0,1.0,5.662960480135946,0.0,0.0,0.0,0.0,5.662960480135946,135.0,152.0,1.125925925925926,135.0,1.125925925925926,647.0,287.0,True,0.4435857805255023,0.8140194489465153,287.0,significant
1839,Gross Disbursements,Mali,IDA,WESTERN AND CENTRAL AFRICA,FY24,0.0,252.0,0.0,0.0,252.0,2024,4,annual,252.0,0.0,country,0.0,0.0,1.0,5.53338948872752,0.0,0.0,0.0,0.0,5.53338948872752,287.0,-35.0,-0.12195121951219512,287.0,-0.12195121951219512,100.0,252.0,True,2.52,0.7953808752025932,252.0,significant
1719,Gross Disbursements,Mali,IDA,WESTERN AND CENTRAL AFRICA,FY25,0.0,271.0,0.0,0.0,271.0,2025,4,annual,271.0,0.0,country,0.0,0.0,1.0,5.605802066295998,0.0,0.0,0.0,0.0,5.605802066295998,252.0,19.0,0.07539682539682539,252.0,0.07539682539682539,580.0,271.0,True,0.4672413793103448,0.8075364667747164,271.0,significant
1404,Gross Disbursements,Mali,IDA,WESTERN AND CENTRAL AFRICA,2025-Q3,0.0,155.0,0.0,0.0,155.0,2025,3,quarterly,155.0,0.0,country,0.0,0.0,1.0,5.049856007249537,0.0,0.0,0.0,0.0,5.049856007249537,,,,,,300.0,155.0,True,0.5166666666666667,0.7209821428571429,155.0,significant
1281,Gross Disbursements,Mali,IDA,WESTERN AND CENTRAL AFRICA,2026-Q3,0.0,200.0,0.0,0.0,200.0,2026,3,quarterly,200.0,0.0,country,0.0,0.0,1.0,5.303304908059076,0.0,0.0,0.0,0.0,5.303304908059076,155.0,45.0,0.2903225806451613,155.0,0.2903225806451613,150.0,200.0,True,1.3333333333333333,0.7455357142857143,200.0,significant
2741,Commitments,Malta,IDA,MIDDLE EAST AND NORTH AFRICA,FY24,0.0,0.0,0.0,0.0,0.0,2024,4,annual,0.0,0.0,country,0.0,0.0,0.0,0.0,0.0,0.0,0.0,0.0,0.0,,,,,,0.0,,False,,0.19539375928677563,0.0,limited
1542,Commitments,Malta,IDA,MIDDLE EAST AND NORTH AFRICA,FY25,0.0,0.0,0.0,0.0,0.0,2025,4,annual,0.0,0.0,country,0.0,0.0,0.0,0.0,0.0,0.0,0.0,0.0,0.0,0.0,0.0,,0.0,,0.0,,False,,0.19539375928677563,0.0,limited
322,Commitments,Malta,IDA,"MIDDLE EAST, NORTH AFRICA, AFGHANISTAN, AND PAKISTAN",2025-Q3,0.0,0.0,0.0,0.0,0.0,2025,3,quarterly,0.0,0.0,country,0.0,0.0,0.0,0.0,0.0,0.0,0.0,0.0,0.0,,,,,,0.0,,False,,0.326271186440678,0.0,limited
129,Commitments,Malta,IDA,"MIDDLE EAST, NORTH AFRICA, AFGHANISTAN, AND PAKISTAN",2026-Q3,0.0,0.0,0.0,0.0,0.0,2026,3,quarterly,0.0,0.0,country,0.0,0.0,0.0,0.0,0.0,0.0,0.0,0.0,0.0,0.0,0.0,,0.0,,0.0,,False,,0.326271186440678,0.0,limited
2495,Commitments,Marshall Islands,IDA,EAST ASIA AND PACIFIC,FY14,0.0,0.0,0.0,0.0,0.0,2014,4,annual,0.0,0.0,country,0.0,0.0,0.0,0.0,0.0,0.0,0.0,0.0,0.0,,,,,,0.0,,False,,0.19539375928677563,0.0,limited
2325,Commitments,Marshall Islands,IDA,EAST ASIA AND PACIFIC,FY15,0.0,8.0,0.0,0.0,8.0,2015,4,annual,8.0,0.0,country,0.0,0.0,1.0,2.1972245773362196,0.0,0.0,0.0,0.0,2.1972245773362196,0.0,8.0,,0.0,,8.0,,False,,0.4075037147102526,8.0,limited
1045,Commitments,Marshall Islands,IDA,EAST ASIA AND PACIFIC,FY16,0.0,0.0,0.0,0.0,0.0,2016,4,annual,0.0,0.0,country,0.0,0.0,0.0,0.0,0.0,0.0,0.0,0.0,0.0,8.0,-8.0,-1.0,8.0,-1.0,0.0,1.0,False,,0.19539375928677563,0.0,limited
854,Commitments,Marshall Islands,IDA,EAST ASIA AND PACIFIC,FY17,0.0,20.0,0.0,0.0,20.0,2017,4,annual,20.0,0.0,country,0.0,0.0,1.0,3.044522437723423,0.0,0.0,0.0,0.0,3.044522437723423,0.0,20.0,,0.0,,20.0,1.0,True,0.05,0.44762258543833583,20.0,moderate
3331,Commitments,Marshall Islands,IDA,EAST ASIA AND PACIFIC,FY18,0.0,43.0,0.0,0.0,43.0,2018,4,annual,43.0,0.0,country,0.0,0.0,1.0,3.784189633918261,0.0,0.0,0.0,0.0,3.784189633918261,20.0,23.0,1.15,20.0,1.15,43.0,2.0,True,0.046511627906976744,0.5148588410104011,43.0,moderate
3108,Commitments,Marshall Islands,IDA,EAST ASIA AND PACIFIC,FY19,0.0,49.0,0.0,0.0,49.0,2019,4,annual,49.0,0.0,country,0.0,0.0,1.0,3.912023005428146,0.0,0.0,0.0,0.0,3.912023005428146,43.0,6.0,0.13953488372093023,43.0,0.13953488372093023,49.0,3.0,True,0.061224489795918366,0.524888558692422,49.0,moderate
2223,Commitments,Marshall Islands,IDA,EAST ASIA AND PACIFIC,FY20,0.0,18.0,0.0,0.0,18.0,2020,4,annual,18.0,0.0,country,0.0,0.0,1.0,2.9444389791664403,0.0,0.0,0.0,0.0,2.9444389791664403,49.0,-31.0,-0.6326530612244898,49.0,-0.6326530612244898,18.0,9.0,True,0.5,0.43796433878157504,18.0,moderate
1911,Commitments,Marshall Islands,IDA,EAST ASIA AND PACIFIC,FY21,0.0,10.0,0.0,0.0,10.0,2021,4,annual,10.0,0.0,country,0.0,0.0,1.0,2.3978952727983707,0.0,0.0,0.0,0.0,2.3978952727983707,18.0,-8.0,-0.4444444444444444,18.0,-0.4444444444444444,10.0,10.0,True,1.0,0.4138187221396731,10.0,limited
546,Commitments,Marshall Islands,IDA,EAST ASIA AND PACIFIC,FY22,0.0,87.0,0.0,0.0,87.0,2022,4,annual,87.0,0.0,country,0.0,0.0,1.0,4.477336814478207,0.0,0.0,0.0,0.0,4.477336814478207,10.0,77.0,7.7,10.0,7.7,87.0,8.0,True,0.09195402298850575,0.612555720653789,87.0,moderate
2932,Commitments,Marshall Islands,IDA,EAST ASIA AND PACIFIC,FY23,0.0,18.0,0.0,0.0,18.0,2023,4,annual,18.0,0.0,country,0.0,0.0,1.0,2.9444389791664403,0.0,0.0,0.0,0.0,2.9444389791664403,87.0,-69.0,-0.7931034482758621,87.0,-0.7931034482758621,18.0,18.0,True,1.0,0.43796433878157504,18.0,moderate
2774,Commitments,Marshall Islands,IDA,EAST ASIA AND PACIFIC,FY24,0.0,15.0,0.0,0.0,15.0,2024,4,annual,15.0,0.0,country,0.0,0.0,1.0,2.772588722239781,0.0,0.0,0.0,0.0,2.772588722239781,18.0,-3.0,-0.16666666666666666,18.0,-0.16666666666666666,15.0,25.0,True,1.6666666666666667,0.425334323922734,15.0,moderate
1575,Commitments,Marshall Islands,IDA,EAST ASIA AND PACIFIC,FY25,21.0,77.0,0.0,0.0,98.0,2025,4,annual,98.0,0.0,country,0.21428571428571427,3.091042453358316,0.7857142857142857,4.356708826689592,0.0,0.0,0.0,0.0,4.59511985013459,15.0,83.0,5.533333333333333,15.0,5.533333333333333,98.0,52.0,True,0.5306122448979592,0.6318722139673105,98.0,moderate
355,Commitments,Marshall Islands,IDA,EAST ASIA AND PACIFIC,2025-Q3,21.0,69.0,0.0,0.0,90.0,2025,3,quarterly,90.0,0.0,country,0.23333333333333334,3.091042453358316,0.7666666666666667,4.248495242049359,0.0,0.0,0.0,0.0,4.51085950651685,,,,,,90.0,36.0,True,0.4,0.786723163841808,90.0,moderate
162,Commitments,Marshall Islands,IDA,EAST ASIA AND PACIFIC,2026-Q3,0.0,45.0,0.0,0.0,45.0,2026,3,quarterly,45.0,0.0,country,0.0,0.0,1.0,3.828641396489095,0.0,0.0,0.0,0.0,3.828641396489095,90.0,-45.0,-0.5,90.0,-0.5,45.0,44.0,True,0.9777777777777777,0.7203389830508474,45.0,moderate
1130,Gross Disbursements,Marshall Islands,IDA,EAST ASIA AND PACIFIC,FY16,0.0,1.0,0.0,0.0,1.0,2016,4,annual,1.0,0.0,country,0.0,0.0,1.0,0.6931471805599453,0.0,0.0,0.0,0.0,0.6931471805599453,,,,,,0.0,1.0,False,,0.21920583468395463,1.0,limited
973,Gross Disbursements,Marshall Islands,IDA,EAST ASIA AND PACIFIC,FY17,0.0,1.0,0.0,0.0,1.0,2017,4,annual,1.0,0.0,country,0.0,0.0,1.0,0.6931471805599453,0.0,0.0,0.0,0.0,0.6931471805599453,1.0,0.0,0.0,1.0,0.0,20.0,1.0,True,0.05,0.21920583468395463,1.0,limited
795,Gross Disbursements,Marshall Islands,IDA,EAST ASIA AND PACIFIC,FY18,0.0,2.0,0.0,0.0,2.0,2018,4,annual,2.0,0.0,country,0.0,0.0,1.0,1.0986122886681098,0.0,0.0,0.0,0.0,1.0986122886681098,1.0,1.0,1.0,1.0,1.0,43.0,2.0,True,0.046511627906976744,0.233387358184765,2.0,limited
3237,Gross Disbursements,Marshall Islands,IDA,EAST ASIA AND PACIFIC,FY19,0.0,3.0,0.0,0.0,3.0,2019,4,annual,3.0,0.0,country,0.0,0.0,1.0,1.3862943611198906,0.0,0.0,0.0,0.0,1.3862943611198906,2.0,1.0,0.5,2.0,0.5,49.0,3.0,True,0.061224489795918366,0.24513776337115073,3.0,limited
2109,Gross Disbursements,Marshall Islands,IDA,EAST ASIA AND PACIFIC,FY20,0.0,9.0,0.0,0.0,9.0,2020,4,annual,9.0,0.0,country,0.0,0.0,1.0,2.302585092994046,0.0,0.0,0.0,0.0,2.302585092994046,3.0,6.0,2.0,3.0,2.0,18.0,9.0,True,0.5,0.31685575364667745,9.0,limited
675,Gross Disbursements,Marshall Islands,IDA,EAST ASIA AND PACIFIC,FY21,0.0,10.0,0.0,0.0,10.0,2021,4,annual,10.0,0.0,country,0.0,0.0,1.0,2.3978952727983707,0.0,0.0,0.0,0.0,2.3978952727983707,9.0,1.0,0.1111111111111111,9.0,0.1111111111111111,10.0,10.0,True,1.0,0.3286061588330632,10.0,limited
428,Gross Disbursements,Marshall Islands,IDA,EAST ASIA AND PACIFIC,FY22,0.0,8.0,0.0,0.0,8.0,2022,4,annual,8.0,0.0,country,0.0,0.0,1.0,2.1972245773362196,0.0,0.0,0.0,0.0,2.1972245773362196,10.0,-2.0,-0.2,10.0,-0.2,87.0,8.0,True,0.09195402298850575,0.30591572123176664,8.0,limited
2811,Gross Disbursements,Marshall Islands,IDA,EAST ASIA AND PACIFIC,FY23,0.0,18.0,0.0,0.0,18.0,2023,4,annual,18.0,0.0,country,0.0,0.0,1.0,2.9444389791664403,0.0,0.0,0.0,0.0,2.9444389791664403,8.0,10.0,1.25,8.0,1.25,18.0,18.0,True,1.0,0.3942463533225284,18.0,moderate
1733,Gross Disbursements,Marshall Islands,IDA,EAST ASIA AND PACIFIC,FY24,0.0,25.0,0.0,0.0,25.0,2024,4,annual,25.0,0.0,country,0.0,0.0,1.0,3.258096538021482,0.0,0.0,0.0,0.0,3.258096538021482,18.0,7.0,0.3888888888888889,18.0,0.3888888888888889,15.0,25.0,True,1.6666666666666667,0.4351701782820097,25.0,moderate
1612,Gross Disbursements,Marshall Islands,IDA,EAST ASIA AND PACIFIC,FY25,9.0,43.0,0.0,0.0,52.0,2025,4,annual,52.0,0.0,country,0.17307692307692307,2.302585092994046,0.8269230769230769,3.784189633918261,0.0,0.0,0.0,0.0,3.970291913552122,25.0,27.0,1.08,25.0,1.08,98.0,52.0,True,0.5306122448979592,0.5449756888168558,52.0,moderate
1297,Gross Disbursements,Marshall Islands,IDA,EAST ASIA AND PACIFIC,2025-Q3,9.0,27.0,0.0,0.0,36.0,2025,3,quarterly,36.0,0.0,country,0.25,2.302585092994046,0.75,3.332204510175204,0.0,0.0,0.0,0.0,3.6109179126442243,,,,,,90.0,36.0,True,0.4,0.49107142857142855,36.0,moderate
1174,Gross Disbursements,Marshall Islands,IDA,EAST ASIA AND PACIFIC,2026-Q3,0.0,44.0,0.0,0.0,44.0,2026,3,quarterly,44.0,0.0,country,0.0,0.0,1.0,3.8066624897703196,0.0,0.0,0.0,0.0,3.8066624897703196,36.0,8.0,0.2222222222222222,36.0,0.2222222222222222,45.0,44.0,True,0.9777777777777777,0.5223214285714286,44.0,moderate
2480,Commitments,Mauritania,IDA,AFRICA,FY14,0.0,212.0,0.0,0.0,212.0,2014,4,annual,212.0,0.0,country,0.0,0.0,1.0,5.3612921657094255,0.0,0.0,0.0,0.0,5.3612921657094255,,,,,,212.0,19.0,True,0.08962264150943396,0.7395988112927192,212.0,significant
2310,Commitments,Mauritania,IDA,AFRICA,FY15,0.0,87.0,0.0,0.0,87.0,2015,4,annual,87.0,0.0,country,0.0,0.0,1.0,4.477336814478207,0.0,0.0,0.0,0.0,4.477336814478207,212.0,-125.0,-0.589622641509434,212.0,-0.589622641509434,87.0,13.0,True,0.14942528735632185,0.612555720653789,87.0,moderate
1029,Commitments,Mauritania,IDA,AFRICA,FY16,0.0,18.0,0.0,0.0,18.0,2016,4,annual,18.0,0.0,country,0.0,0.0,1.0,2.9444389791664403,0.0,0.0,0.0,0.0,2.9444389791664403,87.0,-69.0,-0.7931034482758621,87.0,-0.7931034482758621,18.0,33.0,True,1.8333333333333333,0.43796433878157504,18.0,moderate
840,Commitments,Mauritania,IDA,AFRICA,FY17,26.0,17.0,0.0,0.0,43.0,2017,4,annual,43.0,0.0,country,0.6046511627906976,3.295836866004329,0.3953488372093023,2.8903717578961645,0.0,0.0,0.0,0.0,3.784189633918261,18.0,25.0,1.3888888888888888,18.0,1.3888888888888888,43.0,54.0,True,1.255813953488372,0.5148588410104011,43.0,moderate
3339,Commitments,Mauritania,IDA,AFRICA,FY18,26.0,85.0,0.0,0.0,111.0,2018,4,annual,111.0,0.0,country,0.23423423423423423,3.295836866004329,0.7657657657657657,4.454347296253507,0.0,0.0,0.0,0.0,4.718498871295094,43.0,68.0,1.5813953488372092,43.0,1.5813953488372092,111.0,58.0,True,0.5225225225225225,0.6556463595839525,111.0,significant
3064,Commitments,Mauritania,IDA,AFRICA,FY19,0.0,23.0,0.0,0.0,23.0,2019,4,annual,23.0,0.0,country,0.0,0.0,1.0,3.1780538303479458,0.0,0.0,0.0,0.0,3.1780538303479458,111.0,-88.0,-0.7927927927927928,111.0,-0.7927927927927928,23.0,41.0,True,1.7826086956521738,0.45988112927191677,23.0,moderate
2182,Commitments,Mauritania,IDA,AFRICA WEST,FY20,50.0,243.0,0.0,0.0,293.0,2020,4,annual,293.0,0.0,country,0.17064846416382254,3.9318256327243257,0.8293515358361775,5.497168225293202,0.0,0.0,0.0,0.0,5.683579767338681,23.0,270.0,11.73913043478261,23.0,11.73913043478261,293.0,106.0,True,0.36177474402730375,0.7782317979197623,293.0,significant
2027,Commitments,Mauritania,IDA,WESTERN AND CENTRAL AFRICA,FY21,70.0,230.0,0.0,0.0,300.0,2021,4,annual,300.0,0.0,country,0.23333333333333334,4.2626798770413155,0.7666666666666667,5.442417710521793,0.0,0.0,0.0,0.0,5.707110264748875,293.0,7.0,0.023890784982935155,293.0,0.023890784982935155,300.0,164.0,True,0.5466666666666666,0.7812035661218425,300.0,significant
662,Commitments,Mauritania,IDA,WESTERN AND CENTRAL AFRICA,FY22,30.0,62.0,0.0,0.0,92.0,2022,4,annual,92.0,0.0,country,0.32608695652173914,3.4339872044851463,0.6739130434782609,4.143134726391533,0.0,0.0,0.0,0.0,4.532599493153256,300.0,-208.0,-0.6933333333333334,300.0,-0.6933333333333334,92.0,127.0,True,1.3804347826086956,0.6203566121842496,92.0,moderate
415,Commitments,Mauritania,IDA,WESTERN AND CENTRAL AFRICA,FY23,30.0,95.0,0.0,0.0,125.0,2023,4,annual,125.0,0.0,country,0.24,3.4339872044851463,0.76,4.564348191467836,0.0,0.0,0.0,0.0,4.836281906951478,92.0,33.0,0.358695652173913,92.0,0.358695652173913,125.0,125.0,True,1.0,0.6734769687964339,125.0,significant
2764,Commitments,Mauritania,IDA,WESTERN AND CENTRAL AFRICA,FY24,48.0,223.0,0.0,0.0,271.0,2024,4,annual,271.0,0.0,country,0.17712177121771217,3.8918202981106265,0.8228782287822878,5.4116460518550396,0.0,0.0,0.0,0.0,5.605802066295998,125.0,146.0,1.168,125.0,1.168,271.0,121.0,True,0.44649446494464945,0.7696879643387816,271.0,significant
1565,Commitments,Mauritania,IDA,WESTERN AND CENTRAL AFRICA,FY25,0.0,276.0,0.0,50.0,326.0,2025,4,annual,326.0,0.0,country,0.0,0.0,0.8466257668711656,5.6240175061873385,0.0,0.0,0.15337423312883436,3.9318256327243257,5.7899601708972535,271.0,55.0,0.2029520295202952,271.0,0.2029520295202952,326.0,143.0,True,0.4386503067484663,0.7919762258543833,326.0,significant
345,Commitments,Mauritania,IDA,WESTERN AND CENTRAL AFRICA,2025-Q3,0.0,256.0,0.0,0.0,256.0,2025,3,quarterly,256.0,0.0,country,0.0,0.0,1.0,5.54907608489522,0.0,0.0,0.0,0.0,5.54907608489522,,,,,,256.0,103.0,True,0.40234375,0.8983050847457628,256.0,significant
152,Commitments,Mauritania,IDA,WESTERN AND CENTRAL AFRICA,2026-Q3,30.0,60.0,0.0,0.0,90.0,2026,3,quarterly,90.0,0.0,country,0.3333333333333333,3.4339872044851463,0.6666666666666666,4.110873864173311,0.0,0.0,0.0,0.0,4.51085950651685,256.0,-166.0,-0.6484375,256.0,-0.6484375,90.0,105.3,True,1.17,0.786723163841808,90.0,moderate
2560,Gross Disbursements,Mauritania,IDA,AFRICA,FY14,0.0,19.0,0.0,0.0,19.0,2014,4,annual,19.0,0.0,country,0.0,0.0,1.0,2.995732273553991,0.0,0.0,0.0,0.0,2.995732273553991,,,,,,212.0,19.0,True,0.08962264150943396,0.4007293354943274,19.0,moderate
2392,Gross Disbursements,Mauritania,IDA,AFRICA,FY15,0.0,13.0,0.0,0.0,13.0,2015,4,annual,13.0,0.0,country,0.0,0.0,1.0,2.6390573296152584,0.0,0.0,0.0,0.0,2.6390573296152584,19.0,-6.0,-0.3157894736842105,19.0,-0.3157894736842105,87.0,13.0,True,0.14942528735632185,0.35615883306320906,13.0,moderate
1106,Gross Disbursements,Mauritania,IDA,AFRICA,FY16,0.0,33.0,0.0,0.0,33.0,2016,4,annual,33.0,0.0,country,0.0,0.0,1.0,3.5263605246161616,0.0,0.0,0.0,0.0,3.5263605246161616,13.0,20.0,1.5384615384615385,13.0,1.5384615384615385,18.0,33.0,True,1.8333333333333333,0.47487844408427876,33.0,moderate
932,Gross Disbursements,Mauritania,IDA,AFRICA,FY17,25.0,29.0,0.0,0.0,54.0,2017,4,annual,54.0,0.0,country,0.46296296296296297,3.258096538021482,0.5370370370370371,3.4011973816621555,0.0,0.0,0.0,0.0,4.007333185232471,33.0,21.0,0.6363636363636364,33.0,0.6363636363636364,43.0,54.0,True,1.255813953488372,0.5494327390599676,54.0,moderate
764,Gross Disbursements,Mauritania,IDA,AFRICA,FY18,26.0,31.0,0.0,0.0,58.0,2018,4,annual,57.0,1.0,country,0.4482758620689655,3.295836866004329,0.5344827586206896,3.4657359027997265,0.0,0.0,0.0,0.0,4.07753744390572,54.0,4.0,0.07407407407407407,54.0,0.07407407407407407,111.0,58.0,True,0.5225225225225225,0.5709076175040518,58.0,moderate
3195,Gross Disbursements,Mauritania,IDA,AFRICA,FY19,0.0,41.0,0.0,0.0,41.0,2019,4,annual,41.0,0.0,country,0.0,0.0,1.0,3.7376696182833684,0.0,0.0,0.0,0.0,3.7376696182833684,58.0,-17.0,-0.29310344827586204,58.0,-0.29310344827586204,23.0,41.0,True,1.7826086956521738,0.5056726094003241,41.0,moderate
2066,Gross Disbursements,Mauritania,IDA,AFRICA WEST,FY20,50.0,56.0,0.0,0.0,106.0,2020,4,annual,106.0,0.0,country,0.4716981132075472,3.9318256327243257,0.5283018867924528,4.04305126783455,0.0,0.0,0.0,0.0,4.672828834461906,41.0,65.0,1.5853658536585367,41.0,1.5853658536585367,293.0,106.0,True,0.36177474402730375,0.6592382495948136,106.0,significant
1897,Gross Disbursements,Mauritania,IDA,WESTERN AND CENTRAL AFRICA,FY21,72.0,92.0,0.0,0.0,164.0,2021,4,annual,164.0,0.0,country,0.43902439024390244,4.290459441148391,0.5609756097560976,4.532599493153256,0.0,0.0,0.0,0.0,5.10594547390058,106.0,58.0,0.5471698113207547,106.0,0.5471698113207547,300.0,164.0,True,0.5466666666666666,0.7382495948136143,164.0,significant
532,Gross Disbursements,Mauritania,IDA,WESTERN AND CENTRAL AFRICA,FY22,30.0,97.0,0.0,0.0,127.0,2022,4,annual,127.0,0.0,country,0.23622047244094488,3.4339872044851463,0.7637795275590551,4.584967478670572,0.0,0.0,0.0,0.0,4.852030263919617,164.0,-37.0,-0.22560975609756098,164.0,-0.22560975609756098,92.0,127.0,True,1.3804347826086956,0.6908427876823339,127.0,significant
2918,Gross Disbursements,Mauritania,IDA,WESTERN AND CENTRAL AFRICA,FY23,30.0,95.0,0.0,0.0,125.0,2023,4,annual,125.0,0.0,country,0.24,3.4339872044851463,0.76,4.564348191467836,0.0,0.0,0.0,0.0,4.836281906951478,127.0,-2.0,-0.015748031496062992,127.0,-0.015748031496062992,125.0,125.0,True,1.0,0.6871961102106969,125.0,significant
1840,Gross Disbursements,Mauritania,IDA,WESTERN AND CENTRAL AFRICA,FY24,0.0,121.0,0.0,0.0,121.0,2024,4,annual,121.0,0.0,country,0.0,0.0,1.0,4.804021044733257,0.0,0.0,0.0,0.0,4.804021044733257,125.0,-4.0,-0.032,125.0,-0.032,271.0,121.0,True,0.44649446494464945,0.68354943273906,121.0,significant
1720,Gross Disbursements,Mauritania,IDA,WESTERN AND CENTRAL AFRICA,FY25,24.0,119.0,0.0,0.0,143.0,2025,4,annual,143.0,0.0,country,0.16783216783216784,3.2188758248682006,0.8321678321678322,4.787491742782046,0.0,0.0,0.0,0.0,4.969813299576001,121.0,22.0,0.18181818181818182,121.0,0.18181818181818182,326.0,143.0,True,0.4386503067484663,0.7123176661264181,143.0,significant
1405,Gross Disbursements,Mauritania,IDA,WESTERN AND CENTRAL AFRICA,2025-Q3,24.0,79.0,0.0,0.0,103.0,2025,3,quarterly,103.0,0.0,country,0.23300970873786409,3.2188758248682006,0.7669902912621359,4.382026634673881,0.0,0.0,0.0,0.0,4.6443908991413725,,,,,,256.0,103.0,True,0.40234375,0.6428571428571429,103.0,significant
1282,Gross Disbursements,Mauritania,IDA,WESTERN AND CENTRAL AFRICA,2026-Q3,0.0,91.3,0.0,14.0,105.3,2026,3,quarterly,105.3,0.0,country,0.0,0.0,0.8670465337132004,4.525044141508807,0.0,0.0,0.13295346628679963,2.70805020110221,4.666265285347902,103.0,2.299999999999997,0.022330097087378615,103.0,0.022330097087378615,90.0,105.3,True,1.17,0.6473214285714286,105.3,significant
3354,Commitments,Mauritius,IDA,AFRICA,FY18,0.0,0.0,0.0,0.0,0.0,2018,4,annual,0.0,0.0,country,0.0,0.0,0.0,0.0,0.0,0.0,0.0,0.0,0.0,,,,,,0.0,,False,,0.19539375928677563,0.0,limited
3121,Commitments,Mauritius,IDA,AFRICA,FY19,0.0,0.0,0.0,0.0,0.0,2019,4,annual,0.0,0.0,country,0.0,0.0,0.0,0.0,0.0,0.0,0.0,0.0,0.0,0.0,0.0,,0.0,,0.0,0.0,False,,0.19539375928677563,0.0,limited
2231,Commitments,Mauritius,IDA,AFRICA EAST,FY20,0.0,0.0,0.0,0.0,0.0,2020,4,annual,0.0,0.0,country,0.0,0.0,0.0,0.0,0.0,0.0,0.0,0.0,0.0,0.0,0.0,,0.0,,0.0,0.0,False,,0.19539375928677563,0.0,limited
1942,Commitments,Mauritius,IDA,EASTERN AND SOUTHERN AFRICA,FY21,0.0,0.0,0.0,0.0,0.0,2021,4,annual,0.0,0.0,country,0.0,0.0,0.0,0.0,0.0,0.0,0.0,0.0,0.0,0.0,0.0,,0.0,,0.0,0.0,False,,0.19539375928677563,0.0,limited
577,Commitments,Mauritius,IDA,EASTERN AND SOUTHERN AFRICA,FY22,0.0,0.0,0.0,0.0,0.0,2022,4,annual,0.0,0.0,country,0.0,0.0,0.0,0.0,0.0,0.0,0.0,0.0,0.0,0.0,0.0,,0.0,,0.0,0.0,False,,0.19539375928677563,0.0,limited
2963,Commitments,Mauritius,IDA,EASTERN AND SOUTHERN AFRICA,FY23,0.0,0.0,0.0,0.0,0.0,2023,4,annual,0.0,0.0,country,0.0,0.0,0.0,0.0,0.0,0.0,0.0,0.0,0.0,0.0,0.0,,0.0,,0.0,0.0,False,,0.19539375928677563,0.0,limited
2643,Commitments,Mauritius,IDA,EASTERN AND SOUTHERN AFRICA,FY24,0.0,0.0,0.0,0.0,0.0,2024,4,annual,0.0,0.0,country,0.0,0.0,0.0,0.0,0.0,0.0,0.0,0.0,0.0,0.0,0.0,,0.0,,0.0,0.0,False,,0.19539375928677563,0.0,limited
1444,Commitments,Mauritius,IDA,EASTERN AND SOUTHERN AFRICA,FY25,0.0,0.0,0.0,0.0,0.0,2025,4,annual,0.0,0.0,country,0.0,0.0,0.0,0.0,0.0,0.0,0.0,0.0,0.0,0.0,0.0,,0.0,,0.0,0.0,False,,0.19539375928677563,0.0,limited
224,Commitments,Mauritius,IDA,EASTERN AND SOUTHERN AFRICA,2025-Q3,1.0,0.0,0.0,0.0,1.0,2025,3,quarterly,1.0,0.0,country,1.0,0.6931471805599453,0.0,0.0,0.0,0.0,0.0,0.0,0.6931471805599453,,,,,,1.0,0.0,False,,0.6398305084745762,1.0,limited
31,Commitments,Mauritius,IDA,EASTERN AND SOUTHERN AFRICA,2026-Q3,0.0,0.0,0.0,0.0,0.0,2026,3,quarterly,0.0,0.0,country,0.0,0.0,0.0,0.0,0.0,0.0,0.0,0.0,0.0,1.0,-1.0,-1.0,1.0,-1.0,0.0,0.0,False,,0.326271186440678,0.0,limited
1107,Gross Disbursements,Mauritius,IDA,AFRICA,FY16,0.0,0.0,0.0,0.0,0.0,2016,4,annual,0.0,0.0,country,0.0,0.0,0.0,0.0,0.0,0.0,0.0,0.0,0.0,,,,,,,0.0,False,,0.1094003241491086,0.0,limited
982,Gross Disbursements,Mauritius,IDA,AFRICA,FY17,0.0,0.0,0.0,0.0,0.0,2017,4,annual,0.0,0.0,country,0.0,0.0,0.0,0.0,0.0,0.0,0.0,0.0,0.0,0.0,0.0,,0.0,,,0.0,False,,0.1094003241491086,0.0,limited
3255,Gross Disbursements,Mauritius,IDA,AFRICA,FY19,0.0,0.0,0.0,0.0,0.0,2019,4,annual,0.0,0.0,country,0.0,0.0,0.0,0.0,0.0,0.0,0.0,0.0,0.0,0.0,0.0,,0.0,,0.0,0.0,False,,0.1094003241491086,0.0,limited
2130,Gross Disbursements,Mauritius,IDA,AFRICA EAST,FY20,0.0,0.0,0.0,0.0,0.0,2020,4,annual,0.0,0.0,country,0.0,0.0,0.0,0.0,0.0,0.0,0.0,0.0,0.0,0.0,0.0,,0.0,,0.0,0.0,False,,0.1094003241491086,0.0,limited
702,Gross Disbursements,Mauritius,IDA,EASTERN AND SOUTHERN AFRICA,FY21,0.0,0.0,0.0,0.0,0.0,2021,4,annual,0.0,0.0,country,0.0,0.0,0.0,0.0,0.0,0.0,0.0,0.0,0.0,0.0,0.0,,0.0,,0.0,0.0,False,,0.1094003241491086,0.0,limited
455,Gross Disbursements,Mauritius,IDA,EASTERN AND SOUTHERN AFRICA,FY22,0.0,0.0,0.0,0.0,0.0,2022,4,annual,0.0,0.0,country,0.0,0.0,0.0,0.0,0.0,0.0,0.0,0.0,0.0,0.0,0.0,,0.0,,0.0,0.0,False,,0.1094003241491086,0.0,limited
2839,Gross Disbursements,Mauritius,IDA,EASTERN AND SOUTHERN AFRICA,FY23,0.0,0.0,0.0,0.0,0.0,2023,4,annual,0.0,0.0,country,0.0,0.0,0.0,0.0,0.0,0.0,0.0,0.0,0.0,0.0,0.0,,0.0,,0.0,0.0,False,,0.1094003241491086,0.0,limited
1761,Gross Disbursements,Mauritius,IDA,EASTERN AND SOUTHERN AFRICA,FY24,0.0,0.0,0.0,0.0,0.0,2024,4,annual,0.0,0.0,country,0.0,0.0,0.0,0.0,0.0,0.0,0.0,0.0,0.0,0.0,0.0,,0.0,,0.0,0.0,False,,0.1094003241491086,0.0,limited
1641,Gross Disbursements,Mauritius,IDA,EASTERN AND SOUTHERN AFRICA,FY25,0.0,0.0,0.0,0.0,0.0,2025,4,annual,0.0,0.0,country,0.0,0.0,0.0,0.0,0.0,0.0,0.0,0.0,0.0,0.0,0.0,,0.0,,0.0,0.0,False,,0.1094003241491086,0.0,limited
1326,Gross Disbursements,Mauritius,IDA,EASTERN AND SOUTHERN AFRICA,2025-Q3,0.0,0.0,0.0,0.0,0.0,2025,3,quarterly,0.0,0.0,country,0.0,0.0,0.0,0.0,0.0,0.0,0.0,0.0,0.0,,,,,,1.0,0.0,False,,0.15848214285714285,0.0,limited
1203,Gross Disbursements,Mauritius,IDA,EASTERN AND SOUTHERN AFRICA,2026-Q3,0.0,0.0,0.0,0.0,0.0,2026,3,quarterly,0.0,0.0,country,0.0,0.0,0.0,0.0,0.0,0.0,0.0,0.0,0.0,0.0,0.0,,0.0,,0.0,0.0,False,,0.15848214285714285,0.0,limited
3360,Commitments,Mekong,IDA,EAST ASIA AND PACIFIC,FY18,0.0,0.0,0.0,0.0,0.0,2018,4,annual,0.0,0.0,country,0.0,0.0,0.0,0.0,0.0,0.0,0.0,0.0,0.0,,,,,,0.0,2.0,False,,0.19539375928677563,0.0,limited
3126,Commitments,Mekong,IDA,EAST ASIA AND PACIFIC,FY19,0.0,0.0,0.0,0.0,0.0,2019,4,annual,0.0,0.0,country,0.0,0.0,0.0,0.0,0.0,0.0,0.0,0.0,0.0,0.0,0.0,,0.0,,0.0,1.0,False,,0.19539375928677563,0.0,limited
2238,Commitments,Mekong,IDA,EAST ASIA AND PACIFIC,FY20,0.0,0.0,0.0,0.0,0.0,2020,4,annual,0.0,0.0,country,0.0,0.0,0.0,0.0,0.0,0.0,0.0,0.0,0.0,0.0,0.0,,0.0,,0.0,0.0,False,,0.19539375928677563,0.0,limited
1912,Commitments,Mekong,IDA,EAST ASIA AND PACIFIC,FY21,0.0,0.0,0.0,0.0,0.0,2021,4,annual,0.0,0.0,country,0.0,0.0,0.0,0.0,0.0,0.0,0.0,0.0,0.0,0.0,0.0,,0.0,,0.0,,False,,0.19539375928677563,0.0,limited
547,Commitments,Mekong,IDA,EAST ASIA AND PACIFIC,FY22,0.0,0.0,0.0,0.0,0.0,2022,4,annual,0.0,0.0,country,0.0,0.0,0.0,0.0,0.0,0.0,0.0,0.0,0.0,0.0,0.0,,0.0,,0.0,,False,,0.19539375928677563,0.0,limited
2933,Commitments,Mekong,IDA,EAST ASIA AND PACIFIC,FY23,0.0,0.0,0.0,0.0,0.0,2023,4,annual,0.0,0.0,country,0.0,0.0,0.0,0.0,0.0,0.0,0.0,0.0,0.0,0.0,0.0,,0.0,,0.0,,False,,0.19539375928677563,0.0,limited
2775,Commitments,Mekong,IDA,EAST ASIA AND PACIFIC,FY24,0.0,0.0,0.0,0.0,0.0,2024,4,annual,0.0,0.0,country,0.0,0.0,0.0,0.0,0.0,0.0,0.0,0.0,0.0,0.0,0.0,,0.0,,0.0,,False,,0.19539375928677563,0.0,limited
1576,Commitments,Mekong,IDA,EAST ASIA AND PACIFIC,FY25,0.0,0.0,0.0,0.0,0.0,2025,4,annual,0.0,0.0,country,0.0,0.0,0.0,0.0,0.0,0.0,0.0,0.0,0.0,0.0,0.0,,0.0,,0.0,,False,,0.19539375928677563,0.0,limited
356,Commitments,Mekong,IDA,EAST ASIA AND PACIFIC,2025-Q3,0.0,0.0,0.0,0.0,0.0,2025,3,quarterly,0.0,0.0,country,0.0,0.0,0.0,0.0,0.0,0.0,0.0,0.0,0.0,,,,,,0.0,,False,,0.326271186440678,0.0,limited
163,Commitments,Mekong,IDA,EAST ASIA AND PACIFIC,2026-Q3,0.0,0.0,0.0,0.0,0.0,2026,3,quarterly,0.0,0.0,country,0.0,0.0,0.0,0.0,0.0,0.0,0.0,0.0,0.0,0.0,0.0,,0.0,,0.0,,False,,0.326271186440678,0.0,limited
2577,Gross Disbursements,Mekong,IDA,EAST ASIA AND PACIFIC,FY14,0.0,0.0,0.0,0.0,0.0,2014,4,annual,0.0,0.0,country,0.0,0.0,0.0,0.0,0.0,0.0,0.0,0.0,0.0,,,,,,,0.0,False,,0.1094003241491086,0.0,limited
2409,Gross Disbursements,Mekong,IDA,EAST ASIA AND PACIFIC,FY15,0.0,1.0,0.0,0.0,1.0,2015,4,annual,1.0,0.0,country,0.0,0.0,1.0,0.6931471805599453,0.0,0.0,0.0,0.0,0.6931471805599453,0.0,1.0,,0.0,,,1.0,False,,0.21920583468395463,1.0,limited
1131,Gross Disbursements,Mekong,IDA,EAST ASIA AND PACIFIC,FY16,0.0,2.0,0.0,0.0,2.0,2016,4,annual,2.0,0.0,country,0.0,0.0,1.0,1.0986122886681098,0.0,0.0,0.0,0.0,1.0986122886681098,1.0,1.0,1.0,1.0,1.0,,2.0,False,,0.233387358184765,2.0,limited
972,Gross Disbursements,Mekong,IDA,EAST ASIA AND PACIFIC,FY17,0.0,1.0,0.0,0.0,1.0,2017,4,annual,1.0,0.0,country,0.0,0.0,1.0,0.6931471805599453,0.0,0.0,0.0,0.0,0.6931471805599453,2.0,-1.0,-0.5,2.0,-0.5,,1.0,False,,0.21920583468395463,1.0,limited
802,Gross Disbursements,Mekong,IDA,EAST ASIA AND PACIFIC,FY18,0.0,2.0,0.0,0.0,2.0,2018,4,annual,2.0,0.0,country,0.0,0.0,1.0,1.0986122886681098,0.0,0.0,0.0,0.0,1.0986122886681098,1.0,1.0,1.0,1.0,1.0,0.0,2.0,False,,0.233387358184765,2.0,limited
3250,Gross Disbursements,Mekong,IDA,EAST ASIA AND PACIFIC,FY19,0.0,1.0,0.0,0.0,1.0,2019,4,annual,1.0,0.0,country,0.0,0.0,1.0,0.6931471805599453,0.0,0.0,0.0,0.0,0.6931471805599453,2.0,-1.0,-0.5,2.0,-0.5,0.0,1.0,False,,0.21920583468395463,1.0,limited
2134,Gross Disbursements,Mekong,IDA,EAST ASIA AND PACIFIC,FY20,0.0,0.0,0.0,0.0,0.0,2020,4,annual,0.0,0.0,country,0.0,0.0,0.0,0.0,0.0,0.0,0.0,0.0,0.0,1.0,-1.0,-1.0,1.0,-1.0,0.0,0.0,False,,0.1094003241491086,0.0,limited
2722,Commitments,Mexico,IDA,LATIN AMERICA AND CARIBBEAN,FY24,0.0,0.0,0.0,0.0,0.0,2024,4,annual,0.0,0.0,country,0.0,0.0,0.0,0.0,0.0,0.0,0.0,0.0,0.0,,,,,,0.0,,False,,0.19539375928677563,0.0,limited
1523,Commitments,Mexico,IDA,LATIN AMERICA AND CARIBBEAN,FY25,0.0,0.0,0.0,0.0,0.0,2025,4,annual,0.0,0.0,country,0.0,0.0,0.0,0.0,0.0,0.0,0.0,0.0,0.0,0.0,0.0,,0.0,,0.0,,False,,0.19539375928677563,0.0,limited
303,Commitments,Mexico,IDA,LATIN AMERICA AND CARIBBEAN,2025-Q3,0.0,0.0,0.0,0.0,0.0,2025,3,quarterly,0.0,0.0,country,0.0,0.0,0.0,0.0,0.0,0.0,0.0,0.0,0.0,,,,,,0.0,,False,,0.326271186440678,0.0,limited
110,Commitments,Mexico,IDA,LATIN AMERICA AND CARIBBEAN,2026-Q3,0.0,0.0,0.0,0.0,0.0,2026,3,quarterly,0.0,0.0,country,0.0,0.0,0.0,0.0,0.0,0.0,0.0,0.0,0.0,0.0,0.0,,0.0,,0.0,,False,,0.326271186440678,0.0,limited
2496,Commitments,"Micronesia, Federated States of",IDA,EAST ASIA AND PACIFIC,FY14,0.0,14.0,0.0,0.0,14.0,2014,4,annual,14.0,0.0,country,0.0,0.0,1.0,2.70805020110221,0.0,0.0,0.0,0.0,2.70805020110221,,,,,,14.0,0.0,True,0.0,0.4227340267459138,14.0,moderate
2326,Commitments,"Micronesia, Federated States of",IDA,EAST ASIA AND PACIFIC,FY15,0.0,53.0,0.0,0.0,53.0,2015,4,annual,53.0,0.0,country,0.0,0.0,1.0,3.9889840465642745,0.0,0.0,0.0,0.0,3.9889840465642745,14.0,39.0,2.7857142857142856,14.0,2.7857142857142856,53.0,1.0,True,0.018867924528301886,0.5430906389301634,53.0,moderate
1046,Commitments,"Micronesia, Federated States of",IDA,EAST ASIA AND PACIFIC,FY16,0.0,0.0,0.0,0.0,0.0,2016,4,annual,0.0,0.0,country,0.0,0.0,0.0,0.0,0.0,0.0,0.0,0.0,0.0,53.0,-53.0,-1.0,53.0,-1.0,0.0,9.0,False,,0.19539375928677563,0.0,limited
868,Commitments,"Micronesia, Federated States of",IDA,EAST ASIA AND PACIFIC,FY17,0.0,16.0,0.0,0.0,16.0,2017,4,annual,16.0,0.0,country,0.0,0.0,1.0,2.833213344056216,0.0,0.0,0.0,0.0,2.833213344056216,0.0,16.0,,0.0,,16.0,5.0,True,0.3125,0.4294205052005943,16.0,moderate
3325,Commitments,"Micronesia, Federated States of",IDA,EAST ASIA AND PACIFIC,FY18,0.0,11.0,0.0,0.0,11.0,2018,4,annual,11.0,0.0,country,0.0,0.0,1.0,2.4849066497880004,0.0,0.0,0.0,0.0,2.4849066497880004,16.0,-5.0,-0.3125,16.0,-0.3125,11.0,16.0,True,1.4545454545454546,0.4175334323922734,11.0,moderate
3103,Commitments,"Micronesia, Federated States of",IDA,EAST ASIA AND PACIFIC,FY19,0.0,68.0,0.0,0.0,68.0,2019,4,annual,68.0,0.0,country,0.0,0.0,1.0,4.23410650459726,0.0,0.0,0.0,0.0,4.23410650459726,11.0,57.0,5.181818181818182,11.0,5.181818181818182,68.0,20.0,True,0.29411764705882354,0.5724368499257058,68.0,moderate
2211,Commitments,"Micronesia, Federated States of",IDA,EAST ASIA AND PACIFIC,FY20,0.0,33.0,0.0,0.0,33.0,2020,4,annual,33.0,0.0,country,0.0,0.0,1.0,3.5263605246161616,0.0,0.0,0.0,0.0,3.5263605246161616,68.0,-35.0,-0.5147058823529411,68.0,-0.5147058823529411,33.0,16.0,True,0.48484848484848486,0.49071322436849923,33.0,moderate
1913,Commitments,"Micronesia, Federated States of",IDA,EAST ASIA AND PACIFIC,FY21,0.0,40.0,0.0,0.0,40.0,2021,4,annual,40.0,0.0,country,0.0,0.0,1.0,3.713572066704308,0.0,0.0,0.0,0.0,3.713572066704308,33.0,7.0,0.21212121212121213,33.0,0.21212121212121213,40.0,8.0,True,0.2,0.5092867756315007,40.0,moderate
548,Commitments,"Micronesia, Federated States of",IDA,EAST ASIA AND PACIFIC,FY22,0.0,58.0,0.0,0.0,58.0,2022,4,annual,58.0,0.0,country,0.0,0.0,1.0,4.07753744390572,0.0,0.0,0.0,0.0,4.07753744390572,40.0,18.0,0.45,40.0,0.45,58.0,10.0,True,0.1724137931034483,0.549405646359584,58.0,moderate
2934,Commitments,"Micronesia, Federated States of",IDA,EAST ASIA AND PACIFIC,FY23,0.0,0.0,0.0,0.0,0.0,2023,4,annual,0.0,0.0,country,0.0,0.0,0.0,0.0,0.0,0.0,0.0,0.0,0.0,58.0,-58.0,-1.0,58.0,-1.0,0.0,8.0,False,,0.19539375928677563,0.0,limited
2776,Commitments,"Micronesia, Federated States of",IDA,EAST ASIA AND PACIFIC,FY24,0.0,0.0,0.0,0.0,0.0,2024,4,annual,0.0,0.0,country,0.0,0.0,0.0,0.0,0.0,0.0,0.0,0.0,0.0,0.0,0.0,,0.0,,0.0,13.0,False,,0.19539375928677563,0.0,limited
1577,Commitments,"Micronesia, Federated States of",IDA,EAST ASIA AND PACIFIC,FY25,0.0,137.0,0.0,0.0,137.0,2025,4,annual,137.0,0.0,country,0.0,0.0,1.0,4.927253685157205,0.0,0.0,0.0,0.0,4.927253685157205,0.0,137.0,,0.0,,137.0,32.0,True,0.23357664233576642,0.6887072808320951,137.0,significant
357,Commitments,"Micronesia, Federated States of",IDA,EAST ASIA AND PACIFIC,2025-Q3,0.0,111.0,0.0,0.0,111.0,2025,3,quarterly,111.0,0.0,country,0.0,0.0,1.0,4.718498871295094,0.0,0.0,0.0,0.0,4.718498871295094,,,,,,111.0,23.0,True,0.2072072072072072,0.8050847457627118,111.0,significant
164,Commitments,"Micronesia, Federated States of",IDA,EAST ASIA AND PACIFIC,2026-Q3,0.0,0.0,0.0,0.0,0.0,2026,3,quarterly,0.0,0.0,country,0.0,0.0,0.0,0.0,0.0,0.0,0.0,0.0,0.0,111.0,-111.0,-1.0,111.0,-1.0,0.0,33.0,False,,0.326271186440678,0.0,limited
2578,Gross Disbursements,"Micronesia, Federated States of",IDA,EAST ASIA AND PACIFIC,FY14,0.0,0.0,0.0,0.0,0.0,2014,4,annual,0.0,0.0,country,0.0,0.0,0.0,0.0,0.0,0.0,0.0,0.0,0.0,,,,,,14.0,0.0,True,0.0,0.1094003241491086,0.0,limited
2410,Gross Disbursements,"Micronesia, Federated States of",IDA,EAST ASIA AND PACIFIC,FY15,0.0,1.0,0.0,0.0,1.0,2015,4,annual,1.0,0.0,country,0.0,0.0,1.0,0.6931471805599453,0.0,0.0,0.0,0.0,0.6931471805599453,0.0,1.0,,0.0,,53.0,1.0,True,0.018867924528301886,0.21920583468395463,1.0,limited
1132,Gross Disbursements,"Micronesia, Federated States of",IDA,EAST ASIA AND PACIFIC,FY16,0.0,9.0,0.0,0.0,9.0,2016,4,annual,9.0,0.0,country,0.0,0.0,1.0,2.302585092994046,0.0,0.0,0.0,0.0,2.302585092994046,1.0,8.0,8.0,1.0,8.0,0.0,9.0,False,,0.31685575364667745,9.0,limited
952,Gross Disbursements,"Micronesia, Federated States of",IDA,EAST ASIA AND PACIFIC,FY17,0.0,5.0,0.0,0.0,5.0,2017,4,annual,5.0,0.0,country,0.0,0.0,1.0,1.791759469228055,0.0,0.0,0.0,0.0,1.791759469228055,9.0,-4.0,-0.4444444444444444,9.0,-0.4444444444444444,16.0,5.0,True,0.3125,0.2706645056726094,5.0,limited
779,Gross Disbursements,"Micronesia, Federated States of",IDA,EAST ASIA AND PACIFIC,FY18,0.0,16.0,0.0,0.0,16.0,2018,4,annual,16.0,0.0,country,0.0,0.0,1.0,2.833213344056216,0.0,0.0,0.0,0.0,2.833213344056216,5.0,11.0,2.2,5.0,2.2,11.0,16.0,True,1.4545454545454546,0.37682333873581847,16.0,moderate
3230,Gross Disbursements,"Micronesia, Federated States of",IDA,EAST ASIA AND PACIFIC,FY19,0.0,20.0,0.0,0.0,20.0,2019,4,annual,20.0,0.0,country,0.0,0.0,1.0,3.044522437723423,0.0,0.0,0.0,0.0,3.044522437723423,16.0,4.0,0.25,16.0,0.25,68.0,20.0,True,0.29411764705882354,0.406807131280389,20.0,moderate
2110,Gross Disbursements,"Micronesia, Federated States of",IDA,EAST ASIA AND PACIFIC,FY20,0.0,16.0,0.0,0.0,16.0,2020,4,annual,16.0,0.0,country,0.0,0.0,1.0,2.833213344056216,0.0,0.0,0.0,0.0,2.833213344056216,20.0,-4.0,-0.2,20.0,-0.2,33.0,16.0,True,0.48484848484848486,0.37682333873581847,16.0,moderate
676,Gross Disbursements,"Micronesia, Federated States of",IDA,EAST ASIA AND PACIFIC,FY21,0.0,8.0,0.0,0.0,8.0,2021,4,annual,8.0,0.0,country,0.0,0.0,1.0,2.1972245773362196,0.0,0.0,0.0,0.0,2.1972245773362196,16.0,-8.0,-0.5,16.0,-0.5,40.0,8.0,True,0.2,0.30591572123176664,8.0,limited
429,Gross Disbursements,"Micronesia, Federated States of",IDA,EAST ASIA AND PACIFIC,FY22,0.0,10.0,0.0,0.0,10.0,2022,4,annual,10.0,0.0,country,0.0,0.0,1.0,2.3978952727983707,0.0,0.0,0.0,0.0,2.3978952727983707,8.0,2.0,0.25,8.0,0.25,58.0,10.0,True,0.1724137931034483,0.3286061588330632,10.0,limited
2812,Gross Disbursements,"Micronesia, Federated States of",IDA,EAST ASIA AND PACIFIC,FY23,0.0,8.0,0.0,0.0,8.0,2023,4,annual,8.0,0.0,country,0.0,0.0,1.0,2.1972245773362196,0.0,0.0,0.0,0.0,2.1972245773362196,10.0,-2.0,-0.2,10.0,-0.2,0.0,8.0,False,,0.30591572123176664,8.0,limited
1734,Gross Disbursements,"Micronesia, Federated States of",IDA,EAST ASIA AND PACIFIC,FY24,0.0,13.0,0.0,0.0,13.0,2024,4,annual,13.0,0.0,country,0.0,0.0,1.0,2.6390573296152584,0.0,0.0,0.0,0.0,2.6390573296152584,8.0,5.0,0.625,8.0,0.625,0.0,13.0,False,,0.35615883306320906,13.0,moderate
1613,Gross Disbursements,"Micronesia, Federated States of",IDA,EAST ASIA AND PACIFIC,FY25,0.0,32.0,0.0,0.0,32.0,2025,4,annual,32.0,0.0,country,0.0,0.0,1.0,3.4965075614664802,0.0,0.0,0.0,0.0,3.4965075614664802,13.0,19.0,1.4615384615384615,13.0,1.4615384615384615,137.0,32.0,True,0.23357664233576642,0.4712317666126418,32.0,moderate
1298,Gross Disbursements,"Micronesia, Federated States of",IDA,EAST ASIA AND PACIFIC,2025-Q3,0.0,23.0,0.0,0.0,23.0,2025,3,quarterly,23.0,0.0,country,0.0,0.0,1.0,3.1780538303479458,0.0,0.0,0.0,0.0,3.1780538303479458,,,,,,111.0,23.0,True,0.2072072072072072,0.4330357142857143,23.0,moderate
1175,Gross Disbursements,"Micronesia, Federated States of",IDA,EAST ASIA AND PACIFIC,2026-Q3,0.0,33.0,0.0,0.0,33.0,2026,3,quarterly,33.0,0.0,country,0.0,0.0,1.0,3.5263605246161616,0.0,0.0,0.0,0.0,3.5263605246161616,23.0,10.0,0.43478260869565216,23.0,0.43478260869565216,0.0,33.0,False,,0.47544642857142855,33.0,moderate
1155,Commitments,"Mid East,NorthAfrica, Afghan, Pakistan",IDA,"MIDDLE EAST, NORTH AFRICA, AFGHANISTAN, AND PAKISTAN",2025-Q3,0.0,0.0,0.0,0.0,0.0,2025,3,quarterly,0.0,0.0,aggregate_or_institution,0.0,0.0,0.0,0.0,0.0,0.0,0.0,0.0,0.0,,,,,,0.0,1.2,False,,0.328125,0.0,limited
180,Commitments,"Mid East,NorthAfrica, Afghan, Pakistan",IDA,"MIDDLE EAST, NORTH AFRICA, AFGHANISTAN, AND PAKISTAN",2026-Q3,0.0,0.0,0.0,0.0,0.0,2026,3,quarterly,0.0,0.0,aggregate_or_institution,0.0,0.0,0.0,0.0,0.0,0.0,0.0,0.0,0.0,0.0,0.0,,0.0,,0.0,2.0,False,,0.328125,0.0,limited
1412,Gross Disbursements,"Mid East,NorthAfrica, Afghan, Pakistan",IDA,"MIDDLE EAST, NORTH AFRICA, AFGHANISTAN, AND PAKISTAN",2025-Q3,0.0,1.2,0.0,0.0,1.2,2025,3,quarterly,1.2,0.0,aggregate_or_institution,0.0,0.0,1.0,0.7884573603642702,0.0,0.0,0.0,0.0,0.7884573603642702,,,,,,0.0,1.2,False,,0.4090909090909091,1.2,limited
1289,Gross Disbursements,"Mid East,NorthAfrica, Afghan, Pakistan",IDA,"MIDDLE EAST, NORTH AFRICA, AFGHANISTAN, AND PAKISTAN",2026-Q3,0.0,2.0,0.0,0.0,2.0,2026,3,quarterly,2.0,0.0,aggregate_or_institution,0.0,0.0,1.0,1.0986122886681098,0.0,0.0,0.0,0.0,1.0986122886681098,1.2,0.8,0.6666666666666667,1.2,0.6666666666666667,0.0,2.0,False,,0.5,2.0,limited
1994,Commitments,Middle East and North Africa,IDA,MIDDLE EAST AND NORTH AFRICA,FY21,0.0,0.0,0.0,0.0,0.0,2021,4,annual,0.0,0.0,aggregate_or_institution,0.0,0.0,0.0,0.0,0.0,0.0,0.0,0.0,0.0,,,,,,0.0,,False,,0.25877192982456143,0.0,limited
629,Commitments,Middle East and North Africa,IDA,MIDDLE EAST AND NORTH AFRICA,FY22,0.0,4.0,0.0,0.0,4.0,2022,4,annual,4.0,0.0,aggregate_or_institution,0.0,0.0,1.0,1.6094379124341003,0.0,0.0,0.0,0.0,1.6094379124341003,0.0,4.0,,0.0,,4.0,,False,,0.5570175438596491,4.0,limited
382,Commitments,Middle East and North Africa,IDA,MIDDLE EAST AND NORTH AFRICA,FY23,0.0,0.0,0.0,0.0,0.0,2023,4,annual,0.0,0.0,aggregate_or_institution,0.0,0.0,0.0,0.0,0.0,0.0,0.0,0.0,0.0,4.0,-4.0,-1.0,4.0,-1.0,0.0,0.0,False,,0.25877192982456143,0.0,limited
2792,Commitments,Middle East and North Africa,IDA,MIDDLE EAST AND NORTH AFRICA,FY24,0.0,0.0,0.0,0.0,0.0,2024,4,annual,0.0,0.0,aggregate_or_institution,0.0,0.0,0.0,0.0,0.0,0.0,0.0,0.0,0.0,0.0,0.0,,0.0,,0.0,0.0,False,,0.25877192982456143,0.0,limited
1593,Commitments,Middle East and North Africa,IDA,MIDDLE EAST AND NORTH AFRICA,FY25,0.0,0.0,0.0,0.0,0.0,2025,4,annual,0.0,0.0,aggregate_or_institution,0.0,0.0,0.0,0.0,0.0,0.0,0.0,0.0,0.0,0.0,0.0,,0.0,,0.0,1.0,False,,0.25877192982456143,0.0,limited
2886,Gross Disbursements,Middle East and North Africa,IDA,MIDDLE EAST AND NORTH AFRICA,FY23,0.0,0.0,0.0,0.0,0.0,2023,4,annual,0.0,0.0,aggregate_or_institution,0.0,0.0,0.0,0.0,0.0,0.0,0.0,0.0,0.0,,,,,,0.0,0.0,False,,0.0797872340425532,0.0,limited
1808,Gross Disbursements,Middle East and North Africa,IDA,MIDDLE EAST AND NORTH AFRICA,FY24,0.0,0.0,0.0,0.0,0.0,2024,4,annual,0.0,0.0,aggregate_or_institution,0.0,0.0,0.0,0.0,0.0,0.0,0.0,0.0,0.0,0.0,0.0,,0.0,,0.0,0.0,False,,0.0797872340425532,0.0,limited
1688,Gross Disbursements,Middle East and North Africa,IDA,MIDDLE EAST AND NORTH AFRICA,FY25,0.0,1.0,0.0,0.0,1.0,2025,4,annual,1.0,0.0,aggregate_or_institution,0.0,0.0,1.0,0.6931471805599453,0.0,0.0,0.0,0.0,0.6931471805599453,0.0,1.0,,0.0,,0.0,1.0,False,,0.2074468085106383,1.0,limited
2513,Commitments,Moldova,IDA,EUROPE AND CENTRAL ASIA,FY14,21.0,0.0,0.0,31.0,52.0,2014,4,annual,52.0,0.0,country,0.40384615384615385,3.091042453358316,0.0,0.0,0.0,0.0,0.5961538461538461,3.4657359027997265,3.970291913552122,,,,,,52.0,56.0,True,1.0769230769230769,0.5404903417533432,52.0,moderate
2343,Commitments,Moldova,IDA,EUROPE AND CENTRAL ASIA,FY15,0.0,29.0,0.0,0.0,29.0,2015,4,annual,29.0,0.0,country,0.0,0.0,1.0,3.4011973816621555,0.0,0.0,0.0,0.0,3.4011973816621555,52.0,-23.0,-0.4423076923076923,52.0,-0.4423076923076923,29.0,15.0,True,0.5172413793103449,0.47585438335809804,29.0,moderate
1058,Commitments,Moldova,IDA,EUROPE AND CENTRAL ASIA,FY16,0.0,87.0,0.0,0.0,87.0,2016,4,annual,87.0,0.0,country,0.0,0.0,1.0,4.477336814478207,0.0,0.0,0.0,0.0,4.477336814478207,29.0,58.0,2.0,29.0,2.0,87.0,46.0,True,0.5287356321839081,0.612555720653789,87.0,moderate
865,Commitments,Moldova,IDA,EUROPE AND CENTRAL ASIA,FY17,18.0,23.0,0.0,0.0,41.0,2017,4,annual,41.0,0.0,country,0.43902439024390244,2.9444389791664403,0.5609756097560976,3.1780538303479458,0.0,0.0,0.0,0.0,3.7376696182833684,87.0,-46.0,-0.5287356321839081,87.0,-0.5287356321839081,41.0,38.0,True,0.926829268292683,0.513001485884101,41.0,moderate
3310,Commitments,Moldova,IDA,EUROPE AND CENTRAL ASIA,FY18,0.0,25.0,0.0,0.0,25.0,2018,4,annual,25.0,0.0,country,0.0,0.0,1.0,3.258096538021482,0.0,0.0,0.0,0.0,3.258096538021482,41.0,-16.0,-0.3902439024390244,41.0,-0.3902439024390244,25.0,16.0,True,0.64,0.4676820208023774,25.0,moderate
3084,Commitments,Moldova,IDA,EUROPE AND CENTRAL ASIA,FY19,30.0,105.0,0.0,0.0,135.0,2019,4,annual,135.0,0.0,country,0.2222222222222222,3.4339872044851463,0.7777777777777778,4.663439094112067,0.0,0.0,0.0,0.0,4.912654885736052,25.0,110.0,4.4,25.0,4.4,135.0,42.0,True,0.3111111111111111,0.686849925705795,135.0,significant
2207,Commitments,Moldova,IDA,EUROPE AND CENTRAL ASIA,FY20,0.0,97.0,0.0,0.0,97.0,2020,4,annual,97.0,0.0,country,0.0,0.0,1.0,4.584967478670572,0.0,0.0,0.0,0.0,4.584967478670572,135.0,-38.0,-0.2814814814814815,135.0,-0.2814814814814815,97.0,24.0,True,0.24742268041237114,0.6300148588410104,97.0,moderate
1961,Commitments,Moldova,IDA,EUROPE AND CENTRAL ASIA,FY21,0.0,45.0,0.0,0.0,45.0,2021,4,annual,45.0,0.0,country,0.0,0.0,1.0,3.828641396489095,0.0,0.0,0.0,0.0,3.828641396489095,97.0,-52.0,-0.5360824742268041,97.0,-0.5360824742268041,45.0,95.0,True,2.111111111111111,0.5182020802377415,45.0,moderate
596,Commitments,Moldova,IDA,EUROPE AND CENTRAL ASIA,FY22,107.0,82.0,0.0,0.0,189.0,2022,4,annual,189.0,0.0,country,0.5661375661375662,4.68213122712422,0.43386243386243384,4.418840607796598,0.0,0.0,0.0,0.0,5.247024072160486,45.0,144.0,3.2,45.0,3.2,189.0,44.0,True,0.2328042328042328,0.7191679049034175,189.0,significant
2982,Commitments,Moldova,IDA,EUROPE AND CENTRAL ASIA,FY23,0.0,0.0,0.0,0.0,0.0,2023,4,annual,0.0,0.0,country,0.0,0.0,0.0,0.0,0.0,0.0,0.0,0.0,0.0,189.0,-189.0,-1.0,189.0,-1.0,0.0,135.0,False,,0.19539375928677563,0.0,limited
2683,Commitments,Moldova,IDA,EUROPE AND CENTRAL ASIA,FY24,0.0,6.0,0.0,0.0,6.0,2024,4,annual,6.0,0.0,country,0.0,0.0,1.0,1.9459101490553132,0.0,0.0,0.0,0.0,1.9459101490553132,0.0,6.0,,0.0,,6.0,59.0,False,,0.4049034175334324,6.0,limited
1484,Commitments,Moldova,IDA,EUROPE AND CENTRAL ASIA,FY25,50.0,0.0,0.0,0.0,50.0,2025,4,annual,50.0,0.0,country,1.0,3.9318256327243257,0.0,0.0,0.0,0.0,0.0,0.0,3.9318256327243257,6.0,44.0,7.333333333333333,6.0,7.333333333333333,50.0,50.0,True,1.0,0.5300891530460624,50.0,moderate
264,Commitments,Moldova,IDA,EUROPE AND CENTRAL ASIA,2025-Q3,0.0,0.0,0.0,0.0,0.0,2025,3,quarterly,0.0,0.0,country,0.0,0.0,0.0,0.0,0.0,0.0,0.0,0.0,0.0,,,,,,0.0,35.0,False,,0.326271186440678,0.0,limited
71,Commitments,Moldova,IDA,EUROPE AND CENTRAL ASIA,2026-Q3,0.0,0.0,0.0,0.0,0.0,2026,3,quarterly,0.0,0.0,country,0.0,0.0,0.0,0.0,0.0,0.0,0.0,0.0,0.0,0.0,0.0,,0.0,,0.0,94.0,False,,0.326271186440678,0.0,limited
2597,Gross Disbursements,Moldova,IDA,EUROPE AND CENTRAL ASIA,FY14,21.0,35.0,0.0,0.0,56.0,2014,4,annual,56.0,0.0,country,0.375,3.091042453358316,0.625,3.58351893845611,0.0,0.0,0.0,0.0,4.04305126783455,,,,,,52.0,56.0,True,1.0769230769230769,0.5575364667747164,56.0,moderate
2429,Gross Disbursements,Moldova,IDA,EUROPE AND CENTRAL ASIA,FY15,0.0,15.0,0.0,0.0,15.0,2015,4,annual,15.0,0.0,country,0.0,0.0,1.0,2.772588722239781,0.0,0.0,0.0,0.0,2.772588722239781,56.0,-41.0,-0.7321428571428571,56.0,-0.7321428571428571,29.0,15.0,True,0.5172413793103449,0.37155591572123176,15.0,moderate
2251,Gross Disbursements,Moldova,IDA,EUROPE AND CENTRAL ASIA,FY16,0.0,36.0,0.0,10.0,46.0,2016,4,annual,46.0,0.0,country,0.0,0.0,0.782608695652174,3.6109179126442243,0.0,0.0,0.21739130434782608,2.3978952727983707,3.8501476017100584,15.0,31.0,2.066666666666667,15.0,2.066666666666667,87.0,46.0,True,0.5287356321839081,0.5259319286871961,46.0,moderate
951,Gross Disbursements,Moldova,IDA,EUROPE AND CENTRAL ASIA,FY17,17.0,19.0,0.0,2.0,38.0,2017,4,annual,38.0,0.0,country,0.4473684210526316,2.8903717578961645,0.5,2.995732273553991,0.0,0.0,0.05263157894736842,1.0986122886681098,3.6635616461296463,46.0,-8.0,-0.17391304347826086,46.0,-0.17391304347826086,41.0,38.0,True,0.926829268292683,0.49513776337115073,38.0,moderate
763,Gross Disbursements,Moldova,IDA,EUROPE AND CENTRAL ASIA,FY18,0.0,14.0,0.0,2.0,16.0,2018,4,annual,16.0,0.0,country,0.0,0.0,0.875,2.70805020110221,0.0,0.0,0.125,1.0986122886681098,2.833213344056216,38.0,-22.0,-0.5789473684210527,38.0,-0.5789473684210527,25.0,16.0,True,0.64,0.37682333873581847,16.0,moderate
3224,Gross Disbursements,Moldova,IDA,EUROPE AND CENTRAL ASIA,FY19,29.0,11.0,0.0,2.0,42.0,2019,4,annual,42.0,0.0,country,0.6904761904761905,3.4011973816621555,0.2619047619047619,2.4849066497880004,0.0,0.0,0.047619047619047616,1.0986122886681098,3.7612001156935624,16.0,26.0,1.625,16.0,1.625,135.0,42.0,True,0.3111111111111111,0.5097244732576985,42.0,moderate
2077,Gross Disbursements,Moldova,IDA,EUROPE AND CENTRAL ASIA,FY20,0.0,23.0,0.0,1.0,24.0,2020,4,annual,24.0,0.0,country,0.0,0.0,0.9583333333333334,3.1780538303479458,0.0,0.0,0.041666666666666664,0.6931471805599453,3.2188758248682006,42.0,-18.0,-0.42857142857142855,42.0,-0.42857142857142855,97.0,24.0,True,0.24742268041237114,0.42787682333873583,24.0,moderate
721,Gross Disbursements,Moldova,IDA,EUROPE AND CENTRAL ASIA,FY21,0.0,94.0,0.0,1.0,95.0,2021,4,annual,95.0,0.0,country,0.0,0.0,0.9894736842105263,4.553876891600541,0.0,0.0,0.010526315789473684,0.6931471805599453,4.564348191467836,24.0,71.0,2.9583333333333335,24.0,2.9583333333333335,45.0,95.0,True,2.111111111111111,0.6462722852512156,95.0,moderate
474,Gross Disbursements,Moldova,IDA,EUROPE AND CENTRAL ASIA,FY22,0.0,35.0,0.0,9.0,44.0,2022,4,annual,44.0,0.0,country,0.0,0.0,0.7954545454545454,3.58351893845611,0.0,0.0,0.20454545454545456,2.302585092994046,3.8066624897703196,95.0,-51.0,-0.5368421052631579,95.0,-0.5368421052631579,189.0,44.0,True,0.2328042328042328,0.5194489465153971,44.0,moderate
2858,Gross Disbursements,Moldova,IDA,EUROPE AND CENTRAL ASIA,FY23,101.0,33.0,0.0,1.0,135.0,2023,4,annual,135.0,0.0,country,0.7481481481481481,4.624972813284271,0.24444444444444444,3.5263605246161616,0.0,0.0,0.007407407407407408,0.6931471805599453,4.912654885736052,44.0,91.0,2.0681818181818183,44.0,2.0681818181818183,0.0,135.0,False,,0.6977309562398704,135.0,significant
1780,Gross Disbursements,Moldova,IDA,EUROPE AND CENTRAL ASIA,FY24,0.0,59.0,0.0,0.0,59.0,2024,4,annual,59.0,0.0,country,0.0,0.0,1.0,4.0943445622221,0.0,0.0,0.0,0.0,4.0943445622221,135.0,-76.0,-0.562962962962963,135.0,-0.562962962962963,6.0,59.0,False,,0.5753646677471637,59.0,moderate
1660,Gross Disbursements,Moldova,IDA,EUROPE AND CENTRAL ASIA,FY25,0.0,50.0,0.0,0.0,50.0,2025,4,annual,50.0,0.0,country,0.0,0.0,1.0,3.9318256327243257,0.0,0.0,0.0,0.0,3.9318256327243257,59.0,-9.0,-0.15254237288135594,59.0,-0.15254237288135594,50.0,50.0,True,1.0,0.5409238249594813,50.0,moderate
1345,Gross Disbursements,Moldova,IDA,EUROPE AND CENTRAL ASIA,2025-Q3,0.0,35.0,0.0,0.0,35.0,2025,3,quarterly,35.0,0.0,country,0.0,0.0,1.0,3.58351893845611,0.0,0.0,0.0,0.0,3.58351893845611,,,,,,0.0,35.0,False,,0.48660714285714285,35.0,moderate
1222,Gross Disbursements,Moldova,IDA,EUROPE AND CENTRAL ASIA,2026-Q3,54.0,40.0,0.0,0.0,94.0,2026,3,quarterly,94.0,0.0,country,0.574468085106383,4.007333185232471,0.425531914893617,3.713572066704308,0.0,0.0,0.0,0.0,4.553876891600541,35.0,59.0,1.6857142857142857,35.0,1.6857142857142857,0.0,94.0,False,,0.6227678571428571,94.0,moderate
2497,Commitments,Mongolia,IDA,EAST ASIA AND PACIFIC,FY14,0.0,94.0,0.0,0.0,94.0,2014,4,annual,94.0,0.0,country,0.0,0.0,1.0,4.553876891600541,0.0,0.0,0.0,0.0,4.553876891600541,,,,,,94.0,14.0,True,0.14893617021276595,0.62481426448737,94.0,moderate
2327,Commitments,Mongolia,IDA,EAST ASIA AND PACIFIC,FY15,0.0,0.0,0.0,0.0,0.0,2015,4,annual,0.0,0.0,country,0.0,0.0,0.0,0.0,0.0,0.0,0.0,0.0,0.0,94.0,-94.0,-1.0,94.0,-1.0,0.0,13.0,False,,0.19539375928677563,0.0,limited
838,Commitments,Mongolia,IDA,EAST ASIA AND PACIFIC,FY17,0.0,99.0,0.0,0.0,99.0,2017,4,annual,99.0,0.0,country,0.0,0.0,1.0,4.605170185988092,0.0,0.0,0.0,0.0,4.605170185988092,0.0,99.0,,0.0,,99.0,17.0,True,0.1717171717171717,0.6341010401188707,99.0,moderate
3361,Commitments,Mongolia,IDA,EAST ASIA AND PACIFIC,FY18,120.0,0.0,0.0,0.0,120.0,2018,4,annual,120.0,0.0,country,1.0,4.795790545596741,0.0,0.0,0.0,0.0,0.0,0.0,4.795790545596741,99.0,21.0,0.21212121212121213,99.0,0.21212121212121213,120.0,141.0,True,1.175,0.6656760772659732,120.0,significant
3071,Commitments,Mongolia,IDA,EAST ASIA AND PACIFIC,FY19,0.0,0.0,0.0,0.0,0.0,2019,4,annual,0.0,0.0,country,0.0,0.0,0.0,0.0,0.0,0.0,0.0,0.0,0.0,120.0,-120.0,-1.0,120.0,-1.0,0.0,13.0,False,,0.19539375928677563,0.0,limited
2205,Commitments,Mongolia,IDA,EAST ASIA AND PACIFIC,FY20,80.0,128.0,0.0,0.0,208.0,2020,4,annual,208.0,0.0,country,0.38461538461538464,4.394449154672439,0.6153846153846154,4.859812404361672,0.0,0.0,0.0,0.0,5.342334251964811,0.0,208.0,,0.0,,208.0,116.0,True,0.5576923076923077,0.736627043090639,208.0,significant
1914,Commitments,Mongolia,IDA,EAST ASIA AND PACIFIC,FY21,0.0,51.0,0.0,0.0,51.0,2021,4,annual,51.0,0.0,country,0.0,0.0,1.0,3.9512437185814275,0.0,0.0,0.0,0.0,3.9512437185814275,208.0,-157.0,-0.7548076923076923,208.0,-0.7548076923076923,51.0,75.0,True,1.4705882352941178,0.5364041604754829,51.0,moderate
549,Commitments,Mongolia,IDA,EAST ASIA AND PACIFIC,FY22,0.0,51.0,0.0,0.0,51.0,2022,4,annual,51.0,0.0,country,0.0,0.0,1.0,3.9512437185814275,0.0,0.0,0.0,0.0,3.9512437185814275,51.0,0.0,0.0,51.0,0.0,51.0,74.0,True,1.4509803921568627,0.5364041604754829,51.0,moderate
2935,Commitments,Mongolia,IDA,EAST ASIA AND PACIFIC,FY23,0.0,0.0,0.0,0.0,0.0,2023,4,annual,0.0,0.0,country,0.0,0.0,0.0,0.0,0.0,0.0,0.0,0.0,0.0,51.0,-51.0,-1.0,51.0,-1.0,0.0,41.0,False,,0.19539375928677563,0.0,limited
1854,Commitments,Mongolia,IDA,EAST ASIA AND PACIFIC,FY24,0.0,0.0,0.0,0.0,0.0,2024,4,annual,0.0,0.0,country,0.0,0.0,0.0,0.0,0.0,0.0,0.0,0.0,0.0,0.0,0.0,,0.0,,0.0,43.0,False,,0.19539375928677563,0.0,limited
1421,Commitments,Mongolia,IDA,EAST ASIA AND PACIFIC,FY25,0.0,0.0,0.0,0.0,0.0,2025,4,annual,0.0,0.0,country,0.0,0.0,0.0,0.0,0.0,0.0,0.0,0.0,0.0,0.0,0.0,,0.0,,0.0,20.0,False,,0.19539375928677563,0.0,limited
200,Commitments,Mongolia,IDA,EAST ASIA AND PACIFIC,2025-Q3,0.0,0.0,0.0,0.0,0.0,2025,3,quarterly,0.0,0.0,country,0.0,0.0,0.0,0.0,0.0,0.0,0.0,0.0,0.0,,,,,,0.0,15.7,False,,0.326271186440678,0.0,limited
7,Commitments,Mongolia,IDA,EAST ASIA AND PACIFIC,2026-Q3,0.0,0.0,0.0,0.0,0.0,2026,3,quarterly,0.0,0.0,country,0.0,0.0,0.0,0.0,0.0,0.0,0.0,0.0,0.0,0.0,0.0,,0.0,,0.0,12.0,False,,0.326271186440678,0.0,limited
2579,Gross Disbursements,Mongolia,IDA,EAST ASIA AND PACIFIC,FY14,0.0,14.0,0.0,0.0,14.0,2014,4,annual,14.0,0.0,country,0.0,0.0,1.0,2.70805020110221,0.0,0.0,0.0,0.0,2.70805020110221,,,,,,94.0,14.0,True,0.14893617021276595,0.36547811993517015,14.0,moderate
2411,Gross Disbursements,Mongolia,IDA,EAST ASIA AND PACIFIC,FY15,0.0,13.0,0.0,0.0,13.0,2015,4,annual,13.0,0.0,country,0.0,0.0,1.0,2.6390573296152584,0.0,0.0,0.0,0.0,2.6390573296152584,14.0,-1.0,-0.07142857142857142,14.0,-0.07142857142857142,0.0,13.0,False,,0.35615883306320906,13.0,moderate
1133,Gross Disbursements,Mongolia,IDA,EAST ASIA AND PACIFIC,FY16,0.0,12.0,0.0,0.0,12.0,2016,4,annual,12.0,0.0,country,0.0,0.0,1.0,2.5649493574615367,0.0,0.0,0.0,0.0,2.5649493574615367,13.0,-1.0,-0.07692307692307693,13.0,-0.07692307692307693,,12.0,False,,0.34562398703403563,12.0,moderate
915,Gross Disbursements,Mongolia,IDA,EAST ASIA AND PACIFIC,FY17,0.0,17.0,0.0,0.0,17.0,2017,4,annual,17.0,0.0,country,0.0,0.0,1.0,2.8903717578961645,0.0,0.0,0.0,0.0,2.8903717578961645,12.0,5.0,0.4166666666666667,12.0,0.4166666666666667,99.0,17.0,True,0.1717171717171717,0.38492706645056723,17.0,moderate
784,Gross Disbursements,Mongolia,IDA,EAST ASIA AND PACIFIC,FY18,123.0,18.0,0.0,0.0,141.0,2018,4,annual,141.0,0.0,country,0.8723404255319149,4.820281565605037,0.1276595744680851,2.9444389791664403,0.0,0.0,0.0,0.0,4.955827057601261,17.0,124.0,7.294117647058823,17.0,7.294117647058823,120.0,141.0,True,1.175,0.7074554294975689,141.0,significant
3192,Gross Disbursements,Mongolia,IDA,EAST ASIA AND PACIFIC,FY19,0.0,13.0,0.0,0.0,13.0,2019,4,annual,13.0,0.0,country,0.0,0.0,1.0,2.6390573296152584,0.0,0.0,0.0,0.0,2.6390573296152584,141.0,-128.0,-0.9078014184397163,141.0,-0.9078014184397163,0.0,13.0,False,,0.35615883306320906,13.0,moderate
2082,Gross Disbursements,Mongolia,IDA,EAST ASIA AND PACIFIC,FY20,80.0,36.0,0.0,0.0,116.0,2020,4,annual,116.0,0.0,country,0.6896551724137931,4.394449154672439,0.3103448275862069,3.6109179126442243,0.0,0.0,0.0,0.0,4.762173934797756,13.0,103.0,7.923076923076923,13.0,7.923076923076923,208.0,116.0,True,0.5576923076923077,0.6742301458670988,116.0,significant
677,Gross Disbursements,Mongolia,IDA,EAST ASIA AND PACIFIC,FY21,0.0,75.0,0.0,0.0,75.0,2021,4,annual,75.0,0.0,country,0.0,0.0,1.0,4.330733340286331,0.0,0.0,0.0,0.0,4.330733340286331,116.0,-41.0,-0.35344827586206895,116.0,-0.35344827586206895,51.0,75.0,True,1.4705882352941178,0.6077795786061588,75.0,moderate
430,Gross Disbursements,Mongolia,IDA,EAST ASIA AND PACIFIC,FY22,0.0,74.0,0.0,0.0,74.0,2022,4,annual,74.0,0.0,country,0.0,0.0,1.0,4.31748811353631,0.0,0.0,0.0,0.0,4.31748811353631,75.0,-1.0,-0.013333333333333334,75.0,-0.013333333333333334,51.0,74.0,True,1.4509803921568627,0.6045380875202593,74.0,moderate
2813,Gross Disbursements,Mongolia,IDA,EAST ASIA AND PACIFIC,FY23,0.0,41.0,0.0,0.0,41.0,2023,4,annual,41.0,0.0,country,0.0,0.0,1.0,3.7376696182833684,0.0,0.0,0.0,0.0,3.7376696182833684,74.0,-33.0,-0.44594594594594594,74.0,-0.44594594594594594,0.0,41.0,False,,0.5056726094003241,41.0,moderate
1735,Gross Disbursements,Mongolia,IDA,EAST ASIA AND PACIFIC,FY24,0.0,43.0,0.0,0.0,43.0,2024,4,annual,43.0,0.0,country,0.0,0.0,1.0,3.784189633918261,0.0,0.0,0.0,0.0,3.784189633918261,41.0,2.0,0.04878048780487805,41.0,0.04878048780487805,0.0,43.0,False,,0.5145867098865479,43.0,moderate
1614,Gross Disbursements,Mongolia,IDA,EAST ASIA AND PACIFIC,FY25,0.0,20.0,0.0,0.0,20.0,2025,4,annual,20.0,0.0,country,0.0,0.0,1.0,3.044522437723423,0.0,0.0,0.0,0.0,3.044522437723423,43.0,-23.0,-0.5348837209302325,43.0,-0.5348837209302325,0.0,20.0,False,,0.406807131280389,20.0,moderate
1299,Gross Disbursements,Mongolia,IDA,EAST ASIA AND PACIFIC,2025-Q3,0.0,15.7,0.0,0.0,15.7,2025,3,quarterly,15.7,0.0,country,0.0,0.0,1.0,2.8154087194227095,0.0,0.0,0.0,0.0,2.8154087194227095,,,,,,0.0,15.7,False,,0.4017857142857143,15.7,moderate
1176,Gross Disbursements,Mongolia,IDA,EAST ASIA AND PACIFIC,2026-Q3,0.0,12.0,0.0,0.0,12.0,2026,3,quarterly,12.0,0.0,country,0.0,0.0,1.0,2.5649493574615367,0.0,0.0,0.0,0.0,2.5649493574615367,15.7,-3.6999999999999993,-0.23566878980891717,15.7,-0.23566878980891717,0.0,12.0,False,,0.3705357142857143,12.0,moderate
3374,Commitments,Montenegro,IDA,EUROPE AND CENTRAL ASIA,FY18,0.0,0.0,0.0,0.0,0.0,2018,4,annual,0.0,0.0,country,0.0,0.0,0.0,0.0,0.0,0.0,0.0,0.0,0.0,,,,,,0.0,,False,,0.19539375928677563,0.0,limited
3136,Commitments,Montenegro,IDA,EUROPE AND CENTRAL ASIA,FY19,0.0,0.0,0.0,0.0,0.0,2019,4,annual,0.0,0.0,country,0.0,0.0,0.0,0.0,0.0,0.0,0.0,0.0,0.0,0.0,0.0,,0.0,,0.0,0.0,False,,0.19539375928677563,0.0,limited
3007,Commitments,Montenegro,IDA,EUROPE AND CENTRAL ASIA,FY20,0.0,0.0,0.0,0.0,0.0,2020,4,annual,0.0,0.0,country,0.0,0.0,0.0,0.0,0.0,0.0,0.0,0.0,0.0,0.0,0.0,,0.0,,0.0,0.0,False,,0.19539375928677563,0.0,limited
1962,Commitments,Montenegro,IDA,EUROPE AND CENTRAL ASIA,FY21,0.0,0.0,0.0,0.0,0.0,2021,4,annual,0.0,0.0,country,0.0,0.0,0.0,0.0,0.0,0.0,0.0,0.0,0.0,0.0,0.0,,0.0,,0.0,0.0,False,,0.19539375928677563,0.0,limited
597,Commitments,Montenegro,IDA,EUROPE AND CENTRAL ASIA,FY22,0.0,0.0,0.0,0.0,0.0,2022,4,annual,0.0,0.0,country,0.0,0.0,0.0,0.0,0.0,0.0,0.0,0.0,0.0,0.0,0.0,,0.0,,0.0,0.0,False,,0.19539375928677563,0.0,limited
2983,Commitments,Montenegro,IDA,EUROPE AND CENTRAL ASIA,FY23,0.0,0.0,0.0,0.0,0.0,2023,4,annual,0.0,0.0,country,0.0,0.0,0.0,0.0,0.0,0.0,0.0,0.0,0.0,0.0,0.0,,0.0,,0.0,0.0,False,,0.19539375928677563,0.0,limited
2684,Commitments,Montenegro,IDA,EUROPE AND CENTRAL ASIA,FY24,0.0,0.0,0.0,0.0,0.0,2024,4,annual,0.0,0.0,country,0.0,0.0,0.0,0.0,0.0,0.0,0.0,0.0,0.0,0.0,0.0,,0.0,,0.0,0.0,False,,0.19539375928677563,0.0,limited
1485,Commitments,Montenegro,IDA,EUROPE AND CENTRAL ASIA,FY25,0.0,0.0,0.0,0.0,0.0,2025,4,annual,0.0,0.0,country,0.0,0.0,0.0,0.0,0.0,0.0,0.0,0.0,0.0,0.0,0.0,,0.0,,0.0,0.0,False,,0.19539375928677563,0.0,limited
265,Commitments,Montenegro,IDA,EUROPE AND CENTRAL ASIA,2025-Q3,0.0,0.0,0.0,0.0,0.0,2025,3,quarterly,0.0,0.0,country,0.0,0.0,0.0,0.0,0.0,0.0,0.0,0.0,0.0,,,,,,0.0,0.0,False,,0.326271186440678,0.0,limited
72,Commitments,Montenegro,IDA,EUROPE AND CENTRAL ASIA,2026-Q3,0.0,0.0,0.0,0.0,0.0,2026,3,quarterly,0.0,0.0,country,0.0,0.0,0.0,0.0,0.0,0.0,0.0,0.0,0.0,0.0,0.0,,0.0,,0.0,0.0,False,,0.326271186440678,0.0,limited
2598,Gross Disbursements,Montenegro,IDA,EUROPE AND CENTRAL ASIA,FY14,0.0,0.0,0.0,0.0,0.0,2014,4,annual,0.0,0.0,country,0.0,0.0,0.0,0.0,0.0,0.0,0.0,0.0,0.0,,,,,,,0.0,False,,0.1094003241491086,0.0,limited
2430,Gross Disbursements,Montenegro,IDA,EUROPE AND CENTRAL ASIA,FY15,0.0,0.0,0.0,0.0,0.0,2015,4,annual,0.0,0.0,country,0.0,0.0,0.0,0.0,0.0,0.0,0.0,0.0,0.0,0.0,0.0,,0.0,,,0.0,False,,0.1094003241491086,0.0,limited
2252,Gross Disbursements,Montenegro,IDA,EUROPE AND CENTRAL ASIA,FY16,0.0,0.0,0.0,0.0,0.0,2016,4,annual,0.0,0.0,country,0.0,0.0,0.0,0.0,0.0,0.0,0.0,0.0,0.0,0.0,0.0,,0.0,,,0.0,False,,0.1094003241491086,0.0,limited
991,Gross Disbursements,Montenegro,IDA,EUROPE AND CENTRAL ASIA,FY17,0.0,0.0,0.0,0.0,0.0,2017,4,annual,0.0,0.0,country,0.0,0.0,0.0,0.0,0.0,0.0,0.0,0.0,0.0,0.0,0.0,,0.0,,,0.0,False,,0.1094003241491086,0.0,limited
3261,Gross Disbursements,Montenegro,IDA,EUROPE AND CENTRAL ASIA,FY19,0.0,0.0,0.0,0.0,0.0,2019,4,annual,0.0,0.0,country,0.0,0.0,0.0,0.0,0.0,0.0,0.0,0.0,0.0,0.0,0.0,,0.0,,0.0,0.0,False,,0.1094003241491086,0.0,limited
2137,Gross Disbursements,Montenegro,IDA,EUROPE AND CENTRAL ASIA,FY20,0.0,0.0,0.0,0.0,0.0,2020,4,annual,0.0,0.0,country,0.0,0.0,0.0,0.0,0.0,0.0,0.0,0.0,0.0,0.0,0.0,,0.0,,0.0,0.0,False,,0.1094003241491086,0.0,limited
722,Gross Disbursements,Montenegro,IDA,EUROPE AND CENTRAL ASIA,FY21,0.0,0.0,0.0,0.0,0.0,2021,4,annual,0.0,0.0,country,0.0,0.0,0.0,0.0,0.0,0.0,0.0,0.0,0.0,0.0,0.0,,0.0,,0.0,0.0,False,,0.1094003241491086,0.0,limited
475,Gross Disbursements,Montenegro,IDA,EUROPE AND CENTRAL ASIA,FY22,0.0,0.0,0.0,0.0,0.0,2022,4,annual,0.0,0.0,country,0.0,0.0,0.0,0.0,0.0,0.0,0.0,0.0,0.0,0.0,0.0,,0.0,,0.0,0.0,False,,0.1094003241491086,0.0,limited
2859,Gross Disbursements,Montenegro,IDA,EUROPE AND CENTRAL ASIA,FY23,0.0,0.0,0.0,0.0,0.0,2023,4,annual,0.0,0.0,country,0.0,0.0,0.0,0.0,0.0,0.0,0.0,0.0,0.0,0.0,0.0,,0.0,,0.0,0.0,False,,0.1094003241491086,0.0,limited
1781,Gross Disbursements,Montenegro,IDA,EUROPE AND CENTRAL ASIA,FY24,0.0,0.0,0.0,0.0,0.0,2024,4,annual,0.0,0.0,country,0.0,0.0,0.0,0.0,0.0,0.0,0.0,0.0,0.0,0.0,0.0,,0.0,,0.0,0.0,False,,0.1094003241491086,0.0,limited
1661,Gross Disbursements,Montenegro,IDA,EUROPE AND CENTRAL ASIA,FY25,0.0,0.0,0.0,0.0,0.0,2025,4,annual,0.0,0.0,country,0.0,0.0,0.0,0.0,0.0,0.0,0.0,0.0,0.0,0.0,0.0,,0.0,,0.0,0.0,False,,0.1094003241491086,0.0,limited
1346,Gross Disbursements,Montenegro,IDA,EUROPE AND CENTRAL ASIA,2025-Q3,0.0,0.0,0.0,0.0,0.0,2025,3,quarterly,0.0,0.0,country,0.0,0.0,0.0,0.0,0.0,0.0,0.0,0.0,0.0,,,,,,0.0,0.0,False,,0.15848214285714285,0.0,limited
1223,Gross Disbursements,Montenegro,IDA,EUROPE AND CENTRAL ASIA,2026-Q3,0.0,0.0,0.0,0.0,0.0,2026,3,quarterly,0.0,0.0,country,0.0,0.0,0.0,0.0,0.0,0.0,0.0,0.0,0.0,0.0,0.0,,0.0,,0.0,0.0,False,,0.15848214285714285,0.0,limited
3394,Commitments,Morocco,IDA,MIDDLE EAST AND NORTH AFRICA,FY18,0.0,0.0,0.0,0.0,0.0,2018,4,annual,0.0,0.0,country,0.0,0.0,0.0,0.0,0.0,0.0,0.0,0.0,0.0,,,,,,0.0,,False,,0.19539375928677563,0.0,limited
3154,Commitments,Morocco,IDA,MIDDLE EAST AND NORTH AFRICA,FY19,0.0,0.0,0.0,0.0,0.0,2019,4,annual,0.0,0.0,country,0.0,0.0,0.0,0.0,0.0,0.0,0.0,0.0,0.0,0.0,0.0,,0.0,,0.0,0.0,False,,0.19539375928677563,0.0,limited
3026,Commitments,Morocco,IDA,MIDDLE EAST AND NORTH AFRICA,FY20,0.0,0.0,0.0,0.0,0.0,2020,4,annual,0.0,0.0,country,0.0,0.0,0.0,0.0,0.0,0.0,0.0,0.0,0.0,0.0,0.0,,0.0,,0.0,0.0,False,,0.19539375928677563,0.0,limited
1995,Commitments,Morocco,IDA,MIDDLE EAST AND NORTH AFRICA,FY21,0.0,0.0,0.0,0.0,0.0,2021,4,annual,0.0,0.0,country,0.0,0.0,0.0,0.0,0.0,0.0,0.0,0.0,0.0,0.0,0.0,,0.0,,0.0,0.0,False,,0.19539375928677563,0.0,limited
630,Commitments,Morocco,IDA,MIDDLE EAST AND NORTH AFRICA,FY22,0.0,0.0,0.0,0.0,0.0,2022,4,annual,0.0,0.0,country,0.0,0.0,0.0,0.0,0.0,0.0,0.0,0.0,0.0,0.0,0.0,,0.0,,0.0,0.0,False,,0.19539375928677563,0.0,limited
383,Commitments,Morocco,IDA,MIDDLE EAST AND NORTH AFRICA,FY23,0.0,0.0,0.0,0.0,0.0,2023,4,annual,0.0,0.0,country,0.0,0.0,0.0,0.0,0.0,0.0,0.0,0.0,0.0,0.0,0.0,,0.0,,0.0,0.0,False,,0.19539375928677563,0.0,limited
2742,Commitments,Morocco,IDA,MIDDLE EAST AND NORTH AFRICA,FY24,0.0,0.0,0.0,0.0,0.0,2024,4,annual,0.0,0.0,country,0.0,0.0,0.0,0.0,0.0,0.0,0.0,0.0,0.0,0.0,0.0,,0.0,,0.0,0.0,False,,0.19539375928677563,0.0,limited
1543,Commitments,Morocco,IDA,MIDDLE EAST AND NORTH AFRICA,FY25,0.0,0.0,0.0,0.0,0.0,2025,4,annual,0.0,0.0,country,0.0,0.0,0.0,0.0,0.0,0.0,0.0,0.0,0.0,0.0,0.0,,0.0,,0.0,0.0,False,,0.19539375928677563,0.0,limited
323,Commitments,Morocco,IDA,"MIDDLE EAST, NORTH AFRICA, AFGHANISTAN, AND PAKISTAN",2025-Q3,0.0,0.0,0.0,0.0,0.0,2025,3,quarterly,0.0,0.0,country,0.0,0.0,0.0,0.0,0.0,0.0,0.0,0.0,0.0,,,,,,0.0,0.0,False,,0.326271186440678,0.0,limited
130,Commitments,Morocco,IDA,"MIDDLE EAST, NORTH AFRICA, AFGHANISTAN, AND PAKISTAN",2026-Q3,0.0,0.0,0.0,0.0,0.0,2026,3,quarterly,0.0,0.0,country,0.0,0.0,0.0,0.0,0.0,0.0,0.0,0.0,0.0,0.0,0.0,,0.0,,0.0,0.0,False,,0.326271186440678,0.0,limited
2276,Gross Disbursements,Morocco,IDA,MIDDLE EAST AND NORTH AFRICA,FY16,0.0,0.0,0.0,0.0,0.0,2016,4,annual,0.0,0.0,country,0.0,0.0,0.0,0.0,0.0,0.0,0.0,0.0,0.0,,,,,,,0.0,False,,0.1094003241491086,0.0,limited
1001,Gross Disbursements,Morocco,IDA,MIDDLE EAST AND NORTH AFRICA,FY17,0.0,0.0,0.0,0.0,0.0,2017,4,annual,0.0,0.0,country,0.0,0.0,0.0,0.0,0.0,0.0,0.0,0.0,0.0,0.0,0.0,,0.0,,,0.0,False,,0.1094003241491086,0.0,limited
3272,Gross Disbursements,Morocco,IDA,MIDDLE EAST AND NORTH AFRICA,FY19,0.0,0.0,0.0,0.0,0.0,2019,4,annual,0.0,0.0,country,0.0,0.0,0.0,0.0,0.0,0.0,0.0,0.0,0.0,0.0,0.0,,0.0,,0.0,0.0,False,,0.1094003241491086,0.0,limited
2148,Gross Disbursements,Morocco,IDA,MIDDLE EAST AND NORTH AFRICA,FY20,0.0,0.0,0.0,0.0,0.0,2020,4,annual,0.0,0.0,country,0.0,0.0,0.0,0.0,0.0,0.0,0.0,0.0,0.0,0.0,0.0,,0.0,,0.0,0.0,False,,0.1094003241491086,0.0,limited
1867,Gross Disbursements,Morocco,IDA,MIDDLE EAST AND NORTH AFRICA,FY21,0.0,0.0,0.0,0.0,0.0,2021,4,annual,0.0,0.0,country,0.0,0.0,0.0,0.0,0.0,0.0,0.0,0.0,0.0,0.0,0.0,,0.0,,0.0,0.0,False,,0.1094003241491086,0.0,limited
502,Gross Disbursements,Morocco,IDA,MIDDLE EAST AND NORTH AFRICA,FY22,0.0,0.0,0.0,0.0,0.0,2022,4,annual,0.0,0.0,country,0.0,0.0,0.0,0.0,0.0,0.0,0.0,0.0,0.0,0.0,0.0,,0.0,,0.0,0.0,False,,0.1094003241491086,0.0,limited
2887,Gross Disbursements,Morocco,IDA,MIDDLE EAST AND NORTH AFRICA,FY23,0.0,0.0,0.0,0.0,0.0,2023,4,annual,0.0,0.0,country,0.0,0.0,0.0,0.0,0.0,0.0,0.0,0.0,0.0,0.0,0.0,,0.0,,0.0,0.0,False,,0.1094003241491086,0.0,limited
1809,Gross Disbursements,Morocco,IDA,MIDDLE EAST AND NORTH AFRICA,FY24,0.0,0.0,0.0,0.0,0.0,2024,4,annual,0.0,0.0,country,0.0,0.0,0.0,0.0,0.0,0.0,0.0,0.0,0.0,0.0,0.0,,0.0,,0.0,0.0,False,,0.1094003241491086,0.0,limited
1689,Gross Disbursements,Morocco,IDA,MIDDLE EAST AND NORTH AFRICA,FY25,0.0,0.0,0.0,0.0,0.0,2025,4,annual,0.0,0.0,country,0.0,0.0,0.0,0.0,0.0,0.0,0.0,0.0,0.0,0.0,0.0,,0.0,,0.0,0.0,False,,0.1094003241491086,0.0,limited
1374,Gross Disbursements,Morocco,IDA,"MIDDLE EAST, NORTH AFRICA, AFGHANISTAN, AND PAKISTAN",2025-Q3,0.0,0.0,0.0,0.0,0.0,2025,3,quarterly,0.0,0.0,country,0.0,0.0,0.0,0.0,0.0,0.0,0.0,0.0,0.0,,,,,,0.0,0.0,False,,0.15848214285714285,0.0,limited
1251,Gross Disbursements,Morocco,IDA,"MIDDLE EAST, NORTH AFRICA, AFGHANISTAN, AND PAKISTAN",2026-Q3,0.0,0.0,0.0,0.0,0.0,2026,3,quarterly,0.0,0.0,country,0.0,0.0,0.0,0.0,0.0,0.0,0.0,0.0,0.0,0.0,0.0,,0.0,,0.0,0.0,False,,0.15848214285714285,0.0,limited
2481,Commitments,Mozambique,IDA,AFRICA,FY14,110.0,249.0,0.0,50.0,409.0,2014,4,annual,409.0,0.0,country,0.26894865525672373,4.709530201312334,0.60880195599022,5.521460917862246,0.0,0.0,0.12224938875305623,3.9318256327243257,6.016157159698354,,,,,,409.0,353.0,True,0.863080684596577,0.8209509658246656,409.0,significant
2311,Commitments,Mozambique,IDA,AFRICA,FY15,235.0,189.0,0.0,0.0,424.0,2015,4,annual,424.0,0.0,country,0.5542452830188679,5.4638318050256105,0.44575471698113206,5.247024072160486,0.0,0.0,0.0,0.0,6.052089168924417,409.0,15.0,0.03667481662591687,409.0,0.03667481662591687,424.0,362.0,True,0.8537735849056604,0.8287518573551264,424.0,significant
1030,Commitments,Mozambique,IDA,AFRICA,FY16,105.0,271.0,0.0,0.0,376.0,2016,4,annual,376.0,0.0,country,0.27925531914893614,4.663439094112067,0.7207446808510638,5.605802066295998,0.0,0.0,0.0,0.0,5.932245187448011,424.0,-48.0,-0.11320754716981132,424.0,-0.11320754716981132,376.0,367.0,True,0.976063829787234,0.812035661218425,376.0,significant
818,Commitments,Mozambique,IDA,AFRICA,FY17,0.0,104.0,0.0,0.0,104.0,2017,4,annual,104.0,0.0,country,0.0,0.0,1.0,4.653960350157523,0.0,0.0,0.0,0.0,4.653960350157523,376.0,-272.0,-0.723404255319149,376.0,-0.723404255319149,104.0,222.0,True,2.1346153846153846,0.6485884101040119,104.0,significant
3280,Commitments,Mozambique,IDA,AFRICA,FY18,0.0,445.0,0.0,80.0,525.0,2018,4,annual,525.0,0.0,country,0.0,0.0,0.8476190476190476,6.100318952020064,0.0,0.0,0.1523809523809524,4.394449154672439,6.26530121273771,104.0,421.0,4.048076923076923,104.0,4.048076923076923,525.0,244.0,True,0.46476190476190476,0.8532689450222882,525.0,major
3050,Commitments,Mozambique,IDA,AFRICA,FY19,0.0,890.0,0.0,90.0,980.0,2019,4,annual,980.0,0.0,country,0.0,0.0,0.9081632653061225,6.792344427470809,0.0,0.0,0.09183673469387756,4.51085950651685,6.8885724595653635,525.0,455.0,0.8666666666666667,525.0,0.8666666666666667,980.0,277.0,True,0.2826530612244898,0.9338781575037147,980.0,major
2158,Commitments,Mozambique,IDA,AFRICA EAST,FY20,0.0,569.0,0.0,0.0,569.0,2020,4,annual,569.0,0.0,country,0.0,0.0,1.0,6.345636360828596,0.0,0.0,0.0,0.0,6.345636360828596,980.0,-411.0,-0.4193877551020408,980.0,-0.4193877551020408,569.0,341.0,True,0.5992970123022847,0.8603268945022289,569.0,major
1943,Commitments,Mozambique,IDA,EASTERN AND SOUTHERN AFRICA,FY21,100.0,1268.0,0.0,0.0,1368.0,2021,4,annual,1368.0,0.0,country,0.07309941520467836,4.61512051684126,0.9269005847953217,7.1459844677143876,0.0,0.0,0.0,0.0,7.221835825288449,569.0,799.0,1.4042179261862917,569.0,1.4042179261862917,1368.0,532.0,True,0.3888888888888889,0.9554234769687965,1368.0,major
578,Commitments,Mozambique,IDA,EASTERN AND SOUTHERN AFRICA,FY22,0.0,1286.0,0.0,0.0,1286.0,2022,4,annual,1286.0,0.0,country,0.0,0.0,1.0,7.160069207596127,0.0,0.0,0.0,0.0,7.160069207596127,1368.0,-82.0,-0.059941520467836254,1368.0,-0.059941520467836254,1286.0,578.0,True,0.4494556765163297,0.9524517087667161,1286.0,major
2964,Commitments,Mozambique,IDA,EASTERN AND SOUTHERN AFRICA,FY23,300.0,1325.0,0.0,0.0,1625.0,2023,4,annual,1625.0,0.0,country,0.18461538461538463,5.707110264748875,0.8153846153846154,7.189922170745808,0.0,0.0,0.0,0.0,7.3938782901077555,1286.0,339.0,0.26360808709175737,1286.0,0.26360808709175737,1625.0,946.0,True,0.5821538461538461,0.9643387815750372,1625.0,major
2644,Commitments,Mozambique,IDA,EASTERN AND SOUTHERN AFRICA,FY24,300.0,580.0,0.0,250.0,1130.0,2024,4,annual,1130.0,0.0,country,0.26548672566371684,5.707110264748875,0.5132743362831859,6.364750756851911,0.0,0.0,0.22123893805309736,5.5254529391317835,7.030857476116121,1625.0,-495.0,-0.3046153846153846,1625.0,-0.3046153846153846,1130.0,1182.0,True,1.0460176991150443,0.9465081723625557,1130.0,major
1445,Commitments,Mozambique,IDA,EASTERN AND SOUTHERN AFRICA,FY25,0.0,877.0,0.0,9.0,886.0,2025,4,annual,886.0,0.0,country,0.0,0.0,0.989841986455982,6.777646593635117,0.0,0.0,0.010158013544018058,2.302585092994046,6.787844982309579,1130.0,-244.0,-0.215929203539823,1130.0,-0.215929203539823,886.0,759.0,True,0.8566591422121896,0.924219910846954,886.0,major
225,Commitments,Mozambique,IDA,EASTERN AND SOUTHERN AFRICA,2025-Q3,0.0,270.0,0.0,0.0,270.0,2025,3,quarterly,270.0,0.0,country,0.0,0.0,1.0,5.602118820879701,0.0,0.0,0.0,0.0,5.602118820879701,,,,,,270.0,436.51,True,1.6167037037037038,0.903954802259887,270.0,significant
32,Commitments,Mozambique,IDA,EASTERN AND SOUTHERN AFRICA,2026-Q3,0.0,250.0,0.0,0.0,250.0,2026,3,quarterly,250.0,0.0,country,0.0,0.0,1.0,5.5254529391317835,0.0,0.0,0.0,0.0,5.5254529391317835,270.0,-20.0,-0.07407407407407407,270.0,-0.07407407407407407,250.0,557.0,True,2.228,0.8884180790960452,250.0,significant
2561,Gross Disbursements,Mozambique,IDA,AFRICA,FY14,163.0,190.0,0.0,0.0,353.0,2014,4,annual,353.0,0.0,country,0.46175637393767704,5.099866427824199,0.5382436260623229,5.25227342804663,0.0,0.0,0.0,0.0,5.869296913133774,,,,,,409.0,353.0,True,0.863080684596577,0.8363047001620746,353.0,significant
2393,Gross Disbursements,Mozambique,IDA,AFRICA,FY15,179.0,171.0,0.0,12.0,362.0,2015,4,annual,362.0,0.0,country,0.494475138121547,5.19295685089021,0.4723756906077348,5.147494476813453,0.0,0.0,0.03314917127071823,2.5649493574615367,5.8944028342648505,353.0,9.0,0.025495750708215296,353.0,0.025495750708215296,424.0,362.0,True,0.8537735849056604,0.839546191247974,362.0,significant
1108,Gross Disbursements,Mozambique,IDA,AFRICA,FY16,142.0,213.0,0.0,12.0,367.0,2016,4,annual,367.0,0.0,country,0.3869209809264305,4.962844630259907,0.5803814713896458,5.365976015021851,0.0,0.0,0.0326975476839237,2.5649493574615367,5.908082938168931,362.0,5.0,0.013812154696132596,362.0,0.013812154696132596,376.0,367.0,True,0.976063829787234,0.8427876823338736,367.0,significant
906,Gross Disbursements,Mozambique,IDA,AFRICA,FY17,0.0,212.0,0.0,11.0,222.0,2017,4,annual,223.0,-1.0,country,0.0,0.0,0.954954954954955,5.3612921657094255,0.0,0.0,0.04954954954954955,2.4849066497880004,5.407171771460119,367.0,-145.0,-0.39509536784741145,367.0,-0.39509536784741145,104.0,222.0,True,2.1346153846153846,0.779578606158833,222.0,significant
3414,Gross Disbursements,Mozambique,IDA,AFRICA,FY18,0.0,212.0,0.0,33.0,244.0,2018,4,annual,245.0,-1.0,country,0.0,0.0,0.8688524590163934,5.3612921657094255,0.0,0.0,0.13524590163934427,3.5263605246161616,5.501258210544727,222.0,22.0,0.0990990990990991,222.0,0.0990990990990991,525.0,244.0,True,0.46476190476190476,0.7941653160453809,244.0,significant
3177,Gross Disbursements,Mozambique,IDA,AFRICA,FY19,0.0,265.0,0.0,12.0,277.0,2019,4,annual,277.0,0.0,country,0.0,0.0,0.9566787003610109,5.583496308781699,0.0,0.0,0.04332129963898917,2.5649493574615367,5.627621113690637,244.0,33.0,0.13524590163934427,244.0,0.13524590163934427,980.0,277.0,True,0.2826530612244898,0.8111831442463533,277.0,significant
2047,Gross Disbursements,Mozambique,IDA,AFRICA EAST,FY20,0.0,317.0,0.0,24.0,341.0,2020,4,annual,341.0,0.0,country,0.0,0.0,0.9296187683284457,5.762051382780177,0.0,0.0,0.07038123167155426,3.2188758248682006,5.834810737062605,277.0,64.0,0.23104693140794225,277.0,0.23104693140794225,569.0,341.0,True,0.5992970123022847,0.833063209076175,341.0,significant
703,Gross Disbursements,Mozambique,IDA,EASTERN AND SOUTHERN AFRICA,FY21,102.0,399.0,0.0,31.0,532.0,2021,4,annual,532.0,0.0,country,0.19172932330827067,4.634728988229636,0.75,5.991464547107982,0.0,0.0,0.05827067669172932,3.4657359027997265,6.278521424165844,341.0,191.0,0.5601173020527859,341.0,0.5601173020527859,1368.0,532.0,True,0.3888888888888889,0.9003241491085899,532.0,major
456,Gross Disbursements,Mozambique,IDA,EASTERN AND SOUTHERN AFRICA,FY22,0.0,561.0,0.0,17.0,578.0,2022,4,annual,578.0,0.0,country,0.0,0.0,0.9705882352941176,6.331501849893691,0.0,0.0,0.029411764705882353,2.8903717578961645,6.361302477572996,532.0,46.0,0.08646616541353383,532.0,0.08646616541353383,1286.0,578.0,True,0.4494556765163297,0.9076175040518638,578.0,major
2840,Gross Disbursements,Mozambique,IDA,EASTERN AND SOUTHERN AFRICA,FY23,285.0,646.0,0.0,15.0,946.0,2023,4,annual,946.0,0.0,country,0.3012684989429176,5.655991810819852,0.6828752642706131,6.472346294500901,0.0,0.0,0.015856236786469344,2.772588722239781,6.853299093186078,578.0,368.0,0.6366782006920415,578.0,0.6366782006920415,1625.0,946.0,True,0.5821538461538461,0.9473257698541329,946.0,major
1762,Gross Disbursements,Mozambique,IDA,EASTERN AND SOUTHERN AFRICA,FY24,305.0,849.0,0.0,28.0,1182.0,2024,4,annual,1182.0,0.0,country,0.2580372250423012,5.723585101952381,0.7182741116751269,6.745236349484363,0.0,0.0,0.023688663282571912,3.367295829986474,7.075808863978387,946.0,236.0,0.24947145877378435,946.0,0.24947145877378435,1130.0,1182.0,True,1.0460176991150443,0.9619124797406807,1182.0,major
1642,Gross Disbursements,Mozambique,IDA,EASTERN AND SOUTHERN AFRICA,FY25,0.0,729.0,0.0,30.0,759.0,2025,4,annual,759.0,0.0,country,0.0,0.0,0.9604743083003953,6.593044534142437,0.0,0.0,0.039525691699604744,3.4339872044851463,6.633318433280377,1182.0,-423.0,-0.35786802030456855,1182.0,-0.35786802030456855,886.0,759.0,True,0.8566591422121896,0.9319286871961102,759.0,major
1327,Gross Disbursements,Mozambique,IDA,EASTERN AND SOUTHERN AFRICA,2025-Q3,0.0,406.51,0.0,30.0,436.51,2025,3,quarterly,436.51,0.0,country,0.0,0.0,0.9312730521637534,6.0100654722571205,0.0,0.0,0.0687269478362466,3.4339872044851463,6.081099562679306,,,,,,270.0,436.51,True,1.6167037037037038,0.8973214285714286,436.51,significant
1204,Gross Disbursements,Mozambique,IDA,EASTERN AND SOUTHERN AFRICA,2026-Q3,0.0,531.0,0.0,26.0,557.0,2026,3,quarterly,557.0,0.0,country,0.0,0.0,0.9533213644524237,6.2766434893416445,0.0,0.0,0.0466786355475763,3.295836866004329,6.324358962381311,436.51,120.49000000000001,0.2760303314929784,436.51,0.2760303314929784,250.0,557.0,True,2.228,0.9241071428571429,557.0,major
2498,Commitments,Myanmar,IDA,EAST ASIA AND PACIFIC,FY14,0.0,282.0,0.0,0.0,282.0,2014,4,annual,282.0,0.0,country,0.0,0.0,1.0,5.645446897643238,0.0,0.0,0.0,0.0,5.645446897643238,,,,,,282.0,3.0,True,0.010638297872340425,0.7726597325408618,282.0,significant
2328,Commitments,Myanmar,IDA,EAST ASIA AND PACIFIC,FY15,0.0,700.0,0.0,0.0,700.0,2015,4,annual,700.0,0.0,country,0.0,0.0,1.0,6.55250788703459,0.0,0.0,0.0,0.0,6.55250788703459,282.0,418.0,1.4822695035460993,282.0,1.4822695035460993,700.0,52.0,True,0.07428571428571429,0.8907875185735513,700.0,major
1047,Commitments,Myanmar,IDA,EAST ASIA AND PACIFIC,FY16,0.0,400.0,0.0,0.0,400.0,2016,4,annual,400.0,0.0,country,0.0,0.0,1.0,5.993961427306569,0.0,0.0,0.0,0.0,5.993961427306569,700.0,-300.0,-0.42857142857142855,700.0,-0.42857142857142855,400.0,125.0,True,0.3125,0.8194650817236255,400.0,significant
877,Commitments,Myanmar,IDA,EAST ASIA AND PACIFIC,FY17,200.0,416.0,0.0,0.0,616.0,2017,4,annual,616.0,0.0,country,0.3246753246753247,5.303304908059076,0.6753246753246753,6.0330862217988015,0.0,0.0,0.0,0.0,6.424869023905388,400.0,216.0,0.54,400.0,0.54,616.0,182.0,True,0.29545454545454547,0.8733283803863299,616.0,major
3362,Commitments,Myanmar,IDA,EAST ASIA AND PACIFIC,FY18,0.0,0.0,0.0,0.0,0.0,2018,4,annual,0.0,0.0,country,0.0,0.0,0.0,0.0,0.0,0.0,0.0,0.0,0.0,616.0,-616.0,-1.0,616.0,-1.0,0.0,204.0,False,,0.19539375928677563,0.0,limited
3040,Commitments,Myanmar,IDA,EAST ASIA AND PACIFIC,FY19,0.0,0.0,0.0,0.0,0.0,2019,4,annual,0.0,0.0,country,0.0,0.0,0.0,0.0,0.0,0.0,0.0,0.0,0.0,0.0,0.0,,0.0,,0.0,230.0,False,,0.19539375928677563,0.0,limited
2239,Commitments,Myanmar,IDA,EAST ASIA AND PACIFIC,FY20,0.0,900.0,0.0,0.0,900.0,2020,4,annual,900.0,0.0,country,0.0,0.0,1.0,6.803505257608338,0.0,0.0,0.0,0.0,6.803505257608338,0.0,900.0,,0.0,,900.0,196.0,True,0.21777777777777776,0.9253343239227341,900.0,major
1915,Commitments,Myanmar,IDA,EAST ASIA AND PACIFIC,FY21,0.0,0.0,0.0,0.0,0.0,2021,4,annual,0.0,0.0,country,0.0,0.0,0.0,0.0,0.0,0.0,0.0,0.0,0.0,900.0,-900.0,-1.0,900.0,-1.0,0.0,234.0,False,,0.19539375928677563,0.0,limited
550,Commitments,Myanmar,IDA,EAST ASIA AND PACIFIC,FY22,0.0,0.0,0.0,0.0,0.0,2022,4,annual,0.0,0.0,country,0.0,0.0,0.0,0.0,0.0,0.0,0.0,0.0,0.0,0.0,0.0,,0.0,,0.0,43.0,False,,0.19539375928677563,0.0,limited
2936,Commitments,Myanmar,IDA,EAST ASIA AND PACIFIC,FY23,0.0,0.0,0.0,0.0,0.0,2023,4,annual,0.0,0.0,country,0.0,0.0,0.0,0.0,0.0,0.0,0.0,0.0,0.0,0.0,0.0,,0.0,,0.0,-19.0,False,,0.19539375928677563,0.0,limited
1855,Commitments,Myanmar,IDA,EAST ASIA AND PACIFIC,FY24,0.0,0.0,0.0,0.0,0.0,2024,4,annual,0.0,0.0,country,0.0,0.0,0.0,0.0,0.0,0.0,0.0,0.0,0.0,0.0,0.0,,0.0,,0.0,-10.0,False,,0.19539375928677563,0.0,limited
1422,Commitments,Myanmar,IDA,EAST ASIA AND PACIFIC,FY25,0.0,93.0,0.0,0.0,93.0,2025,4,annual,93.0,0.0,country,0.0,0.0,1.0,4.543294782270004,0.0,0.0,0.0,0.0,4.543294782270004,0.0,93.0,,0.0,,93.0,-5.0,True,-0.053763440860215055,0.6229569093610698,93.0,moderate
201,Commitments,Myanmar,IDA,EAST ASIA AND PACIFIC,2025-Q3,0.0,0.0,0.0,0.0,0.0,2025,3,quarterly,0.0,0.0,country,0.0,0.0,0.0,0.0,0.0,0.0,0.0,0.0,0.0,,,,,,0.0,-5.0,False,,0.326271186440678,0.0,limited
8,Commitments,Myanmar,IDA,EAST ASIA AND PACIFIC,2026-Q3,0.0,0.0,0.0,0.0,0.0,2026,3,quarterly,0.0,0.0,country,0.0,0.0,0.0,0.0,0.0,0.0,0.0,0.0,0.0,0.0,0.0,,0.0,,0.0,39.0,False,,0.326271186440678,0.0,limited
2580,Gross Disbursements,Myanmar,IDA,EAST ASIA AND PACIFIC,FY14,0.0,3.0,0.0,0.0,3.0,2014,4,annual,3.0,0.0,country,0.0,0.0,1.0,1.3862943611198906,0.0,0.0,0.0,0.0,1.3862943611198906,,,,,,282.0,3.0,True,0.010638297872340425,0.24513776337115073,3.0,limited
2412,Gross Disbursements,Myanmar,IDA,EAST ASIA AND PACIFIC,FY15,0.0,52.0,0.0,0.0,52.0,2015,4,annual,52.0,0.0,country,0.0,0.0,1.0,3.970291913552122,0.0,0.0,0.0,0.0,3.970291913552122,3.0,49.0,16.333333333333332,3.0,16.333333333333332,700.0,52.0,True,0.07428571428571429,0.5449756888168558,52.0,moderate
1134,Gross Disbursements,Myanmar,IDA,EAST ASIA AND PACIFIC,FY16,0.0,125.0,0.0,0.0,125.0,2016,4,annual,125.0,0.0,country,0.0,0.0,1.0,4.836281906951478,0.0,0.0,0.0,0.0,4.836281906951478,52.0,73.0,1.4038461538461537,52.0,1.4038461538461537,400.0,125.0,True,0.3125,0.6871961102106969,125.0,significant
911,Gross Disbursements,Myanmar,IDA,EAST ASIA AND PACIFIC,FY17,0.0,182.0,0.0,0.0,182.0,2017,4,annual,182.0,0.0,country,0.0,0.0,1.0,5.209486152841421,0.0,0.0,0.0,0.0,5.209486152841421,125.0,57.0,0.456,125.0,0.456,616.0,182.0,True,0.29545454545454547,0.7536466774716369,182.0,significant
3417,Gross Disbursements,Myanmar,IDA,EAST ASIA AND PACIFIC,FY18,0.0,204.0,0.0,0.0,204.0,2018,4,annual,204.0,0.0,country,0.0,0.0,1.0,5.3230099791384085,0.0,0.0,0.0,0.0,5.3230099791384085,182.0,22.0,0.12087912087912088,182.0,0.12087912087912088,0.0,204.0,False,,0.773095623987034,204.0,significant
3183,Gross Disbursements,Myanmar,IDA,EAST ASIA AND PACIFIC,FY19,0.0,230.0,0.0,0.0,230.0,2019,4,annual,230.0,0.0,country,0.0,0.0,1.0,5.442417710521793,0.0,0.0,0.0,0.0,5.442417710521793,204.0,26.0,0.12745098039215685,204.0,0.12745098039215685,0.0,230.0,False,,0.7828200972447326,230.0,significant
2061,Gross Disbursements,Myanmar,IDA,EAST ASIA AND PACIFIC,FY20,0.0,196.0,0.0,0.0,196.0,2020,4,annual,196.0,0.0,country,0.0,0.0,1.0,5.2832037287379885,0.0,0.0,0.0,0.0,5.2832037287379885,230.0,-34.0,-0.14782608695652175,230.0,-0.14782608695652175,900.0,196.0,True,0.21777777777777776,0.766612641815235,196.0,significant
678,Gross Disbursements,Myanmar,IDA,EAST ASIA AND PACIFIC,FY21,0.0,234.0,0.0,0.0,234.0,2021,4,annual,234.0,0.0,country,0.0,0.0,1.0,5.459585514144159,0.0,0.0,0.0,0.0,5.459585514144159,196.0,38.0,0.19387755102040816,196.0,0.19387755102040816,0.0,234.0,False,,0.7852512155591572,234.0,significant
431,Gross Disbursements,Myanmar,IDA,EAST ASIA AND PACIFIC,FY22,0.0,43.0,0.0,0.0,43.0,2022,4,annual,43.0,0.0,country,0.0,0.0,1.0,3.784189633918261,0.0,0.0,0.0,0.0,3.784189633918261,234.0,-191.0,-0.8162393162393162,234.0,-0.8162393162393162,0.0,43.0,False,,0.5145867098865479,43.0,moderate
2814,Gross Disbursements,Myanmar,IDA,EAST ASIA AND PACIFIC,FY23,0.0,-19.0,0.0,0.0,-19.0,2023,4,annual,-19.0,0.0,country,-0.0,0.0,1.0,0.0,-0.0,0.0,-0.0,0.0,0.0,43.0,-62.0,-1.441860465116279,43.0,-1.441860465116279,0.0,-19.0,False,,0.0008103727714748784,19.0,moderate
1736,Gross Disbursements,Myanmar,IDA,EAST ASIA AND PACIFIC,FY24,0.0,-10.0,0.0,0.0,-10.0,2024,4,annual,-10.0,0.0,country,-0.0,0.0,1.0,0.0,-0.0,0.0,-0.0,0.0,0.0,-19.0,9.0,0.47368421052631576,-19.0,0.47368421052631576,0.0,-10.0,False,,0.0016207455429497568,10.0,limited
1615,Gross Disbursements,Myanmar,IDA,EAST ASIA AND PACIFIC,FY25,0.0,-5.0,0.0,0.0,-5.0,2025,4,annual,-5.0,0.0,country,-0.0,0.0,1.0,0.0,-0.0,0.0,-0.0,0.0,0.0,-10.0,5.0,0.5,-10.0,0.5,93.0,-5.0,True,-0.053763440860215055,0.0024311183144246355,5.0,limited
1300,Gross Disbursements,Myanmar,IDA,EAST ASIA AND PACIFIC,2025-Q3,0.0,-5.0,0.0,0.0,-5.0,2025,3,quarterly,-5.0,0.0,country,-0.0,0.0,1.0,0.0,-0.0,0.0,-0.0,0.0,0.0,,,,,,0.0,-5.0,False,,0.008928571428571428,5.0,limited
1177,Gross Disbursements,Myanmar,IDA,EAST ASIA AND PACIFIC,2026-Q3,0.0,39.0,0.0,0.0,39.0,2026,3,quarterly,39.0,0.0,country,0.0,0.0,1.0,3.6888794541139363,0.0,0.0,0.0,0.0,3.6888794541139363,-5.0,44.0,8.8,-5.0,8.8,0.0,39.0,False,,0.5,39.0,moderate
2645,Commitments,Namibia,IDA,EASTERN AND SOUTHERN AFRICA,FY24,0.0,0.0,0.0,0.0,0.0,2024,4,annual,0.0,0.0,country,0.0,0.0,0.0,0.0,0.0,0.0,0.0,0.0,0.0,,,,,,0.0,,False,,0.19539375928677563,0.0,limited
1446,Commitments,Namibia,IDA,EASTERN AND SOUTHERN AFRICA,FY25,0.0,0.0,0.0,0.0,0.0,2025,4,annual,0.0,0.0,country,0.0,0.0,0.0,0.0,0.0,0.0,0.0,0.0,0.0,0.0,0.0,,0.0,,0.0,,False,,0.19539375928677563,0.0,limited
226,Commitments,Namibia,IDA,EASTERN AND SOUTHERN AFRICA,2025-Q3,0.0,0.0,0.0,0.0,0.0,2025,3,quarterly,0.0,0.0,country,0.0,0.0,0.0,0.0,0.0,0.0,0.0,0.0,0.0,,,,,,0.0,,False,,0.326271186440678,0.0,limited
33,Commitments,Namibia,IDA,EASTERN AND SOUTHERN AFRICA,2026-Q3,0.0,0.0,0.0,0.0,0.0,2026,3,quarterly,0.0,0.0,country,0.0,0.0,0.0,0.0,0.0,0.0,0.0,0.0,0.0,0.0,0.0,,0.0,,0.0,,False,,0.326271186440678,0.0,limited
2532,Commitments,Nepal,IDA,SOUTH ASIA,FY14,0.0,222.0,0.0,0.0,222.0,2014,4,annual,222.0,0.0,country,0.0,0.0,1.0,5.407171771460119,0.0,0.0,0.0,0.0,5.407171771460119,,,,,,222.0,252.0,True,1.135135135135135,0.7462852897473997,222.0,significant
2362,Commitments,Nepal,IDA,SOUTH ASIA,FY15,100.0,441.0,0.0,0.0,541.0,2015,4,annual,541.0,0.0,country,0.18484288354898337,4.61512051684126,0.8151571164510166,6.091309882077698,0.0,0.0,0.0,0.0,6.295266001439646,222.0,319.0,1.436936936936937,222.0,1.436936936936937,541.0,192.0,True,0.35489833641404805,0.8558692421991084,541.0,major
1074,Commitments,Nepal,IDA,SOUTH ASIA,FY16,0.0,20.0,0.0,0.0,20.0,2016,4,annual,20.0,0.0,country,0.0,0.0,1.0,3.044522437723423,0.0,0.0,0.0,0.0,3.044522437723423,541.0,-521.0,-0.9630314232902033,541.0,-0.9630314232902033,20.0,278.0,True,13.9,0.44762258543833583,20.0,moderate
815,Commitments,Nepal,IDA,SOUTH ASIA,FY17,100.0,205.0,0.0,335.0,640.0,2017,4,annual,640.0,0.0,country,0.15625,4.61512051684126,0.3203125,5.327876168789581,0.0,0.0,0.5234375,5.817111159963204,6.46302945692067,20.0,620.0,31.0,20.0,31.0,640.0,319.0,True,0.4984375,0.8800148588410104,640.0,major
3290,Commitments,Nepal,IDA,SOUTH ASIA,FY18,200.0,506.0,0.0,0.0,706.0,2018,4,annual,706.0,0.0,country,0.28328611898017,5.303304908059076,0.71671388101983,6.2285110035911835,0.0,0.0,0.0,0.0,6.561030665896573,640.0,66.0,0.103125,640.0,0.103125,706.0,456.0,True,0.6458923512747875,0.8922734026745914,706.0,major
3037,Commitments,Nepal,IDA,SOUTH ASIA,FY19,300.0,0.0,0.0,133.0,433.0,2019,4,annual,433.0,0.0,country,0.6928406466512702,5.707110264748875,0.0,0.0,0.0,0.0,0.3071593533487298,4.897839799950911,6.073044534100405,706.0,-273.0,-0.386685552407932,706.0,-0.386685552407932,433.0,510.0,True,1.1778290993071594,0.8313521545319466,433.0,significant
2169,Commitments,Nepal,IDA,SOUTH ASIA,FY20,150.0,799.0,0.0,0.0,949.0,2020,4,annual,949.0,0.0,country,0.15806111696522657,5.017279836814924,0.8419388830347735,6.684611727667927,0.0,0.0,0.0,0.0,6.856461984594587,433.0,516.0,1.1916859122401848,433.0,1.1916859122401848,949.0,448.0,True,0.4720758693361433,0.9309063893016345,949.0,major
2007,Commitments,Nepal,IDA,SOUTH ASIA,FY21,350.0,305.0,0.0,60.0,715.0,2021,4,annual,715.0,0.0,country,0.48951048951048953,5.860786223465865,0.42657342657342656,5.723585101952381,0.0,0.0,0.08391608391608392,4.110873864173311,6.573680166960646,949.0,-234.0,-0.2465753424657534,949.0,-0.2465753424657534,715.0,818.0,True,1.1440559440559441,0.8948736998514116,715.0,major
642,Commitments,Nepal,IDA,SOUTH ASIA,FY22,150.0,513.0,0.0,100.0,763.0,2022,4,annual,763.0,0.0,country,0.1965923984272608,5.017279836814924,0.672346002621232,6.2422232654551655,0.0,0.0,0.1310615989515072,4.61512051684126,6.638567789166521,715.0,48.0,0.06713286713286713,715.0,0.06713286713286713,763.0,457.0,True,0.598951507208388,0.9019316493313522,763.0,major
395,Commitments,Nepal,IDA,SOUTH ASIA,FY23,100.0,0.0,0.0,220.0,320.0,2023,4,annual,320.0,0.0,country,0.3125,4.61512051684126,0.0,0.0,0.0,0.0,0.6875,5.3981627015177525,5.771441123130016,763.0,-443.0,-0.580602883355177,763.0,-0.580602883355177,320.0,366.0,True,1.14375,0.788261515601783,320.0,significant
2800,Commitments,Nepal,IDA,SOUTH ASIA,FY24,180.0,100.0,0.0,0.0,280.0,2024,4,annual,280.0,0.0,country,0.6428571428571429,5.198497031265826,0.35714285714285715,4.61512051684126,0.0,0.0,0.0,0.0,5.638354669333745,320.0,-40.0,-0.125,320.0,-0.125,280.0,269.0,True,0.9607142857142857,0.7711738484398217,280.0,significant
1601,Commitments,Nepal,IDA,SOUTH ASIA,FY25,250.0,457.0,0.0,150.0,857.0,2025,4,annual,857.0,0.0,country,0.29171528588098017,5.5254529391317835,0.5332555425904317,6.126869184114185,0.0,0.0,0.1750291715285881,5.017279836814924,6.754604099487962,280.0,577.0,2.0607142857142855,280.0,2.0607142857142855,857.0,518.0,True,0.6044340723453909,0.9219910846953938,857.0,major
1163,Commitments,Nepal,IDA,SOUTH ASIA,2025-Q3,250.0,200.0,0.0,150.0,600.0,2025,3,quarterly,600.0,0.0,country,0.4166666666666667,5.5254529391317835,0.3333333333333333,5.303304908059076,0.0,0.0,0.25,5.017279836814924,6.398594934535208,,,,,,600.0,341.49,True,0.56915,0.9646892655367232,600.0,major
188,Commitments,Nepal,IDA,SOUTH ASIA,2026-Q3,0.0,282.0,0.0,0.0,282.0,2026,3,quarterly,282.0,0.0,country,0.0,0.0,1.0,5.645446897643238,0.0,0.0,0.0,0.0,5.645446897643238,600.0,-318.0,-0.53,600.0,-0.53,282.0,144.51,True,0.5124468085106383,0.9067796610169492,282.0,significant
2621,Gross Disbursements,Nepal,IDA,SOUTH ASIA,FY14,31.0,221.0,0.0,0.0,252.0,2014,4,annual,252.0,0.0,country,0.12301587301587301,3.4657359027997265,0.876984126984127,5.402677381872279,0.0,0.0,0.0,0.0,5.53338948872752,,,,,,222.0,252.0,True,1.135135135135135,0.7953808752025932,252.0,significant
2453,Gross Disbursements,Nepal,IDA,SOUTH ASIA,FY15,0.0,178.0,0.0,15.0,192.0,2015,4,annual,193.0,-1.0,country,0.0,0.0,0.9270833333333334,5.187385805840755,0.0,0.0,0.078125,2.772588722239781,5.262690188904886,252.0,-60.0,-0.23809523809523808,252.0,-0.23809523809523808,541.0,192.0,True,0.35489833641404805,0.7641815235008104,192.0,significant
2285,Gross Disbursements,Nepal,IDA,SOUTH ASIA,FY16,99.0,166.0,0.0,12.0,278.0,2016,4,annual,277.0,1.0,country,0.35611510791366907,4.605170185988092,0.5971223021582733,5.117993812416755,0.0,0.0,0.04316546762589928,2.5649493574615367,5.631211781821365,192.0,86.0,0.4479166666666667,192.0,0.4479166666666667,20.0,278.0,True,13.9,0.8119935170178282,278.0,significant
898,Gross Disbursements,Nepal,IDA,SOUTH ASIA,FY17,98.0,208.0,0.0,13.0,319.0,2017,4,annual,319.0,0.0,country,0.3072100313479624,4.59511985013459,0.6520376175548589,5.342334251964811,0.0,0.0,0.04075235109717868,2.6390573296152584,5.768320995793772,278.0,41.0,0.1474820143884892,278.0,0.1474820143884892,640.0,319.0,True,0.4984375,0.8241491085899514,319.0,significant
3405,Gross Disbursements,Nepal,IDA,SOUTH ASIA,FY18,195.0,235.0,0.0,26.0,456.0,2018,4,annual,456.0,0.0,country,0.4276315789473684,5.278114659230517,0.5153508771929824,5.4638318050256105,0.0,0.0,0.05701754385964912,3.295836866004329,6.124683390894205,319.0,137.0,0.42946708463949845,319.0,0.42946708463949845,706.0,456.0,True,0.6458923512747875,0.8691247974068071,456.0,significant
3172,Gross Disbursements,Nepal,IDA,SOUTH ASIA,FY19,198.0,241.0,0.0,71.0,510.0,2019,4,annual,510.0,0.0,country,0.38823529411764707,5.293304824724492,0.4725490196078431,5.488937726156687,0.0,0.0,0.1392156862745098,4.276666119016055,6.236369590203704,456.0,54.0,0.11842105263157894,456.0,0.11842105263157894,433.0,510.0,True,1.1778290993071594,0.8922204213938412,510.0,major
2041,Gross Disbursements,Nepal,IDA,SOUTH ASIA,FY20,99.0,247.0,0.0,102.0,448.0,2020,4,annual,448.0,0.0,country,0.22098214285714285,4.605170185988092,0.5513392857142857,5.5134287461649825,0.0,0.0,0.22767857142857142,4.634728988229636,6.1070228877422545,510.0,-62.0,-0.12156862745098039,510.0,-0.12156862745098039,949.0,448.0,True,0.4720758693361433,0.8666936790923825,448.0,significant
1877,Gross Disbursements,Nepal,IDA,SOUTH ASIA,FY21,486.0,221.0,0.0,111.0,818.0,2021,4,annual,818.0,0.0,country,0.5941320293398533,6.18826412308259,0.2701711491442543,5.402677381872279,0.0,0.0,0.1356968215158924,4.718498871295094,6.70808408385307,448.0,370.0,0.8258928571428571,448.0,0.8258928571428571,715.0,818.0,True,1.1440559440559441,0.940032414910859,818.0,major
512,Gross Disbursements,Nepal,IDA,SOUTH ASIA,FY22,145.0,247.0,0.0,65.0,457.0,2022,4,annual,457.0,0.0,country,0.3172866520787746,4.983606621708336,0.5404814004376368,5.5134287461649825,0.0,0.0,0.1422319474835886,4.189654742026425,6.126869184114185,818.0,-361.0,-0.441320293398533,818.0,-0.441320293398533,763.0,457.0,True,0.598951507208388,0.8703403565640194,457.0,significant
2898,Gross Disbursements,Nepal,IDA,SOUTH ASIA,FY23,96.0,130.0,0.0,140.0,366.0,2023,4,annual,366.0,0.0,country,0.26229508196721313,4.574710978503383,0.3551912568306011,4.875197323201151,0.0,0.0,0.3825136612021858,4.948759890378168,5.905361848054571,457.0,-91.0,-0.19912472647702406,457.0,-0.19912472647702406,320.0,366.0,True,1.14375,0.8415721231766613,366.0,significant
1820,Gross Disbursements,Nepal,IDA,SOUTH ASIA,FY24,122.0,114.0,0.0,33.0,269.0,2024,4,annual,269.0,0.0,country,0.45353159851301117,4.812184355372417,0.42379182156133827,4.74493212836325,0.0,0.0,0.12267657992565056,3.5263605246161616,5.598421958998375,366.0,-97.0,-0.2650273224043716,366.0,-0.2650273224043716,280.0,269.0,True,0.9607142857142857,0.8051053484602917,269.0,significant
1700,Gross Disbursements,Nepal,IDA,SOUTH ASIA,FY25,279.0,157.0,0.0,82.0,518.0,2025,4,annual,518.0,0.0,country,0.5386100386100386,5.634789603169249,0.3030888030888031,5.062595033026967,0.0,0.0,0.1583011583011583,4.418840607796598,6.251903883165888,269.0,249.0,0.9256505576208178,269.0,0.9256505576208178,857.0,518.0,True,0.6044340723453909,0.8938411669367909,518.0,major
1385,Gross Disbursements,Nepal,IDA,SOUTH ASIA,2025-Q3,179.0,99.49,0.0,63.0,341.49,2025,3,quarterly,341.49,0.0,country,0.5241734750651557,5.19295685089021,0.2913408884593985,4.610058220060867,0.0,0.0,0.18448563647544583,4.1588830833596715,5.836242460195745,,,,,,600.0,341.49,True,0.56915,0.8392857142857143,341.49,significant
1262,Gross Disbursements,Nepal,IDA,SOUTH ASIA,2026-Q3,40.0,79.51,0.0,25.0,144.51,2026,3,quarterly,144.51,0.0,country,0.27679745346342816,3.713572066704308,0.5502041381219294,4.388381400311889,0.0,0.0,0.1729984084146426,3.258096538021482,4.980244812772187,341.49,-196.98000000000002,-0.5768250900465607,341.49,-0.5768250900465607,282.0,144.51,True,0.5124468085106383,0.6964285714285714,144.51,significant
2685,Commitments,Netherlands,IDA,EUROPE AND CENTRAL ASIA,FY24,0.0,0.0,0.0,0.0,0.0,2024,4,annual,0.0,0.0,country,0.0,0.0,0.0,0.0,0.0,0.0,0.0,0.0,0.0,,,,,,0.0,,False,,0.19539375928677563,0.0,limited
1486,Commitments,Netherlands,IDA,EUROPE AND CENTRAL ASIA,FY25,0.0,0.0,0.0,0.0,0.0,2025,4,annual,0.0,0.0,country,0.0,0.0,0.0,0.0,0.0,0.0,0.0,0.0,0.0,0.0,0.0,,0.0,,0.0,,False,,0.19539375928677563,0.0,limited
266,Commitments,Netherlands,IDA,EUROPE AND CENTRAL ASIA,2025-Q3,0.0,0.0,0.0,0.0,0.0,2025,3,quarterly,0.0,0.0,country,0.0,0.0,0.0,0.0,0.0,0.0,0.0,0.0,0.0,,,,,,0.0,,False,,0.326271186440678,0.0,limited
73,Commitments,Netherlands,IDA,EUROPE AND CENTRAL ASIA,2026-Q3,0.0,0.0,0.0,0.0,0.0,2026,3,quarterly,0.0,0.0,country,0.0,0.0,0.0,0.0,0.0,0.0,0.0,0.0,0.0,0.0,0.0,,0.0,,0.0,,False,,0.326271186440678,0.0,limited
1856,Commitments,New Zealand,IDA,EAST ASIA AND PACIFIC,FY24,0.0,0.0,0.0,0.0,0.0,2024,4,annual,0.0,0.0,country,0.0,0.0,0.0,0.0,0.0,0.0,0.0,0.0,0.0,,,,,,0.0,,False,,0.19539375928677563,0.0,limited
1423,Commitments,New Zealand,IDA,EAST ASIA AND PACIFIC,FY25,0.0,0.0,0.0,0.0,0.0,2025,4,annual,0.0,0.0,country,0.0,0.0,0.0,0.0,0.0,0.0,0.0,0.0,0.0,0.0,0.0,,0.0,,0.0,,False,,0.19539375928677563,0.0,limited
202,Commitments,New Zealand,IDA,EAST ASIA AND PACIFIC,2025-Q3,0.0,0.0,0.0,0.0,0.0,2025,3,quarterly,0.0,0.0,country,0.0,0.0,0.0,0.0,0.0,0.0,0.0,0.0,0.0,,,,,,0.0,,False,,0.326271186440678,0.0,limited
9,Commitments,New Zealand,IDA,EAST ASIA AND PACIFIC,2026-Q3,0.0,0.0,0.0,0.0,0.0,2026,3,quarterly,0.0,0.0,country,0.0,0.0,0.0,0.0,0.0,0.0,0.0,0.0,0.0,0.0,0.0,,0.0,,0.0,,False,,0.326271186440678,0.0,limited
2522,Commitments,Nicaragua,IDA,LATIN AMERICA AND CARIBBEAN,FY14,0.0,109.0,0.0,0.0,109.0,2014,4,annual,109.0,0.0,country,0.0,0.0,1.0,4.700480365792417,0.0,0.0,0.0,0.0,4.700480365792417,,,,,,109.0,70.0,True,0.6422018348623854,0.6545319465081724,109.0,significant
2352,Commitments,Nicaragua,IDA,LATIN AMERICA AND CARIBBEAN,FY15,0.0,85.0,0.0,0.0,85.0,2015,4,annual,85.0,0.0,country,0.0,0.0,1.0,4.454347296253507,0.0,0.0,0.0,0.0,4.454347296253507,109.0,-24.0,-0.22018348623853212,109.0,-0.22018348623853212,85.0,59.0,True,0.6941176470588235,0.6095839524517088,85.0,moderate
1066,Commitments,Nicaragua,IDA,LATIN AMERICA AND CARIBBEAN,FY16,0.0,0.0,0.0,0.0,0.0,2016,4,annual,0.0,0.0,country,0.0,0.0,0.0,0.0,0.0,0.0,0.0,0.0,0.0,85.0,-85.0,-1.0,85.0,-1.0,0.0,69.0,False,,0.19539375928677563,0.0,limited
834,Commitments,Nicaragua,IDA,LATIN AMERICA AND CARIBBEAN,FY17,0.0,194.0,0.0,0.0,195.0,2017,4,annual,194.0,1.0,country,0.0,0.0,0.9948717948717949,5.272999558563747,0.0,0.0,0.0,0.0,5.278114659230517,0.0,195.0,,0.0,,195.0,58.0,True,0.29743589743589743,0.7262258543833581,195.0,significant
3387,Commitments,Nicaragua,IDA,LATIN AMERICA AND CARIBBEAN,FY18,0.0,145.0,0.0,0.0,145.0,2018,4,annual,145.0,0.0,country,0.0,0.0,1.0,4.983606621708336,0.0,0.0,0.0,0.0,4.983606621708336,195.0,-50.0,-0.2564102564102564,195.0,-0.2564102564102564,145.0,79.0,True,0.5448275862068965,0.6935364041604755,145.0,significant
3148,Commitments,Nicaragua,IDA,LATIN AMERICA AND CARIBBEAN,FY19,0.0,0.0,0.0,0.0,0.0,2019,4,annual,0.0,0.0,country,0.0,0.0,0.0,0.0,0.0,0.0,0.0,0.0,0.0,145.0,-145.0,-1.0,145.0,-1.0,0.0,72.0,False,,0.19539375928677563,0.0,limited
2199,Commitments,Nicaragua,IDA,LATIN AMERICA AND CARIBBEAN,FY20,0.0,0.0,0.0,0.0,0.0,2020,4,annual,0.0,0.0,country,0.0,0.0,0.0,0.0,0.0,0.0,0.0,0.0,0.0,0.0,0.0,,0.0,,0.0,79.0,False,,0.19539375928677563,0.0,limited
1983,Commitments,Nicaragua,IDA,LATIN AMERICA AND CARIBBEAN,FY21,0.0,100.0,0.0,0.0,100.0,2021,4,annual,100.0,0.0,country,0.0,0.0,1.0,4.61512051684126,0.0,0.0,0.0,0.0,4.61512051684126,0.0,100.0,,0.0,,100.0,99.0,True,0.99,0.6404160475482912,100.0,moderate
618,Commitments,Nicaragua,IDA,LATIN AMERICA AND CARIBBEAN,FY22,0.0,116.0,0.0,0.0,116.0,2022,4,annual,116.0,0.0,country,0.0,0.0,1.0,4.762173934797756,0.0,0.0,0.0,0.0,4.762173934797756,100.0,16.0,0.16,100.0,0.16,116.0,105.0,True,0.9051724137931034,0.6604754829123328,116.0,significant
371,Commitments,Nicaragua,IDA,LATIN AMERICA AND CARIBBEAN,FY23,0.0,0.0,0.0,0.0,0.0,2023,4,annual,0.0,0.0,country,0.0,0.0,0.0,0.0,0.0,0.0,0.0,0.0,0.0,116.0,-116.0,-1.0,116.0,-1.0,0.0,64.0,False,,0.19539375928677563,0.0,limited
2723,Commitments,Nicaragua,IDA,LATIN AMERICA AND CARIBBEAN,FY24,0.0,0.0,0.0,0.0,0.0,2024,4,annual,0.0,0.0,country,0.0,0.0,0.0,0.0,0.0,0.0,0.0,0.0,0.0,0.0,0.0,,0.0,,0.0,80.0,False,,0.19539375928677563,0.0,limited
1524,Commitments,Nicaragua,IDA,LATIN AMERICA AND CARIBBEAN,FY25,0.0,0.0,0.0,0.0,0.0,2025,4,annual,0.0,0.0,country,0.0,0.0,0.0,0.0,0.0,0.0,0.0,0.0,0.0,0.0,0.0,,0.0,,0.0,30.0,False,,0.19539375928677563,0.0,limited
304,Commitments,Nicaragua,IDA,LATIN AMERICA AND CARIBBEAN,2025-Q3,0.0,0.0,0.0,0.0,0.0,2025,3,quarterly,0.0,0.0,country,0.0,0.0,0.0,0.0,0.0,0.0,0.0,0.0,0.0,,,,,,0.0,22.0,False,,0.326271186440678,0.0,limited
111,Commitments,Nicaragua,IDA,LATIN AMERICA AND CARIBBEAN,2026-Q3,0.0,0.0,0.0,0.0,0.0,2026,3,quarterly,0.0,0.0,country,0.0,0.0,0.0,0.0,0.0,0.0,0.0,0.0,0.0,0.0,0.0,,0.0,,0.0,-11.0,False,,0.326271186440678,0.0,limited
2609,Gross Disbursements,Nicaragua,IDA,LATIN AMERICA AND CARIBBEAN,FY14,0.0,70.0,0.0,0.0,70.0,2014,4,annual,70.0,0.0,country,0.0,0.0,1.0,4.2626798770413155,0.0,0.0,0.0,0.0,4.2626798770413155,,,,,,109.0,70.0,True,0.6422018348623854,0.5976499189627229,70.0,moderate
2441,Gross Disbursements,Nicaragua,IDA,LATIN AMERICA AND CARIBBEAN,FY15,0.0,59.0,0.0,0.0,59.0,2015,4,annual,59.0,0.0,country,0.0,0.0,1.0,4.0943445622221,0.0,0.0,0.0,0.0,4.0943445622221,70.0,-11.0,-0.15714285714285714,70.0,-0.15714285714285714,85.0,59.0,True,0.6941176470588235,0.5753646677471637,59.0,moderate
2267,Gross Disbursements,Nicaragua,IDA,LATIN AMERICA AND CARIBBEAN,FY16,0.0,69.0,0.0,0.0,69.0,2016,4,annual,69.0,0.0,country,0.0,0.0,1.0,4.248495242049359,0.0,0.0,0.0,0.0,4.248495242049359,59.0,10.0,0.1694915254237288,59.0,0.1694915254237288,0.0,69.0,False,,0.5956239870340356,69.0,moderate
923,Gross Disbursements,Nicaragua,IDA,LATIN AMERICA AND CARIBBEAN,FY17,0.0,58.0,0.0,0.0,58.0,2017,4,annual,58.0,0.0,country,0.0,0.0,1.0,4.07753744390572,0.0,0.0,0.0,0.0,4.07753744390572,69.0,-11.0,-0.15942028985507245,69.0,-0.15942028985507245,195.0,58.0,True,0.29743589743589743,0.5709076175040518,58.0,moderate
756,Gross Disbursements,Nicaragua,IDA,LATIN AMERICA AND CARIBBEAN,FY18,0.0,79.0,0.0,0.0,79.0,2018,4,annual,79.0,0.0,country,0.0,0.0,1.0,4.382026634673881,0.0,0.0,0.0,0.0,4.382026634673881,58.0,21.0,0.3620689655172414,58.0,0.3620689655172414,145.0,79.0,True,0.5448275862068965,0.6223662884927067,79.0,moderate
3197,Gross Disbursements,Nicaragua,IDA,LATIN AMERICA AND CARIBBEAN,FY19,0.0,72.0,0.0,0.0,72.0,2019,4,annual,72.0,0.0,country,0.0,0.0,1.0,4.290459441148391,0.0,0.0,0.0,0.0,4.290459441148391,79.0,-7.0,-0.08860759493670886,79.0,-0.08860759493670886,0.0,72.0,False,,0.6021069692058347,72.0,moderate
2074,Gross Disbursements,Nicaragua,IDA,LATIN AMERICA AND CARIBBEAN,FY20,0.0,79.0,0.0,0.0,79.0,2020,4,annual,79.0,0.0,country,0.0,0.0,1.0,4.382026634673881,0.0,0.0,0.0,0.0,4.382026634673881,72.0,7.0,0.09722222222222222,72.0,0.09722222222222222,0.0,79.0,False,,0.6223662884927067,79.0,moderate
1857,Gross Disbursements,Nicaragua,IDA,LATIN AMERICA AND CARIBBEAN,FY21,0.0,99.0,0.0,0.0,99.0,2021,4,annual,99.0,0.0,country,0.0,0.0,1.0,4.605170185988092,0.0,0.0,0.0,0.0,4.605170185988092,79.0,20.0,0.25316455696202533,79.0,0.25316455696202533,100.0,99.0,True,0.99,0.6499189627228525,99.0,moderate
492,Gross Disbursements,Nicaragua,IDA,LATIN AMERICA AND CARIBBEAN,FY22,0.0,105.0,0.0,0.0,105.0,2022,4,annual,105.0,0.0,country,0.0,0.0,1.0,4.663439094112067,0.0,0.0,0.0,0.0,4.663439094112067,99.0,6.0,0.06060606060606061,99.0,0.06060606060606061,116.0,105.0,True,0.9051724137931034,0.6576175040518638,105.0,significant
2876,Gross Disbursements,Nicaragua,IDA,LATIN AMERICA AND CARIBBEAN,FY23,0.0,64.0,0.0,0.0,64.0,2023,4,annual,64.0,0.0,country,0.0,0.0,1.0,4.174387269895637,0.0,0.0,0.0,0.0,4.174387269895637,105.0,-41.0,-0.3904761904761905,105.0,-0.3904761904761905,0.0,64.0,False,,0.5871150729335495,64.0,moderate
1798,Gross Disbursements,Nicaragua,IDA,LATIN AMERICA AND CARIBBEAN,FY24,0.0,80.0,0.0,0.0,80.0,2024,4,annual,80.0,0.0,country,0.0,0.0,1.0,4.394449154672439,0.0,0.0,0.0,0.0,4.394449154672439,64.0,16.0,0.25,64.0,0.25,0.0,80.0,False,,0.6260129659643436,80.0,moderate
1678,Gross Disbursements,Nicaragua,IDA,LATIN AMERICA AND CARIBBEAN,FY25,0.0,30.0,0.0,0.0,30.0,2025,4,annual,30.0,0.0,country,0.0,0.0,1.0,3.4339872044851463,0.0,0.0,0.0,0.0,3.4339872044851463,80.0,-50.0,-0.625,80.0,-0.625,0.0,30.0,False,,0.46312803889789306,30.0,moderate
1363,Gross Disbursements,Nicaragua,IDA,LATIN AMERICA AND CARIBBEAN,2025-Q3,0.0,22.0,0.0,0.0,22.0,2025,3,quarterly,22.0,0.0,country,0.0,0.0,1.0,3.1354942159291497,0.0,0.0,0.0,0.0,3.1354942159291497,,,,,,0.0,22.0,False,,0.42857142857142855,22.0,moderate
1240,Gross Disbursements,Nicaragua,IDA,LATIN AMERICA AND CARIBBEAN,2026-Q3,0.0,-11.0,0.0,0.0,-11.0,2026,3,quarterly,-11.0,0.0,country,-0.0,0.0,1.0,0.0,-0.0,0.0,-0.0,0.0,0.0,22.0,-33.0,-1.5,22.0,-1.5,0.0,-11.0,False,,0.004464285714285714,11.0,moderate
2482,Commitments,Niger,IDA,AFRICA,FY14,70.0,195.0,0.0,0.0,265.0,2014,4,annual,265.0,0.0,country,0.2641509433962264,4.2626798770413155,0.7358490566037735,5.278114659230517,0.0,0.0,0.0,0.0,5.583496308781699,,,,,,265.0,109.0,True,0.41132075471698115,0.7670876671619614,265.0,significant
2312,Commitments,Niger,IDA,AFRICA,FY15,0.0,252.0,0.0,0.0,252.0,2015,4,annual,252.0,0.0,country,0.0,0.0,1.0,5.53338948872752,0.0,0.0,0.0,0.0,5.53338948872752,265.0,-13.0,-0.04905660377358491,265.0,-0.04905660377358491,252.0,165.0,True,0.6547619047619048,0.7607726597325408,252.0,significant
1031,Commitments,Niger,IDA,AFRICA,FY16,80.0,269.0,0.0,0.0,349.0,2016,4,annual,349.0,0.0,country,0.22922636103151864,4.394449154672439,0.7707736389684814,5.598421958998375,0.0,0.0,0.0,0.0,5.857933154483459,252.0,97.0,0.38492063492063494,252.0,0.38492063492063494,349.0,203.0,True,0.5816618911174785,0.8012630014858841,349.0,significant
826,Commitments,Niger,IDA,AFRICA,FY17,50.0,86.0,0.0,0.0,136.0,2017,4,annual,136.0,0.0,country,0.36764705882352944,3.9318256327243257,0.6323529411764706,4.465908118654584,0.0,0.0,0.0,0.0,4.919980925828125,349.0,-213.0,-0.6103151862464183,349.0,-0.6103151862464183,136.0,197.0,True,1.4485294117647058,0.687964338781575,136.0,significant
3283,Commitments,Niger,IDA,AFRICA,FY18,120.0,145.0,0.0,0.0,265.0,2018,4,annual,265.0,0.0,country,0.4528301886792453,4.795790545596741,0.5471698113207547,4.983606621708336,0.0,0.0,0.0,0.0,5.583496308781699,136.0,129.0,0.9485294117647058,136.0,0.9485294117647058,265.0,289.0,True,1.090566037735849,0.7670876671619614,265.0,significant
3042,Commitments,Niger,IDA,AFRICA,FY19,110.0,623.0,0.0,0.0,733.0,2019,4,annual,733.0,0.0,country,0.15006821282401092,4.709530201312334,0.849931787175989,6.436150368369428,0.0,0.0,0.0,0.0,6.598509028614515,265.0,468.0,1.7660377358490567,265.0,1.7660377358490567,733.0,261.0,True,0.35607094133697137,0.8974739970282318,733.0,major
2160,Commitments,Niger,IDA,AFRICA WEST,FY20,350.0,460.0,0.0,0.0,810.0,2020,4,annual,810.0,0.0,country,0.43209876543209874,5.860786223465865,0.5679012345679012,6.133398042996649,0.0,0.0,0.0,0.0,6.698268054115413,733.0,77.0,0.10504774897680765,733.0,0.10504774897680765,810.0,519.0,True,0.6407407407407407,0.9153046062407132,810.0,major
2028,Commitments,Niger,IDA,WESTERN AND CENTRAL AFRICA,FY21,250.0,807.0,0.0,0.0,1057.0,2021,4,annual,1057.0,0.0,country,0.23651844843897823,5.5254529391317835,0.7634815515610217,6.694562058521095,0.0,0.0,0.0,0.0,6.964135612418245,810.0,247.0,0.30493827160493825,810.0,0.30493827160493825,1057.0,552.0,True,0.522232734153264,0.9413075780089153,1057.0,major
663,Commitments,Niger,IDA,WESTERN AND CENTRAL AFRICA,FY22,250.0,1287.0,0.0,192.0,1729.0,2022,4,annual,1729.0,0.0,country,0.14459224985540775,5.5254529391317835,0.7443609022556391,7.160845906664299,0.0,0.0,0.11104684788895315,5.262690188904886,7.455876687491824,1057.0,672.0,0.6357615894039735,1057.0,0.6357615894039735,1729.0,545.0,True,0.3152111046847889,0.9710252600297177,1729.0,major
416,Commitments,Niger,IDA,WESTERN AND CENTRAL AFRICA,FY23,350.0,470.0,0.0,0.0,820.0,2023,4,annual,820.0,0.0,country,0.4268292682926829,5.860786223465865,0.573170731707317,6.154858094016418,0.0,0.0,0.0,0.0,6.710523109452428,1729.0,-909.0,-0.5257374204742625,1729.0,-0.5257374204742625,820.0,782.0,True,0.9536585365853658,0.9175334323922734,820.0,major
2765,Commitments,Niger,IDA,WESTERN AND CENTRAL AFRICA,FY24,0.0,350.0,0.0,0.0,350.0,2024,4,annual,350.0,0.0,country,0.0,0.0,1.0,5.860786223465865,0.0,0.0,0.0,0.0,5.860786223465865,820.0,-470.0,-0.573170731707317,820.0,-0.573170731707317,350.0,149.0,True,0.4257142857142857,0.8038632986627043,350.0,significant
1566,Commitments,Niger,IDA,WESTERN AND CENTRAL AFRICA,FY25,0.0,710.0,0.0,0.0,710.0,2025,4,annual,710.0,0.0,country,0.0,0.0,1.0,6.566672429803241,0.0,0.0,0.0,0.0,6.566672429803241,350.0,360.0,1.0285714285714285,350.0,1.0285714285714285,710.0,621.0,True,0.8746478873239436,0.8933878157503715,710.0,major
346,Commitments,Niger,IDA,WESTERN AND CENTRAL AFRICA,2025-Q3,0.0,0.0,0.0,0.0,0.0,2025,3,quarterly,0.0,0.0,country,0.0,0.0,0.0,0.0,0.0,0.0,0.0,0.0,0.0,,,,,,0.0,328.49,False,,0.326271186440678,0.0,limited
153,Commitments,Niger,IDA,WESTERN AND CENTRAL AFRICA,2026-Q3,0.0,257.0,0.0,0.0,257.0,2026,3,quarterly,257.0,0.0,country,0.0,0.0,1.0,5.552959584921617,0.0,0.0,0.0,0.0,5.552959584921617,0.0,257.0,,0.0,,257.0,552.0,True,2.1478599221789882,0.9011299435028248,257.0,significant
2562,Gross Disbursements,Niger,IDA,AFRICA,FY14,50.0,59.0,0.0,0.0,109.0,2014,4,annual,109.0,0.0,country,0.45871559633027525,3.9318256327243257,0.5412844036697247,4.0943445622221,0.0,0.0,0.0,0.0,4.700480365792417,,,,,,265.0,109.0,True,0.41132075471698115,0.663290113452188,109.0,significant
2394,Gross Disbursements,Niger,IDA,AFRICA,FY15,70.0,95.0,0.0,0.0,165.0,2015,4,annual,165.0,0.0,country,0.42424242424242425,4.2626798770413155,0.5757575757575758,4.564348191467836,0.0,0.0,0.0,0.0,5.111987788356544,109.0,56.0,0.5137614678899083,109.0,0.5137614678899083,252.0,165.0,True,0.6547619047619048,0.7398703403565641,165.0,significant
1109,Gross Disbursements,Niger,IDA,AFRICA,FY16,77.0,126.0,0.0,0.0,203.0,2016,4,annual,203.0,0.0,country,0.3793103448275862,4.356708826689592,0.6206896551724138,4.844187086458591,0.0,0.0,0.0,0.0,5.318119993844216,165.0,38.0,0.23030303030303031,165.0,0.23030303030303031,349.0,203.0,True,0.5816618911174785,0.7710696920583469,203.0,significant
903,Gross Disbursements,Niger,IDA,AFRICA,FY17,51.0,146.0,0.0,0.0,197.0,2017,4,annual,197.0,0.0,country,0.25888324873096447,3.9512437185814275,0.7411167512690355,4.990432586778736,0.0,0.0,0.0,0.0,5.288267030694535,203.0,-6.0,-0.029556650246305417,203.0,-0.029556650246305417,136.0,197.0,True,1.4485294117647058,0.7674230145867099,197.0,significant
3416,Gross Disbursements,Niger,IDA,AFRICA,FY18,121.0,168.0,0.0,0.0,289.0,2018,4,annual,289.0,0.0,country,0.4186851211072664,4.804021044733257,0.5813148788927336,5.1298987149230735,0.0,0.0,0.0,0.0,5.66988092298052,197.0,92.0,0.467005076142132,197.0,0.467005076142132,265.0,289.0,True,1.090566037735849,0.8156401944894651,289.0,significant
3169,Gross Disbursements,Niger,IDA,AFRICA,FY19,109.0,152.0,0.0,0.0,261.0,2019,4,annual,261.0,0.0,country,0.41762452107279696,4.700480365792417,0.5823754789272031,5.030437921392435,0.0,0.0,0.0,0.0,5.568344503761097,289.0,-28.0,-0.09688581314878893,289.0,-0.09688581314878893,733.0,261.0,True,0.35607094133697137,0.8006482982171799,261.0,significant
2046,Gross Disbursements,Niger,IDA,AFRICA WEST,FY20,351.0,168.0,0.0,0.0,519.0,2020,4,annual,519.0,0.0,country,0.6763005780346821,5.863631175598097,0.3236994219653179,5.1298987149230735,0.0,0.0,0.0,0.0,6.253828811575473,261.0,258.0,0.9885057471264368,261.0,0.9885057471264368,810.0,519.0,True,0.6407407407407407,0.8946515397082658,519.0,major
1898,Gross Disbursements,Niger,IDA,WESTERN AND CENTRAL AFRICA,FY21,262.0,290.0,0.0,0.0,552.0,2021,4,annual,552.0,0.0,country,0.4746376811594203,5.572154032177765,0.5253623188405797,5.673323267171493,0.0,0.0,0.0,0.0,6.315358001522335,519.0,33.0,0.06358381502890173,519.0,0.06358381502890173,1057.0,552.0,True,0.522232734153264,0.9051863857374393,552.0,major
533,Gross Disbursements,Niger,IDA,WESTERN AND CENTRAL AFRICA,FY22,245.0,300.0,0.0,0.0,545.0,2022,4,annual,545.0,0.0,country,0.44954128440366975,5.5053315359323625,0.5504587155963303,5.707110264748875,0.0,0.0,0.0,0.0,6.302618975744905,552.0,-7.0,-0.012681159420289856,552.0,-0.012681159420289856,1729.0,545.0,True,0.3152111046847889,0.9035656401944895,545.0,major
2919,Gross Disbursements,Niger,IDA,WESTERN AND CENTRAL AFRICA,FY23,375.0,360.0,0.0,47.0,782.0,2023,4,annual,782.0,0.0,country,0.479539641943734,5.929589143389895,0.46035805626598464,5.8888779583328805,0.0,0.0,0.06010230179028133,3.871201010907891,6.663132695990803,545.0,237.0,0.43486238532110094,545.0,0.43486238532110094,820.0,782.0,True,0.9536585365853658,0.9343598055105349,782.0,major
1841,Gross Disbursements,Niger,IDA,WESTERN AND CENTRAL AFRICA,FY24,0.0,119.0,0.0,30.0,149.0,2024,4,annual,149.0,0.0,country,0.0,0.0,0.7986577181208053,4.787491742782046,0.0,0.0,0.20134228187919462,3.4339872044851463,5.0106352940962555,782.0,-633.0,-0.809462915601023,782.0,-0.809462915601023,350.0,149.0,True,0.4257142857142857,0.7228525121555915,149.0,significant
1721,Gross Disbursements,Niger,IDA,WESTERN AND CENTRAL AFRICA,FY25,0.0,580.0,0.0,41.0,621.0,2025,4,annual,621.0,0.0,country,0.0,0.0,0.9339774557165862,6.364750756851911,0.0,0.0,0.06602254428341385,3.7376696182833684,6.432940092739179,149.0,472.0,3.1677852348993287,149.0,3.1677852348993287,710.0,621.0,True,0.8746478873239436,0.913290113452188,621.0,major
1406,Gross Disbursements,Niger,IDA,WESTERN AND CENTRAL AFRICA,2025-Q3,0.0,288.0,0.0,40.49,328.49,2025,3,quarterly,328.49,0.0,country,0.0,0.0,0.8767390179305306,5.666426688112432,0.0,0.0,0.1232609820694694,3.725452434344777,5.797546004468364,,,,,,0.0,328.49,False,,0.8214285714285714,328.49,significant
1283,Gross Disbursements,Niger,IDA,WESTERN AND CENTRAL AFRICA,2026-Q3,0.0,515.0,0.0,37.0,552.0,2026,3,quarterly,552.0,0.0,country,0.0,0.0,0.9329710144927537,6.246106765481563,0.0,0.0,0.06702898550724638,3.6375861597263857,6.315358001522335,328.49,223.51,0.680416451033517,328.49,0.680416451033517,257.0,552.0,True,2.1478599221789882,0.9196428571428571,552.0,major
2483,Commitments,Nigeria,IDA,AFRICA,FY14,200.0,1498.0,0.0,0.0,1698.0,2014,4,annual,1698.0,0.0,country,0.11778563015312132,5.303304908059076,0.8822143698468787,7.312553498102598,0.0,0.0,0.0,0.0,7.4377951216719325,,,,,,1698.0,947.0,True,0.5577149587750294,0.9687964338781575,1698.0,major
2313,Commitments,Nigeria,IDA,AFRICA,FY15,275.0,200.0,0.0,500.0,975.0,2015,4,annual,975.0,0.0,country,0.28205128205128205,5.62040086571715,0.20512820512820512,5.303304908059076,0.0,0.0,0.5128205128205128,6.2166061010848646,6.883462586413092,1698.0,-723.0,-0.42579505300353354,1698.0,-0.42579505300353354,975.0,930.0,True,0.9538461538461539,0.9331352154531947,975.0,major
1032,Commitments,Nigeria,IDA,AFRICA,FY16,0.0,1075.0,0.0,0.0,1075.0,2016,4,annual,1075.0,0.0,country,0.0,0.0,1.0,6.98100574072173,0.0,0.0,0.0,0.0,6.98100574072173,975.0,100.0,0.10256410256410256,975.0,0.10256410256410256,1075.0,832.0,True,0.773953488372093,0.9427934621099554,1075.0,major
809,Commitments,Nigeria,IDA,AFRICA,FY17,0.0,640.0,0.0,961.0,1601.0,2017,4,annual,1601.0,0.0,country,0.0,0.0,0.3997501561524047,6.46302945692067,0.0,0.0,0.6002498438475953,6.8690144506657065,7.379008127628304,1075.0,526.0,0.48930232558139536,1075.0,0.48930232558139536,1601.0,807.0,True,0.5040599625234229,0.962852897473997,1601.0,major
3338,Commitments,Nigeria,IDA,AFRICA,FY18,0.0,1836.0,0.0,750.0,2586.0,2018,4,annual,2586.0,0.0,country,0.0,0.0,0.7099767981438515,7.515889085215125,0.0,0.0,0.2900232018561485,6.621405651764134,7.8582541821860294,1601.0,985.0,0.6152404747033104,1601.0,0.6152404747033104,2586.0,779.0,True,0.30123743232791955,0.9918276374442794,2586.0,major
3031,Commitments,Nigeria,IDA,AFRICA,FY19,0.0,27.0,0.0,0.0,27.0,2019,4,annual,27.0,0.0,country,0.0,0.0,1.0,3.332204510175204,0.0,0.0,0.0,0.0,3.332204510175204,2586.0,-2559.0,-0.9895591647331786,2586.0,-0.9895591647331786,27.0,1202.0,True,44.51851851851852,0.4725111441307578,27.0,moderate
2151,Commitments,Nigeria,IDA,AFRICA WEST,FY20,0.0,1826.0,0.0,750.0,2576.0,2020,4,annual,2576.0,0.0,country,0.0,0.0,0.7088509316770186,7.510430556378006,0.0,0.0,0.2911490683229814,6.621405651764134,7.854381210652365,27.0,2549.0,94.4074074074074,27.0,94.4074074074074,2576.0,990.0,True,0.3843167701863354,0.9910846953937593,2576.0,major
2029,Commitments,Nigeria,IDA,WESTERN AND CENTRAL AFRICA,FY21,0.0,600.0,0.0,2275.0,2875.0,2021,4,annual,2875.0,0.0,country,0.0,0.0,0.20869565217391303,6.398594934535208,0.0,0.0,0.7913043478260869,7.730174795246222,7.964155718840937,2576.0,299.0,0.11607142857142858,2576.0,0.11607142857142858,2875.0,1391.0,True,0.48382608695652174,0.9940564635958395,2875.0,major
664,Commitments,Nigeria,IDA,WESTERN AND CENTRAL AFRICA,FY22,0.0,2400.0,0.0,0.0,2400.0,2022,4,annual,2400.0,0.0,country,0.0,0.0,1.0,7.783640596221253,0.0,0.0,0.0,0.0,7.783640596221253,2875.0,-475.0,-0.16521739130434782,2875.0,-0.16521739130434782,2400.0,2166.0,True,0.9025,0.9888558692421991,2400.0,major
417,Commitments,Nigeria,IDA,WESTERN AND CENTRAL AFRICA,FY23,0.0,500.0,0.0,1051.0,1551.0,2023,4,annual,1551.0,0.0,country,0.0,0.0,0.3223726627981947,6.2166061010848646,0.0,0.0,0.6776273372018052,6.9584483932976555,7.347299700743164,2400.0,-849.0,-0.35375,2400.0,-0.35375,1551.0,1830.0,True,1.1798839458413926,0.9613670133729569,1551.0,major
2766,Commitments,Nigeria,IDA,WESTERN AND CENTRAL AFRICA,FY24,750.0,1450.0,0.0,0.0,2200.0,2024,4,annual,2200.0,0.0,country,0.3409090909090909,6.621405651764134,0.6590909090909091,7.280008252884188,0.0,0.0,0.0,0.0,7.696667081526462,1551.0,649.0,0.41843971631205673,1551.0,0.41843971631205673,2200.0,2849.0,True,1.295,0.9836552748885586,2200.0,major
1567,Commitments,Nigeria,IDA,WESTERN AND CENTRAL AFRICA,FY25,0.0,1145.0,0.0,2000.0,3145.0,2025,4,annual,3145.0,0.0,country,0.0,0.0,0.3640699523052464,7.044032897274685,0.0,0.0,0.6359300476947536,7.601402334583733,8.053887083618223,2200.0,945.0,0.42954545454545456,2200.0,0.42954545454545456,3145.0,1437.0,True,0.45691573926868045,0.9977711738484398,3145.0,major
347,Commitments,Nigeria,IDA,WESTERN AND CENTRAL AFRICA,2025-Q3,0.0,1080.0,0.0,2000.0,3080.0,2025,3,quarterly,3080.0,0.0,country,0.0,0.0,0.35064935064935066,6.985641817639208,0.0,0.0,0.6493506493506493,7.601402334583733,8.033009498596668,,,,,,3080.0,898.2,True,0.2916233766233766,0.9971751412429378,3080.0,major
154,Commitments,Nigeria,IDA,WESTERN AND CENTRAL AFRICA,2026-Q3,0.0,1650.0,0.0,0.0,1650.0,2026,3,quarterly,1650.0,0.0,country,0.0,0.0,1.0,7.409136443920128,0.0,0.0,0.0,0.0,7.409136443920128,3080.0,-1430.0,-0.4642857142857143,3080.0,-0.4642857142857143,1650.0,983.19,True,0.5958727272727273,0.9887005649717514,1650.0,major
2563,Gross Disbursements,Nigeria,IDA,AFRICA,FY14,175.0,772.0,0.0,0.0,947.0,2014,4,annual,947.0,0.0,country,0.18479408658922913,5.170483995038151,0.8152059134107709,6.650279048587422,0.0,0.0,0.0,0.0,6.854354502255021,,,,,,1698.0,947.0,True,0.5577149587750294,0.9481361426256077,947.0,major
2395,Gross Disbursements,Nigeria,IDA,AFRICA,FY15,198.0,732.0,0.0,0.0,930.0,2015,4,annual,930.0,0.0,country,0.2129032258064516,5.293304824724492,0.7870967741935484,6.597145701886651,0.0,0.0,0.0,0.0,6.836259277277067,947.0,-17.0,-0.01795142555438226,947.0,-0.01795142555438226,975.0,930.0,True,0.9538461538461539,0.946515397082658,930.0,major
1110,Gross Disbursements,Nigeria,IDA,AFRICA,FY16,273.0,494.0,0.0,65.0,832.0,2016,4,annual,832.0,0.0,country,0.328125,5.6131281063880705,0.59375,6.20455776256869,0.0,0.0,0.078125,4.189654742026425,6.725033642166843,930.0,-98.0,-0.1053763440860215,930.0,-0.1053763440860215,1075.0,832.0,True,0.773953488372093,0.9408427876823339,832.0,major
892,Gross Disbursements,Nigeria,IDA,AFRICA,FY17,0.0,807.0,0.0,0.0,807.0,2017,4,annual,807.0,0.0,country,0.0,0.0,1.0,6.694562058521095,0.0,0.0,0.0,0.0,6.694562058521095,832.0,-25.0,-0.030048076923076924,832.0,-0.030048076923076924,1601.0,807.0,True,0.5040599625234229,0.9376012965964343,807.0,major
3400,Gross Disbursements,Nigeria,IDA,AFRICA,FY18,0.0,675.0,0.0,104.0,779.0,2018,4,annual,779.0,0.0,country,0.0,0.0,0.8664955070603337,6.516193076042964,0.0,0.0,0.13350449293966624,4.653960350157523,6.659293919683638,807.0,-28.0,-0.03469640644361834,807.0,-0.03469640644361834,2586.0,779.0,True,0.30123743232791955,0.93354943273906,779.0,major
3163,Gross Disbursements,Nigeria,IDA,AFRICA,FY19,0.0,860.0,0.0,342.0,1202.0,2019,4,annual,1202.0,0.0,country,0.0,0.0,0.7154742096505824,6.7580945044277305,0.0,0.0,0.28452579034941766,5.8377304471659395,7.0925737159746784,779.0,423.0,0.5430038510911425,779.0,0.5430038510911425,27.0,1202.0,True,44.51851851851852,0.9627228525121556,1202.0,major
2038,Gross Disbursements,Nigeria,IDA,AFRICA WEST,FY20,0.0,746.0,0.0,244.0,990.0,2020,4,annual,990.0,0.0,country,0.0,0.0,0.7535353535353535,6.616065185132817,0.0,0.0,0.24646464646464647,5.501258210544727,6.898714534329988,1202.0,-212.0,-0.17637271214642264,1202.0,-0.17637271214642264,2576.0,990.0,True,0.3843167701863354,0.9513776337115073,990.0,major
1899,Gross Disbursements,Nigeria,IDA,WESTERN AND CENTRAL AFRICA,FY21,0.0,429.0,0.0,962.0,1391.0,2021,4,annual,1391.0,0.0,country,0.0,0.0,0.308411214953271,6.063785208687608,0.0,0.0,0.6915887850467289,6.870053411798126,7.238496840894365,990.0,401.0,0.40505050505050505,990.0,0.40505050505050505,2875.0,1391.0,True,0.48382608695652174,0.973257698541329,1391.0,major
534,Gross Disbursements,Nigeria,IDA,WESTERN AND CENTRAL AFRICA,FY22,0.0,1034.0,0.0,1132.0,2166.0,2022,4,annual,2166.0,0.0,country,0.0,0.0,0.4773776546629732,6.942156705699469,0.0,0.0,0.5226223453370268,7.0326242610280065,7.681099001536359,1391.0,775.0,0.5571531272465852,1391.0,0.5571531272465852,2400.0,2166.0,True,0.9025,0.9951377633711507,2166.0,major
2920,Gross Disbursements,Nigeria,IDA,WESTERN AND CENTRAL AFRICA,FY23,0.0,1043.0,0.0,787.0,1830.0,2023,4,annual,1830.0,0.0,country,0.0,0.0,0.5699453551912569,6.950814768442584,0.0,0.0,0.43005464480874317,6.669498089857879,7.5126175446745105,2166.0,-336.0,-0.15512465373961218,2166.0,-0.15512465373961218,1551.0,1830.0,True,1.1798839458413926,0.9886547811993517,1830.0,major
1842,Gross Disbursements,Nigeria,IDA,WESTERN AND CENTRAL AFRICA,FY24,750.0,1418.0,0.0,681.0,2849.0,2024,4,annual,2849.0,0.0,country,0.26325026325026324,6.621405651764134,0.49771849771849774,7.257707677160043,0.0,0.0,0.23903123903123902,6.525029657843462,7.955074273262696,1830.0,1019.0,0.5568306010928962,1830.0,0.5568306010928962,2200.0,2849.0,True,1.295,0.9983792544570502,2849.0,major
1722,Gross Disbursements,Nigeria,IDA,WESTERN AND CENTRAL AFRICA,FY25,0.0,1334.0,0.0,103.0,1437.0,2025,4,annual,1437.0,0.0,country,0.0,0.0,0.9283228949199722,7.19668657083435,0.0,0.0,0.07167710508002784,4.6443908991413725,7.271008538280992,2849.0,-1412.0,-0.4956124956124956,2849.0,-0.4956124956124956,3145.0,1437.0,True,0.45691573926868045,0.9773095623987034,1437.0,major
1407,Gross Disbursements,Nigeria,IDA,WESTERN AND CENTRAL AFRICA,2025-Q3,0.0,799.0,0.0,99.2,898.2,2025,3,quarterly,898.2,0.0,country,0.0,0.0,0.8895568915608996,6.684611727667927,0.0,0.0,0.11044310843910042,4.607168188650764,6.8015054791394265,,,,,,3080.0,898.2,True,0.2916233766233766,0.96875,898.2,major
1284,Gross Disbursements,Nigeria,IDA,WESTERN AND CENTRAL AFRICA,2026-Q3,0.0,565.71,-0.3,417.78,983.19,2026,3,quarterly,983.19,0.0,country,0.0,0.0,0.5753821743508376,6.339847709040707,-0.00030512922222561254,0.0,0.424922954871388,6.03734572236417,6.891818967843783,898.2,84.99000000000001,0.09462257849031397,898.2,0.09462257849031397,1650.0,983.19,True,0.5958727272727273,0.9821428571428571,983.19,major
3375,Commitments,North Macedonia,IDA,EUROPE AND CENTRAL ASIA,FY18,0.0,0.0,0.0,0.0,0.0,2018,4,annual,0.0,0.0,country,0.0,0.0,0.0,0.0,0.0,0.0,0.0,0.0,0.0,,,,,,0.0,,False,,0.19539375928677563,0.0,limited
3137,Commitments,North Macedonia,IDA,EUROPE AND CENTRAL ASIA,FY19,0.0,0.0,0.0,0.0,0.0,2019,4,annual,0.0,0.0,country,0.0,0.0,0.0,0.0,0.0,0.0,0.0,0.0,0.0,0.0,0.0,,0.0,,0.0,0.0,False,,0.19539375928677563,0.0,limited
3008,Commitments,North Macedonia,IDA,EUROPE AND CENTRAL ASIA,FY20,0.0,0.0,0.0,0.0,0.0,2020,4,annual,0.0,0.0,country,0.0,0.0,0.0,0.0,0.0,0.0,0.0,0.0,0.0,0.0,0.0,,0.0,,0.0,0.0,False,,0.19539375928677563,0.0,limited
1963,Commitments,North Macedonia,IDA,EUROPE AND CENTRAL ASIA,FY21,0.0,0.0,0.0,0.0,0.0,2021,4,annual,0.0,0.0,country,0.0,0.0,0.0,0.0,0.0,0.0,0.0,0.0,0.0,0.0,0.0,,0.0,,0.0,0.0,False,,0.19539375928677563,0.0,limited
598,Commitments,North Macedonia,IDA,EUROPE AND CENTRAL ASIA,FY22,0.0,0.0,0.0,0.0,0.0,2022,4,annual,0.0,0.0,country,0.0,0.0,0.0,0.0,0.0,0.0,0.0,0.0,0.0,0.0,0.0,,0.0,,0.0,0.0,False,,0.19539375928677563,0.0,limited
2984,Commitments,North Macedonia,IDA,EUROPE AND CENTRAL ASIA,FY23,0.0,0.0,0.0,0.0,0.0,2023,4,annual,0.0,0.0,country,0.0,0.0,0.0,0.0,0.0,0.0,0.0,0.0,0.0,0.0,0.0,,0.0,,0.0,0.0,False,,0.19539375928677563,0.0,limited
2686,Commitments,North Macedonia,IDA,EUROPE AND CENTRAL ASIA,FY24,0.0,0.0,0.0,0.0,0.0,2024,4,annual,0.0,0.0,country,0.0,0.0,0.0,0.0,0.0,0.0,0.0,0.0,0.0,0.0,0.0,,0.0,,0.0,0.0,False,,0.19539375928677563,0.0,limited
1487,Commitments,North Macedonia,IDA,EUROPE AND CENTRAL ASIA,FY25,0.0,0.0,0.0,0.0,0.0,2025,4,annual,0.0,0.0,country,0.0,0.0,0.0,0.0,0.0,0.0,0.0,0.0,0.0,0.0,0.0,,0.0,,0.0,0.0,False,,0.19539375928677563,0.0,limited
267,Commitments,North Macedonia,IDA,EUROPE AND CENTRAL ASIA,2025-Q3,0.0,0.0,0.0,0.0,0.0,2025,3,quarterly,0.0,0.0,country,0.0,0.0,0.0,0.0,0.0,0.0,0.0,0.0,0.0,,,,,,0.0,0.0,False,,0.326271186440678,0.0,limited
74,Commitments,North Macedonia,IDA,EUROPE AND CENTRAL ASIA,2026-Q3,0.0,0.0,0.0,0.0,0.0,2026,3,quarterly,0.0,0.0,country,0.0,0.0,0.0,0.0,0.0,0.0,0.0,0.0,0.0,0.0,0.0,,0.0,,0.0,0.0,False,,0.326271186440678,0.0,limited
3262,Gross Disbursements,North Macedonia,IDA,EUROPE AND CENTRAL ASIA,FY19,0.0,0.0,0.0,0.0,0.0,2019,4,annual,0.0,0.0,country,0.0,0.0,0.0,0.0,0.0,0.0,0.0,0.0,0.0,,,,,,0.0,0.0,False,,0.1094003241491086,0.0,limited
2138,Gross Disbursements,North Macedonia,IDA,EUROPE AND CENTRAL ASIA,FY20,0.0,0.0,0.0,0.0,0.0,2020,4,annual,0.0,0.0,country,0.0,0.0,0.0,0.0,0.0,0.0,0.0,0.0,0.0,0.0,0.0,,0.0,,0.0,0.0,False,,0.1094003241491086,0.0,limited
723,Gross Disbursements,North Macedonia,IDA,EUROPE AND CENTRAL ASIA,FY21,0.0,0.0,0.0,0.0,0.0,2021,4,annual,0.0,0.0,country,0.0,0.0,0.0,0.0,0.0,0.0,0.0,0.0,0.0,0.0,0.0,,0.0,,0.0,0.0,False,,0.1094003241491086,0.0,limited
476,Gross Disbursements,North Macedonia,IDA,EUROPE AND CENTRAL ASIA,FY22,0.0,0.0,0.0,0.0,0.0,2022,4,annual,0.0,0.0,country,0.0,0.0,0.0,0.0,0.0,0.0,0.0,0.0,0.0,0.0,0.0,,0.0,,0.0,0.0,False,,0.1094003241491086,0.0,limited
2860,Gross Disbursements,North Macedonia,IDA,EUROPE AND CENTRAL ASIA,FY23,0.0,0.0,0.0,0.0,0.0,2023,4,annual,0.0,0.0,country,0.0,0.0,0.0,0.0,0.0,0.0,0.0,0.0,0.0,0.0,0.0,,0.0,,0.0,0.0,False,,0.1094003241491086,0.0,limited
1782,Gross Disbursements,North Macedonia,IDA,EUROPE AND CENTRAL ASIA,FY24,0.0,0.0,0.0,0.0,0.0,2024,4,annual,0.0,0.0,country,0.0,0.0,0.0,0.0,0.0,0.0,0.0,0.0,0.0,0.0,0.0,,0.0,,0.0,0.0,False,,0.1094003241491086,0.0,limited
1662,Gross Disbursements,North Macedonia,IDA,EUROPE AND CENTRAL ASIA,FY25,0.0,0.0,0.0,0.0,0.0,2025,4,annual,0.0,0.0,country,0.0,0.0,0.0,0.0,0.0,0.0,0.0,0.0,0.0,0.0,0.0,,0.0,,0.0,0.0,False,,0.1094003241491086,0.0,limited
1347,Gross Disbursements,North Macedonia,IDA,EUROPE AND CENTRAL ASIA,2025-Q3,0.0,0.0,0.0,0.0,0.0,2025,3,quarterly,0.0,0.0,country,0.0,0.0,0.0,0.0,0.0,0.0,0.0,0.0,0.0,,,,,,0.0,0.0,False,,0.15848214285714285,0.0,limited
1224,Gross Disbursements,North Macedonia,IDA,EUROPE AND CENTRAL ASIA,2026-Q3,0.0,0.0,0.0,0.0,0.0,2026,3,quarterly,0.0,0.0,country,0.0,0.0,0.0,0.0,0.0,0.0,0.0,0.0,0.0,0.0,0.0,,0.0,,0.0,0.0,False,,0.15848214285714285,0.0,limited
2687,Commitments,Norway,IDA,EUROPE AND CENTRAL ASIA,FY24,0.0,0.0,0.0,0.0,0.0,2024,4,annual,0.0,0.0,country,0.0,0.0,0.0,0.0,0.0,0.0,0.0,0.0,0.0,,,,,,0.0,,False,,0.19539375928677563,0.0,limited
1488,Commitments,Norway,IDA,EUROPE AND CENTRAL ASIA,FY25,0.0,0.0,0.0,0.0,0.0,2025,4,annual,0.0,0.0,country,0.0,0.0,0.0,0.0,0.0,0.0,0.0,0.0,0.0,0.0,0.0,,0.0,,0.0,,False,,0.19539375928677563,0.0,limited
268,Commitments,Norway,IDA,EUROPE AND CENTRAL ASIA,2025-Q3,0.0,0.0,0.0,0.0,0.0,2025,3,quarterly,0.0,0.0,country,0.0,0.0,0.0,0.0,0.0,0.0,0.0,0.0,0.0,,,,,,0.0,,False,,0.326271186440678,0.0,limited
75,Commitments,Norway,IDA,EUROPE AND CENTRAL ASIA,2026-Q3,0.0,0.0,0.0,0.0,0.0,2026,3,quarterly,0.0,0.0,country,0.0,0.0,0.0,0.0,0.0,0.0,0.0,0.0,0.0,0.0,0.0,,0.0,,0.0,,False,,0.326271186440678,0.0,limited
1984,Commitments,OECS Countries,IDA,LATIN AMERICA AND CARIBBEAN,FY21,0.0,0.0,0.0,0.0,0.0,2021,4,annual,0.0,0.0,country,0.0,0.0,0.0,0.0,0.0,0.0,0.0,0.0,0.0,,,,,,0.0,,False,,0.19539375928677563,0.0,limited
619,Commitments,OECS Countries,IDA,LATIN AMERICA AND CARIBBEAN,FY22,0.0,13.0,0.0,0.0,13.0,2022,4,annual,13.0,0.0,country,0.0,0.0,1.0,2.6390573296152584,0.0,0.0,0.0,0.0,2.6390573296152584,0.0,13.0,,0.0,,13.0,,True,,0.42161961367013373,13.0,moderate
372,Commitments,OECS Countries,IDA,LATIN AMERICA AND CARIBBEAN,FY23,0.0,0.0,0.0,0.0,0.0,2023,4,annual,0.0,0.0,country,0.0,0.0,0.0,0.0,0.0,0.0,0.0,0.0,0.0,13.0,-13.0,-1.0,13.0,-1.0,0.0,2.0,False,,0.19539375928677563,0.0,limited
2790,Commitments,OECS Countries,IDA,LATIN AMERICA AND CARIBBEAN,FY24,0.0,6.0,0.0,0.0,6.0,2024,4,annual,6.0,0.0,country,0.0,0.0,1.0,1.9459101490553132,0.0,0.0,0.0,0.0,1.9459101490553132,0.0,6.0,,0.0,,6.0,1.0,False,,0.4049034175334324,6.0,limited
1591,Commitments,OECS Countries,IDA,LATIN AMERICA AND CARIBBEAN,FY25,0.0,0.0,0.0,0.0,0.0,2025,4,annual,0.0,0.0,country,0.0,0.0,0.0,0.0,0.0,0.0,0.0,0.0,0.0,6.0,-6.0,-1.0,6.0,-1.0,0.0,0.0,False,,0.19539375928677563,0.0,limited
1153,Commitments,OECS Countries,IDA,LATIN AMERICA AND CARIBBEAN,2025-Q3,0.0,0.0,0.0,0.0,0.0,2025,3,quarterly,0.0,0.0,country,0.0,0.0,0.0,0.0,0.0,0.0,0.0,0.0,0.0,,,,,,0.0,0.0,False,,0.326271186440678,0.0,limited
178,Commitments,OECS Countries,IDA,LATIN AMERICA AND CARIBBEAN,2026-Q3,0.0,0.0,0.0,0.0,0.0,2026,3,quarterly,0.0,0.0,country,0.0,0.0,0.0,0.0,0.0,0.0,0.0,0.0,0.0,0.0,0.0,,0.0,,0.0,1.0,False,,0.326271186440678,0.0,limited
2877,Gross Disbursements,OECS Countries,IDA,LATIN AMERICA AND CARIBBEAN,FY23,0.0,2.0,0.0,0.0,2.0,2023,4,annual,2.0,0.0,country,0.0,0.0,1.0,1.0986122886681098,0.0,0.0,0.0,0.0,1.0986122886681098,,,,,,0.0,2.0,False,,0.233387358184765,2.0,limited
1799,Gross Disbursements,OECS Countries,IDA,LATIN AMERICA AND CARIBBEAN,FY24,0.0,1.0,0.0,0.0,1.0,2024,4,annual,1.0,0.0,country,0.0,0.0,1.0,0.6931471805599453,0.0,0.0,0.0,0.0,0.6931471805599453,2.0,-1.0,-0.5,2.0,-0.5,6.0,1.0,False,,0.21920583468395463,1.0,limited
1679,Gross Disbursements,OECS Countries,IDA,LATIN AMERICA AND CARIBBEAN,FY25,0.0,0.0,0.0,0.0,0.0,2025,4,annual,0.0,0.0,country,0.0,0.0,0.0,0.0,0.0,0.0,0.0,0.0,0.0,1.0,-1.0,-1.0,1.0,-1.0,0.0,0.0,False,,0.1094003241491086,0.0,limited
1364,Gross Disbursements,OECS Countries,IDA,LATIN AMERICA AND CARIBBEAN,2025-Q3,0.0,0.0,0.0,0.0,0.0,2025,3,quarterly,0.0,0.0,country,0.0,0.0,0.0,0.0,0.0,0.0,0.0,0.0,0.0,,,,,,0.0,0.0,False,,0.15848214285714285,0.0,limited
1241,Gross Disbursements,OECS Countries,IDA,LATIN AMERICA AND CARIBBEAN,2026-Q3,0.0,1.0,0.0,0.0,1.0,2026,3,quarterly,1.0,0.0,country,0.0,0.0,1.0,0.6931471805599453,0.0,0.0,0.0,0.0,0.6931471805599453,0.0,1.0,,0.0,,0.0,1.0,False,,0.3013392857142857,1.0,limited
2743,Commitments,Oman,IDA,MIDDLE EAST AND NORTH AFRICA,FY24,0.0,0.0,0.0,0.0,0.0,2024,4,annual,0.0,0.0,country,0.0,0.0,0.0,0.0,0.0,0.0,0.0,0.0,0.0,,,,,,0.0,,False,,0.19539375928677563,0.0,limited
1544,Commitments,Oman,IDA,MIDDLE EAST AND NORTH AFRICA,FY25,0.0,0.0,0.0,0.0,0.0,2025,4,annual,0.0,0.0,country,0.0,0.0,0.0,0.0,0.0,0.0,0.0,0.0,0.0,0.0,0.0,,0.0,,0.0,,False,,0.19539375928677563,0.0,limited
324,Commitments,Oman,IDA,"MIDDLE EAST, NORTH AFRICA, AFGHANISTAN, AND PAKISTAN",2025-Q3,0.0,0.0,0.0,0.0,0.0,2025,3,quarterly,0.0,0.0,country,0.0,0.0,0.0,0.0,0.0,0.0,0.0,0.0,0.0,,,,,,0.0,,False,,0.326271186440678,0.0,limited
131,Commitments,Oman,IDA,"MIDDLE EAST, NORTH AFRICA, AFGHANISTAN, AND PAKISTAN",2026-Q3,0.0,-1.0,0.0,0.0,-1.0,2026,3,quarterly,-1.0,0.0,country,-0.0,0.0,1.0,0.0,-0.0,0.0,-0.0,0.0,0.0,0.0,-1.0,,0.0,,-1.0,,False,,0.00847457627118644,1.0,limited
210,Commitments,Pacific 1,IDA,EAST ASIA AND PACIFIC,2025-Q3,0.0,0.0,0.0,0.0,0.0,2025,3,quarterly,0.0,0.0,aggregate_or_institution,0.0,0.0,0.0,0.0,0.0,0.0,0.0,0.0,0.0,,,,,,0.0,,False,,0.328125,0.0,limited
17,Commitments,Pacific 1,IDA,EAST ASIA AND PACIFIC,2026-Q3,0.0,10.0,0.0,0.0,10.0,2026,3,quarterly,10.0,0.0,aggregate_or_institution,0.0,0.0,1.0,2.3978952727983707,0.0,0.0,0.0,0.0,2.3978952727983707,0.0,10.0,,0.0,,10.0,,True,,0.8125,10.0,limited
2499,Commitments,Pacific Islands,IDA,EAST ASIA AND PACIFIC,FY14,0.0,2.0,0.0,0.0,2.0,2014,4,annual,2.0,0.0,aggregate_or_institution,0.0,0.0,1.0,1.0986122886681098,0.0,0.0,0.0,0.0,1.0986122886681098,,,,,,2.0,1.0,False,,0.5175438596491229,2.0,limited
2329,Commitments,Pacific Islands,IDA,EAST ASIA AND PACIFIC,FY15,0.0,13.0,0.0,0.0,13.0,2015,4,annual,13.0,0.0,aggregate_or_institution,0.0,0.0,1.0,2.6390573296152584,0.0,0.0,0.0,0.0,2.6390573296152584,2.0,11.0,5.5,2.0,5.5,13.0,1.0,True,0.07692307692307693,0.6271929824561403,13.0,moderate
1048,Commitments,Pacific Islands,IDA,EAST ASIA AND PACIFIC,FY16,0.0,0.0,0.0,0.0,0.0,2016,4,annual,0.0,0.0,aggregate_or_institution,0.0,0.0,0.0,0.0,0.0,0.0,0.0,0.0,0.0,13.0,-13.0,-1.0,13.0,-1.0,0.0,1.0,False,,0.25877192982456143,0.0,limited
873,Commitments,Pacific Islands,IDA,EAST ASIA AND PACIFIC,FY17,0.0,4.0,0.0,0.0,4.0,2017,4,annual,4.0,0.0,aggregate_or_institution,0.0,0.0,1.0,1.6094379124341003,0.0,0.0,0.0,0.0,1.6094379124341003,0.0,4.0,,0.0,,4.0,2.0,False,,0.5570175438596491,4.0,limited
3363,Commitments,Pacific Islands,IDA,EAST ASIA AND PACIFIC,FY18,0.0,4.0,0.0,0.0,4.0,2018,4,annual,4.0,0.0,aggregate_or_institution,0.0,0.0,1.0,1.6094379124341003,0.0,0.0,0.0,0.0,1.6094379124341003,4.0,0.0,0.0,4.0,0.0,4.0,3.0,False,,0.5570175438596491,4.0,limited
3113,Commitments,Pacific Islands,IDA,EAST ASIA AND PACIFIC,FY19,0.0,0.0,0.0,0.0,0.0,2019,4,annual,0.0,0.0,aggregate_or_institution,0.0,0.0,0.0,0.0,0.0,0.0,0.0,0.0,0.0,4.0,-4.0,-1.0,4.0,-1.0,0.0,2.0,False,,0.25877192982456143,0.0,limited
2240,Commitments,Pacific Islands,IDA,EAST ASIA AND PACIFIC,FY20,0.0,4.0,0.0,0.0,4.0,2020,4,annual,4.0,0.0,aggregate_or_institution,0.0,0.0,1.0,1.6094379124341003,0.0,0.0,0.0,0.0,1.6094379124341003,0.0,4.0,,0.0,,4.0,3.0,False,,0.5570175438596491,4.0,limited
1916,Commitments,Pacific Islands,IDA,EAST ASIA AND PACIFIC,FY21,0.0,0.0,0.0,0.0,0.0,2021,4,annual,0.0,0.0,aggregate_or_institution,0.0,0.0,0.0,0.0,0.0,0.0,0.0,0.0,0.0,4.0,-4.0,-1.0,4.0,-1.0,0.0,3.0,False,,0.25877192982456143,0.0,limited
551,Commitments,Pacific Islands,IDA,EAST ASIA AND PACIFIC,FY22,0.0,0.0,0.0,0.0,0.0,2022,4,annual,0.0,0.0,aggregate_or_institution,0.0,0.0,0.0,0.0,0.0,0.0,0.0,0.0,0.0,0.0,0.0,,0.0,,0.0,2.0,False,,0.25877192982456143,0.0,limited
2937,Commitments,Pacific Islands,IDA,EAST ASIA AND PACIFIC,FY23,0.0,0.0,0.0,0.0,0.0,2023,4,annual,0.0,0.0,aggregate_or_institution,0.0,0.0,0.0,0.0,0.0,0.0,0.0,0.0,0.0,0.0,0.0,,0.0,,0.0,3.0,False,,0.25877192982456143,0.0,limited
2777,Commitments,Pacific Islands,IDA,EAST ASIA AND PACIFIC,FY24,0.0,9.0,0.0,0.0,9.0,2024,4,annual,9.0,0.0,aggregate_or_institution,0.0,0.0,1.0,2.302585092994046,0.0,0.0,0.0,0.0,2.302585092994046,0.0,9.0,,0.0,,9.0,4.0,False,,0.6052631578947368,9.0,limited
1578,Commitments,Pacific Islands,IDA,EAST ASIA AND PACIFIC,FY25,0.0,5.0,0.0,0.0,5.0,2025,4,annual,5.0,0.0,aggregate_or_institution,0.0,0.0,1.0,1.791759469228055,0.0,0.0,0.0,0.0,1.791759469228055,9.0,-4.0,-0.4444444444444444,9.0,-0.4444444444444444,5.0,3.0,False,,0.5789473684210527,5.0,limited
358,Commitments,Pacific Islands,IDA,EAST ASIA AND PACIFIC,2025-Q3,0.0,5.0,0.0,0.0,5.0,2025,3,quarterly,5.0,0.0,aggregate_or_institution,0.0,0.0,1.0,1.791759469228055,0.0,0.0,0.0,0.0,1.791759469228055,,,,,,5.0,2.0,False,,0.765625,5.0,limited
165,Commitments,Pacific Islands,IDA,EAST ASIA AND PACIFIC,2026-Q3,0.0,0.0,0.0,0.0,0.0,2026,3,quarterly,0.0,0.0,aggregate_or_institution,0.0,0.0,0.0,0.0,0.0,0.0,0.0,0.0,0.0,5.0,-5.0,-1.0,5.0,-1.0,0.0,3.0,False,,0.328125,0.0,limited
2581,Gross Disbursements,Pacific Islands,IDA,EAST ASIA AND PACIFIC,FY14,0.0,1.0,0.0,0.0,1.0,2014,4,annual,1.0,0.0,aggregate_or_institution,0.0,0.0,1.0,0.6931471805599453,0.0,0.0,0.0,0.0,0.6931471805599453,,,,,,2.0,1.0,False,,0.2074468085106383,1.0,limited
2413,Gross Disbursements,Pacific Islands,IDA,EAST ASIA AND PACIFIC,FY15,0.0,1.0,0.0,0.0,1.0,2015,4,annual,1.0,0.0,aggregate_or_institution,0.0,0.0,1.0,0.6931471805599453,0.0,0.0,0.0,0.0,0.6931471805599453,1.0,0.0,0.0,1.0,0.0,13.0,1.0,True,0.07692307692307693,0.2074468085106383,1.0,limited
1135,Gross Disbursements,Pacific Islands,IDA,EAST ASIA AND PACIFIC,FY16,0.0,1.0,0.0,0.0,1.0,2016,4,annual,1.0,0.0,aggregate_or_institution,0.0,0.0,1.0,0.6931471805599453,0.0,0.0,0.0,0.0,0.6931471805599453,1.0,0.0,0.0,1.0,0.0,0.0,1.0,False,,0.2074468085106383,1.0,limited
970,Gross Disbursements,Pacific Islands,IDA,EAST ASIA AND PACIFIC,FY17,0.0,2.0,0.0,0.0,2.0,2017,4,annual,2.0,0.0,aggregate_or_institution,0.0,0.0,1.0,1.0986122886681098,0.0,0.0,0.0,0.0,1.0986122886681098,1.0,1.0,1.0,1.0,1.0,4.0,2.0,False,,0.31382978723404253,2.0,limited
801,Gross Disbursements,Pacific Islands,IDA,EAST ASIA AND PACIFIC,FY18,0.0,3.0,0.0,0.0,3.0,2018,4,annual,3.0,0.0,aggregate_or_institution,0.0,0.0,1.0,1.3862943611198906,0.0,0.0,0.0,0.0,1.3862943611198906,2.0,1.0,0.5,2.0,0.5,4.0,3.0,False,,0.44148936170212766,3.0,limited
3245,Gross Disbursements,Pacific Islands,IDA,EAST ASIA AND PACIFIC,FY19,0.0,2.0,0.0,0.0,2.0,2019,4,annual,2.0,0.0,aggregate_or_institution,0.0,0.0,1.0,1.0986122886681098,0.0,0.0,0.0,0.0,1.0986122886681098,3.0,-1.0,-0.3333333333333333,3.0,-0.3333333333333333,0.0,2.0,False,,0.31382978723404253,2.0,limited
2123,Gross Disbursements,Pacific Islands,IDA,EAST ASIA AND PACIFIC,FY20,0.0,3.0,0.0,0.0,3.0,2020,4,annual,3.0,0.0,aggregate_or_institution,0.0,0.0,1.0,1.3862943611198906,0.0,0.0,0.0,0.0,1.3862943611198906,2.0,1.0,0.5,2.0,0.5,4.0,3.0,False,,0.44148936170212766,3.0,limited
679,Gross Disbursements,Pacific Islands,IDA,EAST ASIA AND PACIFIC,FY21,0.0,3.0,0.0,0.0,3.0,2021,4,annual,3.0,0.0,aggregate_or_institution,0.0,0.0,1.0,1.3862943611198906,0.0,0.0,0.0,0.0,1.3862943611198906,3.0,0.0,0.0,3.0,0.0,0.0,3.0,False,,0.44148936170212766,3.0,limited
432,Gross Disbursements,Pacific Islands,IDA,EAST ASIA AND PACIFIC,FY22,0.0,2.0,0.0,0.0,2.0,2022,4,annual,2.0,0.0,aggregate_or_institution,0.0,0.0,1.0,1.0986122886681098,0.0,0.0,0.0,0.0,1.0986122886681098,3.0,-1.0,-0.3333333333333333,3.0,-0.3333333333333333,0.0,2.0,False,,0.31382978723404253,2.0,limited
2815,Gross Disbursements,Pacific Islands,IDA,EAST ASIA AND PACIFIC,FY23,0.0,3.0,0.0,0.0,3.0,2023,4,annual,3.0,0.0,aggregate_or_institution,0.0,0.0,1.0,1.3862943611198906,0.0,0.0,0.0,0.0,1.3862943611198906,2.0,1.0,0.5,2.0,0.5,0.0,3.0,False,,0.44148936170212766,3.0,limited
1737,Gross Disbursements,Pacific Islands,IDA,EAST ASIA AND PACIFIC,FY24,0.0,4.0,0.0,0.0,4.0,2024,4,annual,4.0,0.0,aggregate_or_institution,0.0,0.0,1.0,1.6094379124341003,0.0,0.0,0.0,0.0,1.6094379124341003,3.0,1.0,0.3333333333333333,3.0,0.3333333333333333,9.0,4.0,False,,0.5425531914893617,4.0,limited
1616,Gross Disbursements,Pacific Islands,IDA,EAST ASIA AND PACIFIC,FY25,0.0,3.0,0.0,0.0,3.0,2025,4,annual,3.0,0.0,aggregate_or_institution,0.0,0.0,1.0,1.3862943611198906,0.0,0.0,0.0,0.0,1.3862943611198906,4.0,-1.0,-0.25,4.0,-0.25,5.0,3.0,False,,0.44148936170212766,3.0,limited
1301,Gross Disbursements,Pacific Islands,IDA,EAST ASIA AND PACIFIC,2025-Q3,0.0,2.0,0.0,0.0,2.0,2025,3,quarterly,2.0,0.0,aggregate_or_institution,0.0,0.0,1.0,1.0986122886681098,0.0,0.0,0.0,0.0,1.0986122886681098,,,,,,5.0,2.0,False,,0.5,2.0,limited
1178,Gross Disbursements,Pacific Islands,IDA,EAST ASIA AND PACIFIC,2026-Q3,0.0,3.0,0.0,0.0,3.0,2026,3,quarterly,3.0,0.0,aggregate_or_institution,0.0,0.0,1.0,1.3862943611198906,0.0,0.0,0.0,0.0,1.3862943611198906,2.0,1.0,0.5,2.0,0.5,0.0,3.0,False,,0.6136363636363636,3.0,limited
2533,Commitments,Pakistan,IDA,SOUTH ASIA,FY14,1000.0,1168.0,0.0,50.0,2218.0,2014,4,annual,2218.0,0.0,country,0.4508566275924256,6.90875477931522,0.5266005410279531,7.063903961472068,0.0,0.0,0.02254283137962128,3.9318256327243257,7.704811922932594,,,,,,2218.0,1533.0,True,0.6911632100991885,0.9843982169390788,2218.0,major
2363,Commitments,Pakistan,IDA,SOUTH ASIA,FY15,500.0,851.0,0.0,0.0,1351.0,2015,4,annual,1351.0,0.0,country,0.3700962250185048,6.2166061010848646,0.6299037749814952,6.747586526829315,0.0,0.0,0.0,0.0,7.20934025660291,2218.0,-867.0,-0.390892696122633,2218.0,-0.390892696122633,1351.0,1129.0,True,0.8356772760917839,0.9546805349182764,1351.0,major
1075,Commitments,Pakistan,IDA,SOUTH ASIA,FY16,1000.0,460.0,0.0,0.0,1460.0,2016,4,annual,1460.0,0.0,country,0.684931506849315,6.90875477931522,0.3150684931506849,6.133398042996649,0.0,0.0,0.0,0.0,7.2868764117507,1351.0,109.0,0.08068097705403404,1351.0,0.08068097705403404,1460.0,1360.0,True,0.9315068493150684,0.9576523031203567,1460.0,major
810,Commitments,Pakistan,IDA,SOUTH ASIA,FY17,302.0,335.0,0.0,100.0,736.0,2017,4,annual,737.0,-1.0,country,0.41032608695652173,5.713732805509369,0.45516304347826086,5.817111159963204,0.0,0.0,0.1358695652173913,4.61512051684126,6.602587892189336,1460.0,-724.0,-0.4958904109589041,1460.0,-0.4958904109589041,736.0,664.0,True,0.9021739130434783,0.8982169390787519,736.0,major
3277,Commitments,Pakistan,IDA,SOUTH ASIA,FY18,0.0,1148.0,0.0,800.0,1948.0,2018,4,annual,1948.0,0.0,country,0.0,0.0,0.5893223819301848,7.046647277848756,0.0,0.0,0.4106776180698152,6.68586094706836,7.575071699507561,736.0,1212.0,1.6467391304347827,736.0,1.6467391304347827,1948.0,521.0,True,0.26745379876796715,0.9791976225854383,1948.0,major
3034,Commitments,Pakistan,IDA,SOUTH ASIA,FY19,0.0,1106.0,0.0,118.0,1224.0,2019,4,annual,1224.0,0.0,country,0.0,0.0,0.9035947712418301,7.009408932708637,0.0,0.0,0.09640522875816994,4.77912349311153,7.110696122978827,1948.0,-724.0,-0.37166324435318276,1948.0,-0.37166324435318276,1224.0,485.0,True,0.39624183006535946,0.950965824665676,1224.0,major
2152,Commitments,Pakistan,IDA,SOUTH ASIA,FY20,750.0,721.0,0.0,0.0,1471.0,2020,4,annual,1471.0,0.0,country,0.5098572399728076,6.621405651764134,0.49014276002719237,6.582025138892826,0.0,0.0,0.0,0.0,7.294377299288821,1224.0,247.0,0.20179738562091504,1224.0,0.20179738562091504,1471.0,1179.0,True,0.8014955812372536,0.9583952451708767,1471.0,major
2008,Commitments,Pakistan,IDA,SOUTH ASIA,FY21,600.0,892.0,0.0,1200.0,2692.0,2021,4,annual,2692.0,0.0,country,0.22288261515601784,6.398594934535208,0.3313521545319465,6.794586580876499,0.0,0.0,0.4457652303120357,7.0909098220799835,7.898411092811599,1471.0,1221.0,0.8300475866757308,1471.0,0.8300475866757308,2692.0,1559.0,True,0.5791233283803864,0.9933135215453195,2692.0,major
643,Commitments,Pakistan,IDA,SOUTH ASIA,FY22,0.0,635.0,0.0,458.0,1093.0,2022,4,annual,1093.0,0.0,country,0.0,0.0,0.5809698078682525,6.455198563340122,0.0,0.0,0.41903019213174747,6.129050210060545,6.9975959829819265,2692.0,-1599.0,-0.5939821693907875,2692.0,-0.5939821693907875,1093.0,1108.0,True,1.0137236962488563,0.9435364041604755,1093.0,major
396,Commitments,Pakistan,IDA,SOUTH ASIA,FY23,0.0,2305.0,0.0,0.0,2305.0,2023,4,annual,2305.0,0.0,country,0.0,0.0,1.0,7.743269700829004,0.0,0.0,0.0,0.0,7.743269700829004,1093.0,1212.0,1.1088746569075938,1093.0,1.1088746569075938,2305.0,1713.0,True,0.7431670281995661,0.987369985141159,2305.0,major
2748,Commitments,Pakistan,IDA,SOUTH ASIA,FY24,350.0,1281.0,0.0,500.0,2131.0,2024,4,annual,2131.0,0.0,country,0.1642421398404505,5.860786223465865,0.6011262318160489,7.156176637480615,0.0,0.0,0.2346316283435007,6.2166061010848646,7.664815785285735,2305.0,-174.0,-0.0754880694143167,2305.0,-0.0754880694143167,2131.0,1913.0,True,0.8977006100422337,0.9814264487369985,2131.0,major
1549,Commitments,Pakistan,IDA,SOUTH ASIA,FY25,0.0,1161.0,0.0,333.0,1494.0,2025,4,annual,1494.0,0.0,country,0.0,0.0,0.7771084337349398,7.057897937411856,0.0,0.0,0.22289156626506024,5.811140992976701,7.3098814858247865,2131.0,-637.0,-0.2989206945096199,2131.0,-0.2989206945096199,1494.0,1329.0,True,0.8895582329317269,0.9598811292719168,1494.0,major
329,Commitments,Pakistan,IDA,"MIDDLE EAST, NORTH AFRICA, AFGHANISTAN, AND PAKISTAN",2025-Q3,0.0,630.0,0.0,300.0,930.0,2025,3,quarterly,930.0,0.0,country,0.0,0.0,0.6774193548387096,6.447305862541213,0.0,0.0,0.3225806451612903,5.707110264748875,6.836259277277067,,,,,,930.0,701.0,True,0.7537634408602151,0.980225988700565,930.0,major
136,Commitments,Pakistan,IDA,"MIDDLE EAST, NORTH AFRICA, AFGHANISTAN, AND PAKISTAN",2026-Q3,0.0,0.0,0.0,903.0,903.0,2026,3,quarterly,903.0,0.0,country,0.0,0.0,0.0,0.0,0.0,0.0,1.0,6.806829360392176,6.806829360392176,930.0,-27.0,-0.02903225806451613,930.0,-0.02903225806451613,903.0,827.51,True,0.9164008859357696,0.9774011299435028,903.0,major
2622,Gross Disbursements,Pakistan,IDA,SOUTH ASIA,FY14,1006.0,522.0,0.0,5.0,1533.0,2014,4,annual,1533.0,0.0,country,0.6562296151337247,6.914730892718563,0.3405088062622309,6.259581464064923,0.0,0.0,0.0032615786040443573,1.791759469228055,7.335633981927201,,,,,,2218.0,1533.0,True,0.6911632100991885,0.9813614262560778,1533.0,major
2454,Gross Disbursements,Pakistan,IDA,SOUTH ASIA,FY15,500.0,613.0,0.0,16.0,1129.0,2015,4,annual,1129.0,0.0,country,0.4428697962798937,6.2166061010848646,0.5429583702391497,6.419994928147142,0.0,0.0,0.0141718334809566,2.833213344056216,7.029972911706386,1533.0,-404.0,-0.26353555120678407,1533.0,-0.26353555120678407,1351.0,1129.0,True,0.8356772760917839,0.9594813614262561,1129.0,major
2286,Gross Disbursements,Pakistan,IDA,SOUTH ASIA,FY16,982.0,369.0,0.0,9.0,1360.0,2016,4,annual,1360.0,0.0,country,0.7220588235294118,6.890609120147166,0.2713235294117647,5.91350300563827,0.0,0.0,0.006617647058823529,2.302585092994046,7.215975002651466,1129.0,231.0,0.2046058458813109,1129.0,0.2046058458813109,1460.0,1360.0,True,0.9315068493150684,0.9716369529983793,1360.0,major
896,Gross Disbursements,Pakistan,IDA,SOUTH ASIA,FY17,301.0,354.0,0.0,9.0,664.0,2017,4,annual,664.0,0.0,country,0.45331325301204817,5.71042701737487,0.5331325301204819,5.872117789475416,0.0,0.0,0.01355421686746988,2.302585092994046,6.499787040655854,1360.0,-696.0,-0.5117647058823529,1360.0,-0.5117647058823529,736.0,664.0,True,0.9021739130434783,0.9189627228525121,664.0,major
3406,Gross Disbursements,Pakistan,IDA,SOUTH ASIA,FY18,0.0,396.0,0.0,125.0,521.0,2018,4,annual,521.0,0.0,country,0.0,0.0,0.7600767754318618,5.983936280687191,0.0,0.0,0.2399232245681382,4.836281906951478,6.257667587882639,664.0,-143.0,-0.21536144578313254,664.0,-0.21536144578313254,1948.0,521.0,True,0.26745379876796715,0.8970826580226904,521.0,major
3162,Gross Disbursements,Pakistan,IDA,SOUTH ASIA,FY19,0.0,340.0,0.0,145.0,485.0,2019,4,annual,485.0,0.0,country,0.0,0.0,0.7010309278350515,5.831882477283517,0.0,0.0,0.29896907216494845,4.983606621708336,6.186208623900494,521.0,-36.0,-0.0690978886756238,521.0,-0.0690978886756238,1224.0,485.0,True,0.39624183006535946,0.8788492706645057,485.0,significant
2035,Gross Disbursements,Pakistan,IDA,SOUTH ASIA,FY20,506.0,494.0,0.0,179.0,1179.0,2020,4,annual,1179.0,0.0,country,0.42917726887192537,6.2285110035911835,0.41899915182357933,6.20455776256869,0.0,0.0,0.15182357930449533,5.19295685089021,7.07326971745971,485.0,694.0,1.4309278350515464,485.0,1.4309278350515464,1471.0,1179.0,True,0.8014955812372536,0.9611021069692058,1179.0,major
1878,Gross Disbursements,Pakistan,IDA,SOUTH ASIA,FY21,653.0,433.0,0.0,473.0,1559.0,2021,4,annual,1559.0,0.0,country,0.41885824246311737,6.483107351457199,0.2777421423989737,6.073044534100405,0.0,0.0,0.3033996151379089,6.161207321695077,7.352441100243583,1179.0,380.0,0.32230703986429177,1179.0,0.32230703986429177,2692.0,1559.0,True,0.5791233283803864,0.9829821717990276,1559.0,major
513,Gross Disbursements,Pakistan,IDA,SOUTH ASIA,FY22,197.0,736.0,0.0,175.0,1108.0,2022,4,annual,1108.0,0.0,country,0.17779783393501805,5.288267030694535,0.6642599277978339,6.602587892189336,0.0,0.0,0.157942238267148,5.170483995038151,7.011213987350367,1559.0,-451.0,-0.28928800513149455,1559.0,-0.28928800513149455,1093.0,1108.0,True,1.0137236962488563,0.9586709886547812,1108.0,major
2899,Gross Disbursements,Pakistan,IDA,SOUTH ASIA,FY23,0.0,1031.0,0.0,682.0,1713.0,2023,4,annual,1713.0,0.0,country,0.0,0.0,0.6018680677174547,6.939253946041508,0.0,0.0,0.39813193228254523,6.52649485957079,7.446585099157725,1108.0,605.0,0.546028880866426,1108.0,0.546028880866426,2305.0,1713.0,True,0.7431670281995661,0.9870340356564019,1713.0,major
1821,Gross Disbursements,Pakistan,IDA,SOUTH ASIA,FY24,350.0,1247.0,0.0,316.0,1913.0,2024,4,annual,1913.0,0.0,country,0.18295870360690017,5.860786223465865,0.6518557239937272,7.129297548929373,0.0,0.0,0.1651855723993727,5.75890177387728,7.5569505720129,1713.0,200.0,0.11675423234092236,1713.0,0.11675423234092236,2131.0,1913.0,True,0.8977006100422337,0.9910858995137763,1913.0,major
1701,Gross Disbursements,Pakistan,IDA,SOUTH ASIA,FY25,0.0,1047.0,0.0,282.0,1329.0,2025,4,annual,1329.0,0.0,country,0.0,0.0,0.7878103837471784,6.954638864880987,0.0,0.0,0.21218961625282168,5.645446897643238,7.1929342212158,1913.0,-584.0,-0.30527966544694196,1913.0,-0.30527966544694196,1494.0,1329.0,True,0.8895582329317269,0.9700162074554295,1329.0,major
1386,Gross Disbursements,Pakistan,IDA,"MIDDLE EAST, NORTH AFRICA, AFGHANISTAN, AND PAKISTAN",2025-Q3,0.0,645.0,0.0,56.0,701.0,2025,3,quarterly,701.0,0.0,country,0.0,0.0,0.920114122681883,6.470799503782602,0.0,0.0,0.07988587731811697,4.04305126783455,6.553933404025811,,,,,,930.0,701.0,True,0.7537634408602151,0.9375,701.0,major
1263,Gross Disbursements,Pakistan,IDA,"MIDDLE EAST, NORTH AFRICA, AFGHANISTAN, AND PAKISTAN",2026-Q3,0.0,682.51,0.0,145.0,827.51,2026,3,quarterly,827.51,0.0,country,0.0,0.0,0.8247755314135177,6.527241286634887,0.0,0.0,0.17522446858648233,4.983606621708336,6.7196289067998105,701.0,126.50999999999999,0.18047075606276747,701.0,0.18047075606276747,903.0,827.51,True,0.9164008859357696,0.9642857142857143,827.51,major
2724,Commitments,Panama,IDA,LATIN AMERICA AND CARIBBEAN,FY24,0.0,0.0,0.0,0.0,0.0,2024,4,annual,0.0,0.0,country,0.0,0.0,0.0,0.0,0.0,0.0,0.0,0.0,0.0,,,,,,0.0,,False,,0.19539375928677563,0.0,limited
1525,Commitments,Panama,IDA,LATIN AMERICA AND CARIBBEAN,FY25,0.0,0.0,0.0,0.0,0.0,2025,4,annual,0.0,0.0,country,0.0,0.0,0.0,0.0,0.0,0.0,0.0,0.0,0.0,0.0,0.0,,0.0,,0.0,,False,,0.19539375928677563,0.0,limited
305,Commitments,Panama,IDA,LATIN AMERICA AND CARIBBEAN,2025-Q3,0.0,0.0,0.0,0.0,0.0,2025,3,quarterly,0.0,0.0,country,0.0,0.0,0.0,0.0,0.0,0.0,0.0,0.0,0.0,,,,,,0.0,,False,,0.326271186440678,0.0,limited
112,Commitments,Panama,IDA,LATIN AMERICA AND CARIBBEAN,2026-Q3,0.0,0.0,0.0,0.0,0.0,2026,3,quarterly,0.0,0.0,country,0.0,0.0,0.0,0.0,0.0,0.0,0.0,0.0,0.0,0.0,0.0,,0.0,,0.0,,False,,0.326271186440678,0.0,limited
2500,Commitments,Papua New Guinea,IDA,EAST ASIA AND PACIFIC,FY14,0.0,157.0,0.0,0.0,157.0,2014,4,annual,157.0,0.0,country,0.0,0.0,1.0,5.062595033026967,0.0,0.0,0.0,0.0,5.062595033026967,,,,,,157.0,34.0,True,0.21656050955414013,0.7065378900445766,157.0,significant
2330,Commitments,Papua New Guinea,IDA,EAST ASIA AND PACIFIC,FY15,0.0,0.0,0.0,0.0,0.0,2015,4,annual,0.0,0.0,country,0.0,0.0,0.0,0.0,0.0,0.0,0.0,0.0,0.0,157.0,-157.0,-1.0,157.0,-1.0,0.0,26.0,False,,0.19539375928677563,0.0,limited
878,Commitments,Papua New Guinea,IDA,EAST ASIA AND PACIFIC,FY17,0.0,128.0,0.0,0.0,128.0,2017,4,annual,128.0,0.0,country,0.0,0.0,1.0,4.859812404361672,0.0,0.0,0.0,0.0,4.859812404361672,0.0,128.0,,0.0,,128.0,32.0,True,0.25,0.6775631500742942,128.0,significant
3307,Commitments,Papua New Guinea,IDA,EAST ASIA AND PACIFIC,FY18,0.0,0.0,0.0,0.0,0.0,2018,4,annual,0.0,0.0,country,0.0,0.0,0.0,0.0,0.0,0.0,0.0,0.0,0.0,128.0,-128.0,-1.0,128.0,-1.0,0.0,35.0,False,,0.19539375928677563,0.0,limited
3079,Commitments,Papua New Guinea,IDA,EAST ASIA AND PACIFIC,FY19,150.0,0.0,0.0,0.0,150.0,2019,4,annual,150.0,0.0,country,1.0,5.017279836814924,0.0,0.0,0.0,0.0,0.0,0.0,5.017279836814924,0.0,150.0,,0.0,,150.0,184.0,True,1.2266666666666666,0.700594353640416,150.0,significant
2195,Commitments,Papua New Guinea,IDA,EAST ASIA AND PACIFIC,FY20,0.0,125.0,0.0,0.0,125.0,2020,4,annual,125.0,0.0,country,0.0,0.0,1.0,4.836281906951478,0.0,0.0,0.0,0.0,4.836281906951478,150.0,-25.0,-0.16666666666666666,150.0,-0.16666666666666666,125.0,34.0,True,0.272,0.6734769687964339,125.0,significant
1917,Commitments,Papua New Guinea,IDA,EAST ASIA AND PACIFIC,FY21,100.0,30.0,0.0,0.0,130.0,2021,4,annual,130.0,0.0,country,0.7692307692307693,4.61512051684126,0.23076923076923078,3.4339872044851463,0.0,0.0,0.0,0.0,4.875197323201151,125.0,5.0,0.04,125.0,0.04,130.0,15.0,True,0.11538461538461539,0.6809063893016345,130.0,significant
552,Commitments,Papua New Guinea,IDA,EAST ASIA AND PACIFIC,FY22,0.0,154.0,0.0,0.0,154.0,2022,4,annual,154.0,0.0,country,0.0,0.0,1.0,5.043425116919247,0.0,0.0,0.0,0.0,5.043425116919247,130.0,24.0,0.18461538461538463,130.0,0.18461538461538463,154.0,120.0,True,0.7792207792207793,0.7035661218424963,154.0,significant
2938,Commitments,Papua New Guinea,IDA,EAST ASIA AND PACIFIC,FY23,0.0,0.0,0.0,0.0,0.0,2023,4,annual,0.0,0.0,country,0.0,0.0,0.0,0.0,0.0,0.0,0.0,0.0,0.0,154.0,-154.0,-1.0,154.0,-1.0,0.0,34.0,False,,0.19539375928677563,0.0,limited
2624,Commitments,Papua New Guinea,IDA,EAST ASIA AND PACIFIC,FY24,0.0,0.0,0.0,0.0,0.0,2024,4,annual,0.0,0.0,country,0.0,0.0,0.0,0.0,0.0,0.0,0.0,0.0,0.0,0.0,0.0,,0.0,,0.0,38.0,False,,0.19539375928677563,0.0,limited
1424,Commitments,Papua New Guinea,IDA,EAST ASIA AND PACIFIC,FY25,0.0,300.0,0.0,0.0,300.0,2025,4,annual,300.0,0.0,country,0.0,0.0,1.0,5.707110264748875,0.0,0.0,0.0,0.0,5.707110264748875,0.0,300.0,,0.0,,300.0,58.0,True,0.19333333333333333,0.7812035661218425,300.0,significant
203,Commitments,Papua New Guinea,IDA,EAST ASIA AND PACIFIC,2025-Q3,0.0,200.0,0.0,0.0,200.0,2025,3,quarterly,200.0,0.0,country,0.0,0.0,1.0,5.303304908059076,0.0,0.0,0.0,0.0,5.303304908059076,,,,,,200.0,39.51,True,0.19755,0.8700564971751412,200.0,significant
10,Commitments,Papua New Guinea,IDA,EAST ASIA AND PACIFIC,2026-Q3,150.0,-1.0,0.0,0.0,149.0,2026,3,quarterly,149.0,0.0,country,1.0067114093959733,5.017279836814924,-0.006711409395973154,0.0,0.0,0.0,0.0,0.0,5.0106352940962555,200.0,-51.0,-0.255,200.0,-0.255,149.0,146.76,True,0.98496644295302,0.8361581920903954,149.0,significant
2582,Gross Disbursements,Papua New Guinea,IDA,EAST ASIA AND PACIFIC,FY14,0.0,34.0,0.0,0.0,34.0,2014,4,annual,34.0,0.0,country,0.0,0.0,1.0,3.5553480614894135,0.0,0.0,0.0,0.0,3.5553480614894135,,,,,,157.0,34.0,True,0.21656050955414013,0.47893030794165314,34.0,moderate
2414,Gross Disbursements,Papua New Guinea,IDA,EAST ASIA AND PACIFIC,FY15,0.0,26.0,0.0,0.0,26.0,2015,4,annual,26.0,0.0,country,0.0,0.0,1.0,3.295836866004329,0.0,0.0,0.0,0.0,3.295836866004329,34.0,-8.0,-0.23529411764705882,34.0,-0.23529411764705882,0.0,26.0,False,,0.44246353322528365,26.0,moderate
1136,Gross Disbursements,Papua New Guinea,IDA,EAST ASIA AND PACIFIC,FY16,0.0,24.0,0.0,0.0,24.0,2016,4,annual,24.0,0.0,country,0.0,0.0,1.0,3.2188758248682006,0.0,0.0,0.0,0.0,3.2188758248682006,26.0,-2.0,-0.07692307692307693,26.0,-0.07692307692307693,,24.0,False,,0.42787682333873583,24.0,moderate
939,Gross Disbursements,Papua New Guinea,IDA,EAST ASIA AND PACIFIC,FY17,0.0,32.0,0.0,0.0,32.0,2017,4,annual,32.0,0.0,country,0.0,0.0,1.0,3.4965075614664802,0.0,0.0,0.0,0.0,3.4965075614664802,24.0,8.0,0.3333333333333333,24.0,0.3333333333333333,128.0,32.0,True,0.25,0.4712317666126418,32.0,moderate
739,Gross Disbursements,Papua New Guinea,IDA,EAST ASIA AND PACIFIC,FY18,0.0,35.0,0.0,0.0,35.0,2018,4,annual,35.0,0.0,country,0.0,0.0,1.0,3.58351893845611,0.0,0.0,0.0,0.0,3.58351893845611,32.0,3.0,0.09375,32.0,0.09375,0.0,35.0,False,,0.4837925445705024,35.0,moderate
3215,Gross Disbursements,Papua New Guinea,IDA,EAST ASIA AND PACIFIC,FY19,148.0,36.0,0.0,0.0,184.0,2019,4,annual,184.0,0.0,country,0.8043478260869565,5.003946305945459,0.1956521739130435,3.6109179126442243,0.0,0.0,0.0,0.0,5.220355825078324,35.0,149.0,4.257142857142857,35.0,4.257142857142857,150.0,184.0,True,1.2266666666666666,0.7552674230145867,184.0,significant
2106,Gross Disbursements,Papua New Guinea,IDA,EAST ASIA AND PACIFIC,FY20,0.0,34.0,0.0,0.0,34.0,2020,4,annual,34.0,0.0,country,0.0,0.0,1.0,3.5553480614894135,0.0,0.0,0.0,0.0,3.5553480614894135,184.0,-150.0,-0.8152173913043478,184.0,-0.8152173913043478,125.0,34.0,True,0.272,0.47893030794165314,34.0,moderate
680,Gross Disbursements,Papua New Guinea,IDA,EAST ASIA AND PACIFIC,FY21,0.0,15.0,0.0,0.0,15.0,2021,4,annual,15.0,0.0,country,0.0,0.0,1.0,2.772588722239781,0.0,0.0,0.0,0.0,2.772588722239781,34.0,-19.0,-0.5588235294117647,34.0,-0.5588235294117647,130.0,15.0,True,0.11538461538461539,0.37155591572123176,15.0,moderate
433,Gross Disbursements,Papua New Guinea,IDA,EAST ASIA AND PACIFIC,FY22,98.0,22.0,0.0,0.0,120.0,2022,4,annual,120.0,0.0,country,0.8166666666666667,4.59511985013459,0.18333333333333332,3.1354942159291497,0.0,0.0,0.0,0.0,4.795790545596741,15.0,105.0,7.0,15.0,7.0,154.0,120.0,True,0.7792207792207793,0.6815235008103727,120.0,significant
2816,Gross Disbursements,Papua New Guinea,IDA,EAST ASIA AND PACIFIC,FY23,0.0,34.0,0.0,0.0,34.0,2023,4,annual,34.0,0.0,country,0.0,0.0,1.0,3.5553480614894135,0.0,0.0,0.0,0.0,3.5553480614894135,120.0,-86.0,-0.7166666666666667,120.0,-0.7166666666666667,0.0,34.0,False,,0.47893030794165314,34.0,moderate
1738,Gross Disbursements,Papua New Guinea,IDA,EAST ASIA AND PACIFIC,FY24,0.0,38.0,0.0,0.0,38.0,2024,4,annual,38.0,0.0,country,0.0,0.0,1.0,3.6635616461296463,0.0,0.0,0.0,0.0,3.6635616461296463,34.0,4.0,0.11764705882352941,34.0,0.11764705882352941,0.0,38.0,False,,0.49513776337115073,38.0,moderate
1617,Gross Disbursements,Papua New Guinea,IDA,EAST ASIA AND PACIFIC,FY25,0.0,58.0,0.0,0.0,58.0,2025,4,annual,58.0,0.0,country,0.0,0.0,1.0,4.07753744390572,0.0,0.0,0.0,0.0,4.07753744390572,38.0,20.0,0.5263157894736842,38.0,0.5263157894736842,300.0,58.0,True,0.19333333333333333,0.5709076175040518,58.0,moderate
1302,Gross Disbursements,Papua New Guinea,IDA,EAST ASIA AND PACIFIC,2025-Q3,0.0,39.51,0.0,0.0,39.51,2025,3,quarterly,39.51,0.0,country,0.0,0.0,1.0,3.701548857214599,0.0,0.0,0.0,0.0,3.701548857214599,,,,,,200.0,39.51,True,0.19755,0.5089285714285714,39.51,moderate
1179,Gross Disbursements,Papua New Guinea,IDA,EAST ASIA AND PACIFIC,2026-Q3,100.0,46.76,0.0,0.0,146.76,2026,3,quarterly,146.76,0.0,country,0.6813845734532571,4.61512051684126,0.31861542654674296,3.8661884690843467,0.0,0.0,0.0,0.0,4.995589335890984,39.51,107.25,2.7145026575550495,39.51,2.7145026575550495,149.0,146.76,True,0.98496644295302,0.7053571428571429,146.76,significant
3388,Commitments,Paraguay,IDA,LATIN AMERICA AND CARIBBEAN,FY18,0.0,0.0,0.0,0.0,0.0,2018,4,annual,0.0,0.0,country,0.0,0.0,0.0,0.0,0.0,0.0,0.0,0.0,0.0,,,,,,0.0,,False,,0.19539375928677563,0.0,limited
3149,Commitments,Paraguay,IDA,LATIN AMERICA AND CARIBBEAN,FY19,0.0,0.0,0.0,0.0,0.0,2019,4,annual,0.0,0.0,country,0.0,0.0,0.0,0.0,0.0,0.0,0.0,0.0,0.0,0.0,0.0,,0.0,,0.0,0.0,False,,0.19539375928677563,0.0,limited
3020,Commitments,Paraguay,IDA,LATIN AMERICA AND CARIBBEAN,FY20,0.0,0.0,0.0,0.0,0.0,2020,4,annual,0.0,0.0,country,0.0,0.0,0.0,0.0,0.0,0.0,0.0,0.0,0.0,0.0,0.0,,0.0,,0.0,0.0,False,,0.19539375928677563,0.0,limited
1985,Commitments,Paraguay,IDA,LATIN AMERICA AND CARIBBEAN,FY21,0.0,0.0,0.0,0.0,0.0,2021,4,annual,0.0,0.0,country,0.0,0.0,0.0,0.0,0.0,0.0,0.0,0.0,0.0,0.0,0.0,,0.0,,0.0,0.0,False,,0.19539375928677563,0.0,limited
620,Commitments,Paraguay,IDA,LATIN AMERICA AND CARIBBEAN,FY22,0.0,0.0,0.0,0.0,0.0,2022,4,annual,0.0,0.0,country,0.0,0.0,0.0,0.0,0.0,0.0,0.0,0.0,0.0,0.0,0.0,,0.0,,0.0,0.0,False,,0.19539375928677563,0.0,limited
373,Commitments,Paraguay,IDA,LATIN AMERICA AND CARIBBEAN,FY23,0.0,0.0,0.0,0.0,0.0,2023,4,annual,0.0,0.0,country,0.0,0.0,0.0,0.0,0.0,0.0,0.0,0.0,0.0,0.0,0.0,,0.0,,0.0,0.0,False,,0.19539375928677563,0.0,limited
2725,Commitments,Paraguay,IDA,LATIN AMERICA AND CARIBBEAN,FY24,0.0,0.0,0.0,0.0,0.0,2024,4,annual,0.0,0.0,country,0.0,0.0,0.0,0.0,0.0,0.0,0.0,0.0,0.0,0.0,0.0,,0.0,,0.0,0.0,False,,0.19539375928677563,0.0,limited
1526,Commitments,Paraguay,IDA,LATIN AMERICA AND CARIBBEAN,FY25,0.0,0.0,0.0,0.0,0.0,2025,4,annual,0.0,0.0,country,0.0,0.0,0.0,0.0,0.0,0.0,0.0,0.0,0.0,0.0,0.0,,0.0,,0.0,0.0,False,,0.19539375928677563,0.0,limited
306,Commitments,Paraguay,IDA,LATIN AMERICA AND CARIBBEAN,2025-Q3,0.0,0.0,0.0,0.0,0.0,2025,3,quarterly,0.0,0.0,country,0.0,0.0,0.0,0.0,0.0,0.0,0.0,0.0,0.0,,,,,,0.0,0.0,False,,0.326271186440678,0.0,limited
113,Commitments,Paraguay,IDA,LATIN AMERICA AND CARIBBEAN,2026-Q3,0.0,0.0,0.0,0.0,0.0,2026,3,quarterly,0.0,0.0,country,0.0,0.0,0.0,0.0,0.0,0.0,0.0,0.0,0.0,0.0,0.0,,0.0,,0.0,0.0,False,,0.326271186440678,0.0,limited
2268,Gross Disbursements,Paraguay,IDA,LATIN AMERICA AND CARIBBEAN,FY16,0.0,0.0,0.0,0.0,0.0,2016,4,annual,0.0,0.0,country,0.0,0.0,0.0,0.0,0.0,0.0,0.0,0.0,0.0,,,,,,,0.0,False,,0.1094003241491086,0.0,limited
997,Gross Disbursements,Paraguay,IDA,LATIN AMERICA AND CARIBBEAN,FY17,0.0,0.0,0.0,0.0,0.0,2017,4,annual,0.0,0.0,country,0.0,0.0,0.0,0.0,0.0,0.0,0.0,0.0,0.0,0.0,0.0,,0.0,,,0.0,False,,0.1094003241491086,0.0,limited
3268,Gross Disbursements,Paraguay,IDA,LATIN AMERICA AND CARIBBEAN,FY19,0.0,0.0,0.0,0.0,0.0,2019,4,annual,0.0,0.0,country,0.0,0.0,0.0,0.0,0.0,0.0,0.0,0.0,0.0,0.0,0.0,,0.0,,0.0,0.0,False,,0.1094003241491086,0.0,limited
2144,Gross Disbursements,Paraguay,IDA,LATIN AMERICA AND CARIBBEAN,FY20,0.0,0.0,0.0,0.0,0.0,2020,4,annual,0.0,0.0,country,0.0,0.0,0.0,0.0,0.0,0.0,0.0,0.0,0.0,0.0,0.0,,0.0,,0.0,0.0,False,,0.1094003241491086,0.0,limited
1858,Gross Disbursements,Paraguay,IDA,LATIN AMERICA AND CARIBBEAN,FY21,0.0,0.0,0.0,0.0,0.0,2021,4,annual,0.0,0.0,country,0.0,0.0,0.0,0.0,0.0,0.0,0.0,0.0,0.0,0.0,0.0,,0.0,,0.0,0.0,False,,0.1094003241491086,0.0,limited
493,Gross Disbursements,Paraguay,IDA,LATIN AMERICA AND CARIBBEAN,FY22,0.0,0.0,0.0,0.0,0.0,2022,4,annual,0.0,0.0,country,0.0,0.0,0.0,0.0,0.0,0.0,0.0,0.0,0.0,0.0,0.0,,0.0,,0.0,0.0,False,,0.1094003241491086,0.0,limited
2878,Gross Disbursements,Paraguay,IDA,LATIN AMERICA AND CARIBBEAN,FY23,0.0,0.0,0.0,0.0,0.0,2023,4,annual,0.0,0.0,country,0.0,0.0,0.0,0.0,0.0,0.0,0.0,0.0,0.0,0.0,0.0,,0.0,,0.0,0.0,False,,0.1094003241491086,0.0,limited
1800,Gross Disbursements,Paraguay,IDA,LATIN AMERICA AND CARIBBEAN,FY24,0.0,0.0,0.0,0.0,0.0,2024,4,annual,0.0,0.0,country,0.0,0.0,0.0,0.0,0.0,0.0,0.0,0.0,0.0,0.0,0.0,,0.0,,0.0,0.0,False,,0.1094003241491086,0.0,limited
1680,Gross Disbursements,Paraguay,IDA,LATIN AMERICA AND CARIBBEAN,FY25,0.0,0.0,0.0,0.0,0.0,2025,4,annual,0.0,0.0,country,0.0,0.0,0.0,0.0,0.0,0.0,0.0,0.0,0.0,0.0,0.0,,0.0,,0.0,0.0,False,,0.1094003241491086,0.0,limited
1365,Gross Disbursements,Paraguay,IDA,LATIN AMERICA AND CARIBBEAN,2025-Q3,0.0,0.0,0.0,0.0,0.0,2025,3,quarterly,0.0,0.0,country,0.0,0.0,0.0,0.0,0.0,0.0,0.0,0.0,0.0,,,,,,0.0,0.0,False,,0.15848214285714285,0.0,limited
1242,Gross Disbursements,Paraguay,IDA,LATIN AMERICA AND CARIBBEAN,2026-Q3,0.0,0.0,0.0,0.0,0.0,2026,3,quarterly,0.0,0.0,country,0.0,0.0,0.0,0.0,0.0,0.0,0.0,0.0,0.0,0.0,0.0,,0.0,,0.0,0.0,False,,0.15848214285714285,0.0,limited
2726,Commitments,Peru,IDA,LATIN AMERICA AND CARIBBEAN,FY24,0.0,0.0,0.0,0.0,0.0,2024,4,annual,0.0,0.0,country,0.0,0.0,0.0,0.0,0.0,0.0,0.0,0.0,0.0,,,,,,0.0,,False,,0.19539375928677563,0.0,limited
1527,Commitments,Peru,IDA,LATIN AMERICA AND CARIBBEAN,FY25,0.0,0.0,0.0,0.0,0.0,2025,4,annual,0.0,0.0,country,0.0,0.0,0.0,0.0,0.0,0.0,0.0,0.0,0.0,0.0,0.0,,0.0,,0.0,,False,,0.19539375928677563,0.0,limited
307,Commitments,Peru,IDA,LATIN AMERICA AND CARIBBEAN,2025-Q3,0.0,0.0,0.0,0.0,0.0,2025,3,quarterly,0.0,0.0,country,0.0,0.0,0.0,0.0,0.0,0.0,0.0,0.0,0.0,,,,,,0.0,,False,,0.326271186440678,0.0,limited
114,Commitments,Peru,IDA,LATIN AMERICA AND CARIBBEAN,2026-Q3,0.0,0.0,0.0,0.0,0.0,2026,3,quarterly,0.0,0.0,country,0.0,0.0,0.0,0.0,0.0,0.0,0.0,0.0,0.0,0.0,0.0,,0.0,,0.0,,False,,0.326271186440678,0.0,limited
3364,Commitments,Philippines,IDA,EAST ASIA AND PACIFIC,FY18,0.0,0.0,0.0,0.0,0.0,2018,4,annual,0.0,0.0,country,0.0,0.0,0.0,0.0,0.0,0.0,0.0,0.0,0.0,,,,,,0.0,,False,,0.19539375928677563,0.0,limited
3127,Commitments,Philippines,IDA,EAST ASIA AND PACIFIC,FY19,0.0,0.0,0.0,0.0,0.0,2019,4,annual,0.0,0.0,country,0.0,0.0,0.0,0.0,0.0,0.0,0.0,0.0,0.0,0.0,0.0,,0.0,,0.0,0.0,False,,0.19539375928677563,0.0,limited
2241,Commitments,Philippines,IDA,EAST ASIA AND PACIFIC,FY20,0.0,0.0,0.0,0.0,0.0,2020,4,annual,0.0,0.0,country,0.0,0.0,0.0,0.0,0.0,0.0,0.0,0.0,0.0,0.0,0.0,,0.0,,0.0,0.0,False,,0.19539375928677563,0.0,limited
1918,Commitments,Philippines,IDA,EAST ASIA AND PACIFIC,FY21,0.0,0.0,0.0,0.0,0.0,2021,4,annual,0.0,0.0,country,0.0,0.0,0.0,0.0,0.0,0.0,0.0,0.0,0.0,0.0,0.0,,0.0,,0.0,0.0,False,,0.19539375928677563,0.0,limited
553,Commitments,Philippines,IDA,EAST ASIA AND PACIFIC,FY22,0.0,0.0,0.0,0.0,0.0,2022,4,annual,0.0,0.0,country,0.0,0.0,0.0,0.0,0.0,0.0,0.0,0.0,0.0,0.0,0.0,,0.0,,0.0,0.0,False,,0.19539375928677563,0.0,limited
2939,Commitments,Philippines,IDA,EAST ASIA AND PACIFIC,FY23,0.0,0.0,0.0,0.0,0.0,2023,4,annual,0.0,0.0,country,0.0,0.0,0.0,0.0,0.0,0.0,0.0,0.0,0.0,0.0,0.0,,0.0,,0.0,0.0,False,,0.19539375928677563,0.0,limited
2625,Commitments,Philippines,IDA,EAST ASIA AND PACIFIC,FY24,0.0,0.0,0.0,0.0,0.0,2024,4,annual,0.0,0.0,country,0.0,0.0,0.0,0.0,0.0,0.0,0.0,0.0,0.0,0.0,0.0,,0.0,,0.0,0.0,False,,0.19539375928677563,0.0,limited
1425,Commitments,Philippines,IDA,EAST ASIA AND PACIFIC,FY25,0.0,0.0,0.0,0.0,0.0,2025,4,annual,0.0,0.0,country,0.0,0.0,0.0,0.0,0.0,0.0,0.0,0.0,0.0,0.0,0.0,,0.0,,0.0,0.0,False,,0.19539375928677563,0.0,limited
204,Commitments,Philippines,IDA,EAST ASIA AND PACIFIC,2025-Q3,0.0,0.0,0.0,0.0,0.0,2025,3,quarterly,0.0,0.0,country,0.0,0.0,0.0,0.0,0.0,0.0,0.0,0.0,0.0,,,,,,0.0,0.0,False,,0.326271186440678,0.0,limited
11,Commitments,Philippines,IDA,EAST ASIA AND PACIFIC,2026-Q3,0.0,0.0,0.0,0.0,0.0,2026,3,quarterly,0.0,0.0,country,0.0,0.0,0.0,0.0,0.0,0.0,0.0,0.0,0.0,0.0,0.0,,0.0,,0.0,0.0,False,,0.326271186440678,0.0,limited
1137,Gross Disbursements,Philippines,IDA,EAST ASIA AND PACIFIC,FY16,0.0,0.0,0.0,0.0,0.0,2016,4,annual,0.0,0.0,country,0.0,0.0,0.0,0.0,0.0,0.0,0.0,0.0,0.0,,,,,,,0.0,False,,0.1094003241491086,0.0,limited
989,Gross Disbursements,Philippines,IDA,EAST ASIA AND PACIFIC,FY17,0.0,0.0,0.0,0.0,0.0,2017,4,annual,0.0,0.0,country,0.0,0.0,0.0,0.0,0.0,0.0,0.0,0.0,0.0,0.0,0.0,,0.0,,,0.0,False,,0.1094003241491086,0.0,limited
3259,Gross Disbursements,Philippines,IDA,EAST ASIA AND PACIFIC,FY19,0.0,0.0,0.0,0.0,0.0,2019,4,annual,0.0,0.0,country,0.0,0.0,0.0,0.0,0.0,0.0,0.0,0.0,0.0,0.0,0.0,,0.0,,0.0,0.0,False,,0.1094003241491086,0.0,limited
2135,Gross Disbursements,Philippines,IDA,EAST ASIA AND PACIFIC,FY20,0.0,0.0,0.0,0.0,0.0,2020,4,annual,0.0,0.0,country,0.0,0.0,0.0,0.0,0.0,0.0,0.0,0.0,0.0,0.0,0.0,,0.0,,0.0,0.0,False,,0.1094003241491086,0.0,limited
681,Gross Disbursements,Philippines,IDA,EAST ASIA AND PACIFIC,FY21,0.0,0.0,0.0,0.0,0.0,2021,4,annual,0.0,0.0,country,0.0,0.0,0.0,0.0,0.0,0.0,0.0,0.0,0.0,0.0,0.0,,0.0,,0.0,0.0,False,,0.1094003241491086,0.0,limited
434,Gross Disbursements,Philippines,IDA,EAST ASIA AND PACIFIC,FY22,0.0,0.0,0.0,0.0,0.0,2022,4,annual,0.0,0.0,country,0.0,0.0,0.0,0.0,0.0,0.0,0.0,0.0,0.0,0.0,0.0,,0.0,,0.0,0.0,False,,0.1094003241491086,0.0,limited
2817,Gross Disbursements,Philippines,IDA,EAST ASIA AND PACIFIC,FY23,0.0,0.0,0.0,0.0,0.0,2023,4,annual,0.0,0.0,country,0.0,0.0,0.0,0.0,0.0,0.0,0.0,0.0,0.0,0.0,0.0,,0.0,,0.0,0.0,False,,0.1094003241491086,0.0,limited
1739,Gross Disbursements,Philippines,IDA,EAST ASIA AND PACIFIC,FY24,0.0,0.0,0.0,0.0,0.0,2024,4,annual,0.0,0.0,country,0.0,0.0,0.0,0.0,0.0,0.0,0.0,0.0,0.0,0.0,0.0,,0.0,,0.0,0.0,False,,0.1094003241491086,0.0,limited
1618,Gross Disbursements,Philippines,IDA,EAST ASIA AND PACIFIC,FY25,0.0,0.0,0.0,0.0,0.0,2025,4,annual,0.0,0.0,country,0.0,0.0,0.0,0.0,0.0,0.0,0.0,0.0,0.0,0.0,0.0,,0.0,,0.0,0.0,False,,0.1094003241491086,0.0,limited
1303,Gross Disbursements,Philippines,IDA,EAST ASIA AND PACIFIC,2025-Q3,0.0,0.0,0.0,0.0,0.0,2025,3,quarterly,0.0,0.0,country,0.0,0.0,0.0,0.0,0.0,0.0,0.0,0.0,0.0,,,,,,0.0,0.0,False,,0.15848214285714285,0.0,limited
1180,Gross Disbursements,Philippines,IDA,EAST ASIA AND PACIFIC,2026-Q3,0.0,0.0,0.0,0.0,0.0,2026,3,quarterly,0.0,0.0,country,0.0,0.0,0.0,0.0,0.0,0.0,0.0,0.0,0.0,0.0,0.0,,0.0,,0.0,0.0,False,,0.15848214285714285,0.0,limited
2688,Commitments,Poland,IDA,EUROPE AND CENTRAL ASIA,FY24,0.0,0.0,0.0,0.0,0.0,2024,4,annual,0.0,0.0,country,0.0,0.0,0.0,0.0,0.0,0.0,0.0,0.0,0.0,,,,,,0.0,,False,,0.19539375928677563,0.0,limited
1489,Commitments,Poland,IDA,EUROPE AND CENTRAL ASIA,FY25,0.0,0.0,0.0,0.0,0.0,2025,4,annual,0.0,0.0,country,0.0,0.0,0.0,0.0,0.0,0.0,0.0,0.0,0.0,0.0,0.0,,0.0,,0.0,,False,,0.19539375928677563,0.0,limited
269,Commitments,Poland,IDA,EUROPE AND CENTRAL ASIA,2025-Q3,0.0,0.0,0.0,0.0,0.0,2025,3,quarterly,0.0,0.0,country,0.0,0.0,0.0,0.0,0.0,0.0,0.0,0.0,0.0,,,,,,0.0,,False,,0.326271186440678,0.0,limited
76,Commitments,Poland,IDA,EUROPE AND CENTRAL ASIA,2026-Q3,0.0,0.0,0.0,0.0,0.0,2026,3,quarterly,0.0,0.0,country,0.0,0.0,0.0,0.0,0.0,0.0,0.0,0.0,0.0,0.0,0.0,,0.0,,0.0,,False,,0.326271186440678,0.0,limited
2689,Commitments,Portugal,IDA,EUROPE AND CENTRAL ASIA,FY24,0.0,0.0,0.0,0.0,0.0,2024,4,annual,0.0,0.0,country,0.0,0.0,0.0,0.0,0.0,0.0,0.0,0.0,0.0,,,,,,0.0,,False,,0.19539375928677563,0.0,limited
1490,Commitments,Portugal,IDA,EUROPE AND CENTRAL ASIA,FY25,0.0,0.0,0.0,0.0,0.0,2025,4,annual,0.0,0.0,country,0.0,0.0,0.0,0.0,0.0,0.0,0.0,0.0,0.0,0.0,0.0,,0.0,,0.0,,False,,0.19539375928677563,0.0,limited
270,Commitments,Portugal,IDA,EUROPE AND CENTRAL ASIA,2025-Q3,0.0,0.0,0.0,0.0,0.0,2025,3,quarterly,0.0,0.0,country,0.0,0.0,0.0,0.0,0.0,0.0,0.0,0.0,0.0,,,,,,0.0,,False,,0.326271186440678,0.0,limited
77,Commitments,Portugal,IDA,EUROPE AND CENTRAL ASIA,2026-Q3,0.0,0.0,0.0,0.0,0.0,2026,3,quarterly,0.0,0.0,country,0.0,0.0,0.0,0.0,0.0,0.0,0.0,0.0,0.0,0.0,0.0,,0.0,,0.0,,False,,0.326271186440678,0.0,limited
2690,Commitments,Romania,IDA,EUROPE AND CENTRAL ASIA,FY24,0.0,0.0,0.0,0.0,0.0,2024,4,annual,0.0,0.0,country,0.0,0.0,0.0,0.0,0.0,0.0,0.0,0.0,0.0,,,,,,0.0,,False,,0.19539375928677563,0.0,limited
1491,Commitments,Romania,IDA,EUROPE AND CENTRAL ASIA,FY25,0.0,0.0,0.0,0.0,0.0,2025,4,annual,0.0,0.0,country,0.0,0.0,0.0,0.0,0.0,0.0,0.0,0.0,0.0,0.0,0.0,,0.0,,0.0,,False,,0.19539375928677563,0.0,limited
271,Commitments,Romania,IDA,EUROPE AND CENTRAL ASIA,2025-Q3,0.0,0.0,0.0,0.0,0.0,2025,3,quarterly,0.0,0.0,country,0.0,0.0,0.0,0.0,0.0,0.0,0.0,0.0,0.0,,,,,,0.0,,False,,0.326271186440678,0.0,limited
78,Commitments,Romania,IDA,EUROPE AND CENTRAL ASIA,2026-Q3,0.0,0.0,0.0,0.0,0.0,2026,3,quarterly,0.0,0.0,country,0.0,0.0,0.0,0.0,0.0,0.0,0.0,0.0,0.0,0.0,0.0,,0.0,,0.0,,False,,0.326271186440678,0.0,limited
2691,Commitments,Russian Federation,IDA,EUROPE AND CENTRAL ASIA,FY24,0.0,0.0,0.0,0.0,0.0,2024,4,annual,0.0,0.0,country,0.0,0.0,0.0,0.0,0.0,0.0,0.0,0.0,0.0,,,,,,0.0,,False,,0.19539375928677563,0.0,limited
1492,Commitments,Russian Federation,IDA,EUROPE AND CENTRAL ASIA,FY25,0.0,0.0,0.0,0.0,0.0,2025,4,annual,0.0,0.0,country,0.0,0.0,0.0,0.0,0.0,0.0,0.0,0.0,0.0,0.0,0.0,,0.0,,0.0,,False,,0.19539375928677563,0.0,limited
272,Commitments,Russian Federation,IDA,EUROPE AND CENTRAL ASIA,2025-Q3,0.0,0.0,0.0,0.0,0.0,2025,3,quarterly,0.0,0.0,country,0.0,0.0,0.0,0.0,0.0,0.0,0.0,0.0,0.0,,,,,,0.0,,False,,0.326271186440678,0.0,limited
79,Commitments,Russian Federation,IDA,EUROPE AND CENTRAL ASIA,2026-Q3,0.0,0.0,0.0,0.0,0.0,2026,3,quarterly,0.0,0.0,country,0.0,0.0,0.0,0.0,0.0,0.0,0.0,0.0,0.0,0.0,0.0,,0.0,,0.0,,False,,0.326271186440678,0.0,limited
2484,Commitments,Rwanda,IDA,AFRICA,FY14,70.0,233.0,0.0,0.0,303.0,2014,4,annual,303.0,0.0,country,0.23102310231023102,4.2626798770413155,0.768976897689769,5.455321115357702,0.0,0.0,0.0,0.0,5.717027701406222,,,,,,303.0,139.0,True,0.45874587458745875,0.7830609212481426,303.0,significant
2314,Commitments,Rwanda,IDA,AFRICA,FY15,70.0,0.0,0.0,200.0,270.0,2015,4,annual,270.0,0.0,country,0.25925925925925924,4.2626798770413155,0.0,0.0,0.0,0.0,0.7407407407407407,5.303304908059076,5.602118820879701,303.0,-33.0,-0.10891089108910891,303.0,-0.10891089108910891,270.0,204.0,True,0.7555555555555555,0.7685735512630015,270.0,significant
1033,Commitments,Rwanda,IDA,AFRICA,FY16,95.0,236.0,0.0,0.0,331.0,2016,4,annual,331.0,0.0,country,0.28700906344410876,4.564348191467836,0.7129909365558912,5.4680601411351315,0.0,0.0,0.0,0.0,5.805134968916488,270.0,61.0,0.22592592592592592,270.0,0.22592592592592592,331.0,235.0,True,0.7099697885196374,0.7934621099554234,331.0,significant
820,Commitments,Rwanda,IDA,AFRICA,FY17,95.0,81.0,0.0,46.0,222.0,2017,4,annual,222.0,0.0,country,0.42792792792792794,4.564348191467836,0.36486486486486486,4.406719247264253,0.0,0.0,0.2072072072072072,3.8501476017100584,5.407171771460119,331.0,-109.0,-0.3293051359516616,331.0,-0.3293051359516616,222.0,273.0,True,1.2297297297297298,0.7462852897473997,222.0,significant
3294,Commitments,Rwanda,IDA,AFRICA,FY18,125.0,105.0,0.0,220.0,450.0,2018,4,annual,450.0,0.0,country,0.2777777777777778,4.836281906951478,0.23333333333333334,4.663439094112067,0.0,0.0,0.4888888888888889,5.3981627015177525,6.111467339502679,222.0,228.0,1.027027027027027,222.0,1.027027027027027,450.0,294.0,True,0.6533333333333333,0.836924219910847,450.0,significant
3049,Commitments,Rwanda,IDA,AFRICA,FY19,125.0,230.0,0.0,0.0,355.0,2019,4,annual,355.0,0.0,country,0.352112676056338,4.836281906951478,0.647887323943662,5.442417710521793,0.0,0.0,0.0,0.0,5.87493073085203,450.0,-95.0,-0.2111111111111111,450.0,-0.2111111111111111,355.0,272.0,True,0.7661971830985915,0.8068350668647846,355.0,significant
2170,Commitments,Rwanda,IDA,AFRICA EAST,FY20,225.0,214.0,0.0,150.0,589.0,2020,4,annual,589.0,0.0,country,0.38200339558573854,5.420534999272286,0.3633276740237691,5.3706380281276624,0.0,0.0,0.2546689303904924,5.017279836814924,6.380122536899765,355.0,234.0,0.6591549295774648,355.0,0.6591549295774648,589.0,446.0,True,0.7572156196943973,0.8647845468053492,589.0,major
1944,Commitments,Rwanda,IDA,EASTERN AND SOUTHERN AFRICA,FY21,150.0,500.0,0.0,0.0,650.0,2021,4,annual,650.0,0.0,country,0.23076923076923078,5.017279836814924,0.7692307692307693,6.2166061010848646,0.0,0.0,0.0,0.0,6.478509642208569,589.0,61.0,0.1035653650254669,589.0,0.1035653650254669,650.0,505.0,True,0.7769230769230769,0.8833580980683506,650.0,major
579,Commitments,Rwanda,IDA,EASTERN AND SOUTHERN AFRICA,FY22,175.0,532.0,0.0,60.0,767.0,2022,4,annual,767.0,0.0,country,0.22816166883963493,5.170483995038151,0.6936114732724902,6.278521424165844,0.0,0.0,0.07822685788787484,4.110873864173311,6.643789733147672,650.0,117.0,0.18,650.0,0.18,767.0,400.0,True,0.5215123859191656,0.9041604754829123,767.0,major
2965,Commitments,Rwanda,IDA,EASTERN AND SOUTHERN AFRICA,FY23,200.0,270.0,0.0,0.0,470.0,2023,4,annual,470.0,0.0,country,0.425531914893617,5.303304908059076,0.574468085106383,5.602118820879701,0.0,0.0,0.0,0.0,6.154858094016418,767.0,-297.0,-0.38722294654498046,767.0,-0.38722294654498046,470.0,485.0,True,1.0319148936170213,0.8417533432392273,470.0,significant
2646,Commitments,Rwanda,IDA,EASTERN AND SOUTHERN AFRICA,FY24,125.0,676.0,0.0,0.0,801.0,2024,4,annual,801.0,0.0,country,0.1560549313358302,4.836281906951478,0.8439450686641697,6.517671272912275,0.0,0.0,0.0,0.0,6.687108607866515,470.0,331.0,0.7042553191489361,470.0,0.7042553191489361,801.0,507.0,True,0.6329588014981273,0.9115898959881129,801.0,major
1447,Commitments,Rwanda,IDA,EASTERN AND SOUTHERN AFRICA,FY25,255.0,167.0,0.0,200.0,622.0,2025,4,annual,622.0,0.0,country,0.409967845659164,5.545177444479562,0.2684887459807074,5.123963979403259,0.0,0.0,0.3215434083601286,5.303304908059076,6.434546518787453,801.0,-179.0,-0.22347066167290885,801.0,-0.22347066167290885,622.0,693.0,True,1.1141479099678457,0.8763001485884101,622.0,major
227,Commitments,Rwanda,IDA,EASTERN AND SOUTHERN AFRICA,2025-Q3,255.0,-1.0,0.0,200.0,454.0,2025,3,quarterly,454.0,0.0,country,0.5616740088105727,5.545177444479562,-0.0022026431718061676,0.0,0.0,0.0,0.44052863436123346,5.303304908059076,6.12029741895095,,,,,,454.0,547.51,True,1.2059691629955946,0.940677966101695,454.0,significant
34,Commitments,Rwanda,IDA,EASTERN AND SOUTHERN AFRICA,2026-Q3,481.0,180.0,0.0,100.0,761.0,2026,3,quarterly,761.0,0.0,country,0.6320630749014454,6.1779441140506,0.23653088042049936,5.198497031265826,0.0,0.0,0.1314060446780552,4.61512051684126,6.635946555686647,454.0,307.0,0.6762114537444934,454.0,0.6762114537444934,761.0,259.0,True,0.3403416557161629,0.9689265536723164,761.0,major
2564,Gross Disbursements,Rwanda,IDA,AFRICA,FY14,71.0,68.0,0.0,0.0,139.0,2014,4,annual,139.0,0.0,country,0.5107913669064749,4.276666119016055,0.4892086330935252,4.23410650459726,0.0,0.0,0.0,0.0,4.941642422609304,,,,,,303.0,139.0,True,0.45874587458745875,0.7050243111831442,139.0,significant
2396,Gross Disbursements,Rwanda,IDA,AFRICA,FY15,66.0,81.0,0.0,57.0,204.0,2015,4,annual,204.0,0.0,country,0.3235294117647059,4.204692619390966,0.39705882352941174,4.406719247264253,0.0,0.0,0.27941176470588236,4.060443010546419,5.3230099791384085,139.0,65.0,0.4676258992805755,139.0,0.4676258992805755,270.0,204.0,True,0.7555555555555555,0.773095623987034,204.0,significant
1111,Gross Disbursements,Rwanda,IDA,AFRICA,FY16,94.0,69.0,0.0,72.0,235.0,2016,4,annual,235.0,0.0,country,0.4,4.553876891600541,0.2936170212765957,4.248495242049359,0.0,0.0,0.30638297872340425,4.290459441148391,5.4638318050256105,204.0,31.0,0.15196078431372548,204.0,0.15196078431372548,331.0,235.0,True,0.7099697885196374,0.786871961102107,235.0,significant
902,Gross Disbursements,Rwanda,IDA,AFRICA,FY17,91.0,97.0,0.0,84.0,273.0,2017,4,annual,272.0,1.0,country,0.3333333333333333,4.5217885770490405,0.3553113553113553,4.584967478670572,0.0,0.0,0.3076923076923077,4.442651256490317,5.6131281063880705,235.0,38.0,0.16170212765957448,235.0,0.16170212765957448,222.0,273.0,True,1.2297297297297298,0.8095623987034035,273.0,significant
3415,Gross Disbursements,Rwanda,IDA,AFRICA,FY18,125.0,85.0,0.0,84.0,294.0,2018,4,annual,294.0,0.0,country,0.42517006802721086,4.836281906951478,0.2891156462585034,4.454347296253507,0.0,0.0,0.2857142857142857,4.442651256490317,5.68697535633982,273.0,21.0,0.07692307692307693,273.0,0.07692307692307693,450.0,294.0,True,0.6533333333333333,0.8168557536466775,294.0,significant
3173,Gross Disbursements,Rwanda,IDA,AFRICA,FY19,124.0,108.0,0.0,40.0,272.0,2019,4,annual,272.0,0.0,country,0.45588235294117646,4.8283137373023015,0.39705882352941174,4.6913478822291435,0.0,0.0,0.14705882352941177,3.713572066704308,5.60947179518496,294.0,-22.0,-0.07482993197278912,294.0,-0.07482993197278912,355.0,272.0,True,0.7661971830985915,0.8087520259319287,272.0,significant
2048,Gross Disbursements,Rwanda,IDA,AFRICA EAST,FY20,227.0,149.0,0.0,70.0,446.0,2020,4,annual,446.0,0.0,country,0.5089686098654709,5.429345628954441,0.33408071748878926,5.0106352940962555,0.0,0.0,0.15695067264573992,4.2626798770413155,6.102558594613569,272.0,174.0,0.6397058823529411,272.0,0.6397058823529411,589.0,446.0,True,0.7572156196943973,0.8646677471636953,446.0,significant
704,Gross Disbursements,Rwanda,IDA,EASTERN AND SOUTHERN AFRICA,FY21,152.0,262.0,0.0,91.0,505.0,2021,4,annual,505.0,0.0,country,0.300990099009901,5.030437921392435,0.5188118811881188,5.572154032177765,0.0,0.0,0.1801980198019802,4.5217885770490405,6.226536669287466,446.0,59.0,0.13228699551569506,446.0,0.13228699551569506,650.0,505.0,True,0.7769230769230769,0.8897893030794165,505.0,major
457,Gross Disbursements,Rwanda,IDA,EASTERN AND SOUTHERN AFRICA,FY22,168.0,180.0,0.0,52.0,400.0,2022,4,annual,400.0,0.0,country,0.42,5.1298987149230735,0.45,5.198497031265826,0.0,0.0,0.13,3.970291913552122,5.993961427306569,505.0,-105.0,-0.2079207920792079,505.0,-0.2079207920792079,767.0,400.0,True,0.5215123859191656,0.8529173419773096,400.0,significant
2841,Gross Disbursements,Rwanda,IDA,EASTERN AND SOUTHERN AFRICA,FY23,200.0,258.0,0.0,27.0,485.0,2023,4,annual,485.0,0.0,country,0.41237113402061853,5.303304908059076,0.5319587628865979,5.556828061699537,0.0,0.0,0.05567010309278351,3.332204510175204,6.186208623900494,400.0,85.0,0.2125,400.0,0.2125,470.0,485.0,True,1.0319148936170213,0.8788492706645057,485.0,significant
1763,Gross Disbursements,Rwanda,IDA,EASTERN AND SOUTHERN AFRICA,FY24,125.0,333.0,0.0,49.0,507.0,2024,4,annual,507.0,0.0,country,0.2465483234714004,4.836281906951478,0.6568047337278107,5.811140992976701,0.0,0.0,0.09664694280078895,3.912023005428146,6.230481447578482,485.0,22.0,0.04536082474226804,485.0,0.04536082474226804,801.0,507.0,True,0.6329588014981273,0.8905996758508914,507.0,major
1643,Gross Disbursements,Rwanda,IDA,EASTERN AND SOUTHERN AFRICA,FY25,255.0,382.0,0.0,56.0,693.0,2025,4,annual,693.0,0.0,country,0.36796536796536794,5.545177444479562,0.5512265512265512,5.948034989180646,0.0,0.0,0.08080808080808081,4.04305126783455,6.542471960506805,507.0,186.0,0.3668639053254438,507.0,0.3668639053254438,622.0,693.0,True,1.1141479099678457,0.9238249594813615,693.0,major
1328,Gross Disbursements,Rwanda,IDA,EASTERN AND SOUTHERN AFRICA,2025-Q3,255.0,236.51,0.0,56.0,547.51,2025,3,quarterly,547.51,0.0,country,0.4657449179010429,5.545177444479562,0.4319738452265712,5.470209727851452,0.0,0.0,0.1022812368723859,4.04305126783455,6.307205511089657,,,,,,454.0,547.51,True,1.2059691629955946,0.9151785714285714,547.51,major
1205,Gross Disbursements,Rwanda,IDA,EASTERN AND SOUTHERN AFRICA,2026-Q3,0.0,201.0,0.0,58.0,259.0,2026,3,quarterly,259.0,0.0,country,0.0,0.0,0.7760617760617761,5.308267697401205,0.0,0.0,0.22393822393822393,4.07753744390572,5.560681631015528,547.51,-288.51,-0.5269492794652152,547.51,-0.5269492794652152,761.0,259.0,True,0.3403416557161629,0.7723214285714286,259.0,significant
2501,Commitments,Samoa,IDA,EAST ASIA AND PACIFIC,FY14,15.0,50.0,0.0,0.0,65.0,2014,4,annual,65.0,0.0,country,0.23076923076923078,2.772588722239781,0.7692307692307693,3.9318256327243257,0.0,0.0,0.0,0.0,4.189654742026425,,,,,,65.0,21.0,True,0.3230769230769231,0.5646359583952452,65.0,moderate
2331,Commitments,Samoa,IDA,EAST ASIA AND PACIFIC,FY15,8.0,30.0,0.0,0.0,37.0,2015,4,annual,38.0,-1.0,country,0.21621621621621623,2.1972245773362196,0.8108108108108109,3.4339872044851463,0.0,0.0,0.0,0.0,3.6375861597263857,65.0,-28.0,-0.4307692307692308,65.0,-0.4307692307692308,37.0,13.0,True,0.35135135135135137,0.5037147102526003,37.0,moderate
1049,Commitments,Samoa,IDA,EAST ASIA AND PACIFIC,FY16,0.0,17.0,0.0,0.0,17.0,2016,4,annual,17.0,0.0,country,0.0,0.0,1.0,2.8903717578961645,0.0,0.0,0.0,0.0,2.8903717578961645,37.0,-20.0,-0.5405405405405406,37.0,-0.5405405405405406,17.0,13.0,True,0.7647058823529411,0.4335066864784547,17.0,moderate
872,Commitments,Samoa,IDA,EAST ASIA AND PACIFIC,FY17,5.0,0.0,0.0,0.0,5.0,2017,4,annual,5.0,0.0,country,1.0,1.791759469228055,0.0,0.0,0.0,0.0,0.0,0.0,1.791759469228055,17.0,-12.0,-0.7058823529411765,17.0,-0.7058823529411765,5.0,14.0,False,,0.40007429420505203,5.0,limited
3329,Commitments,Samoa,IDA,EAST ASIA AND PACIFIC,FY18,5.0,0.0,0.0,0.0,5.0,2018,4,annual,5.0,0.0,country,1.0,1.791759469228055,0.0,0.0,0.0,0.0,0.0,0.0,1.791759469228055,5.0,0.0,0.0,5.0,0.0,5.0,31.0,False,,0.40007429420505203,5.0,limited
3104,Commitments,Samoa,IDA,EAST ASIA AND PACIFIC,FY19,14.0,40.0,0.0,0.0,54.0,2019,4,annual,54.0,0.0,country,0.25925925925925924,2.70805020110221,0.7407407407407407,3.713572066704308,0.0,0.0,0.0,0.0,4.007333185232471,5.0,49.0,9.8,5.0,9.8,54.0,25.0,True,0.46296296296296297,0.5442050520059435,54.0,moderate
2218,Commitments,Samoa,IDA,EAST ASIA AND PACIFIC,FY20,0.0,23.0,0.0,9.0,32.0,2020,4,annual,32.0,0.0,country,0.0,0.0,0.71875,3.1780538303479458,0.0,0.0,0.28125,2.302585092994046,3.4965075614664802,54.0,-22.0,-0.4074074074074074,54.0,-0.4074074074074074,32.0,30.0,True,0.9375,0.48811292719167904,32.0,moderate
1919,Commitments,Samoa,IDA,EAST ASIA AND PACIFIC,FY21,25.0,0.0,0.0,0.0,25.0,2021,4,annual,25.0,0.0,country,1.0,3.258096538021482,0.0,0.0,0.0,0.0,0.0,0.0,3.258096538021482,32.0,-7.0,-0.21875,32.0,-0.21875,25.0,19.0,True,0.76,0.4676820208023774,25.0,moderate
554,Commitments,Samoa,IDA,EAST ASIA AND PACIFIC,FY22,14.0,66.0,0.0,0.0,80.0,2022,4,annual,80.0,0.0,country,0.175,2.70805020110221,0.825,4.204692619390966,0.0,0.0,0.0,0.0,4.394449154672439,25.0,55.0,2.2,25.0,2.2,80.0,30.0,True,0.375,0.5980683506686478,80.0,moderate
2940,Commitments,Samoa,IDA,EAST ASIA AND PACIFIC,FY23,10.0,0.0,0.0,0.0,10.0,2023,4,annual,10.0,0.0,country,1.0,2.3978952727983707,0.0,0.0,0.0,0.0,0.0,0.0,2.3978952727983707,80.0,-70.0,-0.875,80.0,-0.875,10.0,28.0,True,2.8,0.4138187221396731,10.0,limited
2778,Commitments,Samoa,IDA,EAST ASIA AND PACIFIC,FY24,0.0,0.0,0.0,0.0,0.0,2024,4,annual,0.0,0.0,country,0.0,0.0,0.0,0.0,0.0,0.0,0.0,0.0,0.0,10.0,-10.0,-1.0,10.0,-1.0,0.0,15.0,False,,0.19539375928677563,0.0,limited
1579,Commitments,Samoa,IDA,EAST ASIA AND PACIFIC,FY25,0.0,62.0,0.0,0.0,62.0,2025,4,annual,62.0,0.0,country,0.0,0.0,1.0,4.143134726391533,0.0,0.0,0.0,0.0,4.143134726391533,0.0,62.0,,0.0,,62.0,17.0,True,0.27419354838709675,0.5560921248142645,62.0,moderate
359,Commitments,Samoa,IDA,EAST ASIA AND PACIFIC,2025-Q3,0.0,49.0,0.0,0.0,49.0,2025,3,quarterly,49.0,0.0,country,0.0,0.0,1.0,3.912023005428146,0.0,0.0,0.0,0.0,3.912023005428146,,,,,,49.0,14.0,True,0.2857142857142857,0.7259887005649718,49.0,moderate
166,Commitments,Samoa,IDA,EAST ASIA AND PACIFIC,2026-Q3,0.0,30.0,0.0,0.0,30.0,2026,3,quarterly,30.0,0.0,country,0.0,0.0,1.0,3.4339872044851463,0.0,0.0,0.0,0.0,3.4339872044851463,49.0,-19.0,-0.3877551020408163,49.0,-0.3877551020408163,30.0,7.0,True,0.23333333333333334,0.6878531073446328,30.0,moderate
2583,Gross Disbursements,Samoa,IDA,EAST ASIA AND PACIFIC,FY14,15.0,6.0,0.0,0.0,21.0,2014,4,annual,21.0,0.0,country,0.7142857142857143,2.772588722239781,0.2857142857142857,1.9459101490553132,0.0,0.0,0.0,0.0,3.091042453358316,,,,,,65.0,21.0,True,0.3230769230769231,0.41247974068071314,21.0,moderate
2415,Gross Disbursements,Samoa,IDA,EAST ASIA AND PACIFIC,FY15,7.0,7.0,0.0,0.0,13.0,2015,4,annual,14.0,-1.0,country,0.5384615384615384,2.0794415416798357,0.5384615384615384,2.0794415416798357,0.0,0.0,0.0,0.0,2.6390573296152584,21.0,-8.0,-0.38095238095238093,21.0,-0.38095238095238093,37.0,13.0,True,0.35135135135135137,0.35615883306320906,13.0,moderate
1138,Gross Disbursements,Samoa,IDA,EAST ASIA AND PACIFIC,FY16,0.0,13.0,0.0,0.0,13.0,2016,4,annual,13.0,0.0,country,0.0,0.0,1.0,2.6390573296152584,0.0,0.0,0.0,0.0,2.6390573296152584,13.0,0.0,0.0,13.0,0.0,17.0,13.0,True,0.7647058823529411,0.35615883306320906,13.0,moderate
941,Gross Disbursements,Samoa,IDA,EAST ASIA AND PACIFIC,FY17,0.0,14.0,0.0,0.0,14.0,2017,4,annual,14.0,0.0,country,0.0,0.0,1.0,2.70805020110221,0.0,0.0,0.0,0.0,2.70805020110221,13.0,1.0,0.07692307692307693,13.0,0.07692307692307693,5.0,14.0,False,,0.36547811993517015,14.0,moderate
775,Gross Disbursements,Samoa,IDA,EAST ASIA AND PACIFIC,FY18,10.0,21.0,0.0,0.0,31.0,2018,4,annual,31.0,0.0,country,0.3225806451612903,2.3978952727983707,0.6774193548387096,3.091042453358316,0.0,0.0,0.0,0.0,3.4657359027997265,14.0,17.0,1.2142857142857142,14.0,1.2142857142857142,5.0,31.0,False,,0.4675850891410049,31.0,moderate
3218,Gross Disbursements,Samoa,IDA,EAST ASIA AND PACIFIC,FY19,5.0,20.0,0.0,0.0,25.0,2019,4,annual,25.0,0.0,country,0.2,1.791759469228055,0.8,3.044522437723423,0.0,0.0,0.0,0.0,3.258096538021482,31.0,-6.0,-0.1935483870967742,31.0,-0.1935483870967742,54.0,25.0,True,0.46296296296296297,0.4351701782820097,25.0,moderate
2104,Gross Disbursements,Samoa,IDA,EAST ASIA AND PACIFIC,FY20,9.0,21.0,0.0,0.0,30.0,2020,4,annual,30.0,0.0,country,0.3,2.302585092994046,0.7,3.091042453358316,0.0,0.0,0.0,0.0,3.4339872044851463,25.0,5.0,0.2,25.0,0.2,32.0,30.0,True,0.9375,0.46312803889789306,30.0,moderate
682,Gross Disbursements,Samoa,IDA,EAST ASIA AND PACIFIC,FY21,15.0,2.0,0.0,2.0,19.0,2021,4,annual,19.0,0.0,country,0.7894736842105263,2.772588722239781,0.10526315789473684,1.0986122886681098,0.0,0.0,0.10526315789473684,1.0986122886681098,2.995732273553991,30.0,-11.0,-0.36666666666666664,30.0,-0.36666666666666664,25.0,19.0,True,0.76,0.4007293354943274,19.0,moderate
435,Gross Disbursements,Samoa,IDA,EAST ASIA AND PACIFIC,FY22,24.0,6.0,0.0,0.0,30.0,2022,4,annual,30.0,0.0,country,0.8,3.2188758248682006,0.2,1.9459101490553132,0.0,0.0,0.0,0.0,3.4339872044851463,19.0,11.0,0.5789473684210527,19.0,0.5789473684210527,80.0,30.0,True,0.375,0.46312803889789306,30.0,moderate
2818,Gross Disbursements,Samoa,IDA,EAST ASIA AND PACIFIC,FY23,10.0,18.0,0.0,0.0,28.0,2023,4,annual,28.0,0.0,country,0.35714285714285715,2.3978952727983707,0.6428571428571429,2.9444389791664403,0.0,0.0,0.0,0.0,3.367295829986474,30.0,-2.0,-0.06666666666666667,30.0,-0.06666666666666667,10.0,28.0,True,2.8,0.4529983792544571,28.0,moderate
1740,Gross Disbursements,Samoa,IDA,EAST ASIA AND PACIFIC,FY24,0.0,13.0,0.0,2.0,15.0,2024,4,annual,15.0,0.0,country,0.0,0.0,0.8666666666666667,2.6390573296152584,0.0,0.0,0.13333333333333333,1.0986122886681098,2.772588722239781,28.0,-13.0,-0.4642857142857143,28.0,-0.4642857142857143,0.0,15.0,False,,0.37155591572123176,15.0,moderate
1619,Gross Disbursements,Samoa,IDA,EAST ASIA AND PACIFIC,FY25,0.0,17.0,0.0,0.0,17.0,2025,4,annual,17.0,0.0,country,0.0,0.0,1.0,2.8903717578961645,0.0,0.0,0.0,0.0,2.8903717578961645,15.0,2.0,0.13333333333333333,15.0,0.13333333333333333,62.0,17.0,True,0.27419354838709675,0.38492706645056723,17.0,moderate
1304,Gross Disbursements,Samoa,IDA,EAST ASIA AND PACIFIC,2025-Q3,0.0,14.0,0.0,0.0,14.0,2025,3,quarterly,14.0,0.0,country,0.0,0.0,1.0,2.70805020110221,0.0,0.0,0.0,0.0,2.70805020110221,,,,,,49.0,14.0,True,0.2857142857142857,0.38392857142857145,14.0,moderate
1181,Gross Disbursements,Samoa,IDA,EAST ASIA AND PACIFIC,2026-Q3,0.0,6.0,0.0,1.0,7.0,2026,3,quarterly,7.0,0.0,country,0.0,0.0,0.8571428571428571,1.9459101490553132,0.0,0.0,0.14285714285714285,0.6931471805599453,2.0794415416798357,14.0,-7.0,-0.5,14.0,-0.5,30.0,7.0,True,0.23333333333333334,0.3482142857142857,7.0,limited
2485,Commitments,Sao Tome and Principe,IDA,AFRICA,FY14,0.0,4.0,0.0,0.0,4.0,2014,4,annual,4.0,0.0,country,0.0,0.0,1.0,1.6094379124341003,0.0,0.0,0.0,0.0,1.6094379124341003,,,,,,4.0,6.0,False,,0.39561664190193163,4.0,limited
2315,Commitments,Sao Tome and Principe,IDA,AFRICA,FY15,0.0,0.0,0.0,0.0,0.0,2015,4,annual,0.0,0.0,country,0.0,0.0,0.0,0.0,0.0,0.0,0.0,0.0,0.0,4.0,-4.0,-1.0,4.0,-1.0,0.0,1.0,False,,0.19539375928677563,0.0,limited
864,Commitments,Sao Tome and Principe,IDA,AFRICA,FY17,5.0,16.0,0.0,0.0,21.0,2017,4,annual,21.0,0.0,country,0.23809523809523808,1.791759469228055,0.7619047619047619,2.833213344056216,0.0,0.0,0.0,0.0,3.091042453358316,0.0,21.0,,0.0,,21.0,7.0,True,0.3333333333333333,0.4524517087667162,21.0,moderate
3332,Commitments,Sao Tome and Principe,IDA,AFRICA,FY18,6.0,20.0,0.0,0.0,26.0,2018,4,annual,26.0,0.0,country,0.23076923076923078,1.9459101490553132,0.7692307692307693,3.044522437723423,0.0,0.0,0.0,0.0,3.295836866004329,21.0,5.0,0.23809523809523808,21.0,0.23809523809523808,26.0,1.0,True,0.038461538461538464,0.4710252600297177,26.0,moderate
3107,Commitments,Sao Tome and Principe,IDA,AFRICA,FY19,0.0,39.0,0.0,0.0,39.0,2019,4,annual,39.0,0.0,country,0.0,0.0,1.0,3.6888794541139363,0.0,0.0,0.0,0.0,3.6888794541139363,26.0,13.0,0.5,26.0,0.5,39.0,13.0,True,0.3333333333333333,0.5059435364041605,39.0,moderate
2210,Commitments,Sao Tome and Principe,IDA,AFRICA EAST,FY20,5.0,15.0,0.0,0.0,20.0,2020,4,annual,20.0,0.0,country,0.25,1.791759469228055,0.75,2.772588722239781,0.0,0.0,0.0,0.0,3.044522437723423,39.0,-19.0,-0.48717948717948717,39.0,-0.48717948717948717,20.0,17.0,True,0.85,0.44762258543833583,20.0,moderate
1945,Commitments,Sao Tome and Principe,IDA,EASTERN AND SOUTHERN AFRICA,FY21,10.0,33.0,0.0,0.0,43.0,2021,4,annual,43.0,0.0,country,0.23255813953488372,2.3978952727983707,0.7674418604651163,3.5263605246161616,0.0,0.0,0.0,0.0,3.784189633918261,20.0,23.0,1.15,20.0,1.15,43.0,24.0,True,0.5581395348837209,0.5148588410104011,43.0,moderate
580,Commitments,Sao Tome and Principe,IDA,EASTERN AND SOUTHERN AFRICA,FY22,12.0,39.0,0.0,0.0,51.0,2022,4,annual,51.0,0.0,country,0.23529411764705882,2.5649493574615367,0.7647058823529411,3.6888794541139363,0.0,0.0,0.0,0.0,3.9512437185814275,43.0,8.0,0.18604651162790697,43.0,0.18604651162790697,51.0,35.0,True,0.6862745098039216,0.5364041604754829,51.0,moderate
2966,Commitments,Sao Tome and Principe,IDA,EASTERN AND SOUTHERN AFRICA,FY23,0.0,3.0,0.0,0.0,3.0,2023,4,annual,3.0,0.0,country,0.0,0.0,1.0,1.3862943611198906,0.0,0.0,0.0,0.0,1.3862943611198906,51.0,-48.0,-0.9411764705882353,51.0,-0.9411764705882353,3.0,21.0,False,,0.39338781575037146,3.0,limited
2647,Commitments,Sao Tome and Principe,IDA,EASTERN AND SOUTHERN AFRICA,FY24,15.0,62.0,0.0,0.0,77.0,2024,4,annual,77.0,0.0,country,0.19480519480519481,2.772588722239781,0.8051948051948052,4.143134726391533,0.0,0.0,0.0,0.0,4.356708826689592,3.0,74.0,24.666666666666668,3.0,24.666666666666668,77.0,43.0,True,0.5584415584415584,0.5924962852897474,77.0,moderate
1448,Commitments,Sao Tome and Principe,IDA,EASTERN AND SOUTHERN AFRICA,FY25,0.0,58.0,0.0,0.0,58.0,2025,4,annual,58.0,0.0,country,0.0,0.0,1.0,4.07753744390572,0.0,0.0,0.0,0.0,4.07753744390572,77.0,-19.0,-0.24675324675324675,77.0,-0.24675324675324675,58.0,48.0,True,0.8275862068965517,0.549405646359584,58.0,moderate
228,Commitments,Sao Tome and Principe,IDA,EASTERN AND SOUTHERN AFRICA,2025-Q3,0.0,24.0,0.0,0.0,24.0,2025,3,quarterly,24.0,0.0,country,0.0,0.0,1.0,3.2188758248682006,0.0,0.0,0.0,0.0,3.2188758248682006,,,,,,24.0,42.0,True,1.75,0.6694915254237288,24.0,moderate
35,Commitments,Sao Tome and Principe,IDA,EASTERN AND SOUTHERN AFRICA,2026-Q3,0.0,6.0,0.0,0.0,6.0,2026,3,quarterly,6.0,0.0,country,0.0,0.0,1.0,1.9459101490553132,0.0,0.0,0.0,0.0,1.9459101490553132,24.0,-18.0,-0.75,24.0,-0.75,6.0,46.0,False,,0.6468926553672316,6.0,limited
2565,Gross Disbursements,Sao Tome and Principe,IDA,AFRICA,FY14,6.0,0.0,0.0,0.0,6.0,2014,4,annual,6.0,0.0,country,1.0,1.9459101490553132,0.0,0.0,0.0,0.0,0.0,0.0,1.9459101490553132,,,,,,4.0,6.0,False,,0.2807941653160454,6.0,limited
2397,Gross Disbursements,Sao Tome and Principe,IDA,AFRICA,FY15,0.0,1.0,0.0,0.0,1.0,2015,4,annual,1.0,0.0,country,0.0,0.0,1.0,0.6931471805599453,0.0,0.0,0.0,0.0,0.6931471805599453,6.0,-5.0,-0.8333333333333334,6.0,-0.8333333333333334,0.0,1.0,False,,0.21920583468395463,1.0,limited
1112,Gross Disbursements,Sao Tome and Principe,IDA,AFRICA,FY16,0.0,1.0,0.0,0.0,1.0,2016,4,annual,1.0,0.0,country,0.0,0.0,1.0,0.6931471805599453,0.0,0.0,0.0,0.0,0.6931471805599453,1.0,0.0,0.0,1.0,0.0,,1.0,False,,0.21920583468395463,1.0,limited
976,Gross Disbursements,Sao Tome and Principe,IDA,AFRICA,FY17,5.0,2.0,0.0,0.0,7.0,2017,4,annual,7.0,0.0,country,0.7142857142857143,1.791759469228055,0.2857142857142857,1.0986122886681098,0.0,0.0,0.0,0.0,2.0794415416798357,1.0,6.0,6.0,1.0,6.0,21.0,7.0,True,0.3333333333333333,0.2925445705024311,7.0,limited
783,Gross Disbursements,Sao Tome and Principe,IDA,AFRICA,FY18,0.0,1.0,0.0,0.0,1.0,2018,4,annual,1.0,0.0,country,0.0,0.0,1.0,0.6931471805599453,0.0,0.0,0.0,0.0,0.6931471805599453,7.0,-6.0,-0.8571428571428571,7.0,-0.8571428571428571,26.0,1.0,True,0.038461538461538464,0.21920583468395463,1.0,limited
3226,Gross Disbursements,Sao Tome and Principe,IDA,AFRICA,FY19,6.0,7.0,0.0,0.0,13.0,2019,4,annual,13.0,0.0,country,0.46153846153846156,1.9459101490553132,0.5384615384615384,2.0794415416798357,0.0,0.0,0.0,0.0,2.6390573296152584,1.0,12.0,12.0,1.0,12.0,39.0,13.0,True,0.3333333333333333,0.35615883306320906,13.0,moderate
2102,Gross Disbursements,Sao Tome and Principe,IDA,AFRICA EAST,FY20,5.0,12.0,0.0,0.0,17.0,2020,4,annual,17.0,0.0,country,0.29411764705882354,1.791759469228055,0.7058823529411765,2.5649493574615367,0.0,0.0,0.0,0.0,2.8903717578961645,13.0,4.0,0.3076923076923077,13.0,0.3076923076923077,20.0,17.0,True,0.85,0.38492706645056723,17.0,moderate
705,Gross Disbursements,Sao Tome and Principe,IDA,EASTERN AND SOUTHERN AFRICA,FY21,10.0,14.0,0.0,0.0,24.0,2021,4,annual,24.0,0.0,country,0.4166666666666667,2.3978952727983707,0.5833333333333334,2.70805020110221,0.0,0.0,0.0,0.0,3.2188758248682006,17.0,7.0,0.4117647058823529,17.0,0.4117647058823529,43.0,24.0,True,0.5581395348837209,0.42787682333873583,24.0,moderate
458,Gross Disbursements,Sao Tome and Principe,IDA,EASTERN AND SOUTHERN AFRICA,FY22,12.0,23.0,0.0,0.0,35.0,2022,4,annual,35.0,0.0,country,0.34285714285714286,2.5649493574615367,0.6571428571428571,3.1780538303479458,0.0,0.0,0.0,0.0,3.58351893845611,24.0,11.0,0.4583333333333333,24.0,0.4583333333333333,51.0,35.0,True,0.6862745098039216,0.4837925445705024,35.0,moderate
2842,Gross Disbursements,Sao Tome and Principe,IDA,EASTERN AND SOUTHERN AFRICA,FY23,0.0,21.0,0.0,0.0,21.0,2023,4,annual,21.0,0.0,country,0.0,0.0,1.0,3.091042453358316,0.0,0.0,0.0,0.0,3.091042453358316,35.0,-14.0,-0.4,35.0,-0.4,3.0,21.0,False,,0.41247974068071314,21.0,moderate
1764,Gross Disbursements,Sao Tome and Principe,IDA,EASTERN AND SOUTHERN AFRICA,FY24,15.0,28.0,0.0,0.0,43.0,2024,4,annual,43.0,0.0,country,0.3488372093023256,2.772588722239781,0.6511627906976745,3.367295829986474,0.0,0.0,0.0,0.0,3.784189633918261,21.0,22.0,1.0476190476190477,21.0,1.0476190476190477,77.0,43.0,True,0.5584415584415584,0.5145867098865479,43.0,moderate
1644,Gross Disbursements,Sao Tome and Principe,IDA,EASTERN AND SOUTHERN AFRICA,FY25,0.0,48.0,0.0,0.0,48.0,2025,4,annual,48.0,0.0,country,0.0,0.0,1.0,3.8918202981106265,0.0,0.0,0.0,0.0,3.8918202981106265,43.0,5.0,0.11627906976744186,43.0,0.11627906976744186,58.0,48.0,True,0.8275862068965517,0.534035656401945,48.0,moderate
1329,Gross Disbursements,Sao Tome and Principe,IDA,EASTERN AND SOUTHERN AFRICA,2025-Q3,0.0,42.0,0.0,0.0,42.0,2025,3,quarterly,42.0,0.0,country,0.0,0.0,1.0,3.7612001156935624,0.0,0.0,0.0,0.0,3.7612001156935624,,,,,,24.0,42.0,True,1.75,0.5133928571428571,42.0,moderate
1206,Gross Disbursements,Sao Tome and Principe,IDA,EASTERN AND SOUTHERN AFRICA,2026-Q3,0.0,46.0,0.0,0.0,46.0,2026,3,quarterly,46.0,0.0,country,0.0,0.0,1.0,3.8501476017100584,0.0,0.0,0.0,0.0,3.8501476017100584,42.0,4.0,0.09523809523809523,42.0,0.09523809523809523,6.0,46.0,False,,0.53125,46.0,moderate
2486,Commitments,Senegal,IDA,AFRICA,FY14,30.0,394.0,0.0,0.0,424.0,2014,4,annual,424.0,0.0,country,0.07075471698113207,3.4339872044851463,0.9292452830188679,5.978885764901122,0.0,0.0,0.0,0.0,6.052089168924417,,,,,,424.0,142.0,True,0.33490566037735847,0.8287518573551264,424.0,significant
2316,Commitments,Senegal,IDA,AFRICA,FY15,0.0,245.0,0.0,0.0,245.0,2015,4,annual,245.0,0.0,country,0.0,0.0,1.0,5.5053315359323625,0.0,0.0,0.0,0.0,5.5053315359323625,424.0,-179.0,-0.4221698113207547,424.0,-0.4221698113207547,245.0,155.0,True,0.6326530612244898,0.7559435364041605,245.0,significant
1034,Commitments,Senegal,IDA,AFRICA,FY16,50.0,100.0,0.0,0.0,150.0,2016,4,annual,150.0,0.0,country,0.3333333333333333,3.9318256327243257,0.6666666666666666,4.61512051684126,0.0,0.0,0.0,0.0,5.017279836814924,245.0,-95.0,-0.3877551020408163,245.0,-0.3877551020408163,150.0,188.0,True,1.2533333333333334,0.700594353640416,150.0,significant
821,Commitments,Senegal,IDA,AFRICA,FY17,60.0,570.0,0.0,0.0,630.0,2017,4,annual,630.0,0.0,country,0.09523809523809523,4.110873864173311,0.9047619047619048,6.3473892096560105,0.0,0.0,0.0,0.0,6.447305862541213,150.0,480.0,3.2,150.0,3.2,630.0,149.0,True,0.2365079365079365,0.8785289747399703,630.0,major
3292,Commitments,Senegal,IDA,AFRICA,FY18,0.0,305.0,0.0,110.0,415.0,2018,4,annual,415.0,0.0,country,0.0,0.0,0.7349397590361446,5.723585101952381,0.0,0.0,0.26506024096385544,4.709530201312334,6.030685260261263,630.0,-215.0,-0.3412698412698413,630.0,-0.3412698412698413,415.0,231.0,True,0.5566265060240964,0.8239227340267459,415.0,significant
3045,Commitments,Senegal,IDA,AFRICA,FY19,180.0,200.0,0.0,0.0,380.0,2019,4,annual,380.0,0.0,country,0.47368421052631576,5.198497031265826,0.5263157894736842,5.303304908059076,0.0,0.0,0.0,0.0,5.942799375126701,415.0,-35.0,-0.08433734939759036,415.0,-0.08433734939759036,380.0,377.0,True,0.9921052631578947,0.8138930163447251,380.0,significant
2168,Commitments,Senegal,IDA,AFRICA WEST,FY20,280.0,285.0,0.0,150.0,715.0,2020,4,annual,715.0,0.0,country,0.3916083916083916,5.638354669333745,0.3986013986013986,5.655991810819852,0.0,0.0,0.2097902097902098,5.017279836814924,6.573680166960646,380.0,335.0,0.881578947368421,380.0,0.881578947368421,715.0,534.0,True,0.7468531468531469,0.8948736998514116,715.0,major
2030,Commitments,Senegal,IDA,WESTERN AND CENTRAL AFRICA,FY21,0.0,673.0,0.0,125.0,798.0,2021,4,annual,798.0,0.0,country,0.0,0.0,0.843358395989975,6.513230110912307,0.0,0.0,0.15664160401002505,4.836281906951478,6.683360945766275,715.0,83.0,0.11608391608391608,715.0,0.11608391608391608,798.0,318.0,True,0.39849624060150374,0.9089895988112927,798.0,major
665,Commitments,Senegal,IDA,WESTERN AND CENTRAL AFRICA,FY22,300.0,495.0,0.0,0.0,795.0,2022,4,annual,795.0,0.0,country,0.37735849056603776,5.707110264748875,0.6226415094339622,6.206575926724928,0.0,0.0,0.0,0.0,6.679599185844383,798.0,-3.0,-0.0037593984962406013,798.0,-0.0037593984962406013,795.0,706.0,True,0.8880503144654088,0.9071322436849926,795.0,major
418,Commitments,Senegal,IDA,WESTERN AND CENTRAL AFRICA,FY23,300.0,919.0,0.0,0.0,1219.0,2023,4,annual,1219.0,0.0,country,0.2461033634126333,5.707110264748875,0.7538966365873667,6.824373670043086,0.0,0.0,0.0,0.0,7.106606137727303,795.0,424.0,0.5333333333333333,795.0,0.5333333333333333,1219.0,679.0,True,0.55701394585726,0.950222882615156,1219.0,major
2767,Commitments,Senegal,IDA,WESTERN AND CENTRAL AFRICA,FY24,0.0,650.0,0.0,50.0,700.0,2024,4,annual,700.0,0.0,country,0.0,0.0,0.9285714285714286,6.478509642208569,0.0,0.0,0.07142857142857142,3.9318256327243257,6.55250788703459,1219.0,-519.0,-0.4257588187038556,1219.0,-0.4257588187038556,700.0,442.0,True,0.6314285714285715,0.8907875185735513,700.0,major
1568,Commitments,Senegal,IDA,WESTERN AND CENTRAL AFRICA,FY25,0.0,106.0,0.0,180.0,286.0,2025,4,annual,286.0,0.0,country,0.0,0.0,0.3706293706293706,4.672828834461906,0.0,0.0,0.6293706293706294,5.198497031265826,5.659482215759621,700.0,-414.0,-0.5914285714285714,700.0,-0.5914285714285714,286.0,269.0,True,0.9405594405594405,0.7760029717682021,286.0,significant
348,Commitments,Senegal,IDA,WESTERN AND CENTRAL AFRICA,2025-Q3,0.0,0.0,0.0,0.0,0.0,2025,3,quarterly,0.0,0.0,country,0.0,0.0,0.0,0.0,0.0,0.0,0.0,0.0,0.0,,,,,,0.0,148.0,False,,0.326271186440678,0.0,limited
155,Commitments,Senegal,IDA,WESTERN AND CENTRAL AFRICA,2026-Q3,0.0,40.0,0.0,100.0,140.0,2026,3,quarterly,140.0,0.0,country,0.0,0.0,0.2857142857142857,3.713572066704308,0.0,0.0,0.7142857142857143,4.61512051684126,4.948759890378168,0.0,140.0,,0.0,,140.0,455.0,True,3.25,0.8248587570621468,140.0,significant
2566,Gross Disbursements,Senegal,IDA,AFRICA,FY14,30.0,112.0,0.0,0.0,142.0,2014,4,annual,142.0,0.0,country,0.2112676056338028,3.4339872044851463,0.7887323943661971,4.727387818712341,0.0,0.0,0.0,0.0,4.962844630259907,,,,,,424.0,142.0,True,0.33490566037735847,0.7090761750405187,142.0,significant
2398,Gross Disbursements,Senegal,IDA,AFRICA,FY15,0.0,155.0,0.0,0.0,155.0,2015,4,annual,155.0,0.0,country,0.0,0.0,1.0,5.049856007249537,0.0,0.0,0.0,0.0,5.049856007249537,142.0,13.0,0.09154929577464789,142.0,0.09154929577464789,245.0,155.0,True,0.6326530612244898,0.729740680713128,155.0,significant
1113,Gross Disbursements,Senegal,IDA,AFRICA,FY16,51.0,137.0,0.0,0.0,188.0,2016,4,annual,188.0,0.0,country,0.2712765957446808,3.9512437185814275,0.7287234042553191,4.927253685157205,0.0,0.0,0.0,0.0,5.241747015059643,155.0,33.0,0.2129032258064516,155.0,0.2129032258064516,150.0,188.0,True,1.2533333333333334,0.7605348460291734,188.0,significant
909,Gross Disbursements,Senegal,IDA,AFRICA,FY17,0.0,149.0,0.0,0.0,149.0,2017,4,annual,149.0,0.0,country,0.0,0.0,1.0,5.0106352940962555,0.0,0.0,0.0,0.0,5.0106352940962555,188.0,-39.0,-0.2074468085106383,188.0,-0.2074468085106383,630.0,149.0,True,0.2365079365079365,0.7228525121555915,149.0,significant
3409,Gross Disbursements,Senegal,IDA,AFRICA,FY18,65.0,166.0,0.0,0.0,231.0,2018,4,annual,231.0,0.0,country,0.2813852813852814,4.189654742026425,0.7186147186147186,5.117993812416755,0.0,0.0,0.0,0.0,5.44673737166631,149.0,82.0,0.5503355704697986,149.0,0.5503355704697986,415.0,231.0,True,0.5566265060240964,0.7836304700162074,231.0,significant
3167,Gross Disbursements,Senegal,IDA,AFRICA,FY19,180.0,178.0,0.0,19.0,377.0,2019,4,annual,377.0,0.0,country,0.47745358090185674,5.198497031265826,0.47214854111405835,5.187385805840755,0.0,0.0,0.050397877984084884,2.995732273553991,5.934894195619588,231.0,146.0,0.6320346320346321,231.0,0.6320346320346321,380.0,377.0,True,0.9921052631578947,0.8452188006482982,377.0,significant
2055,Gross Disbursements,Senegal,IDA,AFRICA WEST,FY20,282.0,251.0,0.0,1.0,534.0,2020,4,annual,534.0,0.0,country,0.5280898876404494,5.645446897643238,0.4700374531835206,5.529429087511423,0.0,0.0,0.0018726591760299626,0.6931471805599453,6.282266746896006,377.0,157.0,0.41644562334217505,377.0,0.41644562334217505,715.0,534.0,True,0.7468531468531469,0.9011345218800648,534.0,major
1900,Gross Disbursements,Senegal,IDA,WESTERN AND CENTRAL AFRICA,FY21,0.0,272.0,0.0,46.0,318.0,2021,4,annual,318.0,0.0,country,0.0,0.0,0.8553459119496856,5.60947179518496,0.0,0.0,0.14465408805031446,3.8501476017100584,5.765191102784844,534.0,-216.0,-0.4044943820224719,534.0,-0.4044943820224719,798.0,318.0,True,0.39849624060150374,0.8233387358184765,318.0,significant
535,Gross Disbursements,Senegal,IDA,WESTERN AND CENTRAL AFRICA,FY22,281.0,351.0,0.0,74.0,706.0,2022,4,annual,706.0,0.0,country,0.3980169971671388,5.641907070938114,0.4971671388101983,5.863631175598097,0.0,0.0,0.1048158640226629,4.31748811353631,6.561030665896573,318.0,388.0,1.220125786163522,318.0,1.220125786163522,795.0,706.0,True,0.8880503144654088,0.9278768233387358,706.0,major
2921,Gross Disbursements,Senegal,IDA,WESTERN AND CENTRAL AFRICA,FY23,302.0,309.0,0.0,68.0,679.0,2023,4,annual,679.0,0.0,country,0.44477172312223856,5.713732805509369,0.45508100147275404,5.736572297479192,0.0,0.0,0.10014727540500737,4.23410650459726,6.522092798170152,706.0,-27.0,-0.03824362606232295,706.0,-0.03824362606232295,1219.0,679.0,True,0.55701394585726,0.9205834683954619,679.0,major
1843,Gross Disbursements,Senegal,IDA,WESTERN AND CENTRAL AFRICA,FY24,0.0,424.0,0.0,18.0,442.0,2024,4,annual,442.0,0.0,country,0.0,0.0,0.9592760180995475,6.052089168924417,0.0,0.0,0.04072398190045249,2.9444389791664403,6.093569770045136,679.0,-237.0,-0.3490427098674521,679.0,-0.3490427098674521,700.0,442.0,True,0.6314285714285715,0.8618314424635333,442.0,significant
1723,Gross Disbursements,Senegal,IDA,WESTERN AND CENTRAL AFRICA,FY25,0.0,242.0,0.0,27.0,269.0,2025,4,annual,269.0,0.0,country,0.0,0.0,0.8996282527881041,5.493061443340548,0.0,0.0,0.10037174721189591,3.332204510175204,5.598421958998375,442.0,-173.0,-0.3914027149321267,442.0,-0.3914027149321267,286.0,269.0,True,0.9405594405594405,0.8051053484602917,269.0,significant
1408,Gross Disbursements,Senegal,IDA,WESTERN AND CENTRAL AFRICA,2025-Q3,0.0,140.0,0.0,8.0,148.0,2025,3,quarterly,148.0,0.0,country,0.0,0.0,0.9459459459459459,4.948759890378168,0.0,0.0,0.05405405405405406,2.1972245773362196,5.003946305945459,,,,,,0.0,148.0,False,,0.7098214285714286,148.0,significant
1285,Gross Disbursements,Senegal,IDA,WESTERN AND CENTRAL AFRICA,2026-Q3,0.0,362.0,0.0,93.0,455.0,2026,3,quarterly,455.0,0.0,country,0.0,0.0,0.7956043956043956,5.8944028342648505,0.0,0.0,0.2043956043956044,4.543294782270004,6.1224928095143865,148.0,307.0,2.074324324324324,148.0,2.074324324324324,140.0,455.0,True,3.25,0.9017857142857143,455.0,significant
3376,Commitments,Serbia,IDA,EUROPE AND CENTRAL ASIA,FY18,0.0,0.0,0.0,0.0,0.0,2018,4,annual,0.0,0.0,country,0.0,0.0,0.0,0.0,0.0,0.0,0.0,0.0,0.0,,,,,,0.0,,False,,0.19539375928677563,0.0,limited
3138,Commitments,Serbia,IDA,EUROPE AND CENTRAL ASIA,FY19,0.0,0.0,0.0,0.0,0.0,2019,4,annual,0.0,0.0,country,0.0,0.0,0.0,0.0,0.0,0.0,0.0,0.0,0.0,0.0,0.0,,0.0,,0.0,0.0,False,,0.19539375928677563,0.0,limited
3009,Commitments,Serbia,IDA,EUROPE AND CENTRAL ASIA,FY20,0.0,0.0,0.0,0.0,0.0,2020,4,annual,0.0,0.0,country,0.0,0.0,0.0,0.0,0.0,0.0,0.0,0.0,0.0,0.0,0.0,,0.0,,0.0,0.0,False,,0.19539375928677563,0.0,limited
1964,Commitments,Serbia,IDA,EUROPE AND CENTRAL ASIA,FY21,0.0,0.0,0.0,0.0,0.0,2021,4,annual,0.0,0.0,country,0.0,0.0,0.0,0.0,0.0,0.0,0.0,0.0,0.0,0.0,0.0,,0.0,,0.0,0.0,False,,0.19539375928677563,0.0,limited
599,Commitments,Serbia,IDA,EUROPE AND CENTRAL ASIA,FY22,0.0,0.0,0.0,0.0,0.0,2022,4,annual,0.0,0.0,country,0.0,0.0,0.0,0.0,0.0,0.0,0.0,0.0,0.0,0.0,0.0,,0.0,,0.0,0.0,False,,0.19539375928677563,0.0,limited
2985,Commitments,Serbia,IDA,EUROPE AND CENTRAL ASIA,FY23,0.0,0.0,0.0,0.0,0.0,2023,4,annual,0.0,0.0,country,0.0,0.0,0.0,0.0,0.0,0.0,0.0,0.0,0.0,0.0,0.0,,0.0,,0.0,0.0,False,,0.19539375928677563,0.0,limited
2692,Commitments,Serbia,IDA,EUROPE AND CENTRAL ASIA,FY24,0.0,0.0,0.0,0.0,0.0,2024,4,annual,0.0,0.0,country,0.0,0.0,0.0,0.0,0.0,0.0,0.0,0.0,0.0,0.0,0.0,,0.0,,0.0,0.0,False,,0.19539375928677563,0.0,limited
1493,Commitments,Serbia,IDA,EUROPE AND CENTRAL ASIA,FY25,0.0,0.0,0.0,0.0,0.0,2025,4,annual,0.0,0.0,country,0.0,0.0,0.0,0.0,0.0,0.0,0.0,0.0,0.0,0.0,0.0,,0.0,,0.0,0.0,False,,0.19539375928677563,0.0,limited
273,Commitments,Serbia,IDA,EUROPE AND CENTRAL ASIA,2025-Q3,0.0,0.0,0.0,0.0,0.0,2025,3,quarterly,0.0,0.0,country,0.0,0.0,0.0,0.0,0.0,0.0,0.0,0.0,0.0,,,,,,0.0,0.0,False,,0.326271186440678,0.0,limited
80,Commitments,Serbia,IDA,EUROPE AND CENTRAL ASIA,2026-Q3,0.0,0.0,0.0,0.0,0.0,2026,3,quarterly,0.0,0.0,country,0.0,0.0,0.0,0.0,0.0,0.0,0.0,0.0,0.0,0.0,0.0,,0.0,,0.0,0.0,False,,0.326271186440678,0.0,limited
2599,Gross Disbursements,Serbia,IDA,EUROPE AND CENTRAL ASIA,FY14,0.0,4.0,0.0,0.0,4.0,2014,4,annual,4.0,0.0,country,0.0,0.0,1.0,1.6094379124341003,0.0,0.0,0.0,0.0,1.6094379124341003,,,,,,,4.0,False,,0.25810372771474877,4.0,limited
2431,Gross Disbursements,Serbia,IDA,EUROPE AND CENTRAL ASIA,FY15,0.0,0.0,0.0,0.0,0.0,2015,4,annual,0.0,0.0,country,0.0,0.0,0.0,0.0,0.0,0.0,0.0,0.0,0.0,4.0,-4.0,-1.0,4.0,-1.0,,0.0,False,,0.1094003241491086,0.0,limited
2253,Gross Disbursements,Serbia,IDA,EUROPE AND CENTRAL ASIA,FY16,0.0,0.0,0.0,0.0,0.0,2016,4,annual,0.0,0.0,country,0.0,0.0,0.0,0.0,0.0,0.0,0.0,0.0,0.0,0.0,0.0,,0.0,,,0.0,False,,0.1094003241491086,0.0,limited
992,Gross Disbursements,Serbia,IDA,EUROPE AND CENTRAL ASIA,FY17,0.0,0.0,0.0,0.0,0.0,2017,4,annual,0.0,0.0,country,0.0,0.0,0.0,0.0,0.0,0.0,0.0,0.0,0.0,0.0,0.0,,0.0,,,0.0,False,,0.1094003241491086,0.0,limited
3263,Gross Disbursements,Serbia,IDA,EUROPE AND CENTRAL ASIA,FY19,0.0,0.0,0.0,0.0,0.0,2019,4,annual,0.0,0.0,country,0.0,0.0,0.0,0.0,0.0,0.0,0.0,0.0,0.0,0.0,0.0,,0.0,,0.0,0.0,False,,0.1094003241491086,0.0,limited
2139,Gross Disbursements,Serbia,IDA,EUROPE AND CENTRAL ASIA,FY20,0.0,0.0,0.0,0.0,0.0,2020,4,annual,0.0,0.0,country,0.0,0.0,0.0,0.0,0.0,0.0,0.0,0.0,0.0,0.0,0.0,,0.0,,0.0,0.0,False,,0.1094003241491086,0.0,limited
724,Gross Disbursements,Serbia,IDA,EUROPE AND CENTRAL ASIA,FY21,0.0,0.0,0.0,0.0,0.0,2021,4,annual,0.0,0.0,country,0.0,0.0,0.0,0.0,0.0,0.0,0.0,0.0,0.0,0.0,0.0,,0.0,,0.0,0.0,False,,0.1094003241491086,0.0,limited
477,Gross Disbursements,Serbia,IDA,EUROPE AND CENTRAL ASIA,FY22,0.0,0.0,0.0,0.0,0.0,2022,4,annual,0.0,0.0,country,0.0,0.0,0.0,0.0,0.0,0.0,0.0,0.0,0.0,0.0,0.0,,0.0,,0.0,0.0,False,,0.1094003241491086,0.0,limited
2861,Gross Disbursements,Serbia,IDA,EUROPE AND CENTRAL ASIA,FY23,0.0,0.0,0.0,0.0,0.0,2023,4,annual,0.0,0.0,country,0.0,0.0,0.0,0.0,0.0,0.0,0.0,0.0,0.0,0.0,0.0,,0.0,,0.0,0.0,False,,0.1094003241491086,0.0,limited
1783,Gross Disbursements,Serbia,IDA,EUROPE AND CENTRAL ASIA,FY24,0.0,0.0,0.0,0.0,0.0,2024,4,annual,0.0,0.0,country,0.0,0.0,0.0,0.0,0.0,0.0,0.0,0.0,0.0,0.0,0.0,,0.0,,0.0,0.0,False,,0.1094003241491086,0.0,limited
1663,Gross Disbursements,Serbia,IDA,EUROPE AND CENTRAL ASIA,FY25,0.0,0.0,0.0,0.0,0.0,2025,4,annual,0.0,0.0,country,0.0,0.0,0.0,0.0,0.0,0.0,0.0,0.0,0.0,0.0,0.0,,0.0,,0.0,0.0,False,,0.1094003241491086,0.0,limited
1348,Gross Disbursements,Serbia,IDA,EUROPE AND CENTRAL ASIA,2025-Q3,0.0,0.0,0.0,0.0,0.0,2025,3,quarterly,0.0,0.0,country,0.0,0.0,0.0,0.0,0.0,0.0,0.0,0.0,0.0,,,,,,0.0,0.0,False,,0.15848214285714285,0.0,limited
1225,Gross Disbursements,Serbia,IDA,EUROPE AND CENTRAL ASIA,2026-Q3,0.0,0.0,0.0,0.0,0.0,2026,3,quarterly,0.0,0.0,country,0.0,0.0,0.0,0.0,0.0,0.0,0.0,0.0,0.0,0.0,0.0,,0.0,,0.0,0.0,False,,0.15848214285714285,0.0,limited
2648,Commitments,Seychelles,IDA,EASTERN AND SOUTHERN AFRICA,FY24,0.0,0.0,0.0,0.0,0.0,2024,4,annual,0.0,0.0,country,0.0,0.0,0.0,0.0,0.0,0.0,0.0,0.0,0.0,,,,,,0.0,,False,,0.19539375928677563,0.0,limited
1449,Commitments,Seychelles,IDA,EASTERN AND SOUTHERN AFRICA,FY25,0.0,0.0,0.0,0.0,0.0,2025,4,annual,0.0,0.0,country,0.0,0.0,0.0,0.0,0.0,0.0,0.0,0.0,0.0,0.0,0.0,,0.0,,0.0,,False,,0.19539375928677563,0.0,limited
229,Commitments,Seychelles,IDA,EASTERN AND SOUTHERN AFRICA,2025-Q3,0.0,0.0,0.0,0.0,0.0,2025,3,quarterly,0.0,0.0,country,0.0,0.0,0.0,0.0,0.0,0.0,0.0,0.0,0.0,,,,,,0.0,,False,,0.326271186440678,0.0,limited
36,Commitments,Seychelles,IDA,EASTERN AND SOUTHERN AFRICA,2026-Q3,0.0,0.0,0.0,0.0,0.0,2026,3,quarterly,0.0,0.0,country,0.0,0.0,0.0,0.0,0.0,0.0,0.0,0.0,0.0,0.0,0.0,,0.0,,0.0,,False,,0.326271186440678,0.0,limited
2487,Commitments,Sierra Leone,IDA,AFRICA,FY14,25.0,72.0,0.0,0.0,97.0,2014,4,annual,97.0,0.0,country,0.25773195876288657,3.258096538021482,0.7422680412371134,4.290459441148391,0.0,0.0,0.0,0.0,4.584967478670572,,,,,,97.0,57.0,True,0.5876288659793815,0.6300148588410104,97.0,moderate
2317,Commitments,Sierra Leone,IDA,AFRICA,FY15,30.0,126.0,0.0,0.0,156.0,2015,4,annual,156.0,0.0,country,0.19230769230769232,3.4339872044851463,0.8076923076923077,4.844187086458591,0.0,0.0,0.0,0.0,5.056245805348308,97.0,59.0,0.6082474226804123,97.0,0.6082474226804123,156.0,155.0,True,0.9935897435897436,0.7054234769687965,156.0,significant
1035,Commitments,Sierra Leone,IDA,AFRICA,FY16,30.0,90.0,0.0,0.0,120.0,2016,4,annual,120.0,0.0,country,0.25,3.4339872044851463,0.75,4.51085950651685,0.0,0.0,0.0,0.0,4.795790545596741,156.0,-36.0,-0.23076923076923078,156.0,-0.23076923076923078,120.0,56.0,True,0.4666666666666667,0.6656760772659732,120.0,significant
844,Commitments,Sierra Leone,IDA,AFRICA,FY17,30.0,60.0,0.0,0.0,90.0,2017,4,annual,90.0,0.0,country,0.3333333333333333,3.4339872044851463,0.6666666666666666,4.110873864173311,0.0,0.0,0.0,0.0,4.51085950651685,120.0,-30.0,-0.25,120.0,-0.25,90.0,24.0,True,0.26666666666666666,0.6173848439821694,90.0,moderate
3302,Commitments,Sierra Leone,IDA,AFRICA,FY18,10.0,90.0,0.0,0.0,100.0,2018,4,annual,100.0,0.0,country,0.1,2.3978952727983707,0.9,4.51085950651685,0.0,0.0,0.0,0.0,4.61512051684126,90.0,10.0,0.1111111111111111,90.0,0.1111111111111111,100.0,78.0,True,0.78,0.6404160475482912,100.0,moderate
3068,Commitments,Sierra Leone,IDA,AFRICA,FY19,40.0,142.0,0.0,0.0,182.0,2019,4,annual,182.0,0.0,country,0.21978021978021978,3.713572066704308,0.7802197802197802,4.962844630259907,0.0,0.0,0.0,0.0,5.209486152841421,100.0,82.0,0.82,100.0,0.82,182.0,103.0,True,0.5659340659340659,0.7173105497771174,182.0,significant
2185,Commitments,Sierra Leone,IDA,AFRICA WEST,FY20,100.0,118.0,0.0,0.0,218.0,2020,4,annual,218.0,0.0,country,0.45871559633027525,4.61512051684126,0.5412844036697247,4.77912349311153,0.0,0.0,0.0,0.0,5.389071729816501,182.0,36.0,0.1978021978021978,182.0,0.1978021978021978,218.0,98.0,True,0.44954128440366975,0.7440564635958395,218.0,significant
2031,Commitments,Sierra Leone,IDA,WESTERN AND CENTRAL AFRICA,FY21,25.0,215.0,0.0,0.0,240.0,2021,4,annual,240.0,0.0,country,0.10416666666666667,3.258096538021482,0.8958333333333334,5.375278407684165,0.0,0.0,0.0,0.0,5.484796933490655,218.0,22.0,0.10091743119266056,218.0,0.10091743119266056,240.0,235.0,True,0.9791666666666666,0.7529717682020802,240.0,significant
666,Commitments,Sierra Leone,IDA,WESTERN AND CENTRAL AFRICA,FY22,75.0,139.0,0.0,0.0,214.0,2022,4,annual,214.0,0.0,country,0.35046728971962615,4.330733340286331,0.6495327102803738,4.941642422609304,0.0,0.0,0.0,0.0,5.3706380281276624,240.0,-26.0,-0.10833333333333334,240.0,-0.10833333333333334,214.0,168.0,True,0.7850467289719626,0.7421991084695394,214.0,significant
419,Commitments,Sierra Leone,IDA,WESTERN AND CENTRAL AFRICA,FY23,100.0,288.0,0.0,0.0,388.0,2023,4,annual,388.0,0.0,country,0.25773195876288657,4.61512051684126,0.7422680412371134,5.666426688112432,0.0,0.0,0.0,0.0,5.963579343618446,214.0,174.0,0.8130841121495327,214.0,0.8130841121495327,388.0,240.0,True,0.6185567010309279,0.8172362555720654,388.0,significant
2768,Commitments,Sierra Leone,IDA,WESTERN AND CENTRAL AFRICA,FY24,65.0,94.0,0.0,0.0,159.0,2024,4,annual,159.0,0.0,country,0.4088050314465409,4.189654742026425,0.5911949685534591,4.553876891600541,0.0,0.0,0.0,0.0,5.075173815233827,388.0,-229.0,-0.5902061855670103,388.0,-0.5902061855670103,159.0,187.0,True,1.1761006289308176,0.7080237741456167,159.0,significant
1569,Commitments,Sierra Leone,IDA,WESTERN AND CENTRAL AFRICA,FY25,80.0,16.0,0.0,0.0,96.0,2025,4,annual,96.0,0.0,country,0.8333333333333334,4.394449154672439,0.16666666666666666,2.833213344056216,0.0,0.0,0.0,0.0,4.574710978503383,159.0,-63.0,-0.39622641509433965,159.0,-0.39622641509433965,96.0,188.0,True,1.9583333333333333,0.6281575037147102,96.0,moderate
349,Commitments,Sierra Leone,IDA,WESTERN AND CENTRAL AFRICA,2025-Q3,80.0,0.0,0.0,0.0,80.0,2025,3,quarterly,80.0,0.0,country,1.0,4.394449154672439,0.0,0.0,0.0,0.0,0.0,0.0,4.394449154672439,,,,,,80.0,173.0,True,2.1625,0.769774011299435,80.0,moderate
156,Commitments,Sierra Leone,IDA,WESTERN AND CENTRAL AFRICA,2026-Q3,0.0,55.0,0.0,0.0,55.0,2026,3,quarterly,55.0,0.0,country,0.0,0.0,1.0,4.02535169073515,0.0,0.0,0.0,0.0,4.02535169073515,80.0,-25.0,-0.3125,80.0,-0.3125,55.0,90.0,True,1.6363636363636365,0.7387005649717514,55.0,moderate
2567,Gross Disbursements,Sierra Leone,IDA,AFRICA,FY14,25.0,32.0,0.0,0.0,57.0,2014,4,annual,57.0,0.0,country,0.43859649122807015,3.258096538021482,0.5614035087719298,3.4965075614664802,0.0,0.0,0.0,0.0,4.060443010546419,,,,,,97.0,57.0,True,0.5876288659793815,0.5648298217179902,57.0,moderate
2399,Gross Disbursements,Sierra Leone,IDA,AFRICA,FY15,30.0,125.0,0.0,0.0,155.0,2015,4,annual,155.0,0.0,country,0.1935483870967742,3.4339872044851463,0.8064516129032258,4.836281906951478,0.0,0.0,0.0,0.0,5.049856007249537,57.0,98.0,1.719298245614035,57.0,1.719298245614035,156.0,155.0,True,0.9935897435897436,0.729740680713128,155.0,significant
1114,Gross Disbursements,Sierra Leone,IDA,AFRICA,FY16,30.0,26.0,0.0,0.0,56.0,2016,4,annual,56.0,0.0,country,0.5357142857142857,3.4339872044851463,0.4642857142857143,3.295836866004329,0.0,0.0,0.0,0.0,4.04305126783455,155.0,-99.0,-0.6387096774193548,155.0,-0.6387096774193548,120.0,56.0,True,0.4666666666666667,0.5575364667747164,56.0,moderate
925,Gross Disbursements,Sierra Leone,IDA,AFRICA,FY17,0.0,24.0,0.0,0.0,24.0,2017,4,annual,24.0,0.0,country,0.0,0.0,1.0,3.2188758248682006,0.0,0.0,0.0,0.0,3.2188758248682006,56.0,-32.0,-0.5714285714285714,56.0,-0.5714285714285714,90.0,24.0,True,0.26666666666666666,0.42787682333873583,24.0,moderate
751,Gross Disbursements,Sierra Leone,IDA,AFRICA,FY18,41.0,37.0,0.0,0.0,78.0,2018,4,annual,78.0,0.0,country,0.5256410256410257,3.7376696182833684,0.47435897435897434,3.6375861597263857,0.0,0.0,0.0,0.0,4.3694478524670215,24.0,54.0,2.25,24.0,2.25,100.0,78.0,True,0.78,0.6179092382495948,78.0,moderate
3196,Gross Disbursements,Sierra Leone,IDA,AFRICA,FY19,40.0,63.0,0.0,0.0,103.0,2019,4,annual,103.0,0.0,country,0.3883495145631068,3.713572066704308,0.6116504854368932,4.1588830833596715,0.0,0.0,0.0,0.0,4.6443908991413725,78.0,25.0,0.32051282051282054,78.0,0.32051282051282054,182.0,103.0,True,0.5659340659340659,0.6551863857374393,103.0,significant
2060,Gross Disbursements,Sierra Leone,IDA,AFRICA WEST,FY20,0.0,98.0,0.0,0.0,98.0,2020,4,annual,98.0,0.0,country,0.0,0.0,1.0,4.59511985013459,0.0,0.0,0.0,0.0,4.59511985013459,103.0,-5.0,-0.04854368932038835,103.0,-0.04854368932038835,218.0,98.0,True,0.44954128440366975,0.6491085899513777,98.0,moderate
1901,Gross Disbursements,Sierra Leone,IDA,WESTERN AND CENTRAL AFRICA,FY21,128.0,107.0,0.0,0.0,235.0,2021,4,annual,235.0,0.0,country,0.5446808510638298,4.859812404361672,0.4553191489361702,4.68213122712422,0.0,0.0,0.0,0.0,5.4638318050256105,98.0,137.0,1.3979591836734695,98.0,1.3979591836734695,240.0,235.0,True,0.9791666666666666,0.786871961102107,235.0,significant
536,Gross Disbursements,Sierra Leone,IDA,WESTERN AND CENTRAL AFRICA,FY22,74.0,94.0,0.0,0.0,168.0,2022,4,annual,168.0,0.0,country,0.44047619047619047,4.31748811353631,0.5595238095238095,4.553876891600541,0.0,0.0,0.0,0.0,5.1298987149230735,235.0,-67.0,-0.2851063829787234,235.0,-0.2851063829787234,214.0,168.0,True,0.7850467289719626,0.7431118314424635,168.0,significant
2922,Gross Disbursements,Sierra Leone,IDA,WESTERN AND CENTRAL AFRICA,FY23,104.0,136.0,0.0,0.0,240.0,2023,4,annual,240.0,0.0,country,0.43333333333333335,4.653960350157523,0.5666666666666667,4.919980925828125,0.0,0.0,0.0,0.0,5.484796933490655,168.0,72.0,0.42857142857142855,168.0,0.42857142857142855,388.0,240.0,True,0.6185567010309279,0.793354943273906,240.0,significant
1844,Gross Disbursements,Sierra Leone,IDA,WESTERN AND CENTRAL AFRICA,FY24,66.0,121.0,0.0,0.0,187.0,2024,4,annual,187.0,0.0,country,0.35294117647058826,4.204692619390966,0.6470588235294118,4.804021044733257,0.0,0.0,0.0,0.0,5.236441962829949,240.0,-53.0,-0.22083333333333333,240.0,-0.22083333333333333,159.0,187.0,True,1.1761006289308176,0.7581037277147488,187.0,significant
1724,Gross Disbursements,Sierra Leone,IDA,WESTERN AND CENTRAL AFRICA,FY25,59.0,129.0,0.0,0.0,188.0,2025,4,annual,188.0,0.0,country,0.31382978723404253,4.0943445622221,0.6861702127659575,4.867534450455582,0.0,0.0,0.0,0.0,5.241747015059643,187.0,1.0,0.0053475935828877,187.0,0.0053475935828877,96.0,188.0,True,1.9583333333333333,0.7605348460291734,188.0,significant
1409,Gross Disbursements,Sierra Leone,IDA,WESTERN AND CENTRAL AFRICA,2025-Q3,59.0,114.0,0.0,0.0,173.0,2025,3,quarterly,173.0,0.0,country,0.34104046242774566,4.0943445622221,0.6589595375722543,4.74493212836325,0.0,0.0,0.0,0.0,5.159055299214529,,,,,,80.0,173.0,True,2.1625,0.7366071428571429,173.0,significant
1286,Gross Disbursements,Sierra Leone,IDA,WESTERN AND CENTRAL AFRICA,2026-Q3,0.0,90.0,0.0,0.0,90.0,2026,3,quarterly,90.0,0.0,country,0.0,0.0,1.0,4.51085950651685,0.0,0.0,0.0,0.0,4.51085950651685,173.0,-83.0,-0.4797687861271676,173.0,-0.4797687861271676,55.0,90.0,True,1.6363636363636365,0.6160714285714286,90.0,moderate
2626,Commitments,Singapore,IDA,EAST ASIA AND PACIFIC,FY24,0.0,0.0,0.0,0.0,0.0,2024,4,annual,0.0,0.0,country,0.0,0.0,0.0,0.0,0.0,0.0,0.0,0.0,0.0,,,,,,0.0,,False,,0.19539375928677563,0.0,limited
1426,Commitments,Singapore,IDA,EAST ASIA AND PACIFIC,FY25,0.0,0.0,0.0,0.0,0.0,2025,4,annual,0.0,0.0,country,0.0,0.0,0.0,0.0,0.0,0.0,0.0,0.0,0.0,0.0,0.0,,0.0,,0.0,,False,,0.19539375928677563,0.0,limited
205,Commitments,Singapore,IDA,EAST ASIA AND PACIFIC,2025-Q3,0.0,0.0,0.0,0.0,0.0,2025,3,quarterly,0.0,0.0,country,0.0,0.0,0.0,0.0,0.0,0.0,0.0,0.0,0.0,,,,,,0.0,,False,,0.326271186440678,0.0,limited
12,Commitments,Singapore,IDA,EAST ASIA AND PACIFIC,2026-Q3,0.0,0.0,0.0,0.0,0.0,2026,3,quarterly,0.0,0.0,country,0.0,0.0,0.0,0.0,0.0,0.0,0.0,0.0,0.0,0.0,0.0,,0.0,,0.0,,False,,0.326271186440678,0.0,limited
2693,Commitments,Slovak Republic,IDA,EUROPE AND CENTRAL ASIA,FY24,0.0,0.0,0.0,0.0,0.0,2024,4,annual,0.0,0.0,country,0.0,0.0,0.0,0.0,0.0,0.0,0.0,0.0,0.0,,,,,,0.0,,False,,0.19539375928677563,0.0,limited
1494,Commitments,Slovak Republic,IDA,EUROPE AND CENTRAL ASIA,FY25,0.0,0.0,0.0,0.0,0.0,2025,4,annual,0.0,0.0,country,0.0,0.0,0.0,0.0,0.0,0.0,0.0,0.0,0.0,0.0,0.0,,0.0,,0.0,,False,,0.19539375928677563,0.0,limited
274,Commitments,Slovak Republic,IDA,EUROPE AND CENTRAL ASIA,2025-Q3,0.0,0.0,0.0,0.0,0.0,2025,3,quarterly,0.0,0.0,country,0.0,0.0,0.0,0.0,0.0,0.0,0.0,0.0,0.0,,,,,,0.0,,False,,0.326271186440678,0.0,limited
81,Commitments,Slovak Republic,IDA,EUROPE AND CENTRAL ASIA,2026-Q3,0.0,0.0,0.0,0.0,0.0,2026,3,quarterly,0.0,0.0,country,0.0,0.0,0.0,0.0,0.0,0.0,0.0,0.0,0.0,0.0,0.0,,0.0,,0.0,,False,,0.326271186440678,0.0,limited
2694,Commitments,Slovenia,IDA,EUROPE AND CENTRAL ASIA,FY24,0.0,0.0,0.0,0.0,0.0,2024,4,annual,0.0,0.0,country,0.0,0.0,0.0,0.0,0.0,0.0,0.0,0.0,0.0,,,,,,0.0,,False,,0.19539375928677563,0.0,limited
1495,Commitments,Slovenia,IDA,EUROPE AND CENTRAL ASIA,FY25,0.0,0.0,0.0,0.0,0.0,2025,4,annual,0.0,0.0,country,0.0,0.0,0.0,0.0,0.0,0.0,0.0,0.0,0.0,0.0,0.0,,0.0,,0.0,,False,,0.19539375928677563,0.0,limited
275,Commitments,Slovenia,IDA,EUROPE AND CENTRAL ASIA,2025-Q3,0.0,0.0,0.0,0.0,0.0,2025,3,quarterly,0.0,0.0,country,0.0,0.0,0.0,0.0,0.0,0.0,0.0,0.0,0.0,,,,,,0.0,,False,,0.326271186440678,0.0,limited
82,Commitments,Slovenia,IDA,EUROPE AND CENTRAL ASIA,2026-Q3,0.0,0.0,0.0,0.0,0.0,2026,3,quarterly,0.0,0.0,country,0.0,0.0,0.0,0.0,0.0,0.0,0.0,0.0,0.0,0.0,0.0,,0.0,,0.0,,False,,0.326271186440678,0.0,limited
2502,Commitments,Solomon Islands,IDA,EAST ASIA AND PACIFIC,FY14,2.0,16.0,0.0,0.0,18.0,2014,4,annual,18.0,0.0,country,0.1111111111111111,1.0986122886681098,0.8888888888888888,2.833213344056216,0.0,0.0,0.0,0.0,2.9444389791664403,,,,,,18.0,7.0,True,0.3888888888888889,0.43796433878157504,18.0,moderate
2332,Commitments,Solomon Islands,IDA,EAST ASIA AND PACIFIC,FY15,5.0,19.0,0.0,0.0,24.0,2015,4,annual,24.0,0.0,country,0.20833333333333334,1.791759469228055,0.7916666666666666,2.995732273553991,0.0,0.0,0.0,0.0,3.2188758248682006,18.0,6.0,0.3333333333333333,18.0,0.3333333333333333,24.0,8.0,True,0.3333333333333333,0.46285289747399705,24.0,moderate
1050,Commitments,Solomon Islands,IDA,EAST ASIA AND PACIFIC,FY16,0.0,2.0,0.0,0.0,2.0,2016,4,annual,2.0,0.0,country,0.0,0.0,1.0,1.0986122886681098,0.0,0.0,0.0,0.0,1.0986122886681098,24.0,-22.0,-0.9166666666666666,24.0,-0.9166666666666666,2.0,3.0,False,,0.3911589895988113,2.0,limited
866,Commitments,Solomon Islands,IDA,EAST ASIA AND PACIFIC,FY17,0.0,36.0,0.0,0.0,36.0,2017,4,annual,36.0,0.0,country,0.0,0.0,1.0,3.6109179126442243,0.0,0.0,0.0,0.0,3.6109179126442243,2.0,34.0,17.0,2.0,17.0,36.0,7.0,True,0.19444444444444445,0.5018573551263001,36.0,moderate
3320,Commitments,Solomon Islands,IDA,EAST ASIA AND PACIFIC,FY18,0.0,15.0,0.0,0.0,15.0,2018,4,annual,15.0,0.0,country,0.0,0.0,1.0,2.772588722239781,0.0,0.0,0.0,0.0,2.772588722239781,36.0,-21.0,-0.5833333333333334,36.0,-0.5833333333333334,15.0,4.0,True,0.26666666666666666,0.425334323922734,15.0,moderate
3110,Commitments,Solomon Islands,IDA,EAST ASIA AND PACIFIC,FY19,0.0,76.0,0.0,0.0,76.0,2019,4,annual,76.0,0.0,country,0.0,0.0,1.0,4.343805421853684,0.0,0.0,0.0,0.0,4.343805421853684,15.0,61.0,4.066666666666666,15.0,4.066666666666666,76.0,10.0,True,0.13157894736842105,0.5884101040118871,76.0,moderate
2225,Commitments,Solomon Islands,IDA,EAST ASIA AND PACIFIC,FY20,15.0,2.0,0.0,0.0,17.0,2020,4,annual,17.0,0.0,country,0.8823529411764706,2.772588722239781,0.11764705882352941,1.0986122886681098,0.0,0.0,0.0,0.0,2.8903717578961645,76.0,-59.0,-0.7763157894736842,76.0,-0.7763157894736842,17.0,26.0,True,1.5294117647058822,0.4335066864784547,17.0,moderate
1920,Commitments,Solomon Islands,IDA,EAST ASIA AND PACIFIC,FY21,0.0,5.0,0.0,0.0,5.0,2021,4,annual,5.0,0.0,country,0.0,0.0,1.0,1.791759469228055,0.0,0.0,0.0,0.0,1.791759469228055,17.0,-12.0,-0.7058823529411765,17.0,-0.7058823529411765,5.0,18.0,False,,0.40007429420505203,5.0,limited
555,Commitments,Solomon Islands,IDA,EAST ASIA AND PACIFIC,FY22,30.0,147.0,0.0,0.0,177.0,2022,4,annual,177.0,0.0,country,0.1694915254237288,3.4339872044851463,0.8305084745762712,4.997212273764115,0.0,0.0,0.0,0.0,5.181783550292085,5.0,172.0,34.4,5.0,34.4,177.0,28.0,True,0.15819209039548024,0.7154531946508172,177.0,significant
2941,Commitments,Solomon Islands,IDA,EAST ASIA AND PACIFIC,FY23,0.0,0.0,0.0,0.0,0.0,2023,4,annual,0.0,0.0,country,0.0,0.0,0.0,0.0,0.0,0.0,0.0,0.0,0.0,177.0,-177.0,-1.0,177.0,-1.0,0.0,54.0,False,,0.19539375928677563,0.0,limited
2779,Commitments,Solomon Islands,IDA,EAST ASIA AND PACIFIC,FY24,20.0,26.0,0.0,0.0,46.0,2024,4,annual,46.0,0.0,country,0.43478260869565216,3.044522437723423,0.5652173913043478,3.295836866004329,0.0,0.0,0.0,0.0,3.8501476017100584,0.0,46.0,,0.0,,46.0,58.0,True,1.2608695652173914,0.5196879643387816,46.0,moderate
1580,Commitments,Solomon Islands,IDA,EAST ASIA AND PACIFIC,FY25,0.0,105.0,0.0,0.0,105.0,2025,4,annual,105.0,0.0,country,0.0,0.0,1.0,4.663439094112067,0.0,0.0,0.0,0.0,4.663439094112067,46.0,59.0,1.2826086956521738,46.0,1.2826086956521738,105.0,70.0,True,0.6666666666666666,0.650074294205052,105.0,significant
360,Commitments,Solomon Islands,IDA,EAST ASIA AND PACIFIC,2025-Q3,0.0,71.0,0.0,0.0,71.0,2025,3,quarterly,71.0,0.0,country,0.0,0.0,1.0,4.276666119016055,0.0,0.0,0.0,0.0,4.276666119016055,,,,,,71.0,50.51,True,0.7114084507042253,0.7627118644067796,71.0,moderate
167,Commitments,Solomon Islands,IDA,EAST ASIA AND PACIFIC,2026-Q3,20.0,9.0,0.0,0.0,29.0,2026,3,quarterly,29.0,0.0,country,0.6896551724137931,3.044522437723423,0.3103448275862069,2.302585092994046,0.0,0.0,0.0,0.0,3.4011973816621555,71.0,-42.0,-0.5915492957746479,71.0,-0.5915492957746479,29.0,67.0,True,2.310344827586207,0.6836158192090396,29.0,moderate
2584,Gross Disbursements,Solomon Islands,IDA,EAST ASIA AND PACIFIC,FY14,2.0,5.0,0.0,0.0,7.0,2014,4,annual,7.0,0.0,country,0.2857142857142857,1.0986122886681098,0.7142857142857143,1.791759469228055,0.0,0.0,0.0,0.0,2.0794415416798357,,,,,,18.0,7.0,True,0.3888888888888889,0.2925445705024311,7.0,limited
2416,Gross Disbursements,Solomon Islands,IDA,EAST ASIA AND PACIFIC,FY15,5.0,3.0,0.0,0.0,8.0,2015,4,annual,8.0,0.0,country,0.625,1.791759469228055,0.375,1.3862943611198906,0.0,0.0,0.0,0.0,2.1972245773362196,7.0,1.0,0.14285714285714285,7.0,0.14285714285714285,24.0,8.0,True,0.3333333333333333,0.30591572123176664,8.0,limited
1139,Gross Disbursements,Solomon Islands,IDA,EAST ASIA AND PACIFIC,FY16,0.0,3.0,0.0,0.0,3.0,2016,4,annual,3.0,0.0,country,0.0,0.0,1.0,1.3862943611198906,0.0,0.0,0.0,0.0,1.3862943611198906,8.0,-5.0,-0.625,8.0,-0.625,2.0,3.0,False,,0.24513776337115073,3.0,limited
967,Gross Disbursements,Solomon Islands,IDA,EAST ASIA AND PACIFIC,FY17,0.0,7.0,0.0,0.0,7.0,2017,4,annual,7.0,0.0,country,0.0,0.0,1.0,2.0794415416798357,0.0,0.0,0.0,0.0,2.0794415416798357,3.0,4.0,1.3333333333333333,3.0,1.3333333333333333,36.0,7.0,True,0.19444444444444445,0.2925445705024311,7.0,limited
787,Gross Disbursements,Solomon Islands,IDA,EAST ASIA AND PACIFIC,FY18,0.0,4.0,0.0,0.0,4.0,2018,4,annual,4.0,0.0,country,0.0,0.0,1.0,1.6094379124341003,0.0,0.0,0.0,0.0,1.6094379124341003,7.0,-3.0,-0.42857142857142855,7.0,-0.42857142857142855,15.0,4.0,True,0.26666666666666666,0.25810372771474877,4.0,limited
3220,Gross Disbursements,Solomon Islands,IDA,EAST ASIA AND PACIFIC,FY19,0.0,10.0,0.0,0.0,10.0,2019,4,annual,10.0,0.0,country,0.0,0.0,1.0,2.3978952727983707,0.0,0.0,0.0,0.0,2.3978952727983707,4.0,6.0,1.5,4.0,1.5,76.0,10.0,True,0.13157894736842105,0.3286061588330632,10.0,limited
2105,Gross Disbursements,Solomon Islands,IDA,EAST ASIA AND PACIFIC,FY20,15.0,11.0,0.0,0.0,26.0,2020,4,annual,26.0,0.0,country,0.5769230769230769,2.772588722239781,0.4230769230769231,2.4849066497880004,0.0,0.0,0.0,0.0,3.295836866004329,10.0,16.0,1.6,10.0,1.6,17.0,26.0,True,1.5294117647058822,0.44246353322528365,26.0,moderate
683,Gross Disbursements,Solomon Islands,IDA,EAST ASIA AND PACIFIC,FY21,0.0,18.0,0.0,0.0,18.0,2021,4,annual,18.0,0.0,country,0.0,0.0,1.0,2.9444389791664403,0.0,0.0,0.0,0.0,2.9444389791664403,26.0,-8.0,-0.3076923076923077,26.0,-0.3076923076923077,5.0,18.0,False,,0.3942463533225284,18.0,moderate
436,Gross Disbursements,Solomon Islands,IDA,EAST ASIA AND PACIFIC,FY22,15.0,13.0,0.0,0.0,28.0,2022,4,annual,28.0,0.0,country,0.5357142857142857,2.772588722239781,0.4642857142857143,2.6390573296152584,0.0,0.0,0.0,0.0,3.367295829986474,18.0,10.0,0.5555555555555556,18.0,0.5555555555555556,177.0,28.0,True,0.15819209039548024,0.4529983792544571,28.0,moderate
2819,Gross Disbursements,Solomon Islands,IDA,EAST ASIA AND PACIFIC,FY23,14.0,40.0,0.0,0.0,54.0,2023,4,annual,54.0,0.0,country,0.25925925925925924,2.70805020110221,0.7407407407407407,3.713572066704308,0.0,0.0,0.0,0.0,4.007333185232471,28.0,26.0,0.9285714285714286,28.0,0.9285714285714286,0.0,54.0,False,,0.5494327390599676,54.0,moderate
1741,Gross Disbursements,Solomon Islands,IDA,EAST ASIA AND PACIFIC,FY24,15.0,43.0,0.0,0.0,58.0,2024,4,annual,58.0,0.0,country,0.25862068965517243,2.772588722239781,0.7413793103448276,3.784189633918261,0.0,0.0,0.0,0.0,4.07753744390572,54.0,4.0,0.07407407407407407,54.0,0.07407407407407407,46.0,58.0,True,1.2608695652173914,0.5709076175040518,58.0,moderate
1620,Gross Disbursements,Solomon Islands,IDA,EAST ASIA AND PACIFIC,FY25,0.0,70.0,0.0,0.0,70.0,2025,4,annual,70.0,0.0,country,0.0,0.0,1.0,4.2626798770413155,0.0,0.0,0.0,0.0,4.2626798770413155,58.0,12.0,0.20689655172413793,58.0,0.20689655172413793,105.0,70.0,True,0.6666666666666666,0.5976499189627229,70.0,moderate
1305,Gross Disbursements,Solomon Islands,IDA,EAST ASIA AND PACIFIC,2025-Q3,0.0,50.51,0.0,0.0,50.51,2025,3,quarterly,50.51,0.0,country,0.0,0.0,1.0,3.9417759635774936,0.0,0.0,0.0,0.0,3.9417759635774936,,,,,,71.0,50.51,True,0.7114084507042253,0.5357142857142857,50.51,moderate
1182,Gross Disbursements,Solomon Islands,IDA,EAST ASIA AND PACIFIC,2026-Q3,20.0,47.0,0.0,0.0,67.0,2026,3,quarterly,67.0,0.0,country,0.29850746268656714,3.044522437723423,0.7014925373134329,3.871201010907891,0.0,0.0,0.0,0.0,4.219507705176107,50.51,16.490000000000002,0.326470005939418,50.51,0.326470005939418,29.0,67.0,True,2.310344827586207,0.5758928571428571,67.0,moderate
3316,Commitments,Somalia,IDA,AFRICA,FY18,0.0,0.0,0.0,0.0,0.0,2018,4,annual,0.0,0.0,country,0.0,0.0,0.0,0.0,0.0,0.0,0.0,0.0,0.0,,,,,,0.0,0.0,False,,0.19539375928677563,0.0,limited
3039,Commitments,Somalia,IDA,AFRICA,FY19,0.0,98.0,0.0,0.0,98.0,2019,4,annual,98.0,0.0,country,0.0,0.0,1.0,4.59511985013459,0.0,0.0,0.0,0.0,4.59511985013459,0.0,98.0,,0.0,,98.0,7.0,True,0.07142857142857142,0.6318722139673105,98.0,moderate
2176,Commitments,Somalia,IDA,AFRICA EAST,FY20,475.0,427.0,0.0,0.0,902.0,2020,4,annual,902.0,0.0,country,0.5266075388026608,6.16541785423142,0.47339246119733924,6.059123195581797,0.0,0.0,0.0,0.0,6.805722553416985,98.0,804.0,8.204081632653061,98.0,8.204081632653061,902.0,520.0,True,0.5764966740576497,0.9264487369985142,902.0,major
1946,Commitments,Somalia,IDA,EASTERN AND SOUTHERN AFRICA,FY21,0.0,400.0,0.0,0.0,400.0,2021,4,annual,400.0,0.0,country,0.0,0.0,1.0,5.993961427306569,0.0,0.0,0.0,0.0,5.993961427306569,902.0,-502.0,-0.5565410199556541,902.0,-0.5565410199556541,400.0,139.0,True,0.3475,0.8194650817236255,400.0,significant
581,Commitments,Somalia,IDA,EASTERN AND SOUTHERN AFRICA,FY22,0.0,565.0,0.0,0.0,565.0,2022,4,annual,565.0,0.0,country,0.0,0.0,1.0,6.338594078203183,0.0,0.0,0.0,0.0,6.338594078203183,400.0,165.0,0.4125,400.0,0.4125,565.0,135.0,True,0.23893805309734514,0.8580980683506686,565.0,major
2967,Commitments,Somalia,IDA,EASTERN AND SOUTHERN AFRICA,FY23,100.0,468.0,0.0,0.0,568.0,2023,4,annual,568.0,0.0,country,0.176056338028169,4.61512051684126,0.823943661971831,6.150602768446279,0.0,0.0,0.0,0.0,6.343880434126331,565.0,3.0,0.005309734513274336,565.0,0.005309734513274336,568.0,342.0,True,0.602112676056338,0.8595839524517088,568.0,major
2649,Commitments,Somalia,IDA,EASTERN AND SOUTHERN AFRICA,FY24,75.0,355.0,0.0,0.0,430.0,2024,4,annual,430.0,0.0,country,0.1744186046511628,4.330733340286331,0.8255813953488372,5.87493073085203,0.0,0.0,0.0,0.0,6.066108090103747,568.0,-138.0,-0.24295774647887325,568.0,-0.24295774647887325,430.0,486.0,True,1.130232558139535,0.8298662704309064,430.0,significant
1450,Commitments,Somalia,IDA,EASTERN AND SOUTHERN AFRICA,FY25,145.0,205.0,0.0,0.0,350.0,2025,4,annual,350.0,0.0,country,0.4142857142857143,4.983606621708336,0.5857142857142857,5.327876168789581,0.0,0.0,0.0,0.0,5.860786223465865,430.0,-80.0,-0.18604651162790697,430.0,-0.18604651162790697,350.0,392.0,True,1.12,0.8038632986627043,350.0,significant
1115,Gross Disbursements,Somalia,IDA,AFRICA,FY16,0.0,0.0,0.0,0.0,0.0,2016,4,annual,0.0,0.0,country,0.0,0.0,0.0,0.0,0.0,0.0,0.0,0.0,0.0,,,,,,,0.0,False,,0.1094003241491086,0.0,limited
983,Gross Disbursements,Somalia,IDA,AFRICA,FY17,0.0,0.0,0.0,0.0,0.0,2017,4,annual,0.0,0.0,country,0.0,0.0,0.0,0.0,0.0,0.0,0.0,0.0,0.0,0.0,0.0,,0.0,,,0.0,False,,0.1094003241491086,0.0,limited
789,Gross Disbursements,Somalia,IDA,AFRICA,FY18,0.0,0.0,0.0,0.0,0.0,2018,4,annual,0.0,0.0,country,0.0,0.0,0.0,0.0,0.0,0.0,0.0,0.0,0.0,0.0,0.0,,0.0,,0.0,0.0,False,,0.1094003241491086,0.0,limited
3168,Gross Disbursements,Somalia,IDA,AFRICA,FY19,0.0,7.0,0.0,0.0,7.0,2019,4,annual,7.0,0.0,country,0.0,0.0,1.0,2.0794415416798357,0.0,0.0,0.0,0.0,2.0794415416798357,0.0,7.0,,0.0,,98.0,7.0,True,0.07142857142857142,0.2925445705024311,7.0,limited
2069,Gross Disbursements,Somalia,IDA,AFRICA EAST,FY20,459.0,61.0,0.0,0.0,520.0,2020,4,annual,520.0,0.0,country,0.8826923076923077,6.131226489483141,0.11730769230769231,4.127134385045092,0.0,0.0,0.0,0.0,6.255750041753367,7.0,513.0,73.28571428571429,7.0,73.28571428571429,902.0,520.0,True,0.5764966740576497,0.8958670988654781,520.0,major
706,Gross Disbursements,Somalia,IDA,EASTERN AND SOUTHERN AFRICA,FY21,0.0,139.0,0.0,0.0,139.0,2021,4,annual,139.0,0.0,country,0.0,0.0,1.0,4.941642422609304,0.0,0.0,0.0,0.0,4.941642422609304,520.0,-381.0,-0.7326923076923076,520.0,-0.7326923076923076,400.0,139.0,True,0.3475,0.7050243111831442,139.0,significant
459,Gross Disbursements,Somalia,IDA,EASTERN AND SOUTHERN AFRICA,FY22,0.0,135.0,0.0,0.0,135.0,2022,4,annual,135.0,0.0,country,0.0,0.0,1.0,4.912654885736052,0.0,0.0,0.0,0.0,4.912654885736052,139.0,-4.0,-0.02877697841726619,139.0,-0.02877697841726619,565.0,135.0,True,0.23893805309734514,0.6977309562398704,135.0,significant
2843,Gross Disbursements,Somalia,IDA,EASTERN AND SOUTHERN AFRICA,FY23,98.0,244.0,0.0,0.0,342.0,2023,4,annual,342.0,0.0,country,0.28654970760233917,4.59511985013459,0.7134502923976608,5.501258210544727,0.0,0.0,0.0,0.0,5.8377304471659395,135.0,207.0,1.5333333333333334,135.0,1.5333333333333334,568.0,342.0,True,0.602112676056338,0.8338735818476499,342.0,significant
1765,Gross Disbursements,Somalia,IDA,EASTERN AND SOUTHERN AFRICA,FY24,72.0,414.0,0.0,0.0,486.0,2024,4,annual,486.0,0.0,country,0.14814814814814814,4.290459441148391,0.8518518518518519,6.028278520230698,0.0,0.0,0.0,0.0,6.18826412308259,342.0,144.0,0.42105263157894735,342.0,0.42105263157894735,430.0,486.0,True,1.130232558139535,0.880064829821718,486.0,significant
1645,Gross Disbursements,Somalia,IDA,EASTERN AND SOUTHERN AFRICA,FY25,130.0,262.0,0.0,0.0,392.0,2025,4,annual,392.0,0.0,country,0.33163265306122447,4.875197323201151,0.6683673469387755,5.572154032177765,0.0,0.0,0.0,0.0,5.973809611869261,486.0,-94.0,-0.1934156378600823,486.0,-0.1934156378600823,350.0,392.0,True,1.12,0.850486223662885,392.0,significant
230,Commitments,"Somalia, Federal Republic of",IDA,EASTERN AND SOUTHERN AFRICA,2025-Q3,125.0,35.0,0.0,0.0,160.0,2025,3,quarterly,160.0,0.0,country,0.78125,4.836281906951478,0.21875,3.58351893845611,0.0,0.0,0.0,0.0,5.081404364984463,,,,,,160.0,330.0,True,2.0625,0.8502824858757062,160.0,significant
37,Commitments,"Somalia, Federal Republic of",IDA,EASTERN AND SOUTHERN AFRICA,2026-Q3,125.0,128.0,0.0,0.0,253.0,2026,3,quarterly,253.0,0.0,country,0.49407114624505927,4.836281906951478,0.5059288537549407,4.859812404361672,0.0,0.0,0.0,0.0,5.537334267018537,160.0,93.0,0.58125,160.0,0.58125,253.0,371.0,True,1.466403162055336,0.8954802259887006,253.0,significant
1330,Gross Disbursements,"Somalia, Federal Republic of",IDA,EASTERN AND SOUTHERN AFRICA,2025-Q3,130.0,200.0,0.0,0.0,330.0,2025,3,quarterly,330.0,0.0,country,0.3939393939393939,4.875197323201151,0.6060606060606061,5.303304908059076,0.0,0.0,0.0,0.0,5.802118375377063,,,,,,160.0,330.0,True,2.0625,0.828125,330.0,significant
1207,Gross Disbursements,"Somalia, Federal Republic of",IDA,EASTERN AND SOUTHERN AFRICA,2026-Q3,124.0,247.0,0.0,0.0,371.0,2026,3,quarterly,371.0,0.0,country,0.33423180592991913,4.8283137373023015,0.6657681940700808,5.5134287461649825,0.0,0.0,0.0,0.0,5.918893854273146,330.0,41.0,0.12424242424242424,330.0,0.12424242424242424,253.0,371.0,True,1.466403162055336,0.8705357142857143,371.0,significant
2650,Commitments,South Africa,IDA,EASTERN AND SOUTHERN AFRICA,FY24,0.0,0.0,0.0,0.0,0.0,2024,4,annual,0.0,0.0,country,0.0,0.0,0.0,0.0,0.0,0.0,0.0,0.0,0.0,,,,,,0.0,,False,,0.19539375928677563,0.0,limited
1451,Commitments,South Africa,IDA,EASTERN AND SOUTHERN AFRICA,FY25,0.0,0.0,0.0,0.0,0.0,2025,4,annual,0.0,0.0,country,0.0,0.0,0.0,0.0,0.0,0.0,0.0,0.0,0.0,0.0,0.0,,0.0,,0.0,,False,,0.19539375928677563,0.0,limited
231,Commitments,South Africa,IDA,EASTERN AND SOUTHERN AFRICA,2025-Q3,0.0,0.0,0.0,0.0,0.0,2025,3,quarterly,0.0,0.0,country,0.0,0.0,0.0,0.0,0.0,0.0,0.0,0.0,0.0,,,,,,0.0,,False,,0.326271186440678,0.0,limited
38,Commitments,South Africa,IDA,EASTERN AND SOUTHERN AFRICA,2026-Q3,0.0,0.0,0.0,0.0,0.0,2026,3,quarterly,0.0,0.0,country,0.0,0.0,0.0,0.0,0.0,0.0,0.0,0.0,0.0,0.0,0.0,,0.0,,0.0,,False,,0.326271186440678,0.0,limited
3090,Commitments,South Asia,IDA,SOUTH ASIA,FY19,0.0,0.0,0.0,0.0,0.0,2019,4,annual,0.0,0.0,aggregate_or_institution,0.0,0.0,0.0,0.0,0.0,0.0,0.0,0.0,0.0,,,,,,0.0,,False,,0.25877192982456143,0.0,limited
3030,Commitments,South Asia,IDA,SOUTH ASIA,FY20,0.0,73.0,0.0,0.0,73.0,2020,4,annual,73.0,0.0,aggregate_or_institution,0.0,0.0,1.0,4.30406509320417,0.0,0.0,0.0,0.0,4.30406509320417,0.0,73.0,,0.0,,73.0,0.0,True,0.0,0.7807017543859649,73.0,moderate
2009,Commitments,South Asia,IDA,SOUTH ASIA,FY21,0.0,0.0,0.0,0.0,0.0,2021,4,annual,0.0,0.0,aggregate_or_institution,0.0,0.0,0.0,0.0,0.0,0.0,0.0,0.0,0.0,73.0,-73.0,-1.0,73.0,-1.0,0.0,4.0,False,,0.25877192982456143,0.0,limited
644,Commitments,South Asia,IDA,SOUTH ASIA,FY22,0.0,0.0,0.0,0.0,0.0,2022,4,annual,0.0,0.0,aggregate_or_institution,0.0,0.0,0.0,0.0,0.0,0.0,0.0,0.0,0.0,0.0,0.0,,0.0,,0.0,2.0,False,,0.25877192982456143,0.0,limited
397,Commitments,South Asia,IDA,SOUTH ASIA,FY23,0.0,12.0,0.0,0.0,12.0,2023,4,annual,12.0,0.0,aggregate_or_institution,0.0,0.0,1.0,2.5649493574615367,0.0,0.0,0.0,0.0,2.5649493574615367,0.0,12.0,,0.0,,12.0,11.0,True,0.9166666666666666,0.6140350877192983,12.0,moderate
2801,Commitments,South Asia,IDA,SOUTH ASIA,FY24,0.0,0.0,0.0,0.0,0.0,2024,4,annual,0.0,0.0,aggregate_or_institution,0.0,0.0,0.0,0.0,0.0,0.0,0.0,0.0,0.0,12.0,-12.0,-1.0,12.0,-1.0,0.0,18.0,False,,0.25877192982456143,0.0,limited
1602,Commitments,South Asia,IDA,SOUTH ASIA,FY25,0.0,0.0,0.0,0.0,0.0,2025,4,annual,0.0,0.0,aggregate_or_institution,0.0,0.0,0.0,0.0,0.0,0.0,0.0,0.0,0.0,0.0,0.0,,0.0,,0.0,26.0,False,,0.25877192982456143,0.0,limited
1164,Commitments,South Asia,IDA,SOUTH ASIA,2025-Q3,0.0,0.0,0.0,0.0,0.0,2025,3,quarterly,0.0,0.0,aggregate_or_institution,0.0,0.0,0.0,0.0,0.0,0.0,0.0,0.0,0.0,,,,,,0.0,19.49,False,,0.328125,0.0,limited
189,Commitments,South Asia,IDA,SOUTH ASIA,2026-Q3,0.0,0.0,0.0,0.0,0.0,2026,3,quarterly,0.0,0.0,aggregate_or_institution,0.0,0.0,0.0,0.0,0.0,0.0,0.0,0.0,0.0,0.0,0.0,,0.0,,0.0,4.51,False,,0.328125,0.0,limited
2119,Gross Disbursements,South Asia,IDA,SOUTH ASIA,FY20,0.0,0.0,0.0,0.0,0.0,2020,4,annual,0.0,0.0,aggregate_or_institution,0.0,0.0,0.0,0.0,0.0,0.0,0.0,0.0,0.0,,,,,,73.0,0.0,True,0.0,0.0797872340425532,0.0,limited
1879,Gross Disbursements,South Asia,IDA,SOUTH ASIA,FY21,0.0,4.0,0.0,0.0,4.0,2021,4,annual,4.0,0.0,aggregate_or_institution,0.0,0.0,1.0,1.6094379124341003,0.0,0.0,0.0,0.0,1.6094379124341003,0.0,4.0,,0.0,,0.0,4.0,False,,0.5425531914893617,4.0,limited
514,Gross Disbursements,South Asia,IDA,SOUTH ASIA,FY22,0.0,2.0,0.0,0.0,2.0,2022,4,annual,2.0,0.0,aggregate_or_institution,0.0,0.0,1.0,1.0986122886681098,0.0,0.0,0.0,0.0,1.0986122886681098,4.0,-2.0,-0.5,4.0,-0.5,0.0,2.0,False,,0.31382978723404253,2.0,limited
2900,Gross Disbursements,South Asia,IDA,SOUTH ASIA,FY23,0.0,11.0,0.0,0.0,11.0,2023,4,annual,11.0,0.0,aggregate_or_institution,0.0,0.0,1.0,2.4849066497880004,0.0,0.0,0.0,0.0,2.4849066497880004,2.0,9.0,4.5,2.0,4.5,12.0,11.0,True,0.9166666666666666,0.6914893617021277,11.0,moderate
1822,Gross Disbursements,South Asia,IDA,SOUTH ASIA,FY24,0.0,18.0,0.0,0.0,18.0,2024,4,annual,18.0,0.0,aggregate_or_institution,0.0,0.0,1.0,2.9444389791664403,0.0,0.0,0.0,0.0,2.9444389791664403,11.0,7.0,0.6363636363636364,11.0,0.6363636363636364,0.0,18.0,False,,0.7021276595744681,18.0,moderate
1702,Gross Disbursements,South Asia,IDA,SOUTH ASIA,FY25,0.0,26.0,0.0,0.0,26.0,2025,4,annual,26.0,0.0,aggregate_or_institution,0.0,0.0,1.0,3.295836866004329,0.0,0.0,0.0,0.0,3.295836866004329,18.0,8.0,0.4444444444444444,18.0,0.4444444444444444,0.0,26.0,False,,0.75,26.0,moderate
1387,Gross Disbursements,South Asia,IDA,SOUTH ASIA,2025-Q3,0.0,19.49,0.0,0.0,19.49,2025,3,quarterly,19.49,0.0,aggregate_or_institution,0.0,0.0,1.0,3.0199369622508083,0.0,0.0,0.0,0.0,3.0199369622508083,,,,,,0.0,19.49,False,,0.7272727272727273,19.49,moderate
1264,Gross Disbursements,South Asia,IDA,SOUTH ASIA,2026-Q3,0.0,4.51,0.0,0.0,4.51,2026,3,quarterly,4.51,0.0,aggregate_or_institution,0.0,0.0,1.0,1.706564623164823,0.0,0.0,0.0,0.0,1.706564623164823,19.49,-14.979999999999999,-0.7685992816829144,19.49,-0.7685992816829144,0.0,4.51,False,,0.6818181818181818,4.51,limited
1921,Commitments,South East Asia,IDA,EAST ASIA AND PACIFIC,FY21,0.0,0.0,0.0,0.0,0.0,2021,4,annual,0.0,0.0,aggregate_or_institution,0.0,0.0,0.0,0.0,0.0,0.0,0.0,0.0,0.0,,,,,,0.0,,False,,0.25877192982456143,0.0,limited
556,Commitments,South East Asia,IDA,EAST ASIA AND PACIFIC,FY22,0.0,20.0,0.0,0.0,20.0,2022,4,annual,20.0,0.0,aggregate_or_institution,0.0,0.0,1.0,3.044522437723423,0.0,0.0,0.0,0.0,3.044522437723423,0.0,20.0,,0.0,,20.0,,True,,0.6622807017543859,20.0,moderate
2942,Commitments,South East Asia,IDA,EAST ASIA AND PACIFIC,FY23,0.0,0.0,0.0,0.0,0.0,2023,4,annual,0.0,0.0,aggregate_or_institution,0.0,0.0,0.0,0.0,0.0,0.0,0.0,0.0,0.0,20.0,-20.0,-1.0,20.0,-1.0,0.0,3.0,False,,0.25877192982456143,0.0,limited
2780,Commitments,South East Asia,IDA,EAST ASIA AND PACIFIC,FY24,0.0,0.0,0.0,0.0,0.0,2024,4,annual,0.0,0.0,aggregate_or_institution,0.0,0.0,0.0,0.0,0.0,0.0,0.0,0.0,0.0,0.0,0.0,,0.0,,0.0,3.0,False,,0.25877192982456143,0.0,limited
1581,Commitments,South East Asia,IDA,EAST ASIA AND PACIFIC,FY25,0.0,0.0,0.0,0.0,0.0,2025,4,annual,0.0,0.0,aggregate_or_institution,0.0,0.0,0.0,0.0,0.0,0.0,0.0,0.0,0.0,0.0,0.0,,0.0,,0.0,0.0,False,,0.25877192982456143,0.0,limited
361,Commitments,South East Asia,IDA,EAST ASIA AND PACIFIC,2025-Q3,0.0,0.0,0.0,0.0,0.0,2025,3,quarterly,0.0,0.0,aggregate_or_institution,0.0,0.0,0.0,0.0,0.0,0.0,0.0,0.0,0.0,,,,,,0.0,0.0,False,,0.328125,0.0,limited
168,Commitments,South East Asia,IDA,EAST ASIA AND PACIFIC,2026-Q3,0.0,0.0,0.0,0.0,0.0,2026,3,quarterly,0.0,0.0,aggregate_or_institution,0.0,0.0,0.0,0.0,0.0,0.0,0.0,0.0,0.0,0.0,0.0,,0.0,,0.0,0.0,False,,0.328125,0.0,limited
2820,Gross Disbursements,South East Asia,IDA,EAST ASIA AND PACIFIC,FY23,0.0,3.0,0.0,0.0,3.0,2023,4,annual,3.0,0.0,aggregate_or_institution,0.0,0.0,1.0,1.3862943611198906,0.0,0.0,0.0,0.0,1.3862943611198906,,,,,,0.0,3.0,False,,0.44148936170212766,3.0,limited
1742,Gross Disbursements,South East Asia,IDA,EAST ASIA AND PACIFIC,FY24,0.0,3.0,0.0,0.0,3.0,2024,4,annual,3.0,0.0,aggregate_or_institution,0.0,0.0,1.0,1.3862943611198906,0.0,0.0,0.0,0.0,1.3862943611198906,3.0,0.0,0.0,3.0,0.0,0.0,3.0,False,,0.44148936170212766,3.0,limited
1621,Gross Disbursements,South East Asia,IDA,EAST ASIA AND PACIFIC,FY25,0.0,0.0,0.0,0.0,0.0,2025,4,annual,0.0,0.0,aggregate_or_institution,0.0,0.0,0.0,0.0,0.0,0.0,0.0,0.0,0.0,3.0,-3.0,-1.0,3.0,-1.0,0.0,0.0,False,,0.0797872340425532,0.0,limited
1306,Gross Disbursements,South East Asia,IDA,EAST ASIA AND PACIFIC,2025-Q3,0.0,0.0,0.0,0.0,0.0,2025,3,quarterly,0.0,0.0,aggregate_or_institution,0.0,0.0,0.0,0.0,0.0,0.0,0.0,0.0,0.0,,,,,,0.0,0.0,False,,0.18181818181818182,0.0,limited
1183,Gross Disbursements,South East Asia,IDA,EAST ASIA AND PACIFIC,2026-Q3,0.0,0.0,0.0,0.0,0.0,2026,3,quarterly,0.0,0.0,aggregate_or_institution,0.0,0.0,0.0,0.0,0.0,0.0,0.0,0.0,0.0,0.0,0.0,,0.0,,0.0,0.0,False,,0.18181818181818182,0.0,limited
2488,Commitments,South Sudan,IDA,AFRICA,FY14,0.0,124.0,0.0,0.0,124.0,2014,4,annual,124.0,0.0,country,0.0,0.0,1.0,4.8283137373023015,0.0,0.0,0.0,0.0,4.8283137373023015,,,,,,124.0,5.0,True,0.04032258064516129,0.6712481426448736,124.0,significant
2318,Commitments,South Sudan,IDA,AFRICA,FY15,0.0,9.0,0.0,0.0,9.0,2015,4,annual,9.0,0.0,country,0.0,0.0,1.0,2.302585092994046,0.0,0.0,0.0,0.0,2.302585092994046,124.0,-115.0,-0.9274193548387096,124.0,-0.9274193548387096,9.0,37.0,False,,0.40973254086181277,9.0,limited
1036,Commitments,South Sudan,IDA,AFRICA,FY16,0.0,40.0,0.0,0.0,40.0,2016,4,annual,40.0,0.0,country,0.0,0.0,1.0,3.713572066704308,0.0,0.0,0.0,0.0,3.713572066704308,9.0,31.0,3.4444444444444446,9.0,3.4444444444444446,40.0,29.0,True,0.725,0.5092867756315007,40.0,moderate
876,Commitments,South Sudan,IDA,AFRICA,FY17,0.0,50.0,0.0,0.0,50.0,2017,4,annual,50.0,0.0,country,0.0,0.0,1.0,3.9318256327243257,0.0,0.0,0.0,0.0,3.9318256327243257,40.0,10.0,0.25,40.0,0.25,50.0,20.0,True,0.4,0.5300891530460624,50.0,moderate
3313,Commitments,South Sudan,IDA,AFRICA,FY18,0.0,0.0,0.0,0.0,0.0,2018,4,annual,0.0,0.0,country,0.0,0.0,0.0,0.0,0.0,0.0,0.0,0.0,0.0,50.0,-50.0,-1.0,50.0,-1.0,0.0,77.0,False,,0.19539375928677563,0.0,limited
3101,Commitments,South Sudan,IDA,AFRICA,FY19,0.0,105.0,0.0,0.0,105.0,2019,4,annual,105.0,0.0,country,0.0,0.0,1.0,4.663439094112067,0.0,0.0,0.0,0.0,4.663439094112067,0.0,105.0,,0.0,,105.0,56.0,True,0.5333333333333333,0.650074294205052,105.0,significant
2186,Commitments,South Sudan,IDA,AFRICA EAST,FY20,0.0,40.0,0.0,0.0,40.0,2020,4,annual,40.0,0.0,country,0.0,0.0,1.0,3.713572066704308,0.0,0.0,0.0,0.0,3.713572066704308,105.0,-65.0,-0.6190476190476191,105.0,-0.6190476190476191,40.0,78.0,True,1.95,0.5092867756315007,40.0,moderate
1947,Commitments,South Sudan,IDA,EASTERN AND SOUTHERN AFRICA,FY21,0.0,223.0,0.0,0.0,223.0,2021,4,annual,223.0,0.0,country,0.0,0.0,1.0,5.4116460518550396,0.0,0.0,0.0,0.0,5.4116460518550396,40.0,183.0,4.575,40.0,4.575,223.0,24.0,True,0.10762331838565023,0.7473997028231798,223.0,significant
582,Commitments,South Sudan,IDA,EASTERN AND SOUTHERN AFRICA,FY22,0.0,553.0,0.0,0.0,553.0,2022,4,annual,553.0,0.0,country,0.0,0.0,1.0,6.317164686747284,0.0,0.0,0.0,0.0,6.317164686747284,223.0,330.0,1.4798206278026906,223.0,1.4798206278026906,553.0,198.0,True,0.35804701627486435,0.8573551263001485,553.0,major
2968,Commitments,South Sudan,IDA,EASTERN AND SOUTHERN AFRICA,FY23,0.0,477.0,0.0,0.0,477.0,2023,4,annual,477.0,0.0,country,0.0,0.0,1.0,6.169610732491456,0.0,0.0,0.0,0.0,6.169610732491456,553.0,-76.0,-0.13743218806509946,553.0,-0.13743218806509946,477.0,256.0,True,0.5366876310272537,0.8432392273402675,477.0,significant
2785,Commitments,South Sudan,IDA,EASTERN AND SOUTHERN AFRICA,FY24,0.0,166.0,0.0,0.0,166.0,2024,4,annual,166.0,0.0,country,0.0,0.0,1.0,5.117993812416755,0.0,0.0,0.0,0.0,5.117993812416755,477.0,-311.0,-0.6519916142557652,477.0,-0.6519916142557652,166.0,52.0,True,0.3132530120481928,0.7102526002971769,166.0,significant
1586,Commitments,South Sudan,IDA,EASTERN AND SOUTHERN AFRICA,FY25,0.0,209.0,0.0,0.0,209.0,2025,4,annual,209.0,0.0,country,0.0,0.0,1.0,5.3471075307174685,0.0,0.0,0.0,0.0,5.3471075307174685,166.0,43.0,0.25903614457831325,166.0,0.25903614457831325,209.0,259.0,True,1.2392344497607655,0.7377414561664191,209.0,significant
366,Commitments,South Sudan,IDA,EASTERN AND SOUTHERN AFRICA,2025-Q3,0.0,129.0,0.0,0.0,129.0,2025,3,quarterly,129.0,0.0,country,0.0,0.0,1.0,4.867534450455582,0.0,0.0,0.0,0.0,4.867534450455582,,,,,,129.0,210.51,True,1.631860465116279,0.8107344632768362,129.0,significant
173,Commitments,South Sudan,IDA,EASTERN AND SOUTHERN AFRICA,2026-Q3,0.0,0.0,0.0,0.0,0.0,2026,3,quarterly,0.0,0.0,country,0.0,0.0,0.0,0.0,0.0,0.0,0.0,0.0,0.0,129.0,-129.0,-1.0,129.0,-1.0,0.0,170.0,False,,0.326271186440678,0.0,limited
2568,Gross Disbursements,South Sudan,IDA,AFRICA,FY14,0.0,5.0,0.0,0.0,5.0,2014,4,annual,5.0,0.0,country,0.0,0.0,1.0,1.791759469228055,0.0,0.0,0.0,0.0,1.791759469228055,,,,,,124.0,5.0,True,0.04032258064516129,0.2706645056726094,5.0,limited
2400,Gross Disbursements,South Sudan,IDA,AFRICA,FY15,0.0,37.0,0.0,0.0,37.0,2015,4,annual,37.0,0.0,country,0.0,0.0,1.0,3.6375861597263857,0.0,0.0,0.0,0.0,3.6375861597263857,5.0,32.0,6.4,5.0,6.4,9.0,37.0,False,,0.4914910858995138,37.0,moderate
1116,Gross Disbursements,South Sudan,IDA,AFRICA,FY16,0.0,29.0,0.0,0.0,29.0,2016,4,annual,29.0,0.0,country,0.0,0.0,1.0,3.4011973816621555,0.0,0.0,0.0,0.0,3.4011973816621555,37.0,-8.0,-0.21621621621621623,37.0,-0.21621621621621623,40.0,29.0,True,0.725,0.45786061588330634,29.0,moderate
926,Gross Disbursements,South Sudan,IDA,AFRICA,FY17,0.0,20.0,0.0,0.0,20.0,2017,4,annual,20.0,0.0,country,0.0,0.0,1.0,3.044522437723423,0.0,0.0,0.0,0.0,3.044522437723423,29.0,-9.0,-0.3103448275862069,29.0,-0.3103448275862069,50.0,20.0,True,0.4,0.406807131280389,20.0,moderate
759,Gross Disbursements,South Sudan,IDA,AFRICA,FY18,0.0,77.0,0.0,0.0,77.0,2018,4,annual,77.0,0.0,country,0.0,0.0,1.0,4.356708826689592,0.0,0.0,0.0,0.0,4.356708826689592,20.0,57.0,2.85,20.0,2.85,0.0,77.0,False,,0.6142625607779578,77.0,moderate
3199,Gross Disbursements,South Sudan,IDA,AFRICA,FY19,0.0,56.0,0.0,0.0,56.0,2019,4,annual,56.0,0.0,country,0.0,0.0,1.0,4.04305126783455,0.0,0.0,0.0,0.0,4.04305126783455,77.0,-21.0,-0.2727272727272727,77.0,-0.2727272727272727,105.0,56.0,True,0.5333333333333333,0.5575364667747164,56.0,moderate
2103,Gross Disbursements,South Sudan,IDA,AFRICA EAST,FY20,0.0,78.0,0.0,0.0,78.0,2020,4,annual,78.0,0.0,country,0.0,0.0,1.0,4.3694478524670215,0.0,0.0,0.0,0.0,4.3694478524670215,56.0,22.0,0.39285714285714285,56.0,0.39285714285714285,40.0,78.0,True,1.95,0.6179092382495948,78.0,moderate
707,Gross Disbursements,South Sudan,IDA,EASTERN AND SOUTHERN AFRICA,FY21,0.0,24.0,0.0,0.0,24.0,2021,4,annual,24.0,0.0,country,0.0,0.0,1.0,3.2188758248682006,0.0,0.0,0.0,0.0,3.2188758248682006,78.0,-54.0,-0.6923076923076923,78.0,-0.6923076923076923,223.0,24.0,True,0.10762331838565023,0.42787682333873583,24.0,moderate
460,Gross Disbursements,South Sudan,IDA,EASTERN AND SOUTHERN AFRICA,FY22,0.0,198.0,0.0,0.0,198.0,2022,4,annual,198.0,0.0,country,0.0,0.0,1.0,5.293304824724492,0.0,0.0,0.0,0.0,5.293304824724492,24.0,174.0,7.25,24.0,7.25,553.0,198.0,True,0.35804701627486435,0.7682333873581848,198.0,significant
2844,Gross Disbursements,South Sudan,IDA,EASTERN AND SOUTHERN AFRICA,FY23,0.0,256.0,0.0,0.0,256.0,2023,4,annual,256.0,0.0,country,0.0,0.0,1.0,5.54907608489522,0.0,0.0,0.0,0.0,5.54907608489522,198.0,58.0,0.29292929292929293,198.0,0.29292929292929293,477.0,256.0,True,0.5366876310272537,0.7965964343598055,256.0,significant
1766,Gross Disbursements,South Sudan,IDA,EASTERN AND SOUTHERN AFRICA,FY24,0.0,52.0,0.0,0.0,52.0,2024,4,annual,52.0,0.0,country,0.0,0.0,1.0,3.970291913552122,0.0,0.0,0.0,0.0,3.970291913552122,256.0,-204.0,-0.796875,256.0,-0.796875,166.0,52.0,True,0.3132530120481928,0.5449756888168558,52.0,moderate
1646,Gross Disbursements,South Sudan,IDA,EASTERN AND SOUTHERN AFRICA,FY25,0.0,259.0,0.0,0.0,259.0,2025,4,annual,259.0,0.0,country,0.0,0.0,1.0,5.560681631015528,0.0,0.0,0.0,0.0,5.560681631015528,52.0,207.0,3.980769230769231,52.0,3.980769230769231,209.0,259.0,True,1.2392344497607655,0.7986223662884927,259.0,significant
1331,Gross Disbursements,South Sudan,IDA,EASTERN AND SOUTHERN AFRICA,2025-Q3,0.0,210.51,0.0,0.0,210.51,2025,3,quarterly,210.51,0.0,country,0.0,0.0,1.0,5.354272278692483,0.0,0.0,0.0,0.0,5.354272278692483,,,,,,129.0,210.51,True,1.631860465116279,0.7678571428571429,210.51,significant
1208,Gross Disbursements,South Sudan,IDA,EASTERN AND SOUTHERN AFRICA,2026-Q3,0.0,170.0,0.0,0.0,170.0,2026,3,quarterly,170.0,0.0,country,0.0,0.0,1.0,5.14166355650266,0.0,0.0,0.0,0.0,5.14166355650266,210.51,-40.50999999999999,-0.1924374138995772,210.51,-0.1924374138995772,0.0,170.0,False,,0.7276785714285714,170.0,significant
2651,Commitments,Southern Africa,IDA,EASTERN AND SOUTHERN AFRICA,FY24,0.0,0.0,0.0,0.0,0.0,2024,4,annual,0.0,0.0,aggregate_or_institution,0.0,0.0,0.0,0.0,0.0,0.0,0.0,0.0,0.0,,,,,,0.0,,False,,0.25877192982456143,0.0,limited
1452,Commitments,Southern Africa,IDA,EASTERN AND SOUTHERN AFRICA,FY25,0.0,0.0,0.0,0.0,0.0,2025,4,annual,0.0,0.0,aggregate_or_institution,0.0,0.0,0.0,0.0,0.0,0.0,0.0,0.0,0.0,0.0,0.0,,0.0,,0.0,,False,,0.25877192982456143,0.0,limited
232,Commitments,Southern Africa,IDA,EASTERN AND SOUTHERN AFRICA,2025-Q3,0.0,0.0,0.0,0.0,0.0,2025,3,quarterly,0.0,0.0,aggregate_or_institution,0.0,0.0,0.0,0.0,0.0,0.0,0.0,0.0,0.0,,,,,,0.0,,False,,0.328125,0.0,limited
39,Commitments,Southern Africa,IDA,EASTERN AND SOUTHERN AFRICA,2026-Q3,0.0,0.0,0.0,0.0,0.0,2026,3,quarterly,0.0,0.0,aggregate_or_institution,0.0,0.0,0.0,0.0,0.0,0.0,0.0,0.0,0.0,0.0,0.0,,0.0,,0.0,,False,,0.328125,0.0,limited
2695,Commitments,Spain,IDA,EUROPE AND CENTRAL ASIA,FY24,0.0,0.0,0.0,0.0,0.0,2024,4,annual,0.0,0.0,country,0.0,0.0,0.0,0.0,0.0,0.0,0.0,0.0,0.0,,,,,,0.0,,False,,0.19539375928677563,0.0,limited
1496,Commitments,Spain,IDA,EUROPE AND CENTRAL ASIA,FY25,0.0,0.0,0.0,0.0,0.0,2025,4,annual,0.0,0.0,country,0.0,0.0,0.0,0.0,0.0,0.0,0.0,0.0,0.0,0.0,0.0,,0.0,,0.0,,False,,0.19539375928677563,0.0,limited
276,Commitments,Spain,IDA,EUROPE AND CENTRAL ASIA,2025-Q3,0.0,0.0,0.0,0.0,0.0,2025,3,quarterly,0.0,0.0,country,0.0,0.0,0.0,0.0,0.0,0.0,0.0,0.0,0.0,,,,,,0.0,,False,,0.326271186440678,0.0,limited
83,Commitments,Spain,IDA,EUROPE AND CENTRAL ASIA,2026-Q3,0.0,0.0,0.0,0.0,0.0,2026,3,quarterly,0.0,0.0,country,0.0,0.0,0.0,0.0,0.0,0.0,0.0,0.0,0.0,0.0,0.0,,0.0,,0.0,,False,,0.326271186440678,0.0,limited
2534,Commitments,Sri Lanka,IDA,SOUTH ASIA,FY14,0.0,442.0,0.0,0.0,442.0,2014,4,annual,442.0,0.0,country,0.0,0.0,1.0,6.093569770045136,0.0,0.0,0.0,0.0,6.093569770045136,,,,,,442.0,191.0,True,0.4321266968325792,0.8343239227340268,442.0,significant
2364,Commitments,Sri Lanka,IDA,SOUTH ASIA,FY15,0.0,215.0,0.0,0.0,215.0,2015,4,annual,215.0,0.0,country,0.0,0.0,1.0,5.375278407684165,0.0,0.0,0.0,0.0,5.375278407684165,442.0,-227.0,-0.5135746606334841,442.0,-0.5135746606334841,215.0,139.0,True,0.6465116279069767,0.7429420505200595,215.0,significant
1076,Commitments,Sri Lanka,IDA,SOUTH ASIA,FY16,0.0,412.0,0.0,0.0,412.0,2016,4,annual,412.0,0.0,country,0.0,0.0,1.0,6.023447592961033,0.0,0.0,0.0,0.0,6.023447592961033,215.0,197.0,0.9162790697674419,215.0,0.9162790697674419,412.0,131.0,True,0.3179611650485437,0.8216939078751857,412.0,significant
843,Commitments,Sri Lanka,IDA,SOUTH ASIA,FY17,100.0,150.0,0.0,33.0,283.0,2017,4,annual,283.0,0.0,country,0.35335689045936397,4.61512051684126,0.5300353356890459,5.017279836814924,0.0,0.0,0.1166077738515901,3.5263605246161616,5.648974238161206,412.0,-129.0,-0.3131067961165049,412.0,-0.3131067961165049,283.0,257.0,True,0.9081272084805654,0.7734026745913819,283.0,significant
3301,Commitments,Sri Lanka,IDA,SOUTH ASIA,FY18,0.0,100.0,0.0,0.0,100.0,2018,4,annual,100.0,0.0,country,0.0,0.0,1.0,4.61512051684126,0.0,0.0,0.0,0.0,4.61512051684126,283.0,-183.0,-0.6466431095406361,283.0,-0.6466431095406361,100.0,191.0,True,1.91,0.6404160475482912,100.0,moderate
3061,Commitments,Sri Lanka,IDA,SOUTH ASIA,FY19,0.0,195.0,0.0,0.0,195.0,2019,4,annual,195.0,0.0,country,0.0,0.0,1.0,5.278114659230517,0.0,0.0,0.0,0.0,5.278114659230517,100.0,95.0,0.95,100.0,0.95,195.0,108.0,True,0.5538461538461539,0.7262258543833581,195.0,significant
2217,Commitments,Sri Lanka,IDA,SOUTH ASIA,FY20,0.0,320.0,0.0,0.0,320.0,2020,4,annual,320.0,0.0,country,0.0,0.0,1.0,5.771441123130016,0.0,0.0,0.0,0.0,5.771441123130016,195.0,125.0,0.6410256410256411,195.0,0.6410256410256411,320.0,188.0,True,0.5875,0.788261515601783,320.0,significant
2010,Commitments,Sri Lanka,IDA,SOUTH ASIA,FY21,0.0,27.0,0.0,0.0,27.0,2021,4,annual,27.0,0.0,country,0.0,0.0,1.0,3.332204510175204,0.0,0.0,0.0,0.0,3.332204510175204,320.0,-293.0,-0.915625,320.0,-0.915625,27.0,282.0,True,10.444444444444445,0.4725111441307578,27.0,moderate
645,Commitments,Sri Lanka,IDA,SOUTH ASIA,FY22,0.0,0.0,0.0,0.0,0.0,2022,4,annual,0.0,0.0,country,0.0,0.0,0.0,0.0,0.0,0.0,0.0,0.0,0.0,27.0,-27.0,-1.0,27.0,-1.0,0.0,195.0,False,,0.19539375928677563,0.0,limited
398,Commitments,Sri Lanka,IDA,SOUTH ASIA,FY23,500.0,200.0,0.0,0.0,700.0,2023,4,annual,700.0,0.0,country,0.7142857142857143,6.2166061010848646,0.2857142857142857,5.303304908059076,0.0,0.0,0.0,0.0,6.55250788703459,0.0,700.0,,0.0,,700.0,338.0,True,0.4828571428571429,0.8907875185735513,700.0,major
2749,Commitments,Sri Lanka,IDA,SOUTH ASIA,FY24,0.0,300.0,0.0,0.0,300.0,2024,4,annual,300.0,0.0,country,0.0,0.0,1.0,5.707110264748875,0.0,0.0,0.0,0.0,5.707110264748875,700.0,-400.0,-0.5714285714285714,700.0,-0.5714285714285714,300.0,432.0,True,1.44,0.7812035661218425,300.0,significant
1550,Commitments,Sri Lanka,IDA,SOUTH ASIA,FY25,200.0,220.0,0.0,0.0,420.0,2025,4,annual,420.0,0.0,country,0.47619047619047616,5.303304908059076,0.5238095238095238,5.3981627015177525,0.0,0.0,0.0,0.0,6.042632833682381,300.0,120.0,0.4,300.0,0.4,420.0,390.0,True,0.9285714285714286,0.825408618127786,420.0,significant
330,Commitments,Sri Lanka,IDA,SOUTH ASIA,2025-Q3,200.0,0.0,0.0,0.0,200.0,2025,3,quarterly,200.0,0.0,country,1.0,5.303304908059076,0.0,0.0,0.0,0.0,0.0,0.0,5.303304908059076,,,,,,200.0,344.0,True,1.72,0.8700564971751412,200.0,significant
137,Commitments,Sri Lanka,IDA,SOUTH ASIA,2026-Q3,0.0,150.0,0.0,0.0,150.0,2026,3,quarterly,150.0,0.0,country,0.0,0.0,1.0,5.017279836814924,0.0,0.0,0.0,0.0,5.017279836814924,200.0,-50.0,-0.25,200.0,-0.25,150.0,134.8,True,0.8986666666666667,0.8418079096045198,150.0,significant
2623,Gross Disbursements,Sri Lanka,IDA,SOUTH ASIA,FY14,0.0,191.0,0.0,0.0,191.0,2014,4,annual,191.0,0.0,country,0.0,0.0,1.0,5.2574953720277815,0.0,0.0,0.0,0.0,5.2574953720277815,,,,,,442.0,191.0,True,0.4321266968325792,0.7629659643435981,191.0,significant
2455,Gross Disbursements,Sri Lanka,IDA,SOUTH ASIA,FY15,0.0,139.0,0.0,0.0,139.0,2015,4,annual,139.0,0.0,country,0.0,0.0,1.0,4.941642422609304,0.0,0.0,0.0,0.0,4.941642422609304,191.0,-52.0,-0.27225130890052357,191.0,-0.27225130890052357,215.0,139.0,True,0.6465116279069767,0.7050243111831442,139.0,significant
2287,Gross Disbursements,Sri Lanka,IDA,SOUTH ASIA,FY16,0.0,131.0,0.0,0.0,131.0,2016,4,annual,131.0,0.0,country,0.0,0.0,1.0,4.882801922586371,0.0,0.0,0.0,0.0,4.882801922586371,139.0,-8.0,-0.05755395683453238,139.0,-0.05755395683453238,412.0,131.0,True,0.3179611650485437,0.6940842787682334,131.0,significant
912,Gross Disbursements,Sri Lanka,IDA,SOUTH ASIA,FY17,100.0,157.0,0.0,0.0,257.0,2017,4,annual,257.0,0.0,country,0.38910505836575876,4.61512051684126,0.6108949416342413,5.062595033026967,0.0,0.0,0.0,0.0,5.552959584921617,131.0,126.0,0.9618320610687023,131.0,0.9618320610687023,283.0,257.0,True,0.9081272084805654,0.7974068071312804,257.0,significant
749,Gross Disbursements,Sri Lanka,IDA,SOUTH ASIA,FY18,0.0,188.0,0.0,3.0,191.0,2018,4,annual,191.0,0.0,country,0.0,0.0,0.9842931937172775,5.241747015059643,0.0,0.0,0.015706806282722512,1.3862943611198906,5.2574953720277815,257.0,-66.0,-0.25680933852140075,257.0,-0.25680933852140075,100.0,191.0,True,1.91,0.7629659643435981,191.0,significant
3184,Gross Disbursements,Sri Lanka,IDA,SOUTH ASIA,FY19,0.0,103.0,0.0,5.0,108.0,2019,4,annual,108.0,0.0,country,0.0,0.0,0.9537037037037037,4.6443908991413725,0.0,0.0,0.046296296296296294,1.791759469228055,4.6913478822291435,191.0,-83.0,-0.43455497382198954,191.0,-0.43455497382198954,195.0,108.0,True,0.5538461538461539,0.6616693679092382,108.0,significant
2057,Gross Disbursements,Sri Lanka,IDA,SOUTH ASIA,FY20,0.0,179.0,0.0,9.0,188.0,2020,4,annual,188.0,0.0,country,0.0,0.0,0.9521276595744681,5.19295685089021,0.0,0.0,0.047872340425531915,2.302585092994046,5.241747015059643,108.0,80.0,0.7407407407407407,108.0,0.7407407407407407,320.0,188.0,True,0.5875,0.7605348460291734,188.0,significant
1880,Gross Disbursements,Sri Lanka,IDA,SOUTH ASIA,FY21,0.0,282.0,0.0,0.0,282.0,2021,4,annual,282.0,0.0,country,0.0,0.0,1.0,5.645446897643238,0.0,0.0,0.0,0.0,5.645446897643238,188.0,94.0,0.5,188.0,0.5,27.0,282.0,True,10.444444444444445,0.8128038897893031,282.0,significant
515,Gross Disbursements,Sri Lanka,IDA,SOUTH ASIA,FY22,0.0,182.0,0.0,13.0,195.0,2022,4,annual,195.0,0.0,country,0.0,0.0,0.9333333333333333,5.209486152841421,0.0,0.0,0.06666666666666667,2.6390573296152584,5.278114659230517,282.0,-87.0,-0.30851063829787234,282.0,-0.30851063829787234,0.0,195.0,False,,0.7658022690437601,195.0,significant
2901,Gross Disbursements,Sri Lanka,IDA,SOUTH ASIA,FY23,248.0,85.0,0.0,5.0,338.0,2023,4,annual,338.0,0.0,country,0.7337278106508875,5.517452896464707,0.2514792899408284,4.454347296253507,0.0,0.0,0.014792899408284023,1.791759469228055,5.82600010738045,195.0,143.0,0.7333333333333333,195.0,0.7333333333333333,700.0,338.0,True,0.4828571428571429,0.8310372771474879,338.0,significant
1823,Gross Disbursements,Sri Lanka,IDA,SOUTH ASIA,FY24,248.0,184.0,0.0,0.0,432.0,2024,4,annual,432.0,0.0,country,0.5740740740740741,5.517452896464707,0.42592592592592593,5.220355825078324,0.0,0.0,0.0,0.0,6.07073772800249,338.0,94.0,0.2781065088757396,338.0,0.2781065088757396,300.0,432.0,True,1.44,0.859805510534846,432.0,significant
1703,Gross Disbursements,Sri Lanka,IDA,SOUTH ASIA,FY25,200.0,190.0,0.0,0.0,390.0,2025,4,annual,390.0,0.0,country,0.5128205128205128,5.303304908059076,0.48717948717948717,5.25227342804663,0.0,0.0,0.0,0.0,5.968707559985366,432.0,-42.0,-0.09722222222222222,432.0,-0.09722222222222222,420.0,390.0,True,0.9285714285714286,0.8492706645056726,390.0,significant
1388,Gross Disbursements,Sri Lanka,IDA,SOUTH ASIA,2025-Q3,200.0,144.0,0.0,0.0,344.0,2025,3,quarterly,344.0,0.0,country,0.5813953488372093,5.303304908059076,0.4186046511627907,4.976733742420574,0.0,0.0,0.0,0.0,5.84354441703136,,,,,,200.0,344.0,True,1.72,0.84375,344.0,significant
1265,Gross Disbursements,Sri Lanka,IDA,SOUTH ASIA,2026-Q3,0.0,134.8,0.0,0.0,134.8,2026,3,quarterly,134.8,0.0,country,0.0,0.0,1.0,4.911183215124596,0.0,0.0,0.0,0.0,4.911183215124596,344.0,-209.2,-0.6081395348837209,344.0,-0.6081395348837209,150.0,134.8,True,0.8986666666666667,0.6875,134.8,significant
3389,Commitments,St. Kitts and Nevis,IDA,LATIN AMERICA AND CARIBBEAN,FY18,0.0,0.0,0.0,0.0,0.0,2018,4,annual,0.0,0.0,country,0.0,0.0,0.0,0.0,0.0,0.0,0.0,0.0,0.0,,,,,,0.0,,False,,0.19539375928677563,0.0,limited
3150,Commitments,St. Kitts and Nevis,IDA,LATIN AMERICA AND CARIBBEAN,FY19,0.0,0.0,0.0,0.0,0.0,2019,4,annual,0.0,0.0,country,0.0,0.0,0.0,0.0,0.0,0.0,0.0,0.0,0.0,0.0,0.0,,0.0,,0.0,0.0,False,,0.19539375928677563,0.0,limited
3021,Commitments,St. Kitts and Nevis,IDA,LATIN AMERICA AND CARIBBEAN,FY20,0.0,0.0,0.0,0.0,0.0,2020,4,annual,0.0,0.0,country,0.0,0.0,0.0,0.0,0.0,0.0,0.0,0.0,0.0,0.0,0.0,,0.0,,0.0,0.0,False,,0.19539375928677563,0.0,limited
1986,Commitments,St. Kitts and Nevis,IDA,LATIN AMERICA AND CARIBBEAN,FY21,0.0,0.0,0.0,0.0,0.0,2021,4,annual,0.0,0.0,country,0.0,0.0,0.0,0.0,0.0,0.0,0.0,0.0,0.0,0.0,0.0,,0.0,,0.0,0.0,False,,0.19539375928677563,0.0,limited
621,Commitments,St. Kitts and Nevis,IDA,LATIN AMERICA AND CARIBBEAN,FY22,0.0,0.0,0.0,0.0,0.0,2022,4,annual,0.0,0.0,country,0.0,0.0,0.0,0.0,0.0,0.0,0.0,0.0,0.0,0.0,0.0,,0.0,,0.0,0.0,False,,0.19539375928677563,0.0,limited
374,Commitments,St. Kitts and Nevis,IDA,LATIN AMERICA AND CARIBBEAN,FY23,0.0,0.0,0.0,0.0,0.0,2023,4,annual,0.0,0.0,country,0.0,0.0,0.0,0.0,0.0,0.0,0.0,0.0,0.0,0.0,0.0,,0.0,,0.0,0.0,False,,0.19539375928677563,0.0,limited
2727,Commitments,St. Kitts and Nevis,IDA,LATIN AMERICA AND CARIBBEAN,FY24,0.0,0.0,0.0,0.0,0.0,2024,4,annual,0.0,0.0,country,0.0,0.0,0.0,0.0,0.0,0.0,0.0,0.0,0.0,0.0,0.0,,0.0,,0.0,0.0,False,,0.19539375928677563,0.0,limited
1528,Commitments,St. Kitts and Nevis,IDA,LATIN AMERICA AND CARIBBEAN,FY25,0.0,0.0,0.0,0.0,0.0,2025,4,annual,0.0,0.0,country,0.0,0.0,0.0,0.0,0.0,0.0,0.0,0.0,0.0,0.0,0.0,,0.0,,0.0,0.0,False,,0.19539375928677563,0.0,limited
308,Commitments,St. Kitts and Nevis,IDA,LATIN AMERICA AND CARIBBEAN,2025-Q3,0.0,0.0,0.0,0.0,0.0,2025,3,quarterly,0.0,0.0,country,0.0,0.0,0.0,0.0,0.0,0.0,0.0,0.0,0.0,,,,,,0.0,0.0,False,,0.326271186440678,0.0,limited
115,Commitments,St. Kitts and Nevis,IDA,LATIN AMERICA AND CARIBBEAN,2026-Q3,0.0,0.0,0.0,0.0,0.0,2026,3,quarterly,0.0,0.0,country,0.0,0.0,0.0,0.0,0.0,0.0,0.0,0.0,0.0,0.0,0.0,,0.0,,0.0,0.0,False,,0.326271186440678,0.0,limited
2269,Gross Disbursements,St. Kitts and Nevis,IDA,LATIN AMERICA AND CARIBBEAN,FY16,0.0,0.0,0.0,0.0,0.0,2016,4,annual,0.0,0.0,country,0.0,0.0,0.0,0.0,0.0,0.0,0.0,0.0,0.0,,,,,,,0.0,False,,0.1094003241491086,0.0,limited
998,Gross Disbursements,St. Kitts and Nevis,IDA,LATIN AMERICA AND CARIBBEAN,FY17,0.0,0.0,0.0,0.0,0.0,2017,4,annual,0.0,0.0,country,0.0,0.0,0.0,0.0,0.0,0.0,0.0,0.0,0.0,0.0,0.0,,0.0,,,0.0,False,,0.1094003241491086,0.0,limited
3269,Gross Disbursements,St. Kitts and Nevis,IDA,LATIN AMERICA AND CARIBBEAN,FY19,0.0,0.0,0.0,0.0,0.0,2019,4,annual,0.0,0.0,country,0.0,0.0,0.0,0.0,0.0,0.0,0.0,0.0,0.0,0.0,0.0,,0.0,,0.0,0.0,False,,0.1094003241491086,0.0,limited
2145,Gross Disbursements,St. Kitts and Nevis,IDA,LATIN AMERICA AND CARIBBEAN,FY20,0.0,0.0,0.0,0.0,0.0,2020,4,annual,0.0,0.0,country,0.0,0.0,0.0,0.0,0.0,0.0,0.0,0.0,0.0,0.0,0.0,,0.0,,0.0,0.0,False,,0.1094003241491086,0.0,limited
1859,Gross Disbursements,St. Kitts and Nevis,IDA,LATIN AMERICA AND CARIBBEAN,FY21,0.0,0.0,0.0,0.0,0.0,2021,4,annual,0.0,0.0,country,0.0,0.0,0.0,0.0,0.0,0.0,0.0,0.0,0.0,0.0,0.0,,0.0,,0.0,0.0,False,,0.1094003241491086,0.0,limited
494,Gross Disbursements,St. Kitts and Nevis,IDA,LATIN AMERICA AND CARIBBEAN,FY22,0.0,0.0,0.0,0.0,0.0,2022,4,annual,0.0,0.0,country,0.0,0.0,0.0,0.0,0.0,0.0,0.0,0.0,0.0,0.0,0.0,,0.0,,0.0,0.0,False,,0.1094003241491086,0.0,limited
2879,Gross Disbursements,St. Kitts and Nevis,IDA,LATIN AMERICA AND CARIBBEAN,FY23,0.0,0.0,0.0,0.0,0.0,2023,4,annual,0.0,0.0,country,0.0,0.0,0.0,0.0,0.0,0.0,0.0,0.0,0.0,0.0,0.0,,0.0,,0.0,0.0,False,,0.1094003241491086,0.0,limited
1801,Gross Disbursements,St. Kitts and Nevis,IDA,LATIN AMERICA AND CARIBBEAN,FY24,0.0,0.0,0.0,0.0,0.0,2024,4,annual,0.0,0.0,country,0.0,0.0,0.0,0.0,0.0,0.0,0.0,0.0,0.0,0.0,0.0,,0.0,,0.0,0.0,False,,0.1094003241491086,0.0,limited
1681,Gross Disbursements,St. Kitts and Nevis,IDA,LATIN AMERICA AND CARIBBEAN,FY25,0.0,0.0,0.0,0.0,0.0,2025,4,annual,0.0,0.0,country,0.0,0.0,0.0,0.0,0.0,0.0,0.0,0.0,0.0,0.0,0.0,,0.0,,0.0,0.0,False,,0.1094003241491086,0.0,limited
1366,Gross Disbursements,St. Kitts and Nevis,IDA,LATIN AMERICA AND CARIBBEAN,2025-Q3,0.0,0.0,0.0,0.0,0.0,2025,3,quarterly,0.0,0.0,country,0.0,0.0,0.0,0.0,0.0,0.0,0.0,0.0,0.0,,,,,,0.0,0.0,False,,0.15848214285714285,0.0,limited
1243,Gross Disbursements,St. Kitts and Nevis,IDA,LATIN AMERICA AND CARIBBEAN,2026-Q3,0.0,0.0,0.0,0.0,0.0,2026,3,quarterly,0.0,0.0,country,0.0,0.0,0.0,0.0,0.0,0.0,0.0,0.0,0.0,0.0,0.0,,0.0,,0.0,0.0,False,,0.15848214285714285,0.0,limited
2523,Commitments,St. Lucia,IDA,LATIN AMERICA AND CARIBBEAN,FY14,0.0,41.0,0.0,0.0,41.0,2014,4,annual,41.0,0.0,country,0.0,0.0,1.0,3.7376696182833684,0.0,0.0,0.0,0.0,3.7376696182833684,,,,,,41.0,10.0,True,0.24390243902439024,0.513001485884101,41.0,moderate
2353,Commitments,St. Lucia,IDA,LATIN AMERICA AND CARIBBEAN,FY15,0.0,0.0,0.0,0.0,0.0,2015,4,annual,0.0,0.0,country,0.0,0.0,0.0,0.0,0.0,0.0,0.0,0.0,0.0,41.0,-41.0,-1.0,41.0,-1.0,0.0,4.0,False,,0.19539375928677563,0.0,limited
883,Commitments,St. Lucia,IDA,LATIN AMERICA AND CARIBBEAN,FY17,0.0,17.0,0.0,0.0,17.0,2017,4,annual,17.0,0.0,country,0.0,0.0,1.0,2.8903717578961645,0.0,0.0,0.0,0.0,2.8903717578961645,0.0,17.0,,0.0,,17.0,4.0,True,0.23529411764705882,0.4335066864784547,17.0,moderate
3341,Commitments,St. Lucia,IDA,LATIN AMERICA AND CARIBBEAN,FY18,0.0,0.0,0.0,0.0,0.0,2018,4,annual,0.0,0.0,country,0.0,0.0,0.0,0.0,0.0,0.0,0.0,0.0,0.0,17.0,-17.0,-1.0,17.0,-1.0,0.0,6.0,False,,0.19539375928677563,0.0,limited
3081,Commitments,St. Lucia,IDA,LATIN AMERICA AND CARIBBEAN,FY19,0.0,22.0,0.0,0.0,22.0,2019,4,annual,22.0,0.0,country,0.0,0.0,1.0,3.1354942159291497,0.0,0.0,0.0,0.0,3.1354942159291497,0.0,22.0,,0.0,,22.0,3.0,True,0.13636363636363635,0.45579494799405645,22.0,moderate
2216,Commitments,St. Lucia,IDA,LATIN AMERICA AND CARIBBEAN,FY20,0.0,100.0,0.0,0.0,100.0,2020,4,annual,100.0,0.0,country,0.0,0.0,1.0,4.61512051684126,0.0,0.0,0.0,0.0,4.61512051684126,22.0,78.0,3.5454545454545454,22.0,3.5454545454545454,100.0,12.0,True,0.12,0.6404160475482912,100.0,moderate
1987,Commitments,St. Lucia,IDA,LATIN AMERICA AND CARIBBEAN,FY21,30.0,0.0,0.0,0.0,30.0,2021,4,annual,30.0,0.0,country,1.0,3.4339872044851463,0.0,0.0,0.0,0.0,0.0,0.0,3.4339872044851463,100.0,-70.0,-0.7,100.0,-0.7,30.0,43.0,True,1.4333333333333333,0.48068350668647847,30.0,moderate
622,Commitments,St. Lucia,IDA,LATIN AMERICA AND CARIBBEAN,FY22,0.0,30.0,0.0,0.0,30.0,2022,4,annual,30.0,0.0,country,0.0,0.0,1.0,3.4339872044851463,0.0,0.0,0.0,0.0,3.4339872044851463,30.0,0.0,0.0,30.0,0.0,30.0,16.0,True,0.5333333333333333,0.48068350668647847,30.0,moderate
375,Commitments,St. Lucia,IDA,LATIN AMERICA AND CARIBBEAN,FY23,0.0,0.0,0.0,0.0,0.0,2023,4,annual,0.0,0.0,country,0.0,0.0,0.0,0.0,0.0,0.0,0.0,0.0,0.0,30.0,-30.0,-1.0,30.0,-1.0,0.0,18.0,False,,0.19539375928677563,0.0,limited
2728,Commitments,St. Lucia,IDA,LATIN AMERICA AND CARIBBEAN,FY24,40.0,25.0,0.0,0.0,65.0,2024,4,annual,65.0,0.0,country,0.6153846153846154,3.713572066704308,0.38461538461538464,3.258096538021482,0.0,0.0,0.0,0.0,4.189654742026425,0.0,65.0,,0.0,,65.0,64.0,True,0.9846153846153847,0.5646359583952452,65.0,moderate
1529,Commitments,St. Lucia,IDA,LATIN AMERICA AND CARIBBEAN,FY25,20.0,73.0,0.0,0.0,93.0,2025,4,annual,93.0,0.0,country,0.21505376344086022,3.044522437723423,0.7849462365591398,4.30406509320417,0.0,0.0,0.0,0.0,4.543294782270004,65.0,28.0,0.4307692307692308,65.0,0.4307692307692308,93.0,20.0,True,0.21505376344086022,0.6229569093610698,93.0,moderate
309,Commitments,St. Lucia,IDA,LATIN AMERICA AND CARIBBEAN,2025-Q3,0.0,30.0,0.0,0.0,30.0,2025,3,quarterly,30.0,0.0,country,0.0,0.0,1.0,3.4339872044851463,0.0,0.0,0.0,0.0,3.4339872044851463,,,,,,30.0,19.0,True,0.6333333333333333,0.6878531073446328,30.0,moderate
116,Commitments,St. Lucia,IDA,LATIN AMERICA AND CARIBBEAN,2026-Q3,0.0,50.0,0.0,0.0,50.0,2026,3,quarterly,50.0,0.0,country,0.0,0.0,1.0,3.9318256327243257,0.0,0.0,0.0,0.0,3.9318256327243257,30.0,20.0,0.6666666666666666,30.0,0.6666666666666666,50.0,13.0,True,0.26,0.730225988700565,50.0,moderate
2610,Gross Disbursements,St. Lucia,IDA,LATIN AMERICA AND CARIBBEAN,FY14,0.0,10.0,0.0,0.0,10.0,2014,4,annual,10.0,0.0,country,0.0,0.0,1.0,2.3978952727983707,0.0,0.0,0.0,0.0,2.3978952727983707,,,,,,41.0,10.0,True,0.24390243902439024,0.3286061588330632,10.0,limited
2442,Gross Disbursements,St. Lucia,IDA,LATIN AMERICA AND CARIBBEAN,FY15,0.0,4.0,0.0,0.0,4.0,2015,4,annual,4.0,0.0,country,0.0,0.0,1.0,1.6094379124341003,0.0,0.0,0.0,0.0,1.6094379124341003,10.0,-6.0,-0.6,10.0,-0.6,0.0,4.0,False,,0.25810372771474877,4.0,limited
2270,Gross Disbursements,St. Lucia,IDA,LATIN AMERICA AND CARIBBEAN,FY16,0.0,4.0,0.0,0.0,4.0,2016,4,annual,4.0,0.0,country,0.0,0.0,1.0,1.6094379124341003,0.0,0.0,0.0,0.0,1.6094379124341003,4.0,0.0,0.0,4.0,0.0,,4.0,False,,0.25810372771474877,4.0,limited
965,Gross Disbursements,St. Lucia,IDA,LATIN AMERICA AND CARIBBEAN,FY17,0.0,4.0,0.0,0.0,4.0,2017,4,annual,4.0,0.0,country,0.0,0.0,1.0,1.6094379124341003,0.0,0.0,0.0,0.0,1.6094379124341003,4.0,0.0,0.0,4.0,0.0,17.0,4.0,True,0.23529411764705882,0.25810372771474877,4.0,limited
799,Gross Disbursements,St. Lucia,IDA,LATIN AMERICA AND CARIBBEAN,FY18,0.0,6.0,0.0,0.0,6.0,2018,4,annual,6.0,0.0,country,0.0,0.0,1.0,1.9459101490553132,0.0,0.0,0.0,0.0,1.9459101490553132,4.0,2.0,0.5,4.0,0.5,0.0,6.0,False,,0.2807941653160454,6.0,limited
3234,Gross Disbursements,St. Lucia,IDA,LATIN AMERICA AND CARIBBEAN,FY19,0.0,3.0,0.0,0.0,3.0,2019,4,annual,3.0,0.0,country,0.0,0.0,1.0,1.3862943611198906,0.0,0.0,0.0,0.0,1.3862943611198906,6.0,-3.0,-0.5,6.0,-0.5,22.0,3.0,True,0.13636363636363635,0.24513776337115073,3.0,limited
2093,Gross Disbursements,St. Lucia,IDA,LATIN AMERICA AND CARIBBEAN,FY20,0.0,12.0,0.0,0.0,12.0,2020,4,annual,12.0,0.0,country,0.0,0.0,1.0,2.5649493574615367,0.0,0.0,0.0,0.0,2.5649493574615367,3.0,9.0,3.0,3.0,3.0,100.0,12.0,True,0.12,0.34562398703403563,12.0,moderate
1860,Gross Disbursements,St. Lucia,IDA,LATIN AMERICA AND CARIBBEAN,FY21,30.0,13.0,0.0,0.0,43.0,2021,4,annual,43.0,0.0,country,0.6976744186046512,3.4339872044851463,0.3023255813953488,2.6390573296152584,0.0,0.0,0.0,0.0,3.784189633918261,12.0,31.0,2.5833333333333335,12.0,2.5833333333333335,30.0,43.0,True,1.4333333333333333,0.5145867098865479,43.0,moderate
495,Gross Disbursements,St. Lucia,IDA,LATIN AMERICA AND CARIBBEAN,FY22,0.0,16.0,0.0,0.0,16.0,2022,4,annual,16.0,0.0,country,0.0,0.0,1.0,2.833213344056216,0.0,0.0,0.0,0.0,2.833213344056216,43.0,-27.0,-0.627906976744186,43.0,-0.627906976744186,30.0,16.0,True,0.5333333333333333,0.37682333873581847,16.0,moderate
2880,Gross Disbursements,St. Lucia,IDA,LATIN AMERICA AND CARIBBEAN,FY23,0.0,18.0,0.0,0.0,18.0,2023,4,annual,18.0,0.0,country,0.0,0.0,1.0,2.9444389791664403,0.0,0.0,0.0,0.0,2.9444389791664403,16.0,2.0,0.125,16.0,0.125,0.0,18.0,False,,0.3942463533225284,18.0,moderate
1802,Gross Disbursements,St. Lucia,IDA,LATIN AMERICA AND CARIBBEAN,FY24,40.0,24.0,0.0,0.0,64.0,2024,4,annual,64.0,0.0,country,0.625,3.713572066704308,0.375,3.2188758248682006,0.0,0.0,0.0,0.0,4.174387269895637,18.0,46.0,2.5555555555555554,18.0,2.5555555555555554,65.0,64.0,True,0.9846153846153847,0.5871150729335495,64.0,moderate
1682,Gross Disbursements,St. Lucia,IDA,LATIN AMERICA AND CARIBBEAN,FY25,0.0,20.0,0.0,0.0,20.0,2025,4,annual,20.0,0.0,country,0.0,0.0,1.0,3.044522437723423,0.0,0.0,0.0,0.0,3.044522437723423,64.0,-44.0,-0.6875,64.0,-0.6875,93.0,20.0,True,0.21505376344086022,0.406807131280389,20.0,moderate
1367,Gross Disbursements,St. Lucia,IDA,LATIN AMERICA AND CARIBBEAN,2025-Q3,0.0,19.0,0.0,0.0,19.0,2025,3,quarterly,19.0,0.0,country,0.0,0.0,1.0,2.995732273553991,0.0,0.0,0.0,0.0,2.995732273553991,,,,,,30.0,19.0,True,0.6333333333333333,0.41964285714285715,19.0,moderate
1244,Gross Disbursements,St. Lucia,IDA,LATIN AMERICA AND CARIBBEAN,2026-Q3,0.0,13.0,0.0,0.0,13.0,2026,3,quarterly,13.0,0.0,country,0.0,0.0,1.0,2.6390573296152584,0.0,0.0,0.0,0.0,2.6390573296152584,19.0,-6.0,-0.3157894736842105,19.0,-0.3157894736842105,50.0,13.0,True,0.26,0.375,13.0,moderate
2524,Commitments,St. Vincent and the Grenadines,IDA,LATIN AMERICA AND CARIBBEAN,FY14,0.0,36.0,0.0,0.0,36.0,2014,4,annual,36.0,0.0,country,0.0,0.0,1.0,3.6109179126442243,0.0,0.0,0.0,0.0,3.6109179126442243,,,,,,36.0,4.0,True,0.1111111111111111,0.5018573551263001,36.0,moderate
2354,Commitments,St. Vincent and the Grenadines,IDA,LATIN AMERICA AND CARIBBEAN,FY15,0.0,0.0,0.0,0.0,0.0,2015,4,annual,0.0,0.0,country,0.0,0.0,0.0,0.0,0.0,0.0,0.0,0.0,0.0,36.0,-36.0,-1.0,36.0,-1.0,0.0,3.0,False,,0.19539375928677563,0.0,limited
884,Commitments,St. Vincent and the Grenadines,IDA,LATIN AMERICA AND CARIBBEAN,FY17,0.0,20.0,0.0,0.0,20.0,2017,4,annual,20.0,0.0,country,0.0,0.0,1.0,3.044522437723423,0.0,0.0,0.0,0.0,3.044522437723423,0.0,20.0,,0.0,,20.0,1.0,True,0.05,0.44762258543833583,20.0,moderate
3335,Commitments,St. Vincent and the Grenadines,IDA,LATIN AMERICA AND CARIBBEAN,FY18,0.0,0.0,0.0,0.0,0.0,2018,4,annual,0.0,0.0,country,0.0,0.0,0.0,0.0,0.0,0.0,0.0,0.0,0.0,20.0,-20.0,-1.0,20.0,-1.0,0.0,1.0,False,,0.19539375928677563,0.0,limited
3086,Commitments,St. Vincent and the Grenadines,IDA,LATIN AMERICA AND CARIBBEAN,FY19,30.0,2.0,0.0,0.0,32.0,2019,4,annual,32.0,0.0,country,0.9375,3.4339872044851463,0.0625,1.0986122886681098,0.0,0.0,0.0,0.0,3.4965075614664802,0.0,32.0,,0.0,,32.0,3.0,True,0.09375,0.48811292719167904,32.0,moderate
2206,Commitments,St. Vincent and the Grenadines,IDA,LATIN AMERICA AND CARIBBEAN,FY20,40.0,45.0,0.0,0.0,85.0,2020,4,annual,85.0,0.0,country,0.47058823529411764,3.713572066704308,0.5294117647058824,3.828641396489095,0.0,0.0,0.0,0.0,4.454347296253507,32.0,53.0,1.65625,32.0,1.65625,85.0,57.0,True,0.6705882352941176,0.6095839524517088,85.0,moderate
1988,Commitments,St. Vincent and the Grenadines,IDA,LATIN AMERICA AND CARIBBEAN,FY21,50.0,0.0,0.0,0.0,50.0,2021,4,annual,50.0,0.0,country,1.0,3.9318256327243257,0.0,0.0,0.0,0.0,0.0,0.0,3.9318256327243257,85.0,-35.0,-0.4117647058823529,85.0,-0.4117647058823529,50.0,57.0,True,1.14,0.5300891530460624,50.0,moderate
623,Commitments,St. Vincent and the Grenadines,IDA,LATIN AMERICA AND CARIBBEAN,FY22,0.0,61.0,0.0,0.0,61.0,2022,4,annual,61.0,0.0,country,0.0,0.0,1.0,4.127134385045092,0.0,0.0,0.0,0.0,4.127134385045092,50.0,11.0,0.22,50.0,0.22,61.0,62.0,True,1.0163934426229508,0.5534918276374443,61.0,moderate
376,Commitments,St. Vincent and the Grenadines,IDA,LATIN AMERICA AND CARIBBEAN,FY23,0.0,51.0,0.0,0.0,51.0,2023,4,annual,51.0,0.0,country,0.0,0.0,1.0,3.9512437185814275,0.0,0.0,0.0,0.0,3.9512437185814275,61.0,-10.0,-0.16393442622950818,61.0,-0.16393442622950818,51.0,17.0,True,0.3333333333333333,0.5364041604754829,51.0,moderate
2729,Commitments,St. Vincent and the Grenadines,IDA,LATIN AMERICA AND CARIBBEAN,FY24,0.0,10.0,0.0,0.0,10.0,2024,4,annual,10.0,0.0,country,0.0,0.0,1.0,2.3978952727983707,0.0,0.0,0.0,0.0,2.3978952727983707,51.0,-41.0,-0.803921568627451,51.0,-0.803921568627451,10.0,18.0,True,1.8,0.4138187221396731,10.0,limited
1530,Commitments,St. Vincent and the Grenadines,IDA,LATIN AMERICA AND CARIBBEAN,FY25,20.0,95.0,0.0,0.0,115.0,2025,4,annual,115.0,0.0,country,0.17391304347826086,3.044522437723423,0.8260869565217391,4.564348191467836,0.0,0.0,0.0,0.0,4.7535901911063645,10.0,105.0,10.5,10.0,10.5,115.0,37.0,True,0.3217391304347826,0.6593610698365527,115.0,significant
310,Commitments,St. Vincent and the Grenadines,IDA,LATIN AMERICA AND CARIBBEAN,2025-Q3,0.0,63.0,0.0,0.0,63.0,2025,3,quarterly,63.0,0.0,country,0.0,0.0,1.0,4.1588830833596715,0.0,0.0,0.0,0.0,4.1588830833596715,,,,,,63.0,29.0,True,0.4603174603174603,0.75,63.0,moderate
117,Commitments,St. Vincent and the Grenadines,IDA,LATIN AMERICA AND CARIBBEAN,2026-Q3,0.0,0.0,0.0,0.0,0.0,2026,3,quarterly,0.0,0.0,country,0.0,0.0,0.0,0.0,0.0,0.0,0.0,0.0,0.0,63.0,-63.0,-1.0,63.0,-1.0,0.0,16.74,False,,0.326271186440678,0.0,limited
2611,Gross Disbursements,St. Vincent and the Grenadines,IDA,LATIN AMERICA AND CARIBBEAN,FY14,0.0,4.0,0.0,0.0,4.0,2014,4,annual,4.0,0.0,country,0.0,0.0,1.0,1.6094379124341003,0.0,0.0,0.0,0.0,1.6094379124341003,,,,,,36.0,4.0,True,0.1111111111111111,0.25810372771474877,4.0,limited
2443,Gross Disbursements,St. Vincent and the Grenadines,IDA,LATIN AMERICA AND CARIBBEAN,FY15,0.0,3.0,0.0,0.0,3.0,2015,4,annual,3.0,0.0,country,0.0,0.0,1.0,1.3862943611198906,0.0,0.0,0.0,0.0,1.3862943611198906,4.0,-1.0,-0.25,4.0,-0.25,0.0,3.0,False,,0.24513776337115073,3.0,limited
2271,Gross Disbursements,St. Vincent and the Grenadines,IDA,LATIN AMERICA AND CARIBBEAN,FY16,0.0,2.0,0.0,0.0,2.0,2016,4,annual,2.0,0.0,country,0.0,0.0,1.0,1.0986122886681098,0.0,0.0,0.0,0.0,1.0986122886681098,3.0,-1.0,-0.3333333333333333,3.0,-0.3333333333333333,,2.0,False,,0.233387358184765,2.0,limited
975,Gross Disbursements,St. Vincent and the Grenadines,IDA,LATIN AMERICA AND CARIBBEAN,FY17,0.0,1.0,0.0,0.0,1.0,2017,4,annual,1.0,0.0,country,0.0,0.0,1.0,0.6931471805599453,0.0,0.0,0.0,0.0,0.6931471805599453,2.0,-1.0,-0.5,2.0,-0.5,20.0,1.0,True,0.05,0.21920583468395463,1.0,limited
796,Gross Disbursements,St. Vincent and the Grenadines,IDA,LATIN AMERICA AND CARIBBEAN,FY18,0.0,1.0,0.0,0.0,1.0,2018,4,annual,1.0,0.0,country,0.0,0.0,1.0,0.6931471805599453,0.0,0.0,0.0,0.0,0.6931471805599453,1.0,0.0,0.0,1.0,0.0,0.0,1.0,False,,0.21920583468395463,1.0,limited
3208,Gross Disbursements,St. Vincent and the Grenadines,IDA,LATIN AMERICA AND CARIBBEAN,FY19,0.0,3.0,0.0,0.0,3.0,2019,4,annual,3.0,0.0,country,0.0,0.0,1.0,1.3862943611198906,0.0,0.0,0.0,0.0,1.3862943611198906,1.0,2.0,2.0,1.0,2.0,32.0,3.0,True,0.09375,0.24513776337115073,3.0,limited
2086,Gross Disbursements,St. Vincent and the Grenadines,IDA,LATIN AMERICA AND CARIBBEAN,FY20,30.0,27.0,0.0,0.0,57.0,2020,4,annual,57.0,0.0,country,0.5263157894736842,3.4339872044851463,0.47368421052631576,3.332204510175204,0.0,0.0,0.0,0.0,4.060443010546419,3.0,54.0,18.0,3.0,18.0,85.0,57.0,True,0.6705882352941176,0.5648298217179902,57.0,moderate
1861,Gross Disbursements,St. Vincent and the Grenadines,IDA,LATIN AMERICA AND CARIBBEAN,FY21,40.0,17.0,0.0,0.0,57.0,2021,4,annual,57.0,0.0,country,0.7017543859649122,3.713572066704308,0.2982456140350877,2.8903717578961645,0.0,0.0,0.0,0.0,4.060443010546419,57.0,0.0,0.0,57.0,0.0,50.0,57.0,True,1.14,0.5648298217179902,57.0,moderate
496,Gross Disbursements,St. Vincent and the Grenadines,IDA,LATIN AMERICA AND CARIBBEAN,FY22,50.0,12.0,0.0,0.0,62.0,2022,4,annual,62.0,0.0,country,0.8064516129032258,3.9318256327243257,0.1935483870967742,2.5649493574615367,0.0,0.0,0.0,0.0,4.143134726391533,57.0,5.0,0.08771929824561403,57.0,0.08771929824561403,61.0,62.0,True,1.0163934426229508,0.5826580226904376,62.0,moderate
2881,Gross Disbursements,St. Vincent and the Grenadines,IDA,LATIN AMERICA AND CARIBBEAN,FY23,0.0,17.0,0.0,0.0,17.0,2023,4,annual,17.0,0.0,country,0.0,0.0,1.0,2.8903717578961645,0.0,0.0,0.0,0.0,2.8903717578961645,62.0,-45.0,-0.7258064516129032,62.0,-0.7258064516129032,51.0,17.0,True,0.3333333333333333,0.38492706645056723,17.0,moderate
1803,Gross Disbursements,St. Vincent and the Grenadines,IDA,LATIN AMERICA AND CARIBBEAN,FY24,0.0,18.0,0.0,0.0,18.0,2024,4,annual,18.0,0.0,country,0.0,0.0,1.0,2.9444389791664403,0.0,0.0,0.0,0.0,2.9444389791664403,17.0,1.0,0.058823529411764705,17.0,0.058823529411764705,10.0,18.0,True,1.8,0.3942463533225284,18.0,moderate
1683,Gross Disbursements,St. Vincent and the Grenadines,IDA,LATIN AMERICA AND CARIBBEAN,FY25,0.0,37.0,0.0,0.0,37.0,2025,4,annual,37.0,0.0,country,0.0,0.0,1.0,3.6375861597263857,0.0,0.0,0.0,0.0,3.6375861597263857,18.0,19.0,1.0555555555555556,18.0,1.0555555555555556,115.0,37.0,True,0.3217391304347826,0.4914910858995138,37.0,moderate
1369,Gross Disbursements,St. Vincent and the Grenadines,IDA,LATIN AMERICA AND CARIBBEAN,2025-Q3,0.0,29.0,0.0,0.0,29.0,2025,3,quarterly,29.0,0.0,country,0.0,0.0,1.0,3.4011973816621555,0.0,0.0,0.0,0.0,3.4011973816621555,,,,,,63.0,29.0,True,0.4603174603174603,0.4575892857142857,29.0,moderate
1246,Gross Disbursements,St. Vincent and the Grenadines,IDA,LATIN AMERICA AND CARIBBEAN,2026-Q3,0.0,16.74,0.0,0.0,16.74,2026,3,quarterly,16.74,0.0,country,0.0,0.0,1.0,2.8758219768814333,0.0,0.0,0.0,0.0,2.8758219768814333,29.0,-12.260000000000002,-0.42275862068965525,29.0,-0.42275862068965525,0.0,16.74,False,,0.40625,16.74,moderate
3355,Commitments,Sudan,IDA,AFRICA,FY18,0.0,0.0,0.0,0.0,0.0,2018,4,annual,0.0,0.0,country,0.0,0.0,0.0,0.0,0.0,0.0,0.0,0.0,0.0,,,,,,0.0,,False,,0.19539375928677563,0.0,limited
3122,Commitments,Sudan,IDA,AFRICA,FY19,0.0,0.0,0.0,0.0,0.0,2019,4,annual,0.0,0.0,country,0.0,0.0,0.0,0.0,0.0,0.0,0.0,0.0,0.0,0.0,0.0,,0.0,,0.0,0.0,False,,0.19539375928677563,0.0,limited
2155,Commitments,Sudan,IDA,AFRICA EAST,FY20,0.0,0.0,0.0,0.0,0.0,2020,4,annual,0.0,0.0,country,0.0,0.0,0.0,0.0,0.0,0.0,0.0,0.0,0.0,0.0,0.0,,0.0,,0.0,0.0,False,,0.19539375928677563,0.0,limited
1948,Commitments,Sudan,IDA,EASTERN AND SOUTHERN AFRICA,FY21,1375.0,510.0,0.0,0.0,1885.0,2021,4,annual,1885.0,0.0,country,0.7294429708222812,7.226936018493289,0.27055702917771884,6.236369590203704,0.0,0.0,0.0,0.0,7.542213463193403,0.0,1885.0,,0.0,,1885.0,1410.0,True,0.7480106100795756,0.975482912332838,1885.0,major
583,Commitments,Sudan,IDA,EASTERN AND SOUTHERN AFRICA,FY22,0.0,0.0,0.0,0.0,0.0,2022,4,annual,0.0,0.0,country,0.0,0.0,0.0,0.0,0.0,0.0,0.0,0.0,0.0,1885.0,-1885.0,-1.0,1885.0,-1.0,0.0,10.0,False,,0.19539375928677563,0.0,limited
2969,Commitments,Sudan,IDA,EASTERN AND SOUTHERN AFRICA,FY23,0.0,0.0,0.0,0.0,0.0,2023,4,annual,0.0,0.0,country,0.0,0.0,0.0,0.0,0.0,0.0,0.0,0.0,0.0,0.0,0.0,,0.0,,0.0,0.0,False,,0.19539375928677563,0.0,limited
2652,Commitments,Sudan,IDA,EASTERN AND SOUTHERN AFRICA,FY24,0.0,0.0,0.0,0.0,0.0,2024,4,annual,0.0,0.0,country,0.0,0.0,0.0,0.0,0.0,0.0,0.0,0.0,0.0,0.0,0.0,,0.0,,0.0,-3.0,False,,0.19539375928677563,0.0,limited
1453,Commitments,Sudan,IDA,EASTERN AND SOUTHERN AFRICA,FY25,0.0,308.0,0.0,0.0,308.0,2025,4,annual,308.0,0.0,country,0.0,0.0,1.0,5.733341276897746,0.0,0.0,0.0,0.0,5.733341276897746,0.0,308.0,,0.0,,308.0,83.0,True,0.2694805194805195,0.7852897473997028,308.0,significant
233,Commitments,Sudan,IDA,EASTERN AND SOUTHERN AFRICA,2025-Q3,0.0,182.0,0.0,0.0,182.0,2025,3,quarterly,182.0,0.0,country,0.0,0.0,1.0,5.209486152841421,0.0,0.0,0.0,0.0,5.209486152841421,,,,,,182.0,27.0,True,0.14835164835164835,0.8615819209039548,182.0,significant
40,Commitments,Sudan,IDA,EASTERN AND SOUTHERN AFRICA,2026-Q3,-1.0,1.0,0.0,0.0,0.0,2026,3,quarterly,0.0,0.0,country,0.0,0.0,0.0,0.6931471805599453,0.0,0.0,0.0,0.0,0.0,182.0,-182.0,-1.0,182.0,-1.0,0.0,73.0,False,,0.326271186440678,0.0,limited
1117,Gross Disbursements,Sudan,IDA,AFRICA,FY16,0.0,0.0,0.0,0.0,0.0,2016,4,annual,0.0,0.0,country,0.0,0.0,0.0,0.0,0.0,0.0,0.0,0.0,0.0,,,,,,,0.0,False,,0.1094003241491086,0.0,limited
984,Gross Disbursements,Sudan,IDA,AFRICA,FY17,0.0,0.0,0.0,0.0,0.0,2017,4,annual,0.0,0.0,country,0.0,0.0,0.0,0.0,0.0,0.0,0.0,0.0,0.0,0.0,0.0,,0.0,,,0.0,False,,0.1094003241491086,0.0,limited
3256,Gross Disbursements,Sudan,IDA,AFRICA,FY19,0.0,0.0,0.0,0.0,0.0,2019,4,annual,0.0,0.0,country,0.0,0.0,0.0,0.0,0.0,0.0,0.0,0.0,0.0,0.0,0.0,,0.0,,0.0,0.0,False,,0.1094003241491086,0.0,limited
2037,Gross Disbursements,Sudan,IDA,AFRICA EAST,FY20,0.0,0.0,0.0,0.0,0.0,2020,4,annual,0.0,0.0,country,0.0,0.0,0.0,0.0,0.0,0.0,0.0,0.0,0.0,0.0,0.0,,0.0,,0.0,0.0,False,,0.1094003241491086,0.0,limited
708,Gross Disbursements,Sudan,IDA,EASTERN AND SOUTHERN AFRICA,FY21,1309.0,101.0,0.0,0.0,1410.0,2021,4,annual,1410.0,0.0,country,0.9283687943262411,7.177782416195197,0.07163120567375887,4.624972813284271,0.0,0.0,0.0,0.0,7.252053951852814,0.0,1410.0,,0.0,,1885.0,1410.0,True,0.7480106100795756,0.9756888168557536,1410.0,major
461,Gross Disbursements,Sudan,IDA,EASTERN AND SOUTHERN AFRICA,FY22,0.0,10.0,0.0,0.0,10.0,2022,4,annual,10.0,0.0,country,0.0,0.0,1.0,2.3978952727983707,0.0,0.0,0.0,0.0,2.3978952727983707,1410.0,-1400.0,-0.9929078014184397,1410.0,-0.9929078014184397,0.0,10.0,False,,0.3286061588330632,10.0,limited
2845,Gross Disbursements,Sudan,IDA,EASTERN AND SOUTHERN AFRICA,FY23,0.0,0.0,0.0,0.0,0.0,2023,4,annual,0.0,0.0,country,0.0,0.0,0.0,0.0,0.0,0.0,0.0,0.0,0.0,10.0,-10.0,-1.0,10.0,-1.0,0.0,0.0,False,,0.1094003241491086,0.0,limited
1767,Gross Disbursements,Sudan,IDA,EASTERN AND SOUTHERN AFRICA,FY24,0.0,-3.0,0.0,0.0,-3.0,2024,4,annual,-3.0,0.0,country,-0.0,0.0,1.0,0.0,-0.0,0.0,-0.0,0.0,0.0,0.0,-3.0,,0.0,,0.0,-3.0,False,,0.004051863857374392,3.0,limited
1647,Gross Disbursements,Sudan,IDA,EASTERN AND SOUTHERN AFRICA,FY25,0.0,83.0,0.0,0.0,83.0,2025,4,annual,83.0,0.0,country,0.0,0.0,1.0,4.430816798843313,0.0,0.0,0.0,0.0,4.430816798843313,-3.0,86.0,28.666666666666668,-3.0,28.666666666666668,308.0,83.0,True,0.2694805194805195,0.6296596434359806,83.0,moderate
1332,Gross Disbursements,Sudan,IDA,EASTERN AND SOUTHERN AFRICA,2025-Q3,0.0,27.0,0.0,0.0,27.0,2025,3,quarterly,27.0,0.0,country,0.0,0.0,1.0,3.332204510175204,0.0,0.0,0.0,0.0,3.332204510175204,,,,,,182.0,27.0,True,0.14835164835164835,0.44642857142857145,27.0,moderate
1209,Gross Disbursements,Sudan,IDA,EASTERN AND SOUTHERN AFRICA,2026-Q3,0.0,73.0,0.0,0.0,73.0,2026,3,quarterly,73.0,0.0,country,0.0,0.0,1.0,4.30406509320417,0.0,0.0,0.0,0.0,4.30406509320417,27.0,46.0,1.7037037037037037,27.0,1.7037037037037037,0.0,73.0,False,,0.5892857142857143,73.0,moderate
2730,Commitments,Suriname,IDA,LATIN AMERICA AND CARIBBEAN,FY24,0.0,0.0,0.0,0.0,0.0,2024,4,annual,0.0,0.0,country,0.0,0.0,0.0,0.0,0.0,0.0,0.0,0.0,0.0,,,,,,0.0,,False,,0.19539375928677563,0.0,limited
1531,Commitments,Suriname,IDA,LATIN AMERICA AND CARIBBEAN,FY25,0.0,22.0,0.0,0.0,22.0,2025,4,annual,22.0,0.0,country,0.0,0.0,1.0,3.1354942159291497,0.0,0.0,0.0,0.0,3.1354942159291497,0.0,22.0,,0.0,,22.0,,True,,0.45579494799405645,22.0,moderate
311,Commitments,Suriname,IDA,LATIN AMERICA AND CARIBBEAN,2025-Q3,0.0,22.0,0.0,0.0,22.0,2025,3,quarterly,22.0,0.0,country,0.0,0.0,1.0,3.1354942159291497,0.0,0.0,0.0,0.0,3.1354942159291497,,,,,,22.0,,True,,0.6610169491525424,22.0,moderate
118,Commitments,Suriname,IDA,LATIN AMERICA AND CARIBBEAN,2026-Q3,0.0,0.0,0.0,0.0,0.0,2026,3,quarterly,0.0,0.0,country,0.0,0.0,0.0,0.0,0.0,0.0,0.0,0.0,0.0,22.0,-22.0,-1.0,22.0,-1.0,0.0,,False,,0.326271186440678,0.0,limited
1118,Gross Disbursements,Swaziland,IDA,AFRICA,FY16,0.0,0.0,0.0,0.0,0.0,2016,4,annual,0.0,0.0,country,0.0,0.0,0.0,0.0,0.0,0.0,0.0,0.0,0.0,,,,,,,0.0,False,,0.1094003241491086,0.0,limited
985,Gross Disbursements,Swaziland,IDA,AFRICA,FY17,0.0,0.0,0.0,0.0,0.0,2017,4,annual,0.0,0.0,country,0.0,0.0,0.0,0.0,0.0,0.0,0.0,0.0,0.0,0.0,0.0,,0.0,,,0.0,False,,0.1094003241491086,0.0,limited
3395,Commitments,Syrian Arab Republic,IDA,MIDDLE EAST AND NORTH AFRICA,FY18,0.0,0.0,0.0,0.0,0.0,2018,4,annual,0.0,0.0,country,0.0,0.0,0.0,0.0,0.0,0.0,0.0,0.0,0.0,,,,,,0.0,,False,,0.19539375928677563,0.0,limited
3155,Commitments,Syrian Arab Republic,IDA,MIDDLE EAST AND NORTH AFRICA,FY19,0.0,0.0,0.0,0.0,0.0,2019,4,annual,0.0,0.0,country,0.0,0.0,0.0,0.0,0.0,0.0,0.0,0.0,0.0,0.0,0.0,,0.0,,0.0,0.0,False,,0.19539375928677563,0.0,limited
3027,Commitments,Syrian Arab Republic,IDA,MIDDLE EAST AND NORTH AFRICA,FY20,0.0,0.0,0.0,0.0,0.0,2020,4,annual,0.0,0.0,country,0.0,0.0,0.0,0.0,0.0,0.0,0.0,0.0,0.0,0.0,0.0,,0.0,,0.0,0.0,False,,0.19539375928677563,0.0,limited
1996,Commitments,Syrian Arab Republic,IDA,MIDDLE EAST AND NORTH AFRICA,FY21,0.0,0.0,0.0,0.0,0.0,2021,4,annual,0.0,0.0,country,0.0,0.0,0.0,0.0,0.0,0.0,0.0,0.0,0.0,0.0,0.0,,0.0,,0.0,0.0,False,,0.19539375928677563,0.0,limited
631,Commitments,Syrian Arab Republic,IDA,MIDDLE EAST AND NORTH AFRICA,FY22,0.0,0.0,0.0,0.0,0.0,2022,4,annual,0.0,0.0,country,0.0,0.0,0.0,0.0,0.0,0.0,0.0,0.0,0.0,0.0,0.0,,0.0,,0.0,0.0,False,,0.19539375928677563,0.0,limited
384,Commitments,Syrian Arab Republic,IDA,MIDDLE EAST AND NORTH AFRICA,FY23,0.0,0.0,0.0,0.0,0.0,2023,4,annual,0.0,0.0,country,0.0,0.0,0.0,0.0,0.0,0.0,0.0,0.0,0.0,0.0,0.0,,0.0,,0.0,0.0,False,,0.19539375928677563,0.0,limited
2744,Commitments,Syrian Arab Republic,IDA,MIDDLE EAST AND NORTH AFRICA,FY24,0.0,0.0,0.0,0.0,0.0,2024,4,annual,0.0,0.0,country,0.0,0.0,0.0,0.0,0.0,0.0,0.0,0.0,0.0,0.0,0.0,,0.0,,0.0,0.0,False,,0.19539375928677563,0.0,limited
1545,Commitments,Syrian Arab Republic,IDA,MIDDLE EAST AND NORTH AFRICA,FY25,0.0,145.0,0.0,0.0,145.0,2025,4,annual,145.0,0.0,country,0.0,0.0,1.0,4.983606621708336,0.0,0.0,0.0,0.0,4.983606621708336,0.0,145.0,,0.0,,145.0,0.0,True,0.0,0.6935364041604755,145.0,significant
325,Commitments,Syrian Arab Republic,IDA,"MIDDLE EAST, NORTH AFRICA, AFGHANISTAN, AND PAKISTAN",2025-Q3,0.0,0.0,0.0,0.0,0.0,2025,3,quarterly,0.0,0.0,country,0.0,0.0,0.0,0.0,0.0,0.0,0.0,0.0,0.0,,,,,,0.0,0.0,False,,0.326271186440678,0.0,limited
132,Commitments,Syrian Arab Republic,IDA,"MIDDLE EAST, NORTH AFRICA, AFGHANISTAN, AND PAKISTAN",2026-Q3,0.0,20.0,0.0,0.0,20.0,2026,3,quarterly,20.0,0.0,country,0.0,0.0,1.0,3.044522437723423,0.0,0.0,0.0,0.0,3.044522437723423,0.0,20.0,,0.0,,20.0,0.0,True,0.0,0.6567796610169492,20.0,moderate
2277,Gross Disbursements,Syrian Arab Republic,IDA,MIDDLE EAST AND NORTH AFRICA,FY16,0.0,0.0,0.0,0.0,0.0,2016,4,annual,0.0,0.0,country,0.0,0.0,0.0,0.0,0.0,0.0,0.0,0.0,0.0,,,,,,,0.0,False,,0.1094003241491086,0.0,limited
1002,Gross Disbursements,Syrian Arab Republic,IDA,MIDDLE EAST AND NORTH AFRICA,FY17,0.0,0.0,0.0,0.0,0.0,2017,4,annual,0.0,0.0,country,0.0,0.0,0.0,0.0,0.0,0.0,0.0,0.0,0.0,0.0,0.0,,0.0,,,0.0,False,,0.1094003241491086,0.0,limited
3273,Gross Disbursements,Syrian Arab Republic,IDA,MIDDLE EAST AND NORTH AFRICA,FY19,0.0,0.0,0.0,0.0,0.0,2019,4,annual,0.0,0.0,country,0.0,0.0,0.0,0.0,0.0,0.0,0.0,0.0,0.0,0.0,0.0,,0.0,,0.0,0.0,False,,0.1094003241491086,0.0,limited
2149,Gross Disbursements,Syrian Arab Republic,IDA,MIDDLE EAST AND NORTH AFRICA,FY20,0.0,0.0,0.0,0.0,0.0,2020,4,annual,0.0,0.0,country,0.0,0.0,0.0,0.0,0.0,0.0,0.0,0.0,0.0,0.0,0.0,,0.0,,0.0,0.0,False,,0.1094003241491086,0.0,limited
1868,Gross Disbursements,Syrian Arab Republic,IDA,MIDDLE EAST AND NORTH AFRICA,FY21,0.0,0.0,0.0,0.0,0.0,2021,4,annual,0.0,0.0,country,0.0,0.0,0.0,0.0,0.0,0.0,0.0,0.0,0.0,0.0,0.0,,0.0,,0.0,0.0,False,,0.1094003241491086,0.0,limited
503,Gross Disbursements,Syrian Arab Republic,IDA,MIDDLE EAST AND NORTH AFRICA,FY22,0.0,0.0,0.0,0.0,0.0,2022,4,annual,0.0,0.0,country,0.0,0.0,0.0,0.0,0.0,0.0,0.0,0.0,0.0,0.0,0.0,,0.0,,0.0,0.0,False,,0.1094003241491086,0.0,limited
2888,Gross Disbursements,Syrian Arab Republic,IDA,MIDDLE EAST AND NORTH AFRICA,FY23,0.0,0.0,0.0,0.0,0.0,2023,4,annual,0.0,0.0,country,0.0,0.0,0.0,0.0,0.0,0.0,0.0,0.0,0.0,0.0,0.0,,0.0,,0.0,0.0,False,,0.1094003241491086,0.0,limited
1810,Gross Disbursements,Syrian Arab Republic,IDA,MIDDLE EAST AND NORTH AFRICA,FY24,0.0,0.0,0.0,0.0,0.0,2024,4,annual,0.0,0.0,country,0.0,0.0,0.0,0.0,0.0,0.0,0.0,0.0,0.0,0.0,0.0,,0.0,,0.0,0.0,False,,0.1094003241491086,0.0,limited
1690,Gross Disbursements,Syrian Arab Republic,IDA,MIDDLE EAST AND NORTH AFRICA,FY25,0.0,0.0,0.0,0.0,0.0,2025,4,annual,0.0,0.0,country,0.0,0.0,0.0,0.0,0.0,0.0,0.0,0.0,0.0,0.0,0.0,,0.0,,145.0,0.0,True,0.0,0.1094003241491086,0.0,limited
1375,Gross Disbursements,Syrian Arab Republic,IDA,"MIDDLE EAST, NORTH AFRICA, AFGHANISTAN, AND PAKISTAN",2025-Q3,0.0,0.0,0.0,0.0,0.0,2025,3,quarterly,0.0,0.0,country,0.0,0.0,0.0,0.0,0.0,0.0,0.0,0.0,0.0,,,,,,0.0,0.0,False,,0.15848214285714285,0.0,limited
1252,Gross Disbursements,Syrian Arab Republic,IDA,"MIDDLE EAST, NORTH AFRICA, AFGHANISTAN, AND PAKISTAN",2026-Q3,0.0,0.0,0.0,0.0,0.0,2026,3,quarterly,0.0,0.0,country,0.0,0.0,0.0,0.0,0.0,0.0,0.0,0.0,0.0,0.0,0.0,,0.0,,20.0,0.0,True,0.0,0.15848214285714285,0.0,limited
3365,Commitments,"Taiwan, China",IDA,EAST ASIA AND PACIFIC,FY18,0.0,0.0,0.0,0.0,0.0,2018,4,annual,0.0,0.0,country,0.0,0.0,0.0,0.0,0.0,0.0,0.0,0.0,0.0,,,,,,0.0,,False,,0.19539375928677563,0.0,limited
3128,Commitments,"Taiwan, China",IDA,EAST ASIA AND PACIFIC,FY19,0.0,0.0,0.0,0.0,0.0,2019,4,annual,0.0,0.0,country,0.0,0.0,0.0,0.0,0.0,0.0,0.0,0.0,0.0,0.0,0.0,,0.0,,0.0,,False,,0.19539375928677563,0.0,limited
2242,Commitments,"Taiwan, China",IDA,EAST ASIA AND PACIFIC,FY20,0.0,0.0,0.0,0.0,0.0,2020,4,annual,0.0,0.0,country,0.0,0.0,0.0,0.0,0.0,0.0,0.0,0.0,0.0,0.0,0.0,,0.0,,0.0,,False,,0.19539375928677563,0.0,limited
1922,Commitments,"Taiwan, China",IDA,EAST ASIA AND PACIFIC,FY21,0.0,0.0,0.0,0.0,0.0,2021,4,annual,0.0,0.0,country,0.0,0.0,0.0,0.0,0.0,0.0,0.0,0.0,0.0,0.0,0.0,,0.0,,0.0,,False,,0.19539375928677563,0.0,limited
557,Commitments,"Taiwan, China",IDA,EAST ASIA AND PACIFIC,FY22,0.0,0.0,0.0,0.0,0.0,2022,4,annual,0.0,0.0,country,0.0,0.0,0.0,0.0,0.0,0.0,0.0,0.0,0.0,0.0,0.0,,0.0,,0.0,,False,,0.19539375928677563,0.0,limited
2943,Commitments,"Taiwan, China",IDA,EAST ASIA AND PACIFIC,FY23,0.0,0.0,0.0,0.0,0.0,2023,4,annual,0.0,0.0,country,0.0,0.0,0.0,0.0,0.0,0.0,0.0,0.0,0.0,0.0,0.0,,0.0,,0.0,,False,,0.19539375928677563,0.0,limited
2627,Commitments,"Taiwan, China",IDA,EAST ASIA AND PACIFIC,FY24,0.0,0.0,0.0,0.0,0.0,2024,4,annual,0.0,0.0,country,0.0,0.0,0.0,0.0,0.0,0.0,0.0,0.0,0.0,0.0,0.0,,0.0,,0.0,,False,,0.19539375928677563,0.0,limited
1427,Commitments,"Taiwan, China",IDA,EAST ASIA AND PACIFIC,FY25,0.0,0.0,0.0,0.0,0.0,2025,4,annual,0.0,0.0,country,0.0,0.0,0.0,0.0,0.0,0.0,0.0,0.0,0.0,0.0,0.0,,0.0,,0.0,,False,,0.19539375928677563,0.0,limited
206,Commitments,"Taiwan, China",IDA,EAST ASIA AND PACIFIC,2025-Q3,0.0,0.0,0.0,0.0,0.0,2025,3,quarterly,0.0,0.0,country,0.0,0.0,0.0,0.0,0.0,0.0,0.0,0.0,0.0,,,,,,0.0,,False,,0.326271186440678,0.0,limited
13,Commitments,"Taiwan, China",IDA,EAST ASIA AND PACIFIC,2026-Q3,0.0,0.0,0.0,0.0,0.0,2026,3,quarterly,0.0,0.0,country,0.0,0.0,0.0,0.0,0.0,0.0,0.0,0.0,0.0,0.0,0.0,,0.0,,0.0,,False,,0.326271186440678,0.0,limited
2514,Commitments,Tajikistan,IDA,EUROPE AND CENTRAL ASIA,FY14,0.0,82.0,0.0,0.0,82.0,2014,4,annual,82.0,0.0,country,0.0,0.0,1.0,4.418840607796598,0.0,0.0,0.0,0.0,4.418840607796598,,,,,,82.0,28.0,True,0.34146341463414637,0.6025260029717682,82.0,moderate
2344,Commitments,Tajikistan,IDA,EUROPE AND CENTRAL ASIA,FY15,0.0,117.0,0.0,0.0,117.0,2015,4,annual,117.0,0.0,country,0.0,0.0,1.0,4.770684624465665,0.0,0.0,0.0,0.0,4.770684624465665,82.0,35.0,0.4268292682926829,82.0,0.4268292682926829,117.0,24.0,True,0.20512820512820512,0.6615898959881129,117.0,significant
1059,Commitments,Tajikistan,IDA,EUROPE AND CENTRAL ASIA,FY16,0.0,19.0,0.0,0.0,19.0,2016,4,annual,19.0,0.0,country,0.0,0.0,1.0,2.995732273553991,0.0,0.0,0.0,0.0,2.995732273553991,117.0,-98.0,-0.8376068376068376,117.0,-0.8376068376068376,19.0,34.0,True,1.7894736842105263,0.4416790490341753,19.0,moderate
850,Commitments,Tajikistan,IDA,EUROPE AND CENTRAL ASIA,FY17,0.0,226.0,0.0,0.0,226.0,2017,4,annual,226.0,0.0,country,0.0,0.0,1.0,5.424950017481403,0.0,0.0,0.0,0.0,5.424950017481403,19.0,207.0,10.894736842105264,19.0,10.894736842105264,226.0,29.0,True,0.12831858407079647,0.7488855869242199,226.0,significant
3303,Commitments,Tajikistan,IDA,EUROPE AND CENTRAL ASIA,FY18,0.0,66.0,0.0,0.0,66.0,2018,4,annual,66.0,0.0,country,0.0,0.0,1.0,4.204692619390966,0.0,0.0,0.0,0.0,4.204692619390966,226.0,-160.0,-0.7079646017699115,226.0,-0.7079646017699115,66.0,48.0,True,0.7272727272727273,0.5687221396731055,66.0,moderate
3063,Commitments,Tajikistan,IDA,EUROPE AND CENTRAL ASIA,FY19,0.0,182.0,0.0,0.0,182.0,2019,4,annual,182.0,0.0,country,0.0,0.0,1.0,5.209486152841421,0.0,0.0,0.0,0.0,5.209486152841421,66.0,116.0,1.7575757575757576,66.0,1.7575757575757576,182.0,80.0,True,0.43956043956043955,0.7173105497771174,182.0,significant
2183,Commitments,Tajikistan,IDA,EUROPE AND CENTRAL ASIA,FY20,0.0,173.0,0.0,134.0,307.0,2020,4,annual,307.0,0.0,country,0.0,0.0,0.5635179153094463,5.159055299214529,0.0,0.0,0.4364820846905538,4.90527477843843,5.730099782973574,182.0,125.0,0.6868131868131868,182.0,0.6868131868131868,307.0,76.0,True,0.247557003257329,0.7845468053491828,307.0,significant
1965,Commitments,Tajikistan,IDA,EUROPE AND CENTRAL ASIA,FY21,0.0,237.0,0.0,50.0,287.0,2021,4,annual,287.0,0.0,country,0.0,0.0,0.8257839721254355,5.472270673671475,0.0,0.0,0.17421602787456447,3.9318256327243257,5.662960480135946,307.0,-20.0,-0.06514657980456026,307.0,-0.06514657980456026,287.0,134.0,True,0.46689895470383275,0.7771173848439822,287.0,significant
600,Commitments,Tajikistan,IDA,EUROPE AND CENTRAL ASIA,FY22,0.0,260.0,0.0,80.0,340.0,2022,4,annual,340.0,0.0,country,0.0,0.0,0.7647058823529411,5.564520407322694,0.0,0.0,0.23529411764705882,4.394449154672439,5.831882477283517,287.0,53.0,0.18466898954703834,287.0,0.18466898954703834,340.0,125.0,True,0.36764705882352944,0.799034175334324,340.0,significant
2986,Commitments,Tajikistan,IDA,EUROPE AND CENTRAL ASIA,FY23,50.0,150.0,0.0,0.0,200.0,2023,4,annual,200.0,0.0,country,0.25,3.9318256327243257,0.75,5.017279836814924,0.0,0.0,0.0,0.0,5.303304908059076,340.0,-140.0,-0.4117647058823529,340.0,-0.4117647058823529,200.0,228.0,True,1.14,0.7303120356612184,200.0,significant
2788,Commitments,Tajikistan,IDA,EUROPE AND CENTRAL ASIA,FY24,0.0,111.0,0.0,0.0,111.0,2024,4,annual,111.0,0.0,country,0.0,0.0,1.0,4.718498871295094,0.0,0.0,0.0,0.0,4.718498871295094,200.0,-89.0,-0.445,200.0,-0.445,111.0,233.0,True,2.099099099099099,0.6556463595839525,111.0,significant
1589,Commitments,Tajikistan,IDA,EUROPE AND CENTRAL ASIA,FY25,0.0,448.0,0.0,0.0,448.0,2025,4,annual,448.0,0.0,country,0.0,0.0,1.0,6.1070228877422545,0.0,0.0,0.0,0.0,6.1070228877422545,111.0,337.0,3.036036036036036,111.0,3.036036036036036,448.0,229.0,True,0.5111607142857143,0.8354383358098069,448.0,significant
1151,Commitments,Tajikistan,IDA,EUROPE AND CENTRAL ASIA,2025-Q3,0.0,380.0,0.0,0.0,380.0,2025,3,quarterly,380.0,0.0,country,0.0,0.0,1.0,5.942799375126701,0.0,0.0,0.0,0.0,5.942799375126701,,,,,,380.0,138.0,True,0.3631578947368421,0.9293785310734464,380.0,significant
176,Commitments,Tajikistan,IDA,EUROPE AND CENTRAL ASIA,2026-Q3,50.0,60.38,0.0,0.0,110.38,2026,3,quarterly,110.38,0.0,country,0.45298061242978804,3.9318256327243257,0.5470193875702121,4.1170840491915905,0.0,0.0,0.0,0.0,4.7129477781615225,380.0,-269.62,-0.7095263157894737,380.0,-0.7095263157894737,110.38,295.51,True,2.677206015582533,0.8022598870056498,110.38,significant
2600,Gross Disbursements,Tajikistan,IDA,EUROPE AND CENTRAL ASIA,FY14,0.0,28.0,0.0,0.0,28.0,2014,4,annual,28.0,0.0,country,0.0,0.0,1.0,3.367295829986474,0.0,0.0,0.0,0.0,3.367295829986474,,,,,,82.0,28.0,True,0.34146341463414637,0.4529983792544571,28.0,moderate
2432,Gross Disbursements,Tajikistan,IDA,EUROPE AND CENTRAL ASIA,FY15,0.0,24.0,0.0,0.0,24.0,2015,4,annual,24.0,0.0,country,0.0,0.0,1.0,3.2188758248682006,0.0,0.0,0.0,0.0,3.2188758248682006,28.0,-4.0,-0.14285714285714285,28.0,-0.14285714285714285,117.0,24.0,True,0.20512820512820512,0.42787682333873583,24.0,moderate
2254,Gross Disbursements,Tajikistan,IDA,EUROPE AND CENTRAL ASIA,FY16,0.0,34.0,0.0,0.0,34.0,2016,4,annual,34.0,0.0,country,0.0,0.0,1.0,3.5553480614894135,0.0,0.0,0.0,0.0,3.5553480614894135,24.0,10.0,0.4166666666666667,24.0,0.4166666666666667,19.0,34.0,True,1.7894736842105263,0.47893030794165314,34.0,moderate
934,Gross Disbursements,Tajikistan,IDA,EUROPE AND CENTRAL ASIA,FY17,0.0,29.0,0.0,0.0,29.0,2017,4,annual,29.0,0.0,country,0.0,0.0,1.0,3.4011973816621555,0.0,0.0,0.0,0.0,3.4011973816621555,34.0,-5.0,-0.14705882352941177,34.0,-0.14705882352941177,226.0,29.0,True,0.12831858407079647,0.45786061588330634,29.0,moderate
754,Gross Disbursements,Tajikistan,IDA,EUROPE AND CENTRAL ASIA,FY18,0.0,48.0,0.0,0.0,48.0,2018,4,annual,48.0,0.0,country,0.0,0.0,1.0,3.8918202981106265,0.0,0.0,0.0,0.0,3.8918202981106265,29.0,19.0,0.6551724137931034,29.0,0.6551724137931034,66.0,48.0,True,0.7272727272727273,0.534035656401945,48.0,moderate
3201,Gross Disbursements,Tajikistan,IDA,EUROPE AND CENTRAL ASIA,FY19,0.0,80.0,0.0,0.0,80.0,2019,4,annual,80.0,0.0,country,0.0,0.0,1.0,4.394449154672439,0.0,0.0,0.0,0.0,4.394449154672439,48.0,32.0,0.6666666666666666,48.0,0.6666666666666666,182.0,80.0,True,0.43956043956043955,0.6260129659643436,80.0,moderate
2071,Gross Disbursements,Tajikistan,IDA,EUROPE AND CENTRAL ASIA,FY20,0.0,76.0,0.0,0.0,76.0,2020,4,annual,76.0,0.0,country,0.0,0.0,1.0,4.343805421853684,0.0,0.0,0.0,0.0,4.343805421853684,80.0,-4.0,-0.05,80.0,-0.05,307.0,76.0,True,0.247557003257329,0.6114262560777958,76.0,moderate
725,Gross Disbursements,Tajikistan,IDA,EUROPE AND CENTRAL ASIA,FY21,0.0,75.0,0.0,59.0,134.0,2021,4,annual,134.0,0.0,country,0.0,0.0,0.5597014925373134,4.330733340286331,0.0,0.0,0.44029850746268656,4.0943445622221,4.90527477843843,76.0,58.0,0.7631578947368421,76.0,0.7631578947368421,287.0,134.0,True,0.46689895470383275,0.6952998379254457,134.0,significant
478,Gross Disbursements,Tajikistan,IDA,EUROPE AND CENTRAL ASIA,FY22,0.0,109.0,0.0,16.0,125.0,2022,4,annual,125.0,0.0,country,0.0,0.0,0.872,4.700480365792417,0.0,0.0,0.128,2.833213344056216,4.836281906951478,134.0,-9.0,-0.06716417910447761,134.0,-0.06716417910447761,340.0,125.0,True,0.36764705882352944,0.6871961102106969,125.0,significant
2862,Gross Disbursements,Tajikistan,IDA,EUROPE AND CENTRAL ASIA,FY23,53.0,143.0,0.0,32.0,228.0,2023,4,annual,228.0,0.0,country,0.2324561403508772,3.9889840465642745,0.6271929824561403,4.969813299576001,0.0,0.0,0.14035087719298245,3.4965075614664802,5.43372200355424,125.0,103.0,0.824,125.0,0.824,200.0,228.0,True,1.14,0.7811993517017828,228.0,significant
1784,Gross Disbursements,Tajikistan,IDA,EUROPE AND CENTRAL ASIA,FY24,0.0,206.0,0.0,27.0,233.0,2024,4,annual,233.0,0.0,country,0.0,0.0,0.8841201716738197,5.332718793265369,0.0,0.0,0.11587982832618025,3.332204510175204,5.455321115357702,228.0,5.0,0.021929824561403508,228.0,0.021929824561403508,111.0,233.0,True,2.099099099099099,0.7844408427876823,233.0,significant
1664,Gross Disbursements,Tajikistan,IDA,EUROPE AND CENTRAL ASIA,FY25,0.0,206.0,0.0,23.0,229.0,2025,4,annual,229.0,0.0,country,0.0,0.0,0.8995633187772926,5.332718793265369,0.0,0.0,0.10043668122270742,3.1780538303479458,5.438079308923196,233.0,-4.0,-0.017167381974248927,233.0,-0.017167381974248927,448.0,229.0,True,0.5111607142857143,0.7820097244732577,229.0,significant
1349,Gross Disbursements,Tajikistan,IDA,EUROPE AND CENTRAL ASIA,2025-Q3,0.0,138.0,0.0,0.0,138.0,2025,3,quarterly,138.0,0.0,country,0.0,0.0,1.0,4.9344739331306915,0.0,0.0,0.0,0.0,4.9344739331306915,,,,,,380.0,138.0,True,0.3631578947368421,0.6919642857142857,138.0,significant
1226,Gross Disbursements,Tajikistan,IDA,EUROPE AND CENTRAL ASIA,2026-Q3,50.0,239.51,0.0,6.0,295.51,2026,3,quarterly,295.51,0.0,country,0.16919901187777064,3.9318256327243257,0.8104971066968969,5.48276166872297,0.0,0.0,0.020303881425332477,1.9459101490553132,5.6920809446818605,138.0,157.51,1.141376811594203,138.0,1.141376811594203,110.38,295.51,True,2.677206015582533,0.7991071428571429,295.51,significant
2489,Commitments,Tanzania,IDA,AFRICA,FY14,185.0,568.0,0.0,0.0,753.0,2014,4,annual,753.0,0.0,country,0.2456839309428951,5.225746673713202,0.7543160690571049,6.343880434126331,0.0,0.0,0.0,0.0,6.625392368007956,,,,,,753.0,638.0,True,0.8472775564409031,0.9004457652303121,753.0,major
2319,Commitments,Tanzania,IDA,AFRICA,FY15,100.0,461.0,0.0,322.0,883.0,2015,4,annual,883.0,0.0,country,0.11325028312570781,4.61512051684126,0.522083805209513,6.135564891081739,0.0,0.0,0.3646659116647792,5.777652323222656,6.784457062637643,753.0,130.0,0.17264276228419656,753.0,0.17264276228419656,883.0,630.0,True,0.7134767836919592,0.9234769687964339,883.0,major
1037,Commitments,Tanzania,IDA,AFRICA,FY16,80.0,464.0,0.0,320.0,864.0,2016,4,annual,864.0,0.0,country,0.09259259259259259,4.394449154672439,0.5370370370370371,6.142037405587356,0.0,0.0,0.37037037037037035,5.771441123130016,6.762729506931879,883.0,-19.0,-0.021517553793884484,883.0,-0.021517553793884484,864.0,430.0,True,0.4976851851851852,0.9227340267459139,864.0,major
813,Commitments,Tanzania,IDA,AFRICA,FY17,0.0,1125.0,0.0,80.0,1205.0,2017,4,annual,1205.0,0.0,country,0.0,0.0,0.9336099585062241,7.026426808699636,0.0,0.0,0.06639004149377593,4.394449154672439,7.095064377287131,864.0,341.0,0.39467592592592593,864.0,0.39467592592592593,1205.0,462.0,True,0.38340248962655604,0.9494799405646359,1205.0,major
3321,Commitments,Tanzania,IDA,AFRICA,FY18,0.0,605.0,0.0,350.0,955.0,2018,4,annual,955.0,0.0,country,0.0,0.0,0.6335078534031413,6.406879986069314,0.0,0.0,0.36649214659685864,5.860786223465865,6.862757913051401,1205.0,-250.0,-0.2074688796680498,1205.0,-0.2074688796680498,955.0,668.0,True,0.6994764397905759,0.9323922734026746,955.0,major
3036,Commitments,Tanzania,IDA,AFRICA,FY19,0.0,75.0,0.0,0.0,75.0,2019,4,annual,75.0,0.0,country,0.0,0.0,1.0,4.330733340286331,0.0,0.0,0.0,0.0,4.330733340286331,955.0,-880.0,-0.9214659685863874,955.0,-0.9214659685863874,75.0,442.0,True,5.8933333333333335,0.5843239227340268,75.0,moderate
2159,Commitments,Tanzania,IDA,AFRICA EAST,FY20,0.0,950.0,0.0,0.0,950.0,2020,4,annual,950.0,0.0,country,0.0,0.0,1.0,6.85751406254539,0.0,0.0,0.0,0.0,6.85751406254539,75.0,875.0,11.666666666666666,75.0,11.666666666666666,950.0,751.0,True,0.7905263157894736,0.9316493313521546,950.0,major
1949,Commitments,Tanzania,IDA,EASTERN AND SOUTHERN AFRICA,FY21,0.0,1142.0,0.0,0.0,1142.0,2021,4,annual,1142.0,0.0,country,0.0,0.0,1.0,7.04141166379481,0.0,0.0,0.0,0.0,7.04141166379481,950.0,192.0,0.20210526315789473,950.0,0.20210526315789473,1142.0,466.0,True,0.4080560420315236,0.9472511144130757,1142.0,major
584,Commitments,Tanzania,IDA,EASTERN AND SOUTHERN AFRICA,FY22,0.0,1068.0,0.0,582.0,1650.0,2022,4,annual,1650.0,0.0,country,0.0,0.0,0.6472727272727272,6.974478911025045,0.0,0.0,0.3527272727272727,6.368187186350492,7.409136443920128,1142.0,508.0,0.4448336252189142,1142.0,0.4448336252189142,1650.0,837.0,True,0.5072727272727273,0.9658246656760773,1650.0,major
2970,Commitments,Tanzania,IDA,EASTERN AND SOUTHERN AFRICA,FY23,500.0,450.0,0.0,1185.0,2135.0,2023,4,annual,2135.0,0.0,country,0.234192037470726,6.2166061010848646,0.2107728337236534,6.111467339502679,0.0,0.0,0.5550351288056206,7.078341579557671,7.666690200080086,1650.0,485.0,0.29393939393939394,1650.0,0.29393939393939394,2135.0,1521.0,True,0.7124121779859485,0.9821693907875185,2135.0,major
2653,Commitments,Tanzania,IDA,EASTERN AND SOUTHERN AFRICA,FY24,750.0,715.0,0.0,350.0,1815.0,2024,4,annual,1815.0,0.0,country,0.4132231404958678,6.621405651764134,0.3939393939393939,6.573680166960646,0.0,0.0,0.1928374655647383,5.860786223465865,7.504391559161238,2135.0,-320.0,-0.14988290398126464,2135.0,-0.14988290398126464,1815.0,2147.0,True,1.1829201101928375,0.9725111441307578,1815.0,major
1454,Commitments,Tanzania,IDA,EASTERN AND SOUTHERN AFRICA,FY25,299.0,763.0,0.0,135.0,1197.0,2025,4,annual,1197.0,0.0,country,0.24979114452798662,5.703782474656201,0.6374269005847953,6.638567789166521,0.0,0.0,0.11278195488721804,4.912654885736052,7.088408778675395,1815.0,-618.0,-0.34049586776859503,1815.0,-0.34049586776859503,1197.0,1571.0,True,1.3124477861319968,0.9487369985141159,1197.0,major
234,Commitments,Tanzania,IDA,EASTERN AND SOUTHERN AFRICA,2025-Q3,0.0,600.0,0.0,0.0,600.0,2025,3,quarterly,600.0,0.0,country,0.0,0.0,1.0,6.398594934535208,0.0,0.0,0.0,0.0,6.398594934535208,,,,,,600.0,940.8,True,1.5679999999999998,0.9646892655367232,600.0,major
41,Commitments,Tanzania,IDA,EASTERN AND SOUTHERN AFRICA,2026-Q3,0.0,270.0,0.0,500.0,770.0,2026,3,quarterly,770.0,0.0,country,0.0,0.0,0.35064935064935066,5.602118820879701,0.0,0.0,0.6493506493506493,6.2166061010848646,6.647688373563329,600.0,170.0,0.2833333333333333,600.0,0.2833333333333333,770.0,919.0,True,1.1935064935064934,0.9717514124293786,770.0,major
2569,Gross Disbursements,Tanzania,IDA,AFRICA,FY14,186.0,436.0,0.0,16.0,638.0,2014,4,annual,638.0,0.0,country,0.29153605015673983,5.231108616854587,0.6833855799373041,6.07993319509559,0.0,0.0,0.025078369905956112,2.833213344056216,6.459904454377535,,,,,,753.0,638.0,True,0.8472775564409031,0.9165316045380876,638.0,major
2401,Gross Disbursements,Tanzania,IDA,AFRICA,FY15,100.0,468.0,0.0,62.0,630.0,2015,4,annual,630.0,0.0,country,0.15873015873015872,4.61512051684126,0.7428571428571429,6.150602768446279,0.0,0.0,0.09841269841269841,4.143134726391533,6.447305862541213,638.0,-8.0,-0.012539184952978056,638.0,-0.012539184952978056,883.0,630.0,True,0.7134767836919592,0.9141004862236629,630.0,major
1119,Gross Disbursements,Tanzania,IDA,AFRICA,FY16,80.0,260.0,0.0,91.0,430.0,2016,4,annual,431.0,-1.0,country,0.18604651162790697,4.394449154672439,0.6046511627906976,5.564520407322694,0.0,0.0,0.2116279069767442,4.5217885770490405,6.066108090103747,630.0,-200.0,-0.31746031746031744,630.0,-0.31746031746031744,864.0,430.0,True,0.4976851851851852,0.8589951377633711,430.0,significant
893,Gross Disbursements,Tanzania,IDA,AFRICA,FY17,0.0,350.0,0.0,112.0,462.0,2017,4,annual,462.0,0.0,country,0.0,0.0,0.7575757575757576,5.860786223465865,0.0,0.0,0.24242424242424243,4.727387818712341,6.137727054086234,430.0,32.0,0.07441860465116279,430.0,0.07441860465116279,1205.0,462.0,True,0.38340248962655604,0.8727714748784441,462.0,significant
3408,Gross Disbursements,Tanzania,IDA,AFRICA,FY18,0.0,456.0,0.0,212.0,668.0,2018,4,annual,668.0,0.0,country,0.0,0.0,0.6826347305389222,6.124683390894205,0.0,0.0,0.31736526946107785,5.3612921657094255,6.505784060128229,462.0,206.0,0.4458874458874459,462.0,0.4458874458874459,955.0,668.0,True,0.6994764397905759,0.919773095623987,668.0,major
3165,Gross Disbursements,Tanzania,IDA,AFRICA,FY19,0.0,307.0,0.0,135.0,442.0,2019,4,annual,442.0,0.0,country,0.0,0.0,0.6945701357466063,5.730099782973574,0.0,0.0,0.3054298642533937,4.912654885736052,6.093569770045136,668.0,-226.0,-0.3383233532934132,668.0,-0.3383233532934132,75.0,442.0,True,5.8933333333333335,0.8618314424635333,442.0,significant
2050,Gross Disbursements,Tanzania,IDA,AFRICA EAST,FY20,0.0,550.0,0.0,201.0,751.0,2020,4,annual,751.0,0.0,country,0.0,0.0,0.7323568575233023,6.311734809152915,0.0,0.0,0.26764314247669774,5.308267697401205,6.62273632394984,442.0,309.0,0.6990950226244343,442.0,0.6990950226244343,950.0,751.0,True,0.7905263157894736,0.9311183144246353,751.0,major
709,Gross Disbursements,Tanzania,IDA,EASTERN AND SOUTHERN AFRICA,FY21,0.0,283.0,0.0,183.0,466.0,2021,4,annual,466.0,0.0,country,0.0,0.0,0.6072961373390557,5.648974238161206,0.0,0.0,0.3927038626609442,5.214935757608986,6.1463292576688975,751.0,-285.0,-0.3794940079893475,751.0,-0.3794940079893475,1142.0,466.0,True,0.4080560420315236,0.8743922204213939,466.0,significant
462,Gross Disbursements,Tanzania,IDA,EASTERN AND SOUTHERN AFRICA,FY22,0.0,648.0,0.0,189.0,837.0,2022,4,annual,837.0,0.0,country,0.0,0.0,0.7741935483870968,6.47543271670409,0.0,0.0,0.22580645161290322,5.247024072160486,6.731018100482083,466.0,371.0,0.796137339055794,466.0,0.796137339055794,1650.0,837.0,True,0.5072727272727273,0.9416531604538088,837.0,major
2846,Gross Disbursements,Tanzania,IDA,EASTERN AND SOUTHERN AFRICA,FY23,500.0,669.0,0.0,352.0,1521.0,2023,4,annual,1521.0,0.0,country,0.32873109796186717,6.2166061010848646,0.43984220907297833,6.507277712385012,0.0,0.0,0.2314266929651545,5.8664680569332965,7.3277805384216315,837.0,684.0,0.8172043010752689,837.0,0.8172043010752689,2135.0,1521.0,True,0.7124121779859485,0.9805510534846029,1521.0,major
1768,Gross Disbursements,Tanzania,IDA,EASTERN AND SOUTHERN AFRICA,FY24,500.0,1059.0,0.0,588.0,2147.0,2024,4,annual,2147.0,0.0,country,0.2328830926874709,6.2166061010848646,0.49324639031206335,6.966024187106113,0.0,0.0,0.2738705170004658,6.3784261836515865,7.672292455628756,1521.0,626.0,0.41157133464825774,1521.0,0.41157133464825774,1815.0,2147.0,True,1.1829201101928375,0.9943273905996759,2147.0,major
1648,Gross Disbursements,Tanzania,IDA,EASTERN AND SOUTHERN AFRICA,FY25,353.0,933.0,0.0,285.0,1571.0,2025,4,annual,1571.0,0.0,country,0.22469764481222151,5.869296913133774,0.5938892425206874,6.839476438228843,0.0,0.0,0.18141311266709104,5.655991810819852,7.360103972989152,2147.0,-576.0,-0.26828132277596645,2147.0,-0.26828132277596645,1197.0,1571.0,True,1.3124477861319968,0.9837925445705025,1571.0,major
1333,Gross Disbursements,Tanzania,IDA,EASTERN AND SOUTHERN AFRICA,2025-Q3,250.0,502.8,0.0,188.0,940.8,2025,3,quarterly,940.8,0.0,country,0.26573129251700683,5.5254529391317835,0.5344387755102041,6.22217936391851,0.0,0.0,0.19982993197278912,5.241747015059643,6.847792937809454,,,,,,600.0,940.8,True,1.5679999999999998,0.9776785714285714,940.8,major
1210,Gross Disbursements,Tanzania,IDA,EASTERN AND SOUTHERN AFRICA,2026-Q3,0.0,643.0,0.0,276.0,919.0,2026,3,quarterly,919.0,0.0,country,0.0,0.0,0.6996735582154516,6.467698726104354,0.0,0.0,0.3003264417845484,5.6240175061873385,6.824373670043086,940.8,-21.799999999999955,-0.023171768707482946,940.8,-0.023171768707482946,770.0,919.0,True,1.1935064935064934,0.9732142857142857,919.0,major
3366,Commitments,Thailand,IDA,EAST ASIA AND PACIFIC,FY18,0.0,0.0,0.0,0.0,0.0,2018,4,annual,0.0,0.0,country,0.0,0.0,0.0,0.0,0.0,0.0,0.0,0.0,0.0,,,,,,0.0,,False,,0.19539375928677563,0.0,limited
3129,Commitments,Thailand,IDA,EAST ASIA AND PACIFIC,FY19,0.0,0.0,0.0,0.0,0.0,2019,4,annual,0.0,0.0,country,0.0,0.0,0.0,0.0,0.0,0.0,0.0,0.0,0.0,0.0,0.0,,0.0,,0.0,,False,,0.19539375928677563,0.0,limited
2243,Commitments,Thailand,IDA,EAST ASIA AND PACIFIC,FY20,0.0,0.0,0.0,0.0,0.0,2020,4,annual,0.0,0.0,country,0.0,0.0,0.0,0.0,0.0,0.0,0.0,0.0,0.0,0.0,0.0,,0.0,,0.0,,False,,0.19539375928677563,0.0,limited
1923,Commitments,Thailand,IDA,EAST ASIA AND PACIFIC,FY21,0.0,0.0,0.0,0.0,0.0,2021,4,annual,0.0,0.0,country,0.0,0.0,0.0,0.0,0.0,0.0,0.0,0.0,0.0,0.0,0.0,,0.0,,0.0,,False,,0.19539375928677563,0.0,limited
558,Commitments,Thailand,IDA,EAST ASIA AND PACIFIC,FY22,0.0,0.0,0.0,0.0,0.0,2022,4,annual,0.0,0.0,country,0.0,0.0,0.0,0.0,0.0,0.0,0.0,0.0,0.0,0.0,0.0,,0.0,,0.0,,False,,0.19539375928677563,0.0,limited
2944,Commitments,Thailand,IDA,EAST ASIA AND PACIFIC,FY23,0.0,0.0,0.0,0.0,0.0,2023,4,annual,0.0,0.0,country,0.0,0.0,0.0,0.0,0.0,0.0,0.0,0.0,0.0,0.0,0.0,,0.0,,0.0,,False,,0.19539375928677563,0.0,limited
2628,Commitments,Thailand,IDA,EAST ASIA AND PACIFIC,FY24,0.0,0.0,0.0,0.0,0.0,2024,4,annual,0.0,0.0,country,0.0,0.0,0.0,0.0,0.0,0.0,0.0,0.0,0.0,0.0,0.0,,0.0,,0.0,,False,,0.19539375928677563,0.0,limited
1428,Commitments,Thailand,IDA,EAST ASIA AND PACIFIC,FY25,0.0,0.0,0.0,0.0,0.0,2025,4,annual,0.0,0.0,country,0.0,0.0,0.0,0.0,0.0,0.0,0.0,0.0,0.0,0.0,0.0,,0.0,,0.0,,False,,0.19539375928677563,0.0,limited
207,Commitments,Thailand,IDA,EAST ASIA AND PACIFIC,2025-Q3,0.0,0.0,0.0,0.0,0.0,2025,3,quarterly,0.0,0.0,country,0.0,0.0,0.0,0.0,0.0,0.0,0.0,0.0,0.0,,,,,,0.0,,False,,0.326271186440678,0.0,limited
14,Commitments,Thailand,IDA,EAST ASIA AND PACIFIC,2026-Q3,0.0,0.0,0.0,0.0,0.0,2026,3,quarterly,0.0,0.0,country,0.0,0.0,0.0,0.0,0.0,0.0,0.0,0.0,0.0,0.0,0.0,,0.0,,0.0,,False,,0.326271186440678,0.0,limited
1622,Gross Disbursements,Thailand & Myanmar CMU,IDA,EAST ASIA AND PACIFIC,FY25,0.0,2.0,0.0,0.0,2.0,2025,4,annual,2.0,0.0,country,0.0,0.0,1.0,1.0986122886681098,0.0,0.0,0.0,0.0,1.0986122886681098,,,,,,,2.0,False,,0.233387358184765,2.0,limited
1307,Gross Disbursements,Thailand & Myanmar CMU,IDA,EAST ASIA AND PACIFIC,2025-Q3,0.0,1.0,0.0,0.0,1.0,2025,3,quarterly,1.0,0.0,country,0.0,0.0,1.0,0.6931471805599453,0.0,0.0,0.0,0.0,0.6931471805599453,,,,,,,1.0,False,,0.3013392857142857,1.0,limited
1184,Gross Disbursements,Thailand & Myanmar CMU,IDA,EAST ASIA AND PACIFIC,2026-Q3,0.0,8.0,0.0,0.0,8.0,2026,3,quarterly,8.0,0.0,country,0.0,0.0,1.0,2.1972245773362196,0.0,0.0,0.0,0.0,2.1972245773362196,1.0,7.0,7.0,1.0,7.0,,8.0,False,,0.35267857142857145,8.0,limited
2503,Commitments,Timor-Leste,IDA,EAST ASIA AND PACIFIC,FY14,0.0,25.0,0.0,0.0,25.0,2014,4,annual,25.0,0.0,country,0.0,0.0,1.0,3.258096538021482,0.0,0.0,0.0,0.0,3.258096538021482,,,,,,25.0,2.0,True,0.08,0.4676820208023774,25.0,moderate
2333,Commitments,Timor-Leste,IDA,EAST ASIA AND PACIFIC,FY15,0.0,0.0,0.0,0.0,0.0,2015,4,annual,0.0,0.0,country,0.0,0.0,0.0,0.0,0.0,0.0,0.0,0.0,0.0,25.0,-25.0,-1.0,25.0,-1.0,0.0,10.0,False,,0.19539375928677563,0.0,limited
879,Commitments,Timor-Leste,IDA,EAST ASIA AND PACIFIC,FY17,0.0,35.0,0.0,0.0,35.0,2017,4,annual,35.0,0.0,country,0.0,0.0,1.0,3.58351893845611,0.0,0.0,0.0,0.0,3.58351893845611,0.0,35.0,,0.0,,35.0,14.0,True,0.4,0.49777117384843983,35.0,moderate
3367,Commitments,Timor-Leste,IDA,EAST ASIA AND PACIFIC,FY18,0.0,0.0,0.0,0.0,0.0,2018,4,annual,0.0,0.0,country,0.0,0.0,0.0,0.0,0.0,0.0,0.0,0.0,0.0,35.0,-35.0,-1.0,35.0,-1.0,0.0,7.0,False,,0.19539375928677563,0.0,limited
3083,Commitments,Timor-Leste,IDA,EAST ASIA AND PACIFIC,FY19,0.0,0.0,0.0,0.0,0.0,2019,4,annual,0.0,0.0,country,0.0,0.0,0.0,0.0,0.0,0.0,0.0,0.0,0.0,0.0,0.0,,0.0,,0.0,3.0,False,,0.19539375928677563,0.0,limited
2244,Commitments,Timor-Leste,IDA,EAST ASIA AND PACIFIC,FY20,0.0,99.0,0.0,0.0,99.0,2020,4,annual,99.0,0.0,country,0.0,0.0,1.0,4.605170185988092,0.0,0.0,0.0,0.0,4.605170185988092,0.0,99.0,,0.0,,99.0,3.0,True,0.030303030303030304,0.6341010401188707,99.0,moderate
1924,Commitments,Timor-Leste,IDA,EAST ASIA AND PACIFIC,FY21,0.0,0.0,0.0,0.0,0.0,2021,4,annual,0.0,0.0,country,0.0,0.0,0.0,0.0,0.0,0.0,0.0,0.0,0.0,99.0,-99.0,-1.0,99.0,-1.0,0.0,4.0,False,,0.19539375928677563,0.0,limited
559,Commitments,Timor-Leste,IDA,EAST ASIA AND PACIFIC,FY22,0.0,121.0,0.0,0.0,121.0,2022,4,annual,121.0,0.0,country,0.0,0.0,1.0,4.804021044733257,0.0,0.0,0.0,0.0,4.804021044733257,0.0,121.0,,0.0,,121.0,5.0,True,0.04132231404958678,0.6686478454680534,121.0,significant
2945,Commitments,Timor-Leste,IDA,EAST ASIA AND PACIFIC,FY23,0.0,50.0,0.0,0.0,50.0,2023,4,annual,50.0,0.0,country,0.0,0.0,1.0,3.9318256327243257,0.0,0.0,0.0,0.0,3.9318256327243257,121.0,-71.0,-0.5867768595041323,121.0,-0.5867768595041323,50.0,5.0,True,0.1,0.5300891530460624,50.0,moderate
2629,Commitments,Timor-Leste,IDA,EAST ASIA AND PACIFIC,FY24,0.0,0.0,0.0,0.0,0.0,2024,4,annual,0.0,0.0,country,0.0,0.0,0.0,0.0,0.0,0.0,0.0,0.0,0.0,50.0,-50.0,-1.0,50.0,-1.0,0.0,6.0,False,,0.19539375928677563,0.0,limited
1429,Commitments,Timor-Leste,IDA,EAST ASIA AND PACIFIC,FY25,0.0,0.0,0.0,0.0,0.0,2025,4,annual,0.0,0.0,country,0.0,0.0,0.0,0.0,0.0,0.0,0.0,0.0,0.0,0.0,0.0,,0.0,,0.0,5.0,False,,0.19539375928677563,0.0,limited
208,Commitments,Timor-Leste,IDA,EAST ASIA AND PACIFIC,2025-Q3,0.0,0.0,0.0,0.0,0.0,2025,3,quarterly,0.0,0.0,country,0.0,0.0,0.0,0.0,0.0,0.0,0.0,0.0,0.0,,,,,,0.0,4.0,False,,0.326271186440678,0.0,limited
15,Commitments,Timor-Leste,IDA,EAST ASIA AND PACIFIC,2026-Q3,0.0,0.0,0.0,0.0,0.0,2026,3,quarterly,0.0,0.0,country,0.0,0.0,0.0,0.0,0.0,0.0,0.0,0.0,0.0,0.0,0.0,,0.0,,0.0,4.0,False,,0.326271186440678,0.0,limited
2585,Gross Disbursements,Timor-Leste,IDA,EAST ASIA AND PACIFIC,FY14,0.0,2.0,0.0,0.0,2.0,2014,4,annual,2.0,0.0,country,0.0,0.0,1.0,1.0986122886681098,0.0,0.0,0.0,0.0,1.0986122886681098,,,,,,25.0,2.0,True,0.08,0.233387358184765,2.0,limited
2417,Gross Disbursements,Timor-Leste,IDA,EAST ASIA AND PACIFIC,FY15,0.0,10.0,0.0,0.0,10.0,2015,4,annual,10.0,0.0,country,0.0,0.0,1.0,2.3978952727983707,0.0,0.0,0.0,0.0,2.3978952727983707,2.0,8.0,4.0,2.0,4.0,0.0,10.0,False,,0.3286061588330632,10.0,limited
1140,Gross Disbursements,Timor-Leste,IDA,EAST ASIA AND PACIFIC,FY16,0.0,11.0,0.0,0.0,11.0,2016,4,annual,11.0,0.0,country,0.0,0.0,1.0,2.4849066497880004,0.0,0.0,0.0,0.0,2.4849066497880004,10.0,1.0,0.1,10.0,0.1,,11.0,False,,0.33833063209076175,11.0,moderate
962,Gross Disbursements,Timor-Leste,IDA,EAST ASIA AND PACIFIC,FY17,0.0,14.0,0.0,0.0,14.0,2017,4,annual,14.0,0.0,country,0.0,0.0,1.0,2.70805020110221,0.0,0.0,0.0,0.0,2.70805020110221,11.0,3.0,0.2727272727272727,11.0,0.2727272727272727,35.0,14.0,True,0.4,0.36547811993517015,14.0,moderate
797,Gross Disbursements,Timor-Leste,IDA,EAST ASIA AND PACIFIC,FY18,0.0,7.0,0.0,0.0,7.0,2018,4,annual,7.0,0.0,country,0.0,0.0,1.0,2.0794415416798357,0.0,0.0,0.0,0.0,2.0794415416798357,14.0,-7.0,-0.5,14.0,-0.5,0.0,7.0,False,,0.2925445705024311,7.0,limited
3244,Gross Disbursements,Timor-Leste,IDA,EAST ASIA AND PACIFIC,FY19,0.0,3.0,0.0,0.0,3.0,2019,4,annual,3.0,0.0,country,0.0,0.0,1.0,1.3862943611198906,0.0,0.0,0.0,0.0,1.3862943611198906,7.0,-4.0,-0.5714285714285714,7.0,-0.5714285714285714,0.0,3.0,False,,0.24513776337115073,3.0,limited
2121,Gross Disbursements,Timor-Leste,IDA,EAST ASIA AND PACIFIC,FY20,0.0,3.0,0.0,0.0,3.0,2020,4,annual,3.0,0.0,country,0.0,0.0,1.0,1.3862943611198906,0.0,0.0,0.0,0.0,1.3862943611198906,3.0,0.0,0.0,3.0,0.0,99.0,3.0,True,0.030303030303030304,0.24513776337115073,3.0,limited
684,Gross Disbursements,Timor-Leste,IDA,EAST ASIA AND PACIFIC,FY21,0.0,4.0,0.0,0.0,4.0,2021,4,annual,4.0,0.0,country,0.0,0.0,1.0,1.6094379124341003,0.0,0.0,0.0,0.0,1.6094379124341003,3.0,1.0,0.3333333333333333,3.0,0.3333333333333333,0.0,4.0,False,,0.25810372771474877,4.0,limited
437,Gross Disbursements,Timor-Leste,IDA,EAST ASIA AND PACIFIC,FY22,0.0,5.0,0.0,0.0,5.0,2022,4,annual,5.0,0.0,country,0.0,0.0,1.0,1.791759469228055,0.0,0.0,0.0,0.0,1.791759469228055,4.0,1.0,0.25,4.0,0.25,121.0,5.0,True,0.04132231404958678,0.2706645056726094,5.0,limited
2821,Gross Disbursements,Timor-Leste,IDA,EAST ASIA AND PACIFIC,FY23,0.0,5.0,0.0,0.0,5.0,2023,4,annual,5.0,0.0,country,0.0,0.0,1.0,1.791759469228055,0.0,0.0,0.0,0.0,1.791759469228055,5.0,0.0,0.0,5.0,0.0,50.0,5.0,True,0.1,0.2706645056726094,5.0,limited
1743,Gross Disbursements,Timor-Leste,IDA,EAST ASIA AND PACIFIC,FY24,0.0,6.0,0.0,0.0,6.0,2024,4,annual,6.0,0.0,country,0.0,0.0,1.0,1.9459101490553132,0.0,0.0,0.0,0.0,1.9459101490553132,5.0,1.0,0.2,5.0,0.2,0.0,6.0,False,,0.2807941653160454,6.0,limited
1623,Gross Disbursements,Timor-Leste,IDA,EAST ASIA AND PACIFIC,FY25,0.0,5.0,0.0,0.0,5.0,2025,4,annual,5.0,0.0,country,0.0,0.0,1.0,1.791759469228055,0.0,0.0,0.0,0.0,1.791759469228055,6.0,-1.0,-0.16666666666666666,6.0,-0.16666666666666666,0.0,5.0,False,,0.2706645056726094,5.0,limited
1308,Gross Disbursements,Timor-Leste,IDA,EAST ASIA AND PACIFIC,2025-Q3,0.0,4.0,0.0,0.0,4.0,2025,3,quarterly,4.0,0.0,country,0.0,0.0,1.0,1.6094379124341003,0.0,0.0,0.0,0.0,1.6094379124341003,,,,,,0.0,4.0,False,,0.32589285714285715,4.0,limited
1185,Gross Disbursements,Timor-Leste,IDA,EAST ASIA AND PACIFIC,2026-Q3,0.0,4.0,0.0,0.0,4.0,2026,3,quarterly,4.0,0.0,country,0.0,0.0,1.0,1.6094379124341003,0.0,0.0,0.0,0.0,1.6094379124341003,4.0,0.0,0.0,4.0,0.0,0.0,4.0,False,,0.32589285714285715,4.0,limited
2490,Commitments,Togo,IDA,AFRICA,FY14,14.0,34.0,0.0,0.0,48.0,2014,4,annual,48.0,0.0,country,0.2916666666666667,2.70805020110221,0.7083333333333334,3.5553480614894135,0.0,0.0,0.0,0.0,3.8918202981106265,,,,,,48.0,24.0,True,0.5,0.5234026745913819,48.0,moderate
2320,Commitments,Togo,IDA,AFRICA,FY15,0.0,0.0,0.0,0.0,0.0,2015,4,annual,0.0,0.0,country,0.0,0.0,0.0,0.0,0.0,0.0,0.0,0.0,0.0,48.0,-48.0,-1.0,48.0,-1.0,0.0,43.0,False,,0.19539375928677563,0.0,limited
1038,Commitments,Togo,IDA,AFRICA,FY16,0.0,15.0,0.0,0.0,15.0,2016,4,annual,15.0,0.0,country,0.0,0.0,1.0,2.772588722239781,0.0,0.0,0.0,0.0,2.772588722239781,0.0,15.0,,0.0,,15.0,27.0,True,1.8,0.425334323922734,15.0,moderate
833,Commitments,Togo,IDA,AFRICA,FY17,0.0,113.0,0.0,0.0,113.0,2017,4,annual,113.0,0.0,country,0.0,0.0,1.0,4.736198448394496,0.0,0.0,0.0,0.0,4.736198448394496,15.0,98.0,6.533333333333333,15.0,6.533333333333333,113.0,13.0,True,0.11504424778761062,0.6575037147102526,113.0,significant
3324,Commitments,Togo,IDA,AFRICA,FY18,52.0,95.0,0.0,0.0,147.0,2018,4,annual,147.0,0.0,country,0.35374149659863946,3.970291913552122,0.6462585034013606,4.564348191467836,0.0,0.0,0.0,0.0,4.997212273764115,113.0,34.0,0.3008849557522124,113.0,0.3008849557522124,147.0,78.0,True,0.5306122448979592,0.6957652303120356,147.0,significant
3067,Commitments,Togo,IDA,AFRICA,FY19,40.0,30.0,0.0,0.0,70.0,2019,4,annual,70.0,0.0,country,0.5714285714285714,3.713572066704308,0.42857142857142855,3.4339872044851463,0.0,0.0,0.0,0.0,4.2626798770413155,147.0,-77.0,-0.5238095238095238,147.0,-0.5238095238095238,70.0,78.0,True,1.1142857142857143,0.575408618127786,70.0,moderate
2188,Commitments,Togo,IDA,AFRICA WEST,FY20,150.0,128.0,0.0,0.0,278.0,2020,4,annual,278.0,0.0,country,0.539568345323741,5.017279836814924,0.460431654676259,4.859812404361672,0.0,0.0,0.0,0.0,5.631211781821365,70.0,208.0,2.9714285714285715,70.0,2.9714285714285715,278.0,218.0,True,0.7841726618705036,0.7704309063893017,278.0,significant
2032,Commitments,Togo,IDA,WESTERN AND CENTRAL AFRICA,FY21,70.0,138.0,0.0,0.0,208.0,2021,4,annual,208.0,0.0,country,0.33653846153846156,4.2626798770413155,0.6634615384615384,4.9344739331306915,0.0,0.0,0.0,0.0,5.342334251964811,278.0,-70.0,-0.2517985611510791,278.0,-0.2517985611510791,208.0,143.0,True,0.6875,0.736627043090639,208.0,significant
667,Commitments,Togo,IDA,WESTERN AND CENTRAL AFRICA,FY22,100.0,340.0,0.0,0.0,440.0,2022,4,annual,440.0,0.0,country,0.22727272727272727,4.61512051684126,0.7727272727272727,5.831882477283517,0.0,0.0,0.0,0.0,6.089044875446846,208.0,232.0,1.1153846153846154,208.0,1.1153846153846154,440.0,177.0,True,0.4022727272727273,0.8335809806835067,440.0,significant
420,Commitments,Togo,IDA,WESTERN AND CENTRAL AFRICA,FY23,0.0,160.0,0.0,100.0,260.0,2023,4,annual,260.0,0.0,country,0.0,0.0,0.6153846153846154,5.081404364984463,0.0,0.0,0.38461538461538464,4.61512051684126,5.564520407322694,440.0,-180.0,-0.4090909090909091,440.0,-0.4090909090909091,260.0,148.0,True,0.5692307692307692,0.7644873699851411,260.0,significant
2769,Commitments,Togo,IDA,WESTERN AND CENTRAL AFRICA,FY24,150.0,286.0,0.0,75.0,511.0,2024,4,annual,511.0,0.0,country,0.29354207436399216,5.017279836814924,0.5596868884540117,5.659482215759621,0.0,0.0,0.14677103718199608,4.330733340286331,6.238324625039508,260.0,251.0,0.9653846153846154,260.0,0.9653846153846154,511.0,271.0,True,0.5303326810176126,0.8488112927191679,511.0,major
1570,Commitments,Togo,IDA,WESTERN AND CENTRAL AFRICA,FY25,200.0,100.0,0.0,150.0,450.0,2025,4,annual,450.0,0.0,country,0.4444444444444444,5.303304908059076,0.2222222222222222,4.61512051684126,0.0,0.0,0.3333333333333333,5.017279836814924,6.111467339502679,511.0,-61.0,-0.11937377690802348,511.0,-0.11937377690802348,450.0,370.0,True,0.8222222222222222,0.836924219910847,450.0,significant
350,Commitments,Togo,IDA,WESTERN AND CENTRAL AFRICA,2025-Q3,200.0,100.0,0.0,0.0,300.0,2025,3,quarterly,300.0,0.0,country,0.6666666666666666,5.303304908059076,0.3333333333333333,4.61512051684126,0.0,0.0,0.0,0.0,5.707110264748875,,,,,,300.0,287.98,True,0.9599333333333334,0.9124293785310734,300.0,significant
157,Commitments,Togo,IDA,WESTERN AND CENTRAL AFRICA,2026-Q3,150.0,70.0,0.0,0.0,220.0,2026,3,quarterly,220.0,0.0,country,0.6818181818181818,5.017279836814924,0.3181818181818182,4.2626798770413155,0.0,0.0,0.0,0.0,5.3981627015177525,300.0,-80.0,-0.26666666666666666,300.0,-0.26666666666666666,220.0,266.55,True,1.2115909090909092,0.8757062146892656,220.0,significant
2570,Gross Disbursements,Togo,IDA,AFRICA,FY14,0.0,24.0,0.0,0.0,24.0,2014,4,annual,24.0,0.0,country,0.0,0.0,1.0,3.2188758248682006,0.0,0.0,0.0,0.0,3.2188758248682006,,,,,,48.0,24.0,True,0.5,0.42787682333873583,24.0,moderate
2402,Gross Disbursements,Togo,IDA,AFRICA,FY15,13.0,30.0,0.0,0.0,43.0,2015,4,annual,43.0,0.0,country,0.3023255813953488,2.6390573296152584,0.6976744186046512,3.4339872044851463,0.0,0.0,0.0,0.0,3.784189633918261,24.0,19.0,0.7916666666666666,24.0,0.7916666666666666,0.0,43.0,False,,0.5145867098865479,43.0,moderate
1120,Gross Disbursements,Togo,IDA,AFRICA,FY16,0.0,27.0,0.0,0.0,27.0,2016,4,annual,27.0,0.0,country,0.0,0.0,1.0,3.332204510175204,0.0,0.0,0.0,0.0,3.332204510175204,43.0,-16.0,-0.37209302325581395,43.0,-0.37209302325581395,15.0,27.0,True,1.8,0.4485413290113452,27.0,moderate
924,Gross Disbursements,Togo,IDA,AFRICA,FY17,0.0,13.0,0.0,0.0,13.0,2017,4,annual,13.0,0.0,country,0.0,0.0,1.0,2.6390573296152584,0.0,0.0,0.0,0.0,2.6390573296152584,27.0,-14.0,-0.5185185185185185,27.0,-0.5185185185185185,113.0,13.0,True,0.11504424778761062,0.35615883306320906,13.0,moderate
755,Gross Disbursements,Togo,IDA,AFRICA,FY18,53.0,26.0,0.0,0.0,78.0,2018,4,annual,79.0,-1.0,country,0.6794871794871795,3.9889840465642745,0.3333333333333333,3.295836866004329,0.0,0.0,0.0,0.0,4.3694478524670215,13.0,65.0,5.0,13.0,5.0,147.0,78.0,True,0.5306122448979592,0.6179092382495948,78.0,moderate
3182,Gross Disbursements,Togo,IDA,AFRICA,FY19,40.0,38.0,0.0,0.0,78.0,2019,4,annual,78.0,0.0,country,0.5128205128205128,3.713572066704308,0.48717948717948717,3.6635616461296463,0.0,0.0,0.0,0.0,4.3694478524670215,78.0,0.0,0.0,78.0,0.0,70.0,78.0,True,1.1142857142857143,0.6179092382495948,78.0,moderate
2068,Gross Disbursements,Togo,IDA,AFRICA WEST,FY20,151.0,67.0,0.0,0.0,218.0,2020,4,annual,218.0,0.0,country,0.6926605504587156,5.0238805208462765,0.3073394495412844,4.219507705176107,0.0,0.0,0.0,0.0,5.389071729816501,78.0,140.0,1.794871794871795,78.0,1.794871794871795,278.0,218.0,True,0.7841726618705036,0.776742301458671,218.0,significant
1902,Gross Disbursements,Togo,IDA,WESTERN AND CENTRAL AFRICA,FY21,73.0,70.0,0.0,0.0,143.0,2021,4,annual,143.0,0.0,country,0.5104895104895105,4.30406509320417,0.48951048951048953,4.2626798770413155,0.0,0.0,0.0,0.0,4.969813299576001,218.0,-75.0,-0.3440366972477064,218.0,-0.3440366972477064,208.0,143.0,True,0.6875,0.7123176661264181,143.0,significant
537,Gross Disbursements,Togo,IDA,WESTERN AND CENTRAL AFRICA,FY22,94.0,83.0,0.0,0.0,177.0,2022,4,annual,177.0,0.0,country,0.5310734463276836,4.553876891600541,0.4689265536723164,4.430816798843313,0.0,0.0,0.0,0.0,5.181783550292085,143.0,34.0,0.23776223776223776,143.0,0.23776223776223776,440.0,177.0,True,0.4022727272727273,0.7491896272285251,177.0,significant
2923,Gross Disbursements,Togo,IDA,WESTERN AND CENTRAL AFRICA,FY23,0.0,148.0,0.0,0.0,148.0,2023,4,annual,148.0,0.0,country,0.0,0.0,1.0,5.003946305945459,0.0,0.0,0.0,0.0,5.003946305945459,177.0,-29.0,-0.1638418079096045,177.0,-0.1638418079096045,260.0,148.0,True,0.5692307692307692,0.7196110210696921,148.0,significant
1845,Gross Disbursements,Togo,IDA,WESTERN AND CENTRAL AFRICA,FY24,145.0,102.0,0.0,24.0,271.0,2024,4,annual,271.0,0.0,country,0.5350553505535055,4.983606621708336,0.3763837638376384,4.634728988229636,0.0,0.0,0.08856088560885608,3.2188758248682006,5.605802066295998,148.0,123.0,0.831081081081081,148.0,0.831081081081081,511.0,271.0,True,0.5303326810176126,0.8075364667747164,271.0,significant
1725,Gross Disbursements,Togo,IDA,WESTERN AND CENTRAL AFRICA,FY25,186.0,168.0,0.0,16.0,370.0,2025,4,annual,370.0,0.0,country,0.5027027027027027,5.231108616854587,0.4540540540540541,5.1298987149230735,0.0,0.0,0.043243243243243246,2.833213344056216,5.916202062607435,271.0,99.0,0.36531365313653136,271.0,0.36531365313653136,450.0,370.0,True,0.8222222222222222,0.8435980551053485,370.0,significant
1410,Gross Disbursements,Togo,IDA,WESTERN AND CENTRAL AFRICA,2025-Q3,186.49,85.0,0.0,16.49,287.98,2025,3,quarterly,287.98,0.0,country,0.6475796930342385,5.2337255106548595,0.29515938606847697,4.454347296253507,0.0,0.0,0.057260920897284524,2.8616292890305104,5.666357481565465,,,,,,300.0,287.98,True,0.9599333333333334,0.7946428571428571,287.98,significant
1287,Gross Disbursements,Togo,IDA,WESTERN AND CENTRAL AFRICA,2026-Q3,153.0,74.0,0.0,39.55,266.55,2026,3,quarterly,266.55,0.0,country,0.5740011254924029,5.0369526024136295,0.27762145938848243,4.31748811353631,0.0,0.0,0.1483774151191146,3.702535780561422,5.589306464757314,287.98,-21.430000000000007,-0.07441488992291133,287.98,-0.07441488992291133,220.0,266.55,True,1.2115909090909092,0.7767857142857143,266.55,significant
2504,Commitments,Tonga,IDA,EAST ASIA AND PACIFIC,FY14,5.0,12.0,0.0,0.0,17.0,2014,4,annual,17.0,0.0,country,0.29411764705882354,1.791759469228055,0.7058823529411765,2.5649493574615367,0.0,0.0,0.0,0.0,2.8903717578961645,,,,,,17.0,12.0,True,0.7058823529411765,0.4335066864784547,17.0,moderate
2334,Commitments,Tonga,IDA,EAST ASIA AND PACIFIC,FY15,5.0,11.0,0.0,0.0,16.0,2015,4,annual,16.0,0.0,country,0.3125,1.791759469228055,0.6875,2.4849066497880004,0.0,0.0,0.0,0.0,2.833213344056216,17.0,-1.0,-0.058823529411764705,17.0,-0.058823529411764705,16.0,17.0,True,1.0625,0.4294205052005943,16.0,moderate
1051,Commitments,Tonga,IDA,EAST ASIA AND PACIFIC,FY16,2.0,11.0,0.0,0.0,13.0,2016,4,annual,13.0,0.0,country,0.15384615384615385,1.0986122886681098,0.8461538461538461,2.4849066497880004,0.0,0.0,0.0,0.0,2.6390573296152584,16.0,-3.0,-0.1875,16.0,-0.1875,13.0,18.0,True,1.3846153846153846,0.42161961367013373,13.0,moderate
869,Commitments,Tonga,IDA,EAST ASIA AND PACIFIC,FY17,5.0,0.0,0.0,0.0,5.0,2017,4,annual,5.0,0.0,country,1.0,1.791759469228055,0.0,0.0,0.0,0.0,0.0,0.0,1.791759469228055,13.0,-8.0,-0.6153846153846154,13.0,-0.6153846153846154,5.0,11.0,False,,0.40007429420505203,5.0,limited
3319,Commitments,Tonga,IDA,EAST ASIA AND PACIFIC,FY18,10.0,0.0,0.0,0.0,10.0,2018,4,annual,10.0,0.0,country,1.0,2.3978952727983707,0.0,0.0,0.0,0.0,0.0,0.0,2.3978952727983707,5.0,5.0,1.0,5.0,1.0,10.0,9.0,True,0.9,0.4138187221396731,10.0,limited
3112,Commitments,Tonga,IDA,EAST ASIA AND PACIFIC,FY19,6.0,74.0,0.0,0.0,80.0,2019,4,annual,80.0,0.0,country,0.075,1.9459101490553132,0.925,4.31748811353631,0.0,0.0,0.0,0.0,4.394449154672439,10.0,70.0,7.0,10.0,7.0,80.0,24.0,True,0.3,0.5980683506686478,80.0,moderate
2215,Commitments,Tonga,IDA,EAST ASIA AND PACIFIC,FY20,6.0,5.0,0.0,0.0,11.0,2020,4,annual,11.0,0.0,country,0.5454545454545454,1.9459101490553132,0.45454545454545453,1.791759469228055,0.0,0.0,0.0,0.0,2.4849066497880004,80.0,-69.0,-0.8625,80.0,-0.8625,11.0,16.0,True,1.4545454545454546,0.4175334323922734,11.0,moderate
1925,Commitments,Tonga,IDA,EAST ASIA AND PACIFIC,FY21,30.0,0.0,0.0,0.0,30.0,2021,4,annual,30.0,0.0,country,1.0,3.4339872044851463,0.0,0.0,0.0,0.0,0.0,0.0,3.4339872044851463,11.0,19.0,1.7272727272727273,11.0,1.7272727272727273,30.0,49.0,True,1.6333333333333333,0.48068350668647847,30.0,moderate
560,Commitments,Tonga,IDA,EAST ASIA AND PACIFIC,FY22,39.0,68.0,0.0,0.0,107.0,2022,4,annual,107.0,0.0,country,0.3644859813084112,3.6888794541139363,0.6355140186915887,4.23410650459726,0.0,0.0,0.0,0.0,4.68213122712422,30.0,77.0,2.566666666666667,30.0,2.566666666666667,107.0,32.0,True,0.29906542056074764,0.6523031203566122,107.0,significant
2946,Commitments,Tonga,IDA,EAST ASIA AND PACIFIC,FY23,0.0,0.0,0.0,0.0,0.0,2023,4,annual,0.0,0.0,country,0.0,0.0,0.0,0.0,0.0,0.0,0.0,0.0,0.0,107.0,-107.0,-1.0,107.0,-1.0,0.0,28.0,False,,0.19539375928677563,0.0,limited
2781,Commitments,Tonga,IDA,EAST ASIA AND PACIFIC,FY24,25.0,0.0,0.0,0.0,25.0,2024,4,annual,25.0,0.0,country,1.0,3.258096538021482,0.0,0.0,0.0,0.0,0.0,0.0,3.258096538021482,0.0,25.0,,0.0,,25.0,23.0,True,0.92,0.4676820208023774,25.0,moderate
1582,Commitments,Tonga,IDA,EAST ASIA AND PACIFIC,FY25,12.0,54.0,0.0,0.0,66.0,2025,4,annual,66.0,0.0,country,0.18181818181818182,2.5649493574615367,0.8181818181818182,4.007333185232471,0.0,0.0,0.0,0.0,4.204692619390966,25.0,41.0,1.64,25.0,1.64,66.0,42.0,True,0.6363636363636364,0.5687221396731055,66.0,moderate
362,Commitments,Tonga,IDA,EAST ASIA AND PACIFIC,2025-Q3,1.0,54.0,0.0,0.0,55.0,2025,3,quarterly,55.0,0.0,country,0.01818181818181818,0.6931471805599453,0.9818181818181818,4.007333185232471,0.0,0.0,0.0,0.0,4.02535169073515,,,,,,55.0,24.0,True,0.43636363636363634,0.7387005649717514,55.0,moderate
169,Commitments,Tonga,IDA,EAST ASIA AND PACIFIC,2026-Q3,0.0,23.0,0.0,0.0,23.0,2026,3,quarterly,23.0,0.0,country,0.0,0.0,1.0,3.1780538303479458,0.0,0.0,0.0,0.0,3.1780538303479458,55.0,-32.0,-0.5818181818181818,55.0,-0.5818181818181818,23.0,20.0,True,0.8695652173913043,0.6638418079096046,23.0,moderate
2586,Gross Disbursements,Tonga,IDA,EAST ASIA AND PACIFIC,FY14,5.0,7.0,0.0,0.0,12.0,2014,4,annual,12.0,0.0,country,0.4166666666666667,1.791759469228055,0.5833333333333334,2.0794415416798357,0.0,0.0,0.0,0.0,2.5649493574615367,,,,,,17.0,12.0,True,0.7058823529411765,0.34562398703403563,12.0,moderate
2418,Gross Disbursements,Tonga,IDA,EAST ASIA AND PACIFIC,FY15,5.0,12.0,0.0,0.0,17.0,2015,4,annual,17.0,0.0,country,0.29411764705882354,1.791759469228055,0.7058823529411765,2.5649493574615367,0.0,0.0,0.0,0.0,2.8903717578961645,12.0,5.0,0.4166666666666667,12.0,0.4166666666666667,16.0,17.0,True,1.0625,0.38492706645056723,17.0,moderate
1141,Gross Disbursements,Tonga,IDA,EAST ASIA AND PACIFIC,FY16,2.0,16.0,0.0,0.0,18.0,2016,4,annual,18.0,0.0,country,0.1111111111111111,1.0986122886681098,0.8888888888888888,2.833213344056216,0.0,0.0,0.0,0.0,2.9444389791664403,17.0,1.0,0.058823529411764705,17.0,0.058823529411764705,13.0,18.0,True,1.3846153846153846,0.3942463533225284,18.0,moderate
959,Gross Disbursements,Tonga,IDA,EAST ASIA AND PACIFIC,FY17,5.0,5.0,0.0,0.0,11.0,2017,4,annual,10.0,1.0,country,0.45454545454545453,1.791759469228055,0.45454545454545453,1.791759469228055,0.0,0.0,0.0,0.0,2.4849066497880004,18.0,-7.0,-0.3888888888888889,18.0,-0.3888888888888889,5.0,11.0,False,,0.33833063209076175,11.0,moderate
778,Gross Disbursements,Tonga,IDA,EAST ASIA AND PACIFIC,FY18,0.0,9.0,0.0,0.0,9.0,2018,4,annual,9.0,0.0,country,0.0,0.0,1.0,2.302585092994046,0.0,0.0,0.0,0.0,2.302585092994046,11.0,-2.0,-0.18181818181818182,11.0,-0.18181818181818182,10.0,9.0,True,0.9,0.31685575364667745,9.0,limited
3231,Gross Disbursements,Tonga,IDA,EAST ASIA AND PACIFIC,FY19,16.0,8.0,0.0,0.0,24.0,2019,4,annual,24.0,0.0,country,0.6666666666666666,2.833213344056216,0.3333333333333333,2.1972245773362196,0.0,0.0,0.0,0.0,3.2188758248682006,9.0,15.0,1.6666666666666667,9.0,1.6666666666666667,80.0,24.0,True,0.3,0.42787682333873583,24.0,moderate
2088,Gross Disbursements,Tonga,IDA,EAST ASIA AND PACIFIC,FY20,6.0,10.0,0.0,0.0,16.0,2020,4,annual,16.0,0.0,country,0.375,1.9459101490553132,0.625,2.3978952727983707,0.0,0.0,0.0,0.0,2.833213344056216,24.0,-8.0,-0.3333333333333333,24.0,-0.3333333333333333,11.0,16.0,True,1.4545454545454546,0.37682333873581847,16.0,moderate
685,Gross Disbursements,Tonga,IDA,EAST ASIA AND PACIFIC,FY21,31.0,18.0,0.0,0.0,49.0,2021,4,annual,49.0,0.0,country,0.6326530612244898,3.4657359027997265,0.3673469387755102,2.9444389791664403,0.0,0.0,0.0,0.0,3.912023005428146,16.0,33.0,2.0625,16.0,2.0625,30.0,49.0,True,1.6333333333333333,0.5380875202593193,49.0,moderate
438,Gross Disbursements,Tonga,IDA,EAST ASIA AND PACIFIC,FY22,19.0,13.0,0.0,0.0,32.0,2022,4,annual,32.0,0.0,country,0.59375,2.995732273553991,0.40625,2.6390573296152584,0.0,0.0,0.0,0.0,3.4965075614664802,49.0,-17.0,-0.3469387755102041,49.0,-0.3469387755102041,107.0,32.0,True,0.29906542056074764,0.4712317666126418,32.0,moderate
2822,Gross Disbursements,Tonga,IDA,EAST ASIA AND PACIFIC,FY23,19.0,9.0,0.0,0.0,28.0,2023,4,annual,28.0,0.0,country,0.6785714285714286,2.995732273553991,0.32142857142857145,2.302585092994046,0.0,0.0,0.0,0.0,3.367295829986474,32.0,-4.0,-0.125,32.0,-0.125,0.0,28.0,False,,0.4529983792544571,28.0,moderate
1744,Gross Disbursements,Tonga,IDA,EAST ASIA AND PACIFIC,FY24,5.0,18.0,0.0,0.0,23.0,2024,4,annual,23.0,0.0,country,0.21739130434782608,1.791759469228055,0.782608695652174,2.9444389791664403,0.0,0.0,0.0,0.0,3.1780538303479458,28.0,-5.0,-0.17857142857142858,28.0,-0.17857142857142858,25.0,23.0,True,0.92,0.42017828200972446,23.0,moderate
1624,Gross Disbursements,Tonga,IDA,EAST ASIA AND PACIFIC,FY25,12.0,30.0,0.0,0.0,42.0,2025,4,annual,42.0,0.0,country,0.2857142857142857,2.5649493574615367,0.7142857142857143,3.4339872044851463,0.0,0.0,0.0,0.0,3.7612001156935624,23.0,19.0,0.8260869565217391,23.0,0.8260869565217391,66.0,42.0,True,0.6363636363636364,0.5097244732576985,42.0,moderate
1309,Gross Disbursements,Tonga,IDA,EAST ASIA AND PACIFIC,2025-Q3,0.0,24.0,0.0,0.0,24.0,2025,3,quarterly,24.0,0.0,country,0.0,0.0,1.0,3.2188758248682006,0.0,0.0,0.0,0.0,3.2188758248682006,,,,,,55.0,24.0,True,0.43636363636363634,0.4375,24.0,moderate
1186,Gross Disbursements,Tonga,IDA,EAST ASIA AND PACIFIC,2026-Q3,0.0,20.0,0.0,0.0,20.0,2026,3,quarterly,20.0,0.0,country,0.0,0.0,1.0,3.044522437723423,0.0,0.0,0.0,0.0,3.044522437723423,24.0,-4.0,-0.16666666666666666,24.0,-0.16666666666666666,23.0,20.0,True,0.8695652173913043,0.42410714285714285,20.0,moderate
2731,Commitments,Trinidad and Tobago,IDA,LATIN AMERICA AND CARIBBEAN,FY24,0.0,0.0,0.0,0.0,0.0,2024,4,annual,0.0,0.0,country,0.0,0.0,0.0,0.0,0.0,0.0,0.0,0.0,0.0,,,,,,0.0,,False,,0.19539375928677563,0.0,limited
1532,Commitments,Trinidad and Tobago,IDA,LATIN AMERICA AND CARIBBEAN,FY25,0.0,0.0,0.0,0.0,0.0,2025,4,annual,0.0,0.0,country,0.0,0.0,0.0,0.0,0.0,0.0,0.0,0.0,0.0,0.0,0.0,,0.0,,0.0,,False,,0.19539375928677563,0.0,limited
312,Commitments,Trinidad and Tobago,IDA,LATIN AMERICA AND CARIBBEAN,2025-Q3,0.0,0.0,0.0,0.0,0.0,2025,3,quarterly,0.0,0.0,country,0.0,0.0,0.0,0.0,0.0,0.0,0.0,0.0,0.0,,,,,,0.0,,False,,0.326271186440678,0.0,limited
119,Commitments,Trinidad and Tobago,IDA,LATIN AMERICA AND CARIBBEAN,2026-Q3,0.0,0.0,0.0,0.0,0.0,2026,3,quarterly,0.0,0.0,country,0.0,0.0,0.0,0.0,0.0,0.0,0.0,0.0,0.0,0.0,0.0,,0.0,,0.0,,False,,0.326271186440678,0.0,limited
3396,Commitments,Tunisia,IDA,MIDDLE EAST AND NORTH AFRICA,FY18,0.0,0.0,0.0,0.0,0.0,2018,4,annual,0.0,0.0,country,0.0,0.0,0.0,0.0,0.0,0.0,0.0,0.0,0.0,,,,,,0.0,,False,,0.19539375928677563,0.0,limited
3156,Commitments,Tunisia,IDA,MIDDLE EAST AND NORTH AFRICA,FY19,0.0,0.0,0.0,0.0,0.0,2019,4,annual,0.0,0.0,country,0.0,0.0,0.0,0.0,0.0,0.0,0.0,0.0,0.0,0.0,0.0,,0.0,,0.0,0.0,False,,0.19539375928677563,0.0,limited
3028,Commitments,Tunisia,IDA,MIDDLE EAST AND NORTH AFRICA,FY20,0.0,0.0,0.0,0.0,0.0,2020,4,annual,0.0,0.0,country,0.0,0.0,0.0,0.0,0.0,0.0,0.0,0.0,0.0,0.0,0.0,,0.0,,0.0,0.0,False,,0.19539375928677563,0.0,limited
1997,Commitments,Tunisia,IDA,MIDDLE EAST AND NORTH AFRICA,FY21,0.0,0.0,0.0,0.0,0.0,2021,4,annual,0.0,0.0,country,0.0,0.0,0.0,0.0,0.0,0.0,0.0,0.0,0.0,0.0,0.0,,0.0,,0.0,0.0,False,,0.19539375928677563,0.0,limited
632,Commitments,Tunisia,IDA,MIDDLE EAST AND NORTH AFRICA,FY22,0.0,0.0,0.0,0.0,0.0,2022,4,annual,0.0,0.0,country,0.0,0.0,0.0,0.0,0.0,0.0,0.0,0.0,0.0,0.0,0.0,,0.0,,0.0,0.0,False,,0.19539375928677563,0.0,limited
385,Commitments,Tunisia,IDA,MIDDLE EAST AND NORTH AFRICA,FY23,0.0,0.0,0.0,0.0,0.0,2023,4,annual,0.0,0.0,country,0.0,0.0,0.0,0.0,0.0,0.0,0.0,0.0,0.0,0.0,0.0,,0.0,,0.0,0.0,False,,0.19539375928677563,0.0,limited
2745,Commitments,Tunisia,IDA,MIDDLE EAST AND NORTH AFRICA,FY24,0.0,0.0,0.0,0.0,0.0,2024,4,annual,0.0,0.0,country,0.0,0.0,0.0,0.0,0.0,0.0,0.0,0.0,0.0,0.0,0.0,,0.0,,0.0,0.0,False,,0.19539375928677563,0.0,limited
1546,Commitments,Tunisia,IDA,MIDDLE EAST AND NORTH AFRICA,FY25,0.0,0.0,0.0,0.0,0.0,2025,4,annual,0.0,0.0,country,0.0,0.0,0.0,0.0,0.0,0.0,0.0,0.0,0.0,0.0,0.0,,0.0,,0.0,0.0,False,,0.19539375928677563,0.0,limited
326,Commitments,Tunisia,IDA,"MIDDLE EAST, NORTH AFRICA, AFGHANISTAN, AND PAKISTAN",2025-Q3,0.0,0.0,0.0,0.0,0.0,2025,3,quarterly,0.0,0.0,country,0.0,0.0,0.0,0.0,0.0,0.0,0.0,0.0,0.0,,,,,,0.0,0.0,False,,0.326271186440678,0.0,limited
133,Commitments,Tunisia,IDA,"MIDDLE EAST, NORTH AFRICA, AFGHANISTAN, AND PAKISTAN",2026-Q3,2.0,0.0,0.0,0.0,2.0,2026,3,quarterly,2.0,0.0,country,1.0,1.0986122886681098,0.0,0.0,0.0,0.0,0.0,0.0,1.0986122886681098,0.0,2.0,,0.0,,2.0,0.0,False,,0.6440677966101694,2.0,limited
2278,Gross Disbursements,Tunisia,IDA,MIDDLE EAST AND NORTH AFRICA,FY16,0.0,0.0,0.0,0.0,0.0,2016,4,annual,0.0,0.0,country,0.0,0.0,0.0,0.0,0.0,0.0,0.0,0.0,0.0,,,,,,,0.0,False,,0.1094003241491086,0.0,limited
1003,Gross Disbursements,Tunisia,IDA,MIDDLE EAST AND NORTH AFRICA,FY17,0.0,0.0,0.0,0.0,0.0,2017,4,annual,0.0,0.0,country,0.0,0.0,0.0,0.0,0.0,0.0,0.0,0.0,0.0,0.0,0.0,,0.0,,,0.0,False,,0.1094003241491086,0.0,limited
3274,Gross Disbursements,Tunisia,IDA,MIDDLE EAST AND NORTH AFRICA,FY19,0.0,0.0,0.0,0.0,0.0,2019,4,annual,0.0,0.0,country,0.0,0.0,0.0,0.0,0.0,0.0,0.0,0.0,0.0,0.0,0.0,,0.0,,0.0,0.0,False,,0.1094003241491086,0.0,limited
2150,Gross Disbursements,Tunisia,IDA,MIDDLE EAST AND NORTH AFRICA,FY20,0.0,0.0,0.0,0.0,0.0,2020,4,annual,0.0,0.0,country,0.0,0.0,0.0,0.0,0.0,0.0,0.0,0.0,0.0,0.0,0.0,,0.0,,0.0,0.0,False,,0.1094003241491086,0.0,limited
1869,Gross Disbursements,Tunisia,IDA,MIDDLE EAST AND NORTH AFRICA,FY21,0.0,0.0,0.0,0.0,0.0,2021,4,annual,0.0,0.0,country,0.0,0.0,0.0,0.0,0.0,0.0,0.0,0.0,0.0,0.0,0.0,,0.0,,0.0,0.0,False,,0.1094003241491086,0.0,limited
504,Gross Disbursements,Tunisia,IDA,MIDDLE EAST AND NORTH AFRICA,FY22,0.0,0.0,0.0,0.0,0.0,2022,4,annual,0.0,0.0,country,0.0,0.0,0.0,0.0,0.0,0.0,0.0,0.0,0.0,0.0,0.0,,0.0,,0.0,0.0,False,,0.1094003241491086,0.0,limited
2890,Gross Disbursements,Tunisia,IDA,MIDDLE EAST AND NORTH AFRICA,FY23,0.0,0.0,0.0,0.0,0.0,2023,4,annual,0.0,0.0,country,0.0,0.0,0.0,0.0,0.0,0.0,0.0,0.0,0.0,0.0,0.0,,0.0,,0.0,0.0,False,,0.1094003241491086,0.0,limited
1812,Gross Disbursements,Tunisia,IDA,MIDDLE EAST AND NORTH AFRICA,FY24,0.0,0.0,0.0,0.0,0.0,2024,4,annual,0.0,0.0,country,0.0,0.0,0.0,0.0,0.0,0.0,0.0,0.0,0.0,0.0,0.0,,0.0,,0.0,0.0,False,,0.1094003241491086,0.0,limited
1692,Gross Disbursements,Tunisia,IDA,MIDDLE EAST AND NORTH AFRICA,FY25,0.0,0.0,0.0,0.0,0.0,2025,4,annual,0.0,0.0,country,0.0,0.0,0.0,0.0,0.0,0.0,0.0,0.0,0.0,0.0,0.0,,0.0,,0.0,0.0,False,,0.1094003241491086,0.0,limited
1377,Gross Disbursements,Tunisia,IDA,"MIDDLE EAST, NORTH AFRICA, AFGHANISTAN, AND PAKISTAN",2025-Q3,0.0,0.0,0.0,0.0,0.0,2025,3,quarterly,0.0,0.0,country,0.0,0.0,0.0,0.0,0.0,0.0,0.0,0.0,0.0,,,,,,0.0,0.0,False,,0.15848214285714285,0.0,limited
1254,Gross Disbursements,Tunisia,IDA,"MIDDLE EAST, NORTH AFRICA, AFGHANISTAN, AND PAKISTAN",2026-Q3,0.0,0.0,0.0,0.0,0.0,2026,3,quarterly,0.0,0.0,country,0.0,0.0,0.0,0.0,0.0,0.0,0.0,0.0,0.0,0.0,0.0,,0.0,,2.0,0.0,False,,0.15848214285714285,0.0,limited
3377,Commitments,Turkiye,IDA,EUROPE AND CENTRAL ASIA,FY18,0.0,0.0,0.0,0.0,0.0,2018,4,annual,0.0,0.0,country,0.0,0.0,0.0,0.0,0.0,0.0,0.0,0.0,0.0,,,,,,0.0,,False,,0.19539375928677563,0.0,limited
3139,Commitments,Turkiye,IDA,EUROPE AND CENTRAL ASIA,FY19,0.0,0.0,0.0,0.0,0.0,2019,4,annual,0.0,0.0,country,0.0,0.0,0.0,0.0,0.0,0.0,0.0,0.0,0.0,0.0,0.0,,0.0,,0.0,0.0,False,,0.19539375928677563,0.0,limited
3010,Commitments,Turkiye,IDA,EUROPE AND CENTRAL ASIA,FY20,0.0,0.0,0.0,0.0,0.0,2020,4,annual,0.0,0.0,country,0.0,0.0,0.0,0.0,0.0,0.0,0.0,0.0,0.0,0.0,0.0,,0.0,,0.0,0.0,False,,0.19539375928677563,0.0,limited
1966,Commitments,Turkiye,IDA,EUROPE AND CENTRAL ASIA,FY21,0.0,0.0,0.0,0.0,0.0,2021,4,annual,0.0,0.0,country,0.0,0.0,0.0,0.0,0.0,0.0,0.0,0.0,0.0,0.0,0.0,,0.0,,0.0,0.0,False,,0.19539375928677563,0.0,limited
601,Commitments,Turkiye,IDA,EUROPE AND CENTRAL ASIA,FY22,0.0,0.0,0.0,0.0,0.0,2022,4,annual,0.0,0.0,country,0.0,0.0,0.0,0.0,0.0,0.0,0.0,0.0,0.0,0.0,0.0,,0.0,,0.0,0.0,False,,0.19539375928677563,0.0,limited
2987,Commitments,Turkiye,IDA,EUROPE AND CENTRAL ASIA,FY23,0.0,0.0,0.0,0.0,0.0,2023,4,annual,0.0,0.0,country,0.0,0.0,0.0,0.0,0.0,0.0,0.0,0.0,0.0,0.0,0.0,,0.0,,0.0,0.0,False,,0.19539375928677563,0.0,limited
2696,Commitments,Turkiye,IDA,EUROPE AND CENTRAL ASIA,FY24,0.0,0.0,0.0,0.0,0.0,2024,4,annual,0.0,0.0,country,0.0,0.0,0.0,0.0,0.0,0.0,0.0,0.0,0.0,0.0,0.0,,0.0,,0.0,0.0,False,,0.19539375928677563,0.0,limited
1497,Commitments,Turkiye,IDA,EUROPE AND CENTRAL ASIA,FY25,0.0,0.0,0.0,0.0,0.0,2025,4,annual,0.0,0.0,country,0.0,0.0,0.0,0.0,0.0,0.0,0.0,0.0,0.0,0.0,0.0,,0.0,,0.0,0.0,False,,0.19539375928677563,0.0,limited
277,Commitments,Turkiye,IDA,EUROPE AND CENTRAL ASIA,2025-Q3,0.0,0.0,0.0,0.0,0.0,2025,3,quarterly,0.0,0.0,country,0.0,0.0,0.0,0.0,0.0,0.0,0.0,0.0,0.0,,,,,,0.0,0.0,False,,0.326271186440678,0.0,limited
84,Commitments,Turkiye,IDA,EUROPE AND CENTRAL ASIA,2026-Q3,0.0,0.0,0.0,0.0,0.0,2026,3,quarterly,0.0,0.0,country,0.0,0.0,0.0,0.0,0.0,0.0,0.0,0.0,0.0,0.0,0.0,,0.0,,0.0,0.0,False,,0.326271186440678,0.0,limited
2255,Gross Disbursements,Turkiye,IDA,EUROPE AND CENTRAL ASIA,FY16,0.0,0.0,0.0,0.0,0.0,2016,4,annual,0.0,0.0,country,0.0,0.0,0.0,0.0,0.0,0.0,0.0,0.0,0.0,,,,,,,0.0,False,,0.1094003241491086,0.0,limited
993,Gross Disbursements,Turkiye,IDA,EUROPE AND CENTRAL ASIA,FY17,0.0,0.0,0.0,0.0,0.0,2017,4,annual,0.0,0.0,country,0.0,0.0,0.0,0.0,0.0,0.0,0.0,0.0,0.0,0.0,0.0,,0.0,,,0.0,False,,0.1094003241491086,0.0,limited
3264,Gross Disbursements,Turkiye,IDA,EUROPE AND CENTRAL ASIA,FY19,0.0,0.0,0.0,0.0,0.0,2019,4,annual,0.0,0.0,country,0.0,0.0,0.0,0.0,0.0,0.0,0.0,0.0,0.0,0.0,0.0,,0.0,,0.0,0.0,False,,0.1094003241491086,0.0,limited
2140,Gross Disbursements,Turkiye,IDA,EUROPE AND CENTRAL ASIA,FY20,0.0,0.0,0.0,0.0,0.0,2020,4,annual,0.0,0.0,country,0.0,0.0,0.0,0.0,0.0,0.0,0.0,0.0,0.0,0.0,0.0,,0.0,,0.0,0.0,False,,0.1094003241491086,0.0,limited
726,Gross Disbursements,Turkiye,IDA,EUROPE AND CENTRAL ASIA,FY21,0.0,0.0,0.0,0.0,0.0,2021,4,annual,0.0,0.0,country,0.0,0.0,0.0,0.0,0.0,0.0,0.0,0.0,0.0,0.0,0.0,,0.0,,0.0,0.0,False,,0.1094003241491086,0.0,limited
479,Gross Disbursements,Turkiye,IDA,EUROPE AND CENTRAL ASIA,FY22,0.0,0.0,0.0,0.0,0.0,2022,4,annual,0.0,0.0,country,0.0,0.0,0.0,0.0,0.0,0.0,0.0,0.0,0.0,0.0,0.0,,0.0,,0.0,0.0,False,,0.1094003241491086,0.0,limited
2863,Gross Disbursements,Turkiye,IDA,EUROPE AND CENTRAL ASIA,FY23,0.0,0.0,0.0,0.0,0.0,2023,4,annual,0.0,0.0,country,0.0,0.0,0.0,0.0,0.0,0.0,0.0,0.0,0.0,0.0,0.0,,0.0,,0.0,0.0,False,,0.1094003241491086,0.0,limited
1785,Gross Disbursements,Turkiye,IDA,EUROPE AND CENTRAL ASIA,FY24,0.0,0.0,0.0,0.0,0.0,2024,4,annual,0.0,0.0,country,0.0,0.0,0.0,0.0,0.0,0.0,0.0,0.0,0.0,0.0,0.0,,0.0,,0.0,0.0,False,,0.1094003241491086,0.0,limited
1665,Gross Disbursements,Turkiye,IDA,EUROPE AND CENTRAL ASIA,FY25,0.0,0.0,0.0,0.0,0.0,2025,4,annual,0.0,0.0,country,0.0,0.0,0.0,0.0,0.0,0.0,0.0,0.0,0.0,0.0,0.0,,0.0,,0.0,0.0,False,,0.1094003241491086,0.0,limited
1350,Gross Disbursements,Turkiye,IDA,EUROPE AND CENTRAL ASIA,2025-Q3,0.0,0.0,0.0,0.0,0.0,2025,3,quarterly,0.0,0.0,country,0.0,0.0,0.0,0.0,0.0,0.0,0.0,0.0,0.0,,,,,,0.0,0.0,False,,0.15848214285714285,0.0,limited
1227,Gross Disbursements,Turkiye,IDA,EUROPE AND CENTRAL ASIA,2026-Q3,0.0,0.0,0.0,0.0,0.0,2026,3,quarterly,0.0,0.0,country,0.0,0.0,0.0,0.0,0.0,0.0,0.0,0.0,0.0,0.0,0.0,,0.0,,0.0,0.0,False,,0.15848214285714285,0.0,limited
2697,Commitments,Turkmenistan,IDA,EUROPE AND CENTRAL ASIA,FY24,0.0,0.0,0.0,0.0,0.0,2024,4,annual,0.0,0.0,country,0.0,0.0,0.0,0.0,0.0,0.0,0.0,0.0,0.0,,,,,,0.0,,False,,0.19539375928677563,0.0,limited
1498,Commitments,Turkmenistan,IDA,EUROPE AND CENTRAL ASIA,FY25,0.0,0.0,0.0,0.0,0.0,2025,4,annual,0.0,0.0,country,0.0,0.0,0.0,0.0,0.0,0.0,0.0,0.0,0.0,0.0,0.0,,0.0,,0.0,,False,,0.19539375928677563,0.0,limited
278,Commitments,Turkmenistan,IDA,EUROPE AND CENTRAL ASIA,2025-Q3,0.0,0.0,0.0,0.0,0.0,2025,3,quarterly,0.0,0.0,country,0.0,0.0,0.0,0.0,0.0,0.0,0.0,0.0,0.0,,,,,,0.0,,False,,0.326271186440678,0.0,limited
85,Commitments,Turkmenistan,IDA,EUROPE AND CENTRAL ASIA,2026-Q3,0.0,0.0,0.0,0.0,0.0,2026,3,quarterly,0.0,0.0,country,0.0,0.0,0.0,0.0,0.0,0.0,0.0,0.0,0.0,0.0,0.0,,0.0,,0.0,,False,,0.326271186440678,0.0,limited
2505,Commitments,Tuvalu,IDA,EAST ASIA AND PACIFIC,FY14,3.0,6.0,0.0,0.0,9.0,2014,4,annual,9.0,0.0,country,0.3333333333333333,1.3862943611198906,0.6666666666666666,1.9459101490553132,0.0,0.0,0.0,0.0,2.302585092994046,,,,,,9.0,4.0,False,,0.40973254086181277,9.0,limited
2335,Commitments,Tuvalu,IDA,EAST ASIA AND PACIFIC,FY15,2.0,14.0,0.0,0.0,16.0,2015,4,annual,16.0,0.0,country,0.125,1.0986122886681098,0.875,2.70805020110221,0.0,0.0,0.0,0.0,2.833213344056216,9.0,7.0,0.7777777777777778,9.0,0.7777777777777778,16.0,5.0,True,0.3125,0.4294205052005943,16.0,moderate
1052,Commitments,Tuvalu,IDA,EAST ASIA AND PACIFIC,FY16,3.0,3.0,0.0,0.0,6.0,2016,4,annual,6.0,0.0,country,0.5,1.3862943611198906,0.5,1.3862943611198906,0.0,0.0,0.0,0.0,1.9459101490553132,16.0,-10.0,-0.625,16.0,-0.625,6.0,9.0,False,,0.4049034175334324,6.0,limited
870,Commitments,Tuvalu,IDA,EAST ASIA AND PACIFIC,FY17,3.0,0.0,0.0,0.0,3.0,2017,4,annual,3.0,0.0,country,1.0,1.3862943611198906,0.0,0.0,0.0,0.0,0.0,0.0,1.3862943611198906,6.0,-3.0,-0.5,6.0,-0.5,3.0,7.0,False,,0.39338781575037146,3.0,limited
3328,Commitments,Tuvalu,IDA,EAST ASIA AND PACIFIC,FY18,0.0,9.0,0.0,0.0,9.0,2018,4,annual,9.0,0.0,country,0.0,0.0,1.0,2.302585092994046,0.0,0.0,0.0,0.0,2.302585092994046,3.0,6.0,2.0,3.0,2.0,9.0,5.0,False,,0.40973254086181277,9.0,limited
3105,Commitments,Tuvalu,IDA,EAST ASIA AND PACIFIC,FY19,8.0,49.0,0.0,0.0,57.0,2019,4,annual,57.0,0.0,country,0.14035087719298245,2.1972245773362196,0.8596491228070176,3.912023005428146,0.0,0.0,0.0,0.0,4.060443010546419,9.0,48.0,5.333333333333333,9.0,5.333333333333333,57.0,10.0,True,0.17543859649122806,0.5475482912332839,57.0,moderate
2245,Commitments,Tuvalu,IDA,EAST ASIA AND PACIFIC,FY20,14.0,17.0,0.0,0.0,31.0,2020,4,annual,31.0,0.0,country,0.45161290322580644,2.70805020110221,0.5483870967741935,2.8903717578961645,0.0,0.0,0.0,0.0,3.4657359027997265,57.0,-26.0,-0.45614035087719296,57.0,-0.45614035087719296,31.0,17.0,True,0.5483870967741935,0.48551263001485884,31.0,moderate
1926,Commitments,Tuvalu,IDA,EAST ASIA AND PACIFIC,FY21,0.0,0.0,0.0,0.0,0.0,2021,4,annual,0.0,0.0,country,0.0,0.0,0.0,0.0,0.0,0.0,0.0,0.0,0.0,31.0,-31.0,-1.0,31.0,-1.0,0.0,6.0,False,,0.19539375928677563,0.0,limited
561,Commitments,Tuvalu,IDA,EAST ASIA AND PACIFIC,FY22,17.0,68.0,0.0,0.0,85.0,2022,4,annual,85.0,0.0,country,0.2,2.8903717578961645,0.8,4.23410650459726,0.0,0.0,0.0,0.0,4.454347296253507,0.0,85.0,,0.0,,85.0,12.0,True,0.1411764705882353,0.6095839524517088,85.0,moderate
2947,Commitments,Tuvalu,IDA,EAST ASIA AND PACIFIC,FY23,0.0,23.0,0.0,0.0,23.0,2023,4,annual,23.0,0.0,country,0.0,0.0,1.0,3.1780538303479458,0.0,0.0,0.0,0.0,3.1780538303479458,85.0,-62.0,-0.7294117647058823,85.0,-0.7294117647058823,23.0,4.0,True,0.17391304347826086,0.45988112927191677,23.0,moderate
2782,Commitments,Tuvalu,IDA,EAST ASIA AND PACIFIC,FY24,12.0,55.0,0.0,0.0,67.0,2024,4,annual,67.0,0.0,country,0.1791044776119403,2.5649493574615367,0.8208955223880597,4.02535169073515,0.0,0.0,0.0,0.0,4.219507705176107,23.0,44.0,1.9130434782608696,23.0,1.9130434782608696,67.0,28.0,True,0.417910447761194,0.5709509658246656,67.0,moderate
1583,Commitments,Tuvalu,IDA,EAST ASIA AND PACIFIC,FY25,7.0,9.0,0.0,0.0,16.0,2025,4,annual,16.0,0.0,country,0.4375,2.0794415416798357,0.5625,2.302585092994046,0.0,0.0,0.0,0.0,2.833213344056216,67.0,-51.0,-0.7611940298507462,67.0,-0.7611940298507462,16.0,42.0,True,2.625,0.4294205052005943,16.0,moderate
363,Commitments,Tuvalu,IDA,EAST ASIA AND PACIFIC,2025-Q3,7.0,9.0,0.0,0.0,16.0,2025,3,quarterly,16.0,0.0,country,0.4375,2.0794415416798357,0.5625,2.302585092994046,0.0,0.0,0.0,0.0,2.833213344056216,,,,,,16.0,29.0,True,1.8125,0.6497175141242938,16.0,moderate
170,Commitments,Tuvalu,IDA,EAST ASIA AND PACIFIC,2026-Q3,-1.0,26.0,0.0,0.0,25.0,2026,3,quarterly,25.0,0.0,country,-0.04,0.0,1.04,3.295836866004329,0.0,0.0,0.0,0.0,3.258096538021482,16.0,9.0,0.5625,16.0,0.5625,25.0,28.0,True,1.12,0.6765536723163842,25.0,moderate
2587,Gross Disbursements,Tuvalu,IDA,EAST ASIA AND PACIFIC,FY14,3.0,1.0,0.0,0.0,4.0,2014,4,annual,4.0,0.0,country,0.75,1.3862943611198906,0.25,0.6931471805599453,0.0,0.0,0.0,0.0,1.6094379124341003,,,,,,9.0,4.0,False,,0.25810372771474877,4.0,limited
2419,Gross Disbursements,Tuvalu,IDA,EAST ASIA AND PACIFIC,FY15,2.0,4.0,0.0,0.0,5.0,2015,4,annual,6.0,-1.0,country,0.4,1.0986122886681098,0.8,1.6094379124341003,0.0,0.0,0.0,0.0,1.791759469228055,4.0,1.0,0.25,4.0,0.25,16.0,5.0,True,0.3125,0.2706645056726094,5.0,limited
1142,Gross Disbursements,Tuvalu,IDA,EAST ASIA AND PACIFIC,FY16,3.0,6.0,0.0,0.0,9.0,2016,4,annual,9.0,0.0,country,0.3333333333333333,1.3862943611198906,0.6666666666666666,1.9459101490553132,0.0,0.0,0.0,0.0,2.302585092994046,5.0,4.0,0.8,5.0,0.8,6.0,9.0,False,,0.31685575364667745,9.0,limited
966,Gross Disbursements,Tuvalu,IDA,EAST ASIA AND PACIFIC,FY17,3.0,4.0,0.0,0.0,7.0,2017,4,annual,7.0,0.0,country,0.42857142857142855,1.3862943611198906,0.5714285714285714,1.6094379124341003,0.0,0.0,0.0,0.0,2.0794415416798357,9.0,-2.0,-0.2222222222222222,9.0,-0.2222222222222222,3.0,7.0,False,,0.2925445705024311,7.0,limited
786,Gross Disbursements,Tuvalu,IDA,EAST ASIA AND PACIFIC,FY18,0.0,5.0,0.0,0.0,5.0,2018,4,annual,5.0,0.0,country,0.0,0.0,1.0,1.791759469228055,0.0,0.0,0.0,0.0,1.791759469228055,7.0,-2.0,-0.2857142857142857,7.0,-0.2857142857142857,9.0,5.0,False,,0.2706645056726094,5.0,limited
3225,Gross Disbursements,Tuvalu,IDA,EAST ASIA AND PACIFIC,FY19,7.0,3.0,0.0,0.0,10.0,2019,4,annual,10.0,0.0,country,0.7,2.0794415416798357,0.3,1.3862943611198906,0.0,0.0,0.0,0.0,2.3978952727983707,5.0,5.0,1.0,5.0,1.0,57.0,10.0,True,0.17543859649122806,0.3286061588330632,10.0,limited
2115,Gross Disbursements,Tuvalu,IDA,EAST ASIA AND PACIFIC,FY20,14.0,3.0,0.0,0.0,17.0,2020,4,annual,17.0,0.0,country,0.8235294117647058,2.70805020110221,0.17647058823529413,1.3862943611198906,0.0,0.0,0.0,0.0,2.8903717578961645,10.0,7.0,0.7,10.0,0.7,31.0,17.0,True,0.5483870967741935,0.38492706645056723,17.0,moderate
686,Gross Disbursements,Tuvalu,IDA,EAST ASIA AND PACIFIC,FY21,0.0,6.0,0.0,0.0,6.0,2021,4,annual,6.0,0.0,country,0.0,0.0,1.0,1.9459101490553132,0.0,0.0,0.0,0.0,1.9459101490553132,17.0,-11.0,-0.6470588235294118,17.0,-0.6470588235294118,0.0,6.0,False,,0.2807941653160454,6.0,limited
439,Gross Disbursements,Tuvalu,IDA,EAST ASIA AND PACIFIC,FY22,8.0,4.0,0.0,0.0,12.0,2022,4,annual,12.0,0.0,country,0.6666666666666666,2.1972245773362196,0.3333333333333333,1.6094379124341003,0.0,0.0,0.0,0.0,2.5649493574615367,6.0,6.0,1.0,6.0,1.0,85.0,12.0,True,0.1411764705882353,0.34562398703403563,12.0,moderate
2823,Gross Disbursements,Tuvalu,IDA,EAST ASIA AND PACIFIC,FY23,0.0,4.0,0.0,0.0,4.0,2023,4,annual,4.0,0.0,country,0.0,0.0,1.0,1.6094379124341003,0.0,0.0,0.0,0.0,1.6094379124341003,12.0,-8.0,-0.6666666666666666,12.0,-0.6666666666666666,23.0,4.0,True,0.17391304347826086,0.25810372771474877,4.0,limited
1745,Gross Disbursements,Tuvalu,IDA,EAST ASIA AND PACIFIC,FY24,8.0,20.0,0.0,0.0,28.0,2024,4,annual,28.0,0.0,country,0.2857142857142857,2.1972245773362196,0.7142857142857143,3.044522437723423,0.0,0.0,0.0,0.0,3.367295829986474,4.0,24.0,6.0,4.0,6.0,67.0,28.0,True,0.417910447761194,0.4529983792544571,28.0,moderate
1625,Gross Disbursements,Tuvalu,IDA,EAST ASIA AND PACIFIC,FY25,7.0,35.0,0.0,0.0,42.0,2025,4,annual,42.0,0.0,country,0.16666666666666666,2.0794415416798357,0.8333333333333334,3.58351893845611,0.0,0.0,0.0,0.0,3.7612001156935624,28.0,14.0,0.5,28.0,0.5,16.0,42.0,True,2.625,0.5097244732576985,42.0,moderate
1310,Gross Disbursements,Tuvalu,IDA,EAST ASIA AND PACIFIC,2025-Q3,0.0,29.0,0.0,0.0,29.0,2025,3,quarterly,29.0,0.0,country,0.0,0.0,1.0,3.4011973816621555,0.0,0.0,0.0,0.0,3.4011973816621555,,,,,,16.0,29.0,True,1.8125,0.4575892857142857,29.0,moderate
1187,Gross Disbursements,Tuvalu,IDA,EAST ASIA AND PACIFIC,2026-Q3,0.0,28.0,0.0,0.0,28.0,2026,3,quarterly,28.0,0.0,country,0.0,0.0,1.0,3.367295829986474,0.0,0.0,0.0,0.0,3.367295829986474,29.0,-1.0,-0.034482758620689655,29.0,-0.034482758620689655,25.0,28.0,True,1.12,0.45089285714285715,28.0,moderate
2491,Commitments,Uganda,IDA,AFRICA,FY14,0.0,764.0,0.0,0.0,764.0,2014,4,annual,764.0,0.0,country,0.0,0.0,1.0,6.639875833826536,0.0,0.0,0.0,0.0,6.639875833826536,,,,,,764.0,217.0,True,0.28403141361256545,0.9026745913818722,764.0,major
2321,Commitments,Uganda,IDA,AFRICA,FY15,0.0,590.0,0.0,0.0,590.0,2015,4,annual,590.0,0.0,country,0.0,0.0,1.0,6.3818160174060985,0.0,0.0,0.0,0.0,6.3818160174060985,764.0,-174.0,-0.22774869109947643,764.0,-0.22774869109947643,590.0,184.0,True,0.31186440677966104,0.8658989598811293,590.0,major
1039,Commitments,Uganda,IDA,AFRICA,FY16,0.0,203.0,0.0,0.0,203.0,2016,4,annual,203.0,0.0,country,0.0,0.0,1.0,5.318119993844216,0.0,0.0,0.0,0.0,5.318119993844216,590.0,-387.0,-0.6559322033898305,590.0,-0.6559322033898305,203.0,178.0,True,0.8768472906403941,0.7329123328380386,203.0,significant
816,Commitments,Uganda,IDA,AFRICA,FY17,0.0,150.0,0.0,200.0,350.0,2017,4,annual,350.0,0.0,country,0.0,0.0,0.42857142857142855,5.017279836814924,0.0,0.0,0.5714285714285714,5.303304908059076,5.860786223465865,203.0,147.0,0.7241379310344828,203.0,0.7241379310344828,350.0,238.0,True,0.68,0.8038632986627043,350.0,significant
3306,Commitments,Uganda,IDA,AFRICA,FY18,0.0,280.0,0.0,360.0,640.0,2018,4,annual,640.0,0.0,country,0.0,0.0,0.4375,5.638354669333745,0.0,0.0,0.5625,5.8888779583328805,6.46302945692067,350.0,290.0,0.8285714285714286,350.0,0.8285714285714286,640.0,263.0,True,0.4109375,0.8800148588410104,640.0,major
3044,Commitments,Uganda,IDA,AFRICA,FY19,0.0,150.0,0.0,0.0,150.0,2019,4,annual,150.0,0.0,country,0.0,0.0,1.0,5.017279836814924,0.0,0.0,0.0,0.0,5.017279836814924,640.0,-490.0,-0.765625,640.0,-0.765625,150.0,351.0,True,2.34,0.700594353640416,150.0,significant
2165,Commitments,Uganda,IDA,AFRICA EAST,FY20,300.0,465.0,0.0,0.0,765.0,2020,4,annual,765.0,0.0,country,0.39215686274509803,5.707110264748875,0.6078431372549019,6.144185634125646,0.0,0.0,0.0,0.0,6.641182169740591,150.0,615.0,4.1,150.0,4.1,765.0,331.0,True,0.4326797385620915,0.9034175334323923,765.0,major
1950,Commitments,Uganda,IDA,EASTERN AND SOUTHERN AFRICA,FY21,0.0,508.0,0.0,300.0,808.0,2021,4,annual,808.0,0.0,country,0.0,0.0,0.6287128712871287,6.2324480165505225,0.0,0.0,0.3712871287128713,5.707110264748875,6.695798917058491,765.0,43.0,0.05620915032679739,765.0,0.05620915032679739,808.0,738.0,True,0.9133663366336634,0.9145616641901931,808.0,major
585,Commitments,Uganda,IDA,EASTERN AND SOUTHERN AFRICA,FY22,0.0,1149.0,0.0,566.0,1715.0,2022,4,annual,1715.0,0.0,country,0.0,0.0,0.6699708454810496,7.047517221357296,0.0,0.0,0.33002915451895043,6.340359303727752,7.447751280047908,808.0,907.0,1.1225247524752475,808.0,1.1225247524752475,1715.0,549.0,True,0.3201166180758018,0.9702823179791976,1715.0,major
2971,Commitments,Uganda,IDA,EASTERN AND SOUTHERN AFRICA,FY23,0.0,350.0,0.0,0.0,350.0,2023,4,annual,350.0,0.0,country,0.0,0.0,1.0,5.860786223465865,0.0,0.0,0.0,0.0,5.860786223465865,1715.0,-1365.0,-0.7959183673469388,1715.0,-0.7959183673469388,350.0,357.0,True,1.02,0.8038632986627043,350.0,significant
2654,Commitments,Uganda,IDA,EASTERN AND SOUTHERN AFRICA,FY24,0.0,0.0,0.0,0.0,0.0,2024,4,annual,0.0,0.0,country,0.0,0.0,0.0,0.0,0.0,0.0,0.0,0.0,0.0,350.0,-350.0,-1.0,350.0,-1.0,0.0,500.0,False,,0.19539375928677563,0.0,limited
1455,Commitments,Uganda,IDA,EASTERN AND SOUTHERN AFRICA,FY25,0.0,578.0,0.0,210.0,788.0,2025,4,annual,788.0,0.0,country,0.0,0.0,0.733502538071066,6.361302477572996,0.0,0.0,0.26649746192893403,5.351858133476067,6.670766320845874,0.0,788.0,,0.0,,788.0,699.0,True,0.8870558375634517,0.9063893016344725,788.0,major
235,Commitments,Uganda,IDA,EASTERN AND SOUTHERN AFRICA,2025-Q3,0.0,0.0,0.0,0.0,0.0,2025,3,quarterly,0.0,0.0,country,0.0,0.0,0.0,0.0,0.0,0.0,0.0,0.0,0.0,,,,,,0.0,423.0,False,,0.326271186440678,0.0,limited
42,Commitments,Uganda,IDA,EASTERN AND SOUTHERN AFRICA,2026-Q3,0.0,65.0,0.0,740.0,805.0,2026,3,quarterly,805.0,0.0,country,0.0,0.0,0.08074534161490683,4.189654742026425,0.0,0.0,0.9192546583850931,6.608000625296087,6.692083742506628,0.0,805.0,,0.0,,805.0,366.0,True,0.4546583850931677,0.9745762711864406,805.0,major
2571,Gross Disbursements,Uganda,IDA,AFRICA,FY14,0.0,190.0,0.0,26.0,217.0,2014,4,annual,216.0,1.0,country,0.0,0.0,0.8755760368663594,5.25227342804663,0.0,0.0,0.11981566820276497,3.295836866004329,5.384495062789089,,,,,,764.0,217.0,True,0.28403141361256545,0.7755267423014587,217.0,significant
2403,Gross Disbursements,Uganda,IDA,AFRICA,FY15,0.0,161.0,0.0,22.0,184.0,2015,4,annual,183.0,1.0,country,0.0,0.0,0.875,5.087596335232384,0.0,0.0,0.11956521739130435,3.1354942159291497,5.220355825078324,217.0,-33.0,-0.15207373271889402,217.0,-0.15207373271889402,590.0,184.0,True,0.31186440677966104,0.7552674230145867,184.0,significant
1121,Gross Disbursements,Uganda,IDA,AFRICA,FY16,0.0,144.0,0.0,34.0,178.0,2016,4,annual,178.0,0.0,country,0.0,0.0,0.8089887640449438,4.976733742420574,0.0,0.0,0.19101123595505617,3.5553480614894135,5.187385805840755,184.0,-6.0,-0.03260869565217391,184.0,-0.03260869565217391,203.0,178.0,True,0.8768472906403941,0.7504051863857374,178.0,significant
905,Gross Disbursements,Uganda,IDA,AFRICA,FY17,0.0,209.0,0.0,29.0,238.0,2017,4,annual,238.0,0.0,country,0.0,0.0,0.8781512605042017,5.3471075307174685,0.0,0.0,0.12184873949579832,3.4011973816621555,5.476463551931511,178.0,60.0,0.33707865168539325,178.0,0.33707865168539325,350.0,238.0,True,0.68,0.7909238249594813,238.0,significant
3410,Gross Disbursements,Uganda,IDA,AFRICA,FY18,0.0,237.0,0.0,26.0,263.0,2018,4,annual,263.0,0.0,country,0.0,0.0,0.9011406844106464,5.472270673671475,0.0,0.0,0.09885931558935361,3.295836866004329,5.575949103146316,238.0,25.0,0.10504201680672269,238.0,0.10504201680672269,640.0,263.0,True,0.4109375,0.8014586709886548,263.0,significant
3179,Gross Disbursements,Uganda,IDA,AFRICA,FY19,0.0,243.0,0.0,108.0,351.0,2019,4,annual,351.0,0.0,country,0.0,0.0,0.6923076923076923,5.497168225293202,0.0,0.0,0.3076923076923077,4.6913478822291435,5.863631175598097,263.0,88.0,0.33460076045627374,263.0,0.33460076045627374,150.0,351.0,True,2.34,0.8350891410048622,351.0,significant
2042,Gross Disbursements,Uganda,IDA,AFRICA EAST,FY20,0.0,275.0,0.0,56.0,331.0,2020,4,annual,331.0,0.0,country,0.0,0.0,0.8308157099697885,5.62040086571715,0.0,0.0,0.1691842900302115,4.04305126783455,5.805134968916488,351.0,-20.0,-0.05698005698005698,351.0,-0.05698005698005698,765.0,331.0,True,0.4326797385620915,0.8282009724473258,331.0,significant
710,Gross Disbursements,Uganda,IDA,EASTERN AND SOUTHERN AFRICA,FY21,304.0,281.0,0.0,153.0,738.0,2021,4,annual,738.0,0.0,country,0.41192411924119243,5.720311776607412,0.3807588075880759,5.641907070938114,0.0,0.0,0.2073170731707317,5.0369526024136295,6.6052979209482015,331.0,407.0,1.229607250755287,331.0,1.229607250755287,808.0,738.0,True,0.9133663366336634,0.9286871961102107,738.0,major
463,Gross Disbursements,Uganda,IDA,EASTERN AND SOUTHERN AFRICA,FY22,0.0,329.0,0.0,220.0,549.0,2022,4,annual,549.0,0.0,country,0.0,0.0,0.599271402550091,5.799092654460526,0.0,0.0,0.4007285974499089,5.3981627015177525,6.309918278226516,738.0,-189.0,-0.25609756097560976,738.0,-0.25609756097560976,1715.0,549.0,True,0.3201166180758018,0.9043760129659644,549.0,major
2847,Gross Disbursements,Uganda,IDA,EASTERN AND SOUTHERN AFRICA,FY23,0.0,357.0,0.0,0.0,357.0,2023,4,annual,357.0,0.0,country,0.0,0.0,1.0,5.8805329864007,0.0,0.0,0.0,0.0,5.8805329864007,549.0,-192.0,-0.34972677595628415,549.0,-0.34972677595628415,350.0,357.0,True,1.02,0.8379254457050244,357.0,significant
1769,Gross Disbursements,Uganda,IDA,EASTERN AND SOUTHERN AFRICA,FY24,0.0,334.0,0.0,166.0,500.0,2024,4,annual,500.0,0.0,country,0.0,0.0,0.668,5.814130531825066,0.0,0.0,0.332,5.117993812416755,6.2166061010848646,357.0,143.0,0.4005602240896359,357.0,0.4005602240896359,0.0,500.0,False,,0.8873581847649918,500.0,significant
1649,Gross Disbursements,Uganda,IDA,EASTERN AND SOUTHERN AFRICA,FY25,0.0,446.0,0.0,253.0,699.0,2025,4,annual,699.0,0.0,country,0.0,0.0,0.6380543633762518,6.102558594613569,0.0,0.0,0.36194563662374823,5.537334267018537,6.551080335043404,500.0,199.0,0.398,500.0,0.398,788.0,699.0,True,0.8870558375634517,0.9246353322528363,699.0,major
1334,Gross Disbursements,Uganda,IDA,EASTERN AND SOUTHERN AFRICA,2025-Q3,0.0,330.0,0.0,93.0,423.0,2025,3,quarterly,423.0,0.0,country,0.0,0.0,0.7801418439716312,5.802118375377063,0.0,0.0,0.2198581560283688,4.543294782270004,6.049733455231958,,,,,,0.0,423.0,False,,0.8928571428571429,423.0,significant
1211,Gross Disbursements,Uganda,IDA,EASTERN AND SOUTHERN AFRICA,2026-Q3,0.0,270.0,0.0,96.0,366.0,2026,3,quarterly,366.0,0.0,country,0.0,0.0,0.7377049180327869,5.602118820879701,0.0,0.0,0.26229508196721313,4.574710978503383,5.905361848054571,423.0,-57.0,-0.1347517730496454,423.0,-0.1347517730496454,805.0,366.0,True,0.4546583850931677,0.8660714285714286,366.0,significant
1967,Commitments,Ukraine,IDA,EUROPE AND CENTRAL ASIA,FY21,0.0,0.0,0.0,0.0,0.0,2021,4,annual,0.0,0.0,country,0.0,0.0,0.0,0.0,0.0,0.0,0.0,0.0,0.0,,,,,,0.0,0.0,False,,0.19539375928677563,0.0,limited
602,Commitments,Ukraine,IDA,EUROPE AND CENTRAL ASIA,FY22,0.0,1000.0,0.0,0.0,1000.0,2022,4,annual,1000.0,0.0,country,0.0,0.0,1.0,6.90875477931522,0.0,0.0,0.0,0.0,6.90875477931522,0.0,1000.0,,0.0,,1000.0,26.0,True,0.026,0.9361069836552749,1000.0,major
2988,Commitments,Ukraine,IDA,EUROPE AND CENTRAL ASIA,FY23,0.0,0.0,0.0,0.0,0.0,2023,4,annual,0.0,0.0,country,0.0,0.0,0.0,0.0,0.0,0.0,0.0,0.0,0.0,1000.0,-1000.0,-1.0,1000.0,-1.0,0.0,984.0,False,,0.19539375928677563,0.0,limited
2698,Commitments,Ukraine,IDA,EUROPE AND CENTRAL ASIA,FY24,0.0,0.0,0.0,0.0,0.0,2024,4,annual,0.0,0.0,country,0.0,0.0,0.0,0.0,0.0,0.0,0.0,0.0,0.0,0.0,0.0,,0.0,,0.0,0.0,False,,0.19539375928677563,0.0,limited
1499,Commitments,Ukraine,IDA,EUROPE AND CENTRAL ASIA,FY25,0.0,5094.0,0.0,955.0,6049.0,2025,4,annual,6049.0,0.0,country,0.0,0.0,0.8421226649032898,8.536014945656826,0.0,0.0,0.1578773350967102,6.862757913051401,8.707813551024888,0.0,6049.0,,0.0,,6049.0,4853.0,True,0.8022813688212928,1.0,6049.0,major
279,Commitments,Ukraine,IDA,EUROPE AND CENTRAL ASIA,2025-Q3,0.0,5010.0,0.0,950.0,5960.0,2025,3,quarterly,5960.0,0.0,country,0.0,0.0,0.8406040268456376,8.519390774959724,0.0,0.0,0.1593959731543624,6.85751406254539,8.692993531219926,,,,,,5960.0,4802.0,True,0.8057046979865772,1.0,5960.0,major
86,Commitments,Ukraine,IDA,EUROPE AND CENTRAL ASIA,2026-Q3,0.0,0.0,0.0,0.0,0.0,2026,3,quarterly,0.0,0.0,country,0.0,0.0,0.0,0.0,0.0,0.0,0.0,0.0,0.0,5960.0,-5960.0,-1.0,5960.0,-1.0,0.0,724.0,False,,0.326271186440678,0.0,limited
727,Gross Disbursements,Ukraine,IDA,EUROPE AND CENTRAL ASIA,FY21,0.0,0.0,0.0,0.0,0.0,2021,4,annual,0.0,0.0,country,0.0,0.0,0.0,0.0,0.0,0.0,0.0,0.0,0.0,,,,,,0.0,0.0,False,,0.1094003241491086,0.0,limited
480,Gross Disbursements,Ukraine,IDA,EUROPE AND CENTRAL ASIA,FY22,0.0,26.0,0.0,0.0,26.0,2022,4,annual,26.0,0.0,country,0.0,0.0,1.0,3.295836866004329,0.0,0.0,0.0,0.0,3.295836866004329,0.0,26.0,,0.0,,1000.0,26.0,True,0.026,0.44246353322528365,26.0,moderate
2864,Gross Disbursements,Ukraine,IDA,EUROPE AND CENTRAL ASIA,FY23,0.0,984.0,0.0,0.0,984.0,2023,4,annual,984.0,0.0,country,0.0,0.0,1.0,6.892641641172089,0.0,0.0,0.0,0.0,6.892641641172089,26.0,958.0,36.84615384615385,26.0,36.84615384615385,0.0,984.0,False,,0.9505672609400324,984.0,major
1786,Gross Disbursements,Ukraine,IDA,EUROPE AND CENTRAL ASIA,FY24,0.0,0.0,0.0,0.0,0.0,2024,4,annual,0.0,0.0,country,0.0,0.0,0.0,0.0,0.0,0.0,0.0,0.0,0.0,984.0,-984.0,-1.0,984.0,-1.0,0.0,0.0,False,,0.1094003241491086,0.0,limited
1666,Gross Disbursements,Ukraine,IDA,EUROPE AND CENTRAL ASIA,FY25,0.0,4801.0,0.0,52.0,4853.0,2025,4,annual,4853.0,0.0,country,0.0,0.0,0.9892849783638986,8.4767877767812,0.0,0.0,0.01071502163610138,3.970291913552122,8.487558386286548,0.0,4853.0,,0.0,,6049.0,4853.0,True,0.8022813688212928,1.0,4853.0,major
1351,Gross Disbursements,Ukraine,IDA,EUROPE AND CENTRAL ASIA,2025-Q3,0.0,4800.0,0.0,2.0,4802.0,2025,3,quarterly,4802.0,0.0,country,0.0,0.0,0.9995835068721366,8.476579508530941,0.0,0.0,0.00041649312786339027,1.0986122886681098,8.476996001664824,,,,,,5960.0,4802.0,True,0.8057046979865772,1.0,4802.0,major
1228,Gross Disbursements,Ukraine,IDA,EUROPE AND CENTRAL ASIA,2026-Q3,0.0,57.0,0.0,667.0,724.0,2026,3,quarterly,724.0,0.0,country,0.0,0.0,0.0787292817679558,4.060443010546419,0.0,0.0,0.9212707182320442,6.504288173536645,6.586171654854675,4802.0,-4078.0,-0.8492294877134527,4802.0,-0.8492294877134527,0.0,724.0,False,,0.9464285714285714,724.0,major
2732,Commitments,Uruguay,IDA,LATIN AMERICA AND CARIBBEAN,FY24,0.0,0.0,0.0,0.0,0.0,2024,4,annual,0.0,0.0,country,0.0,0.0,0.0,0.0,0.0,0.0,0.0,0.0,0.0,,,,,,0.0,,False,,0.19539375928677563,0.0,limited
1533,Commitments,Uruguay,IDA,LATIN AMERICA AND CARIBBEAN,FY25,0.0,0.0,0.0,0.0,0.0,2025,4,annual,0.0,0.0,country,0.0,0.0,0.0,0.0,0.0,0.0,0.0,0.0,0.0,0.0,0.0,,0.0,,0.0,,False,,0.19539375928677563,0.0,limited
313,Commitments,Uruguay,IDA,LATIN AMERICA AND CARIBBEAN,2025-Q3,0.0,0.0,0.0,0.0,0.0,2025,3,quarterly,0.0,0.0,country,0.0,0.0,0.0,0.0,0.0,0.0,0.0,0.0,0.0,,,,,,0.0,,False,,0.326271186440678,0.0,limited
120,Commitments,Uruguay,IDA,LATIN AMERICA AND CARIBBEAN,2026-Q3,0.0,0.0,0.0,0.0,0.0,2026,3,quarterly,0.0,0.0,country,0.0,0.0,0.0,0.0,0.0,0.0,0.0,0.0,0.0,0.0,0.0,,0.0,,0.0,,False,,0.326271186440678,0.0,limited
2515,Commitments,Uzbekistan,IDA,EUROPE AND CENTRAL ASIA,FY14,0.0,243.0,0.0,0.0,243.0,2014,4,annual,243.0,0.0,country,0.0,0.0,1.0,5.497168225293202,0.0,0.0,0.0,0.0,5.497168225293202,,,,,,243.0,74.0,True,0.3045267489711934,0.7548291233283804,243.0,significant
2345,Commitments,Uzbekistan,IDA,EUROPE AND CENTRAL ASIA,FY15,0.0,305.0,0.0,0.0,305.0,2015,4,annual,305.0,0.0,country,0.0,0.0,1.0,5.723585101952381,0.0,0.0,0.0,0.0,5.723585101952381,243.0,62.0,0.2551440329218107,243.0,0.2551440329218107,305.0,84.0,True,0.2754098360655738,0.7838038632986627,305.0,significant
1060,Commitments,Uzbekistan,IDA,EUROPE AND CENTRAL ASIA,FY16,0.0,76.0,0.0,0.0,76.0,2016,4,annual,76.0,0.0,country,0.0,0.0,1.0,4.343805421853684,0.0,0.0,0.0,0.0,4.343805421853684,305.0,-229.0,-0.7508196721311475,305.0,-0.7508196721311475,76.0,113.0,True,1.486842105263158,0.5884101040118871,76.0,moderate
814,Commitments,Uzbekistan,IDA,EUROPE AND CENTRAL ASIA,FY17,0.0,323.0,0.0,0.0,323.0,2017,4,annual,323.0,0.0,country,0.0,0.0,1.0,5.780743515792329,0.0,0.0,0.0,0.0,5.780743515792329,76.0,247.0,3.25,76.0,3.25,323.0,95.0,True,0.29411764705882354,0.7901188707280832,323.0,significant
3318,Commitments,Uzbekistan,IDA,EUROPE AND CENTRAL ASIA,FY18,500.0,240.0,0.0,0.0,740.0,2018,4,annual,740.0,0.0,country,0.6756756756756757,6.2166061010848646,0.32432432432432434,5.484796933490655,0.0,0.0,0.0,0.0,6.608000625296087,323.0,417.0,1.2910216718266254,323.0,1.2910216718266254,740.0,75.0,True,0.10135135135135136,0.8989598811292719,740.0,major
3043,Commitments,Uzbekistan,IDA,EUROPE AND CENTRAL ASIA,FY19,0.0,93.0,0.0,0.0,93.0,2019,4,annual,93.0,0.0,country,0.0,0.0,1.0,4.543294782270004,0.0,0.0,0.0,0.0,4.543294782270004,740.0,-647.0,-0.8743243243243243,740.0,-0.8743243243243243,93.0,700.0,True,7.526881720430108,0.6229569093610698,93.0,moderate
2164,Commitments,Uzbekistan,IDA,EUROPE AND CENTRAL ASIA,FY20,0.0,803.0,0.0,0.0,803.0,2020,4,annual,803.0,0.0,country,0.0,0.0,1.0,6.6895992691789665,0.0,0.0,0.0,0.0,6.6895992691789665,93.0,710.0,7.634408602150538,93.0,7.634408602150538,803.0,169.0,True,0.21046077210460773,0.913075780089153,803.0,major
1968,Commitments,Uzbekistan,IDA,EUROPE AND CENTRAL ASIA,FY21,250.0,590.0,0.0,0.0,840.0,2021,4,annual,840.0,0.0,country,0.2976190476190476,5.5254529391317835,0.7023809523809523,6.3818160174060985,0.0,0.0,0.0,0.0,6.734591659972948,803.0,37.0,0.0460772104607721,803.0,0.0460772104607721,840.0,483.0,True,0.575,0.9205052005943536,840.0,major
603,Commitments,Uzbekistan,IDA,EUROPE AND CENTRAL ASIA,FY22,250.0,370.0,0.0,0.0,620.0,2022,4,annual,620.0,0.0,country,0.4032258064516129,5.5254529391317835,0.5967741935483871,5.916202062607435,0.0,0.0,0.0,0.0,6.431331081933479,840.0,-220.0,-0.2619047619047619,840.0,-0.2619047619047619,620.0,447.0,True,0.7209677419354839,0.87481426448737,620.0,major
2989,Commitments,Uzbekistan,IDA,EUROPE AND CENTRAL ASIA,FY23,600.0,150.0,0.0,0.0,750.0,2023,4,annual,750.0,0.0,country,0.8,6.398594934535208,0.2,5.017279836814924,0.0,0.0,0.0,0.0,6.621405651764134,620.0,130.0,0.20967741935483872,620.0,0.20967741935483872,750.0,789.0,True,1.052,0.899702823179792,750.0,major
2699,Commitments,Uzbekistan,IDA,EUROPE AND CENTRAL ASIA,FY24,500.0,150.0,0.0,0.0,650.0,2024,4,annual,650.0,0.0,country,0.7692307692307693,6.2166061010848646,0.23076923076923078,5.017279836814924,0.0,0.0,0.0,0.0,6.478509642208569,750.0,-100.0,-0.13333333333333333,750.0,-0.13333333333333333,650.0,701.0,True,1.0784615384615384,0.8833580980683506,650.0,major
1500,Commitments,Uzbekistan,IDA,EUROPE AND CENTRAL ASIA,FY25,540.0,385.0,0.0,100.0,1025.0,2025,4,annual,1025.0,0.0,country,0.526829268292683,6.293419278846481,0.375609756097561,5.955837369464831,0.0,0.0,0.0975609756097561,4.61512051684126,6.933423025730715,650.0,375.0,0.5769230769230769,650.0,0.5769230769230769,1025.0,853.0,True,0.8321951219512195,0.937221396731055,1025.0,major
280,Commitments,Uzbekistan,IDA,EUROPE AND CENTRAL ASIA,2025-Q3,540.0,0.0,0.0,0.0,540.0,2025,3,quarterly,540.0,0.0,country,1.0,6.293419278846481,0.0,0.0,0.0,0.0,0.0,0.0,6.293419278846481,,,,,,540.0,772.0,True,1.4296296296296296,0.9548022598870056,540.0,major
87,Commitments,Uzbekistan,IDA,EUROPE AND CENTRAL ASIA,2026-Q3,292.0,40.0,0.0,100.0,432.0,2026,3,quarterly,432.0,0.0,country,0.6759259259259259,5.680172609017068,0.09259259259259259,3.713572066704308,0.0,0.0,0.23148148148148148,4.61512051684126,6.07073772800249,540.0,-108.0,-0.2,540.0,-0.2,432.0,652.0,True,1.5092592592592593,0.9378531073446328,432.0,significant
2601,Gross Disbursements,Uzbekistan,IDA,EUROPE AND CENTRAL ASIA,FY14,0.0,74.0,0.0,0.0,74.0,2014,4,annual,74.0,0.0,country,0.0,0.0,1.0,4.31748811353631,0.0,0.0,0.0,0.0,4.31748811353631,,,,,,243.0,74.0,True,0.3045267489711934,0.6045380875202593,74.0,moderate
2433,Gross Disbursements,Uzbekistan,IDA,EUROPE AND CENTRAL ASIA,FY15,0.0,84.0,0.0,0.0,84.0,2015,4,annual,84.0,0.0,country,0.0,0.0,1.0,4.442651256490317,0.0,0.0,0.0,0.0,4.442651256490317,74.0,10.0,0.13513513513513514,74.0,0.13513513513513514,305.0,84.0,True,0.2754098360655738,0.6316855753646677,84.0,moderate
2256,Gross Disbursements,Uzbekistan,IDA,EUROPE AND CENTRAL ASIA,FY16,0.0,113.0,0.0,0.0,113.0,2016,4,annual,113.0,0.0,country,0.0,0.0,1.0,4.736198448394496,0.0,0.0,0.0,0.0,4.736198448394496,84.0,29.0,0.34523809523809523,84.0,0.34523809523809523,76.0,113.0,True,1.486842105263158,0.6689627228525121,113.0,significant
927,Gross Disbursements,Uzbekistan,IDA,EUROPE AND CENTRAL ASIA,FY17,0.0,95.0,0.0,0.0,95.0,2017,4,annual,95.0,0.0,country,0.0,0.0,1.0,4.564348191467836,0.0,0.0,0.0,0.0,4.564348191467836,113.0,-18.0,-0.1592920353982301,113.0,-0.1592920353982301,323.0,95.0,True,0.29411764705882354,0.6462722852512156,95.0,moderate
3402,Gross Disbursements,Uzbekistan,IDA,EUROPE AND CENTRAL ASIA,FY18,0.0,75.0,0.0,0.0,75.0,2018,4,annual,75.0,0.0,country,0.0,0.0,1.0,4.330733340286331,0.0,0.0,0.0,0.0,4.330733340286331,95.0,-20.0,-0.21052631578947367,95.0,-0.21052631578947367,740.0,75.0,True,0.10135135135135136,0.6077795786061588,75.0,moderate
3187,Gross Disbursements,Uzbekistan,IDA,EUROPE AND CENTRAL ASIA,FY19,500.0,200.0,0.0,0.0,700.0,2019,4,annual,700.0,0.0,country,0.7142857142857143,6.2166061010848646,0.2857142857142857,5.303304908059076,0.0,0.0,0.0,0.0,6.55250788703459,75.0,625.0,8.333333333333334,75.0,8.333333333333334,93.0,700.0,True,7.526881720430108,0.9254457050243112,700.0,major
2049,Gross Disbursements,Uzbekistan,IDA,EUROPE AND CENTRAL ASIA,FY20,0.0,169.0,0.0,0.0,169.0,2020,4,annual,169.0,0.0,country,0.0,0.0,1.0,5.135798437050262,0.0,0.0,0.0,0.0,5.135798437050262,700.0,-531.0,-0.7585714285714286,700.0,-0.7585714285714286,803.0,169.0,True,0.21046077210460773,0.7439222042139384,169.0,significant
728,Gross Disbursements,Uzbekistan,IDA,EUROPE AND CENTRAL ASIA,FY21,250.0,233.0,0.0,0.0,483.0,2021,4,annual,483.0,0.0,country,0.5175983436853002,5.5254529391317835,0.4824016563146998,5.455321115357702,0.0,0.0,0.0,0.0,6.182084906716632,169.0,314.0,1.8579881656804733,169.0,1.8579881656804733,840.0,483.0,True,0.575,0.8776337115072933,483.0,significant
481,Gross Disbursements,Uzbekistan,IDA,EUROPE AND CENTRAL ASIA,FY22,250.0,197.0,0.0,0.0,447.0,2022,4,annual,447.0,0.0,country,0.5592841163310962,5.5254529391317835,0.4407158836689038,5.288267030694535,0.0,0.0,0.0,0.0,6.104793232414985,483.0,-36.0,-0.07453416149068323,483.0,-0.07453416149068323,620.0,447.0,True,0.7209677419354839,0.8654781199351702,447.0,significant
2865,Gross Disbursements,Uzbekistan,IDA,EUROPE AND CENTRAL ASIA,FY23,600.0,189.0,0.0,0.0,789.0,2023,4,annual,789.0,0.0,country,0.7604562737642585,6.398594934535208,0.23954372623574144,5.247024072160486,0.0,0.0,0.0,0.0,6.672032945461067,447.0,342.0,0.7651006711409396,447.0,0.7651006711409396,750.0,789.0,True,1.052,0.9359805510534847,789.0,major
1787,Gross Disbursements,Uzbekistan,IDA,EUROPE AND CENTRAL ASIA,FY24,500.0,201.0,0.0,0.0,701.0,2024,4,annual,701.0,0.0,country,0.7132667617689016,6.2166061010848646,0.2867332382310984,5.308267697401205,0.0,0.0,0.0,0.0,6.553933404025811,789.0,-88.0,-0.11153358681875793,789.0,-0.11153358681875793,650.0,701.0,True,1.0784615384615384,0.9262560777957861,701.0,major
1667,Gross Disbursements,Uzbekistan,IDA,EUROPE AND CENTRAL ASIA,FY25,540.0,313.0,0.0,0.0,853.0,2025,4,annual,853.0,0.0,country,0.6330597889800703,6.293419278846481,0.3669402110199297,5.749392985908253,0.0,0.0,0.0,0.0,6.74993119378857,701.0,152.0,0.21683309557774608,701.0,0.21683309557774608,1025.0,853.0,True,0.8321951219512195,0.9424635332252836,853.0,major
1352,Gross Disbursements,Uzbekistan,IDA,EUROPE AND CENTRAL ASIA,2025-Q3,540.0,232.0,0.0,0.0,772.0,2025,3,quarterly,772.0,0.0,country,0.6994818652849741,6.293419278846481,0.3005181347150259,5.4510384535657,0.0,0.0,0.0,0.0,6.650279048587422,,,,,,540.0,772.0,True,1.4296296296296296,0.9598214285714286,772.0,major
1229,Gross Disbursements,Uzbekistan,IDA,EUROPE AND CENTRAL ASIA,2026-Q3,292.0,360.0,0.0,0.0,652.0,2026,3,quarterly,652.0,0.0,country,0.44785276073619634,5.680172609017068,0.5521472392638037,5.8888779583328805,0.0,0.0,0.0,0.0,6.481577129276431,772.0,-120.0,-0.15544041450777202,772.0,-0.15544041450777202,432.0,652.0,True,1.5092592592592593,0.9285714285714286,652.0,major
2506,Commitments,Vanuatu,IDA,EAST ASIA AND PACIFIC,FY14,0.0,0.0,0.0,0.0,0.0,2014,4,annual,0.0,0.0,country,0.0,0.0,0.0,0.0,0.0,0.0,0.0,0.0,0.0,,,,,,0.0,,False,,0.19539375928677563,0.0,limited
2336,Commitments,Vanuatu,IDA,EAST ASIA AND PACIFIC,FY15,0.0,61.0,0.0,0.0,61.0,2015,4,annual,61.0,0.0,country,0.0,0.0,1.0,4.127134385045092,0.0,0.0,0.0,0.0,4.127134385045092,0.0,61.0,,0.0,,61.0,,True,,0.5534918276374443,61.0,moderate
1053,Commitments,Vanuatu,IDA,EAST ASIA AND PACIFIC,FY16,0.0,50.0,0.0,0.0,50.0,2016,4,annual,50.0,0.0,country,0.0,0.0,1.0,3.9318256327243257,0.0,0.0,0.0,0.0,3.9318256327243257,61.0,-11.0,-0.18032786885245902,61.0,-0.18032786885245902,50.0,3.0,True,0.06,0.5300891530460624,50.0,moderate
880,Commitments,Vanuatu,IDA,EAST ASIA AND PACIFIC,FY17,0.0,18.0,0.0,0.0,18.0,2017,4,annual,18.0,0.0,country,0.0,0.0,1.0,2.9444389791664403,0.0,0.0,0.0,0.0,2.9444389791664403,50.0,-32.0,-0.64,50.0,-0.64,18.0,7.0,True,0.3888888888888889,0.43796433878157504,18.0,moderate
3368,Commitments,Vanuatu,IDA,EAST ASIA AND PACIFIC,FY18,0.0,0.0,0.0,0.0,0.0,2018,4,annual,0.0,0.0,country,0.0,0.0,0.0,0.0,0.0,0.0,0.0,0.0,0.0,18.0,-18.0,-1.0,18.0,-1.0,0.0,35.0,False,,0.19539375928677563,0.0,limited
3089,Commitments,Vanuatu,IDA,EAST ASIA AND PACIFIC,FY19,0.0,0.0,0.0,0.0,0.0,2019,4,annual,0.0,0.0,country,0.0,0.0,0.0,0.0,0.0,0.0,0.0,0.0,0.0,0.0,0.0,,0.0,,0.0,34.0,False,,0.19539375928677563,0.0,limited
2246,Commitments,Vanuatu,IDA,EAST ASIA AND PACIFIC,FY20,10.0,66.0,0.0,0.0,76.0,2020,4,annual,76.0,0.0,country,0.13157894736842105,2.3978952727983707,0.868421052631579,4.204692619390966,0.0,0.0,0.0,0.0,4.343805421853684,0.0,76.0,,0.0,,76.0,26.0,True,0.34210526315789475,0.5884101040118871,76.0,moderate
1927,Commitments,Vanuatu,IDA,EAST ASIA AND PACIFIC,FY21,0.0,0.0,0.0,0.0,0.0,2021,4,annual,0.0,0.0,country,0.0,0.0,0.0,0.0,0.0,0.0,0.0,0.0,0.0,76.0,-76.0,-1.0,76.0,-1.0,0.0,11.0,False,,0.19539375928677563,0.0,limited
562,Commitments,Vanuatu,IDA,EAST ASIA AND PACIFIC,FY22,10.0,72.0,0.0,0.0,82.0,2022,4,annual,82.0,0.0,country,0.12195121951219512,2.3978952727983707,0.8780487804878049,4.290459441148391,0.0,0.0,0.0,0.0,4.418840607796598,0.0,82.0,,0.0,,82.0,20.0,True,0.24390243902439024,0.6025260029717682,82.0,moderate
2948,Commitments,Vanuatu,IDA,EAST ASIA AND PACIFIC,FY23,0.0,0.0,0.0,0.0,0.0,2023,4,annual,0.0,0.0,country,0.0,0.0,0.0,0.0,0.0,0.0,0.0,0.0,0.0,82.0,-82.0,-1.0,82.0,-1.0,0.0,23.0,False,,0.19539375928677563,0.0,limited
2783,Commitments,Vanuatu,IDA,EAST ASIA AND PACIFIC,FY24,0.0,30.0,0.0,0.0,30.0,2024,4,annual,30.0,0.0,country,0.0,0.0,1.0,3.4339872044851463,0.0,0.0,0.0,0.0,3.4339872044851463,0.0,30.0,,0.0,,30.0,8.0,True,0.26666666666666666,0.48068350668647847,30.0,moderate
1584,Commitments,Vanuatu,IDA,EAST ASIA AND PACIFIC,FY25,29.0,9.0,0.0,0.0,38.0,2025,4,annual,38.0,0.0,country,0.7631578947368421,3.4011973816621555,0.23684210526315788,2.302585092994046,0.0,0.0,0.0,0.0,3.6635616461296463,30.0,8.0,0.26666666666666666,30.0,0.26666666666666666,38.0,65.0,True,1.7105263157894737,0.5048291233283804,38.0,moderate
364,Commitments,Vanuatu,IDA,EAST ASIA AND PACIFIC,2025-Q3,30.0,9.0,0.0,0.0,39.0,2025,3,quarterly,39.0,0.0,country,0.7692307692307693,3.4339872044851463,0.23076923076923078,2.302585092994046,0.0,0.0,0.0,0.0,3.6888794541139363,,,,,,39.0,58.0,True,1.4871794871794872,0.7019774011299436,39.0,moderate
171,Commitments,Vanuatu,IDA,EAST ASIA AND PACIFIC,2026-Q3,0.0,38.0,0.0,0.0,38.0,2026,3,quarterly,38.0,0.0,country,0.0,0.0,1.0,3.6635616461296463,0.0,0.0,0.0,0.0,3.6635616461296463,39.0,-1.0,-0.02564102564102564,39.0,-0.02564102564102564,38.0,33.0,True,0.868421052631579,0.6977401129943502,38.0,moderate
1143,Gross Disbursements,Vanuatu,IDA,EAST ASIA AND PACIFIC,FY16,0.0,3.0,0.0,0.0,3.0,2016,4,annual,3.0,0.0,country,0.0,0.0,1.0,1.3862943611198906,0.0,0.0,0.0,0.0,1.3862943611198906,,,,,,50.0,3.0,True,0.06,0.24513776337115073,3.0,limited
940,Gross Disbursements,Vanuatu,IDA,EAST ASIA AND PACIFIC,FY17,0.0,7.0,0.0,0.0,7.0,2017,4,annual,7.0,0.0,country,0.0,0.0,1.0,2.0794415416798357,0.0,0.0,0.0,0.0,2.0794415416798357,3.0,4.0,1.3333333333333333,3.0,1.3333333333333333,18.0,7.0,True,0.3888888888888889,0.2925445705024311,7.0,limited
766,Gross Disbursements,Vanuatu,IDA,EAST ASIA AND PACIFIC,FY18,0.0,35.0,0.0,0.0,35.0,2018,4,annual,35.0,0.0,country,0.0,0.0,1.0,3.58351893845611,0.0,0.0,0.0,0.0,3.58351893845611,7.0,28.0,4.0,7.0,4.0,0.0,35.0,False,,0.4837925445705024,35.0,moderate
3222,Gross Disbursements,Vanuatu,IDA,EAST ASIA AND PACIFIC,FY19,0.0,34.0,0.0,0.0,34.0,2019,4,annual,34.0,0.0,country,0.0,0.0,1.0,3.5553480614894135,0.0,0.0,0.0,0.0,3.5553480614894135,35.0,-1.0,-0.02857142857142857,35.0,-0.02857142857142857,0.0,34.0,False,,0.47893030794165314,34.0,moderate
2107,Gross Disbursements,Vanuatu,IDA,EAST ASIA AND PACIFIC,FY20,10.0,16.0,0.0,0.0,26.0,2020,4,annual,26.0,0.0,country,0.38461538461538464,2.3978952727983707,0.6153846153846154,2.833213344056216,0.0,0.0,0.0,0.0,3.295836866004329,34.0,-8.0,-0.23529411764705882,34.0,-0.23529411764705882,76.0,26.0,True,0.34210526315789475,0.44246353322528365,26.0,moderate
687,Gross Disbursements,Vanuatu,IDA,EAST ASIA AND PACIFIC,FY21,0.0,11.0,0.0,0.0,11.0,2021,4,annual,11.0,0.0,country,0.0,0.0,1.0,2.4849066497880004,0.0,0.0,0.0,0.0,2.4849066497880004,26.0,-15.0,-0.5769230769230769,26.0,-0.5769230769230769,0.0,11.0,False,,0.33833063209076175,11.0,moderate
440,Gross Disbursements,Vanuatu,IDA,EAST ASIA AND PACIFIC,FY22,0.0,20.0,0.0,0.0,20.0,2022,4,annual,20.0,0.0,country,0.0,0.0,1.0,3.044522437723423,0.0,0.0,0.0,0.0,3.044522437723423,11.0,9.0,0.8181818181818182,11.0,0.8181818181818182,82.0,20.0,True,0.24390243902439024,0.406807131280389,20.0,moderate
2824,Gross Disbursements,Vanuatu,IDA,EAST ASIA AND PACIFIC,FY23,10.0,13.0,0.0,0.0,23.0,2023,4,annual,23.0,0.0,country,0.43478260869565216,2.3978952727983707,0.5652173913043478,2.6390573296152584,0.0,0.0,0.0,0.0,3.1780538303479458,20.0,3.0,0.15,20.0,0.15,0.0,23.0,False,,0.42017828200972446,23.0,moderate
1746,Gross Disbursements,Vanuatu,IDA,EAST ASIA AND PACIFIC,FY24,0.0,8.0,0.0,0.0,8.0,2024,4,annual,8.0,0.0,country,0.0,0.0,1.0,2.1972245773362196,0.0,0.0,0.0,0.0,2.1972245773362196,23.0,-15.0,-0.6521739130434783,23.0,-0.6521739130434783,30.0,8.0,True,0.26666666666666666,0.30591572123176664,8.0,limited
1626,Gross Disbursements,Vanuatu,IDA,EAST ASIA AND PACIFIC,FY25,20.0,45.0,0.0,0.0,65.0,2025,4,annual,65.0,0.0,country,0.3076923076923077,3.044522437723423,0.6923076923076923,3.828641396489095,0.0,0.0,0.0,0.0,4.189654742026425,8.0,57.0,7.125,8.0,7.125,38.0,65.0,True,1.7105263157894737,0.5891410048622366,65.0,moderate
1311,Gross Disbursements,Vanuatu,IDA,EAST ASIA AND PACIFIC,2025-Q3,20.0,38.0,0.0,0.0,58.0,2025,3,quarterly,58.0,0.0,country,0.3448275862068966,3.044522437723423,0.6551724137931034,3.6635616461296463,0.0,0.0,0.0,0.0,4.07753744390572,,,,,,39.0,58.0,True,1.4871794871794872,0.5491071428571429,58.0,moderate
1188,Gross Disbursements,Vanuatu,IDA,EAST ASIA AND PACIFIC,2026-Q3,0.0,33.0,0.0,0.0,33.0,2026,3,quarterly,33.0,0.0,country,0.0,0.0,1.0,3.5263605246161616,0.0,0.0,0.0,0.0,3.5263605246161616,58.0,-25.0,-0.43103448275862066,58.0,-0.43103448275862066,38.0,33.0,True,0.868421052631579,0.47544642857142855,33.0,moderate
2733,Commitments,"Venezuela, Republica Bolivariana de",IDA,LATIN AMERICA AND CARIBBEAN,FY24,0.0,0.0,0.0,0.0,0.0,2024,4,annual,0.0,0.0,country,0.0,0.0,0.0,0.0,0.0,0.0,0.0,0.0,0.0,,,,,,0.0,,False,,0.19539375928677563,0.0,limited
1534,Commitments,"Venezuela, Republica Bolivariana de",IDA,LATIN AMERICA AND CARIBBEAN,FY25,0.0,0.0,0.0,0.0,0.0,2025,4,annual,0.0,0.0,country,0.0,0.0,0.0,0.0,0.0,0.0,0.0,0.0,0.0,0.0,0.0,,0.0,,0.0,,False,,0.19539375928677563,0.0,limited
314,Commitments,"Venezuela, Republica Bolivariana de",IDA,LATIN AMERICA AND CARIBBEAN,2025-Q3,0.0,0.0,0.0,0.0,0.0,2025,3,quarterly,0.0,0.0,country,0.0,0.0,0.0,0.0,0.0,0.0,0.0,0.0,0.0,,,,,,0.0,,False,,0.326271186440678,0.0,limited
121,Commitments,"Venezuela, Republica Bolivariana de",IDA,LATIN AMERICA AND CARIBBEAN,2026-Q3,0.0,0.0,0.0,0.0,0.0,2026,3,quarterly,0.0,0.0,country,0.0,0.0,0.0,0.0,0.0,0.0,0.0,0.0,0.0,0.0,0.0,,0.0,,0.0,,False,,0.326271186440678,0.0,limited
2630,Commitments,Viet Nam,IDA,EAST ASIA AND PACIFIC,FY24,0.0,107.0,0.0,0.0,107.0,2024,4,annual,107.0,0.0,country,0.0,0.0,1.0,4.68213122712422,0.0,0.0,0.0,0.0,4.68213122712422,,,,,,107.0,496.0,True,4.635514018691588,0.6523031203566122,107.0,significant
1430,Commitments,Viet Nam,IDA,EAST ASIA AND PACIFIC,FY25,0.0,0.0,0.0,0.0,0.0,2025,4,annual,0.0,0.0,country,0.0,0.0,0.0,0.0,0.0,0.0,0.0,0.0,0.0,107.0,-107.0,-1.0,107.0,-1.0,0.0,142.0,False,,0.19539375928677563,0.0,limited
209,Commitments,Viet Nam,IDA,EAST ASIA AND PACIFIC,2025-Q3,0.0,0.0,0.0,0.0,0.0,2025,3,quarterly,0.0,0.0,country,0.0,0.0,0.0,0.0,0.0,0.0,0.0,0.0,0.0,,,,,,0.0,88.0,False,,0.326271186440678,0.0,limited
16,Commitments,Viet Nam,IDA,EAST ASIA AND PACIFIC,2026-Q3,0.0,0.0,0.0,0.0,0.0,2026,3,quarterly,0.0,0.0,country,0.0,0.0,0.0,0.0,0.0,0.0,0.0,0.0,0.0,0.0,0.0,,0.0,,0.0,62.0,False,,0.326271186440678,0.0,limited
1747,Gross Disbursements,Viet Nam,IDA,EAST ASIA AND PACIFIC,FY24,261.0,234.0,0.0,1.0,496.0,2024,4,annual,496.0,0.0,country,0.5262096774193549,5.568344503761097,0.4717741935483871,5.459585514144159,0.0,0.0,0.0020161290322580645,0.6931471805599453,6.208590026096629,,,,,,107.0,496.0,True,4.635514018691588,0.8861426256077796,496.0,significant
1627,Gross Disbursements,Viet Nam,IDA,EAST ASIA AND PACIFIC,FY25,0.0,142.0,0.0,0.0,142.0,2025,4,annual,142.0,0.0,country,0.0,0.0,1.0,4.962844630259907,0.0,0.0,0.0,0.0,4.962844630259907,496.0,-354.0,-0.7137096774193549,496.0,-0.7137096774193549,0.0,142.0,False,,0.7090761750405187,142.0,significant
1312,Gross Disbursements,Viet Nam,IDA,EAST ASIA AND PACIFIC,2025-Q3,0.0,88.0,0.0,0.0,88.0,2025,3,quarterly,88.0,0.0,country,0.0,0.0,1.0,4.48863636973214,0.0,0.0,0.0,0.0,4.48863636973214,,,,,,0.0,88.0,False,,0.6116071428571429,88.0,moderate
1189,Gross Disbursements,Viet Nam,IDA,EAST ASIA AND PACIFIC,2026-Q3,0.0,62.0,0.0,0.0,62.0,2026,3,quarterly,62.0,0.0,country,0.0,0.0,1.0,4.143134726391533,0.0,0.0,0.0,0.0,4.143134726391533,88.0,-26.0,-0.29545454545454547,88.0,-0.29545454545454547,0.0,62.0,False,,0.5625,62.0,moderate
2507,Commitments,Vietnam,IDA,EAST ASIA AND PACIFIC,FY14,320.0,771.0,0.0,250.0,1341.0,2014,4,annual,1341.0,0.0,country,0.23862788963460105,5.771441123130016,0.5749440715883669,6.648984550024776,0.0,0.0,0.18642803877703207,5.5254529391317835,7.201916317531627,,,,,,1341.0,1249.0,True,0.9313944817300522,0.9539375928677564,1341.0,major
2337,Commitments,Vietnam,IDA,EAST ASIA AND PACIFIC,FY15,0.0,784.0,0.0,0.0,784.0,2015,4,annual,784.0,0.0,country,0.0,0.0,1.0,6.665683717782408,0.0,0.0,0.0,0.0,6.665683717782408,1341.0,-557.0,-0.4153616703952274,1341.0,-0.4153616703952274,784.0,1284.0,True,1.6377551020408163,0.9056463595839525,784.0,major
1054,Commitments,Vietnam,IDA,EAST ASIA AND PACIFIC,FY16,90.0,900.0,0.0,680.0,1670.0,2016,4,annual,1670.0,0.0,country,0.05389221556886228,4.51085950651685,0.5389221556886228,6.803505257608338,0.0,0.0,0.40718562874251496,6.523562306149512,7.421177528595393,784.0,886.0,1.1301020408163265,784.0,1.1301020408163265,1670.0,912.0,True,0.5461077844311377,0.9673105497771174,1670.0,major
847,Commitments,Vietnam,IDA,EAST ASIA AND PACIFIC,FY17,0.0,1359.0,0.0,153.0,1512.0,2017,4,annual,1512.0,0.0,country,0.0,0.0,0.8988095238095238,7.215239978730097,0.0,0.0,0.10119047619047619,5.0369526024136295,7.321849713788356,1670.0,-158.0,-0.09461077844311377,1670.0,-0.09461077844311377,1512.0,743.0,True,0.4914021164021164,0.9606240713224369,1512.0,major
3291,Commitments,Vietnam,IDA,EAST ASIA AND PACIFIC,FY18,0.0,80.0,0.0,0.0,80.0,2018,4,annual,80.0,0.0,country,0.0,0.0,1.0,4.394449154672439,0.0,0.0,0.0,0.0,4.394449154672439,1512.0,-1432.0,-0.9470899470899471,1512.0,-0.9470899470899471,80.0,663.0,True,8.2875,0.5980683506686478,80.0,moderate
3053,Commitments,Vietnam,IDA,EAST ASIA AND PACIFIC,FY19,125.0,274.0,0.0,0.0,399.0,2019,4,annual,399.0,0.0,country,0.3132832080200501,4.836281906951478,0.6867167919799498,5.616771097666572,0.0,0.0,0.0,0.0,5.991464547107982,80.0,319.0,3.9875,80.0,3.9875,399.0,569.0,True,1.4260651629072683,0.8179791976225854,399.0,significant
2187,Commitments,Vietnam,IDA,EAST ASIA AND PACIFIC,FY20,84.0,422.0,0.0,0.0,506.0,2020,4,annual,506.0,0.0,country,0.16600790513833993,4.442651256490317,0.83399209486166,6.0473721790462776,0.0,0.0,0.0,0.0,6.2285110035911835,399.0,107.0,0.2681704260651629,399.0,0.2681704260651629,506.0,897.0,True,1.7727272727272727,0.8469539375928677,506.0,major
1928,Commitments,Vietnam,IDA,EAST ASIA AND PACIFIC,FY21,221.0,0.0,0.0,0.0,221.0,2021,4,annual,221.0,0.0,country,1.0,5.402677381872279,0.0,0.0,0.0,0.0,0.0,0.0,5.402677381872279,506.0,-285.0,-0.5632411067193676,506.0,-0.5632411067193676,221.0,594.0,True,2.6877828054298645,0.7451708766716196,221.0,significant
563,Commitments,Vietnam,IDA,EAST ASIA AND PACIFIC,FY22,0.0,0.0,0.0,0.0,0.0,2022,4,annual,0.0,0.0,country,0.0,0.0,0.0,0.0,0.0,0.0,0.0,0.0,0.0,221.0,-221.0,-1.0,221.0,-1.0,0.0,690.0,False,,0.19539375928677563,0.0,limited
2949,Commitments,Vietnam,IDA,EAST ASIA AND PACIFIC,FY23,264.0,0.0,0.0,0.0,264.0,2023,4,annual,264.0,0.0,country,1.0,5.579729825986222,0.0,0.0,0.0,0.0,0.0,0.0,5.579729825986222,0.0,264.0,,0.0,,264.0,661.0,True,2.503787878787879,0.7659732540861813,264.0,significant
2588,Gross Disbursements,Vietnam,IDA,EAST ASIA AND PACIFIC,FY14,297.0,930.0,0.0,22.0,1249.0,2014,4,annual,1249.0,0.0,country,0.2377902321857486,5.697093486505405,0.7445956765412329,6.836259277277067,0.0,0.0,0.017614091273018415,3.1354942159291497,7.1308988302963465,,,,,,1341.0,1249.0,True,0.9313944817300522,0.965964343598055,1249.0,major
2420,Gross Disbursements,Vietnam,IDA,EAST ASIA AND PACIFIC,FY15,303.0,957.0,0.0,25.0,1284.0,2015,4,annual,1285.0,-1.0,country,0.23598130841121495,5.717027701406222,0.7453271028037384,6.86484777797086,0.0,0.0,0.019470404984423675,3.258096538021482,7.158513997329321,1249.0,35.0,0.02802241793434748,1249.0,0.02802241793434748,784.0,1284.0,True,1.6377551020408163,0.9675850891410048,1284.0,major
1144,Gross Disbursements,Vietnam,IDA,EAST ASIA AND PACIFIC,FY16,0.0,858.0,0.0,54.0,912.0,2016,4,annual,912.0,0.0,country,0.0,0.0,0.9407894736842105,6.755768921984255,0.0,0.0,0.05921052631578947,4.007333185232471,6.816735880594968,1284.0,-372.0,-0.2897196261682243,1284.0,-0.2897196261682243,1670.0,912.0,True,0.5461077844311377,0.9448946515397083,912.0,major
894,Gross Disbursements,Vietnam,IDA,EAST ASIA AND PACIFIC,FY17,88.0,580.0,0.0,74.0,743.0,2017,4,annual,742.0,1.0,country,0.11843876177658143,4.48863636973214,0.7806191117092867,6.364750756851911,0.0,0.0,0.09959623149394348,4.31748811353631,6.612041034833092,912.0,-169.0,-0.18530701754385964,912.0,-0.18530701754385964,1512.0,743.0,True,0.4914021164021164,0.9294975688816856,743.0,major
3404,Gross Disbursements,Vietnam,IDA,EAST ASIA AND PACIFIC,FY18,0.0,518.0,0.0,145.0,663.0,2018,4,annual,663.0,0.0,country,0.0,0.0,0.7812971342383107,6.251903883165888,0.0,0.0,0.2187028657616893,4.983606621708336,6.498282149476434,743.0,-80.0,-0.10767160161507403,743.0,-0.10767160161507403,80.0,663.0,True,8.2875,0.9181523500810372,663.0,major
3164,Gross Disbursements,Vietnam,IDA,EAST ASIA AND PACIFIC,FY19,0.0,416.0,0.0,152.0,569.0,2019,4,annual,568.0,1.0,country,0.0,0.0,0.7311072056239016,6.0330862217988015,0.0,0.0,0.2671353251318102,5.030437921392435,6.345636360828596,663.0,-94.0,-0.14177978883861236,663.0,-0.14177978883861236,399.0,569.0,True,1.4260651629072683,0.9059967585089141,569.0,major
2045,Gross Disbursements,Vietnam,IDA,EAST ASIA AND PACIFIC,FY20,125.0,518.0,0.0,254.0,897.0,2020,4,annual,897.0,0.0,country,0.13935340022296544,4.836281906951478,0.5774804905239688,6.251903883165888,0.0,0.0,0.2831661092530658,5.541263545158426,6.8001700683022,569.0,328.0,0.5764499121265377,569.0,0.5764499121265377,506.0,897.0,True,1.7727272727272727,0.9440842787682334,897.0,major
688,Gross Disbursements,Vietnam,IDA,EAST ASIA AND PACIFIC,FY21,0.0,427.0,0.0,167.0,594.0,2021,4,annual,594.0,0.0,country,0.0,0.0,0.7188552188552189,6.059123195581797,0.0,0.0,0.28114478114478114,5.123963979403259,6.38856140554563,897.0,-303.0,-0.3377926421404682,897.0,-0.3377926421404682,221.0,594.0,True,2.6877828054298645,0.9096434359805511,594.0,major
441,Gross Disbursements,Vietnam,IDA,EAST ASIA AND PACIFIC,FY22,86.0,517.0,0.0,87.0,690.0,2022,4,annual,690.0,0.0,country,0.1246376811594203,4.465908118654584,0.7492753623188406,6.249975242259483,0.0,0.0,0.12608695652173912,4.477336814478207,6.53813982376767,594.0,96.0,0.16161616161616163,594.0,0.16161616161616163,0.0,690.0,False,,0.9230145867098866,690.0,major
2825,Gross Disbursements,Vietnam,IDA,EAST ASIA AND PACIFIC,FY23,205.0,402.0,0.0,54.0,661.0,2023,4,annual,661.0,0.0,country,0.3101361573373676,5.327876168789581,0.6081694402420574,5.998936561946683,0.0,0.0,0.08169440242057488,4.007333185232471,6.495265555937008,690.0,-29.0,-0.042028985507246375,690.0,-0.042028985507246375,264.0,661.0,True,2.503787878787879,0.9173419773095624,661.0,major
1040,Commitments,Western Africa,IDA,AFRICA,FY16,0.0,41.0,0.0,0.0,41.0,2016,4,annual,41.0,0.0,aggregate_or_institution,0.0,0.0,1.0,3.7376696182833684,0.0,0.0,0.0,0.0,3.7376696182833684,,,,,,41.0,0.0,True,0.0,0.7280701754385965,41.0,moderate
830,Commitments,Western Africa,IDA,AFRICA,FY17,0.0,0.0,0.0,0.0,0.0,2017,4,annual,0.0,0.0,aggregate_or_institution,0.0,0.0,0.0,0.0,0.0,0.0,0.0,0.0,0.0,41.0,-41.0,-1.0,41.0,-1.0,0.0,3.0,False,,0.25877192982456143,0.0,limited
3300,Commitments,Western Africa,IDA,AFRICA,FY18,0.0,210.0,0.0,0.0,210.0,2018,4,annual,210.0,0.0,aggregate_or_institution,0.0,0.0,1.0,5.351858133476067,0.0,0.0,0.0,0.0,5.351858133476067,0.0,210.0,,0.0,,210.0,43.0,True,0.20476190476190476,0.9035087719298246,210.0,significant
3102,Commitments,Western Africa,IDA,AFRICA,FY19,0.0,200.0,0.0,0.0,200.0,2019,4,annual,200.0,0.0,aggregate_or_institution,0.0,0.0,1.0,5.303304908059076,0.0,0.0,0.0,0.0,5.303304908059076,210.0,-10.0,-0.047619047619047616,210.0,-0.047619047619047616,200.0,45.0,True,0.225,0.8859649122807017,200.0,significant
2198,Commitments,Western Africa,IDA,AFRICA WEST,FY20,0.0,55.0,0.0,0.0,55.0,2020,4,annual,55.0,0.0,aggregate_or_institution,0.0,0.0,1.0,4.02535169073515,0.0,0.0,0.0,0.0,4.02535169073515,200.0,-145.0,-0.725,200.0,-0.725,55.0,29.0,True,0.5272727272727272,0.7631578947368421,55.0,moderate
1122,Gross Disbursements,Western Africa,IDA,AFRICA,FY16,0.0,0.0,0.0,0.0,0.0,2016,4,annual,0.0,0.0,aggregate_or_institution,0.0,0.0,0.0,0.0,0.0,0.0,0.0,0.0,0.0,,,,,,41.0,0.0,True,0.0,0.0797872340425532,0.0,limited
936,Gross Disbursements,Western Africa,IDA,AFRICA,FY17,0.0,3.0,0.0,0.0,3.0,2017,4,annual,3.0,0.0,aggregate_or_institution,0.0,0.0,1.0,1.3862943611198906,0.0,0.0,0.0,0.0,1.3862943611198906,0.0,3.0,,0.0,,0.0,3.0,False,,0.44148936170212766,3.0,limited
762,Gross Disbursements,Western Africa,IDA,AFRICA,FY18,0.0,43.0,0.0,0.0,43.0,2018,4,annual,43.0,0.0,aggregate_or_institution,0.0,0.0,1.0,3.784189633918261,0.0,0.0,0.0,0.0,3.784189633918261,3.0,40.0,13.333333333333334,3.0,13.333333333333334,210.0,43.0,True,0.20476190476190476,0.8617021276595744,43.0,moderate
3228,Gross Disbursements,Western Africa,IDA,AFRICA,FY19,0.0,45.0,0.0,0.0,45.0,2019,4,annual,45.0,0.0,aggregate_or_institution,0.0,0.0,1.0,3.828641396489095,0.0,0.0,0.0,0.0,3.828641396489095,43.0,2.0,0.046511627906976744,43.0,0.046511627906976744,200.0,45.0,True,0.225,0.8723404255319149,45.0,moderate
2070,Gross Disbursements,Western Africa,IDA,AFRICA WEST,FY20,0.0,29.0,0.0,0.0,29.0,2020,4,annual,29.0,0.0,aggregate_or_institution,0.0,0.0,1.0,3.4011973816621555,0.0,0.0,0.0,0.0,3.4011973816621555,45.0,-16.0,-0.35555555555555557,45.0,-0.35555555555555557,55.0,29.0,True,0.5272727272727272,0.7819148936170213,29.0,moderate
2033,Commitments,Western and Central Africa,IDA,WESTERN AND CENTRAL AFRICA,FY21,0.0,114.0,0.0,0.0,114.0,2021,4,annual,114.0,0.0,aggregate_or_institution,0.0,0.0,1.0,4.74493212836325,0.0,0.0,0.0,0.0,4.74493212836325,,,,,,114.0,137.0,True,1.2017543859649122,0.8333333333333334,114.0,significant
668,Commitments,Western and Central Africa,IDA,WESTERN AND CENTRAL AFRICA,FY22,0.0,30.0,0.0,0.0,30.0,2022,4,annual,30.0,0.0,aggregate_or_institution,0.0,0.0,1.0,3.4339872044851463,0.0,0.0,0.0,0.0,3.4339872044851463,114.0,-84.0,-0.7368421052631579,114.0,-0.7368421052631579,30.0,85.0,True,2.8333333333333335,0.6973684210526315,30.0,moderate
421,Commitments,Western and Central Africa,IDA,WESTERN AND CENTRAL AFRICA,FY23,0.0,96.0,0.0,0.0,96.0,2023,4,annual,96.0,0.0,aggregate_or_institution,0.0,0.0,1.0,4.574710978503383,0.0,0.0,0.0,0.0,4.574710978503383,30.0,66.0,2.2,30.0,2.2,96.0,111.0,True,1.15625,0.7982456140350878,96.0,moderate
2770,Commitments,Western and Central Africa,IDA,WESTERN AND CENTRAL AFRICA,FY24,0.0,142.0,0.0,0.0,142.0,2024,4,annual,142.0,0.0,aggregate_or_institution,0.0,0.0,1.0,4.962844630259907,0.0,0.0,0.0,0.0,4.962844630259907,96.0,46.0,0.4791666666666667,96.0,0.4791666666666667,142.0,57.0,True,0.4014084507042254,0.868421052631579,142.0,significant
1571,Commitments,Western and Central Africa,IDA,WESTERN AND CENTRAL AFRICA,FY25,0.0,285.0,0.0,0.0,285.0,2025,4,annual,285.0,0.0,aggregate_or_institution,0.0,0.0,1.0,5.655991810819852,0.0,0.0,0.0,0.0,5.655991810819852,142.0,143.0,1.0070422535211268,142.0,1.0070422535211268,285.0,91.0,True,0.3192982456140351,0.9210526315789473,285.0,significant
351,Commitments,Western and Central Africa,IDA,WESTERN AND CENTRAL AFRICA,2025-Q3,0.0,55.0,0.0,0.0,55.0,2025,3,quarterly,55.0,0.0,aggregate_or_institution,0.0,0.0,1.0,4.02535169073515,0.0,0.0,0.0,0.0,4.02535169073515,,,,,,55.0,58.0,True,1.0545454545454545,0.84375,55.0,moderate
158,Commitments,Western and Central Africa,IDA,WESTERN AND CENTRAL AFRICA,2026-Q3,0.0,77.0,0.0,0.0,77.0,2026,3,quarterly,77.0,0.0,aggregate_or_institution,0.0,0.0,1.0,4.356708826689592,0.0,0.0,0.0,0.0,4.356708826689592,55.0,22.0,0.4,55.0,0.4,77.0,52.0,True,0.6753246753246753,0.96875,77.0,moderate
1903,Gross Disbursements,Western and Central Africa,IDA,WESTERN AND CENTRAL AFRICA,FY21,0.0,137.0,0.0,0.0,137.0,2021,4,annual,137.0,0.0,aggregate_or_institution,0.0,0.0,1.0,4.927253685157205,0.0,0.0,0.0,0.0,4.927253685157205,,,,,,114.0,137.0,True,1.2017543859649122,0.9946808510638298,137.0,significant
538,Gross Disbursements,Western and Central Africa,IDA,WESTERN AND CENTRAL AFRICA,FY22,0.0,85.0,0.0,0.0,85.0,2022,4,annual,85.0,0.0,aggregate_or_institution,0.0,0.0,1.0,4.454347296253507,0.0,0.0,0.0,0.0,4.454347296253507,137.0,-52.0,-0.3795620437956204,137.0,-0.3795620437956204,30.0,85.0,True,2.8333333333333335,0.925531914893617,85.0,moderate
2924,Gross Disbursements,Western and Central Africa,IDA,WESTERN AND CENTRAL AFRICA,FY23,0.0,111.0,0.0,0.0,111.0,2023,4,annual,111.0,0.0,aggregate_or_institution,0.0,0.0,1.0,4.718498871295094,0.0,0.0,0.0,0.0,4.718498871295094,85.0,26.0,0.3058823529411765,85.0,0.3058823529411765,96.0,111.0,True,1.15625,0.9680851063829787,111.0,significant
1846,Gross Disbursements,Western and Central Africa,IDA,WESTERN AND CENTRAL AFRICA,FY24,0.0,57.0,0.0,0.0,57.0,2024,4,annual,57.0,0.0,aggregate_or_institution,0.0,0.0,1.0,4.060443010546419,0.0,0.0,0.0,0.0,4.060443010546419,111.0,-54.0,-0.4864864864864865,111.0,-0.4864864864864865,142.0,57.0,True,0.4014084507042254,0.9148936170212766,57.0,moderate
1726,Gross Disbursements,Western and Central Africa,IDA,WESTERN AND CENTRAL AFRICA,FY25,0.0,91.0,0.0,0.0,91.0,2025,4,annual,91.0,0.0,aggregate_or_institution,0.0,0.0,1.0,4.5217885770490405,0.0,0.0,0.0,0.0,4.5217885770490405,57.0,34.0,0.5964912280701754,57.0,0.5964912280701754,285.0,91.0,True,0.3192982456140351,0.9361702127659575,91.0,moderate
1411,Gross Disbursements,Western and Central Africa,IDA,WESTERN AND CENTRAL AFRICA,2025-Q3,0.0,58.0,0.0,0.0,58.0,2025,3,quarterly,58.0,0.0,aggregate_or_institution,0.0,0.0,1.0,4.07753744390572,0.0,0.0,0.0,0.0,4.07753744390572,,,,,,55.0,58.0,True,1.0545454545454545,0.8181818181818182,58.0,moderate
1288,Gross Disbursements,Western and Central Africa,IDA,WESTERN AND CENTRAL AFRICA,2026-Q3,0.0,52.0,0.0,0.0,52.0,2026,3,quarterly,52.0,0.0,aggregate_or_institution,0.0,0.0,1.0,3.970291913552122,0.0,0.0,0.0,0.0,3.970291913552122,58.0,-6.0,-0.10344827586206896,58.0,-0.10344827586206896,77.0,52.0,True,0.6753246753246753,0.7727272727272727,52.0,moderate
887,Commitments,World,IDA,OTHER,FY17,0.0,0.0,0.0,0.0,50.0,2017,4,annual,0.0,50.0,aggregate_or_institution,0.0,0.0,0.0,0.0,0.0,0.0,0.0,0.0,3.9318256327243257,,,,,,50.0,50.0,True,1.0,0.7412280701754386,50.0,moderate
3157,Commitments,World,IDA,OTHER,FY19,0.0,0.0,0.0,0.0,0.0,2019,4,annual,0.0,0.0,aggregate_or_institution,0.0,0.0,0.0,0.0,0.0,0.0,0.0,0.0,0.0,50.0,-50.0,-1.0,50.0,-1.0,0.0,,False,,0.25877192982456143,0.0,limited
3029,Commitments,World,IDA,OTHER,FY20,0.0,0.0,0.0,0.0,0.0,2020,4,annual,0.0,0.0,aggregate_or_institution,0.0,0.0,0.0,0.0,0.0,0.0,0.0,0.0,0.0,0.0,0.0,,0.0,,0.0,,False,,0.25877192982456143,0.0,limited
2001,Commitments,World,IDA,OTHER,FY21,0.0,0.0,0.0,0.0,0.0,2021,4,annual,0.0,0.0,aggregate_or_institution,0.0,0.0,0.0,0.0,0.0,0.0,0.0,0.0,0.0,0.0,0.0,,0.0,,0.0,,False,,0.25877192982456143,0.0,limited
636,Commitments,World,IDA,OTHER,FY22,0.0,0.0,0.0,0.0,0.0,2022,4,annual,0.0,0.0,aggregate_or_institution,0.0,0.0,0.0,0.0,0.0,0.0,0.0,0.0,0.0,0.0,0.0,,0.0,,0.0,,False,,0.25877192982456143,0.0,limited
389,Commitments,World,IDA,OTHER,FY23,0.0,0.0,0.0,0.0,0.0,2023,4,annual,0.0,0.0,aggregate_or_institution,0.0,0.0,0.0,0.0,0.0,0.0,0.0,0.0,0.0,0.0,0.0,,0.0,,0.0,,False,,0.25877192982456143,0.0,limited
2796,Commitments,World,IDA,OTHER,FY24,0.0,0.0,0.0,0.0,0.0,2024,4,annual,0.0,0.0,aggregate_or_institution,0.0,0.0,0.0,0.0,0.0,0.0,0.0,0.0,0.0,0.0,0.0,,0.0,,0.0,,False,,0.25877192982456143,0.0,limited
1597,Commitments,World,IDA,OTHER,FY25,0.0,0.0,0.0,0.0,0.0,2025,4,annual,0.0,0.0,aggregate_or_institution,0.0,0.0,0.0,0.0,0.0,0.0,0.0,0.0,0.0,0.0,0.0,,0.0,,0.0,,False,,0.25877192982456143,0.0,limited
1159,Commitments,World,IDA,OTHER,2025-Q3,0.0,0.0,0.0,0.0,0.0,2025,3,quarterly,0.0,0.0,aggregate_or_institution,0.0,0.0,0.0,0.0,0.0,0.0,0.0,0.0,0.0,,,,,,0.0,,False,,0.328125,0.0,limited
184,Commitments,World,IDA,OTHER,2026-Q3,0.0,0.0,0.0,0.0,0.0,2026,3,quarterly,0.0,0.0,aggregate_or_institution,0.0,0.0,0.0,0.0,0.0,0.0,0.0,0.0,0.0,0.0,0.0,,0.0,,0.0,,False,,0.328125,0.0,limited
1004,Gross Disbursements,World,IDA,OTHER,FY17,0.0,0.0,0.0,0.0,50.0,2017,4,annual,0.0,50.0,aggregate_or_institution,0.0,0.0,0.0,0.0,0.0,0.0,0.0,0.0,3.9318256327243257,,,,,,50.0,50.0,True,1.0,0.8936170212765957,50.0,moderate
2526,Commitments,"Yemen, Republic of",IDA,MIDDLE EAST AND NORTH AFRICA,FY14,0.0,192.0,0.0,0.0,192.0,2014,4,annual,192.0,0.0,country,0.0,0.0,1.0,5.262690188904886,0.0,0.0,0.0,0.0,5.262690188904886,,,,,,192.0,179.0,True,0.9322916666666666,0.7221396731054978,192.0,significant
2356,Commitments,"Yemen, Republic of",IDA,MIDDLE EAST AND NORTH AFRICA,FY15,0.0,193.0,0.0,0.0,193.0,2015,4,annual,193.0,0.0,country,0.0,0.0,1.0,5.267858159063328,0.0,0.0,0.0,0.0,5.267858159063328,192.0,1.0,0.005208333333333333,192.0,0.005208333333333333,193.0,145.0,True,0.7512953367875648,0.7236255572065379,193.0,significant
1068,Commitments,"Yemen, Republic of",IDA,MIDDLE EAST AND NORTH AFRICA,FY16,0.0,0.0,0.0,0.0,0.0,2016,4,annual,0.0,0.0,country,0.0,0.0,0.0,0.0,0.0,0.0,0.0,0.0,0.0,193.0,-193.0,-1.0,193.0,-1.0,0.0,17.0,False,,0.19539375928677563,0.0,limited
822,Commitments,"Yemen, Republic of",IDA,MIDDLE EAST AND NORTH AFRICA,FY17,0.0,783.0,0.0,0.0,783.0,2017,4,annual,783.0,0.0,country,0.0,0.0,1.0,6.664409020350408,0.0,0.0,0.0,0.0,6.664409020350408,0.0,783.0,,0.0,,783.0,330.0,True,0.421455938697318,0.9049034175334324,783.0,major
3287,Commitments,"Yemen, Republic of",IDA,MIDDLE EAST AND NORTH AFRICA,FY18,0.0,400.0,0.0,0.0,400.0,2018,4,annual,400.0,0.0,country,0.0,0.0,1.0,5.993961427306569,0.0,0.0,0.0,0.0,5.993961427306569,783.0,-383.0,-0.4891443167305236,783.0,-0.4891443167305236,400.0,520.0,True,1.3,0.8194650817236255,400.0,significant
3098,Commitments,"Yemen, Republic of",IDA,MIDDLE EAST AND NORTH AFRICA,FY19,0.0,540.0,0.0,0.0,540.0,2019,4,annual,540.0,0.0,country,0.0,0.0,1.0,6.293419278846481,0.0,0.0,0.0,0.0,6.293419278846481,400.0,140.0,0.35,400.0,0.35,540.0,600.0,True,1.1111111111111112,0.8551263001485884,540.0,major
2171,Commitments,"Yemen, Republic of",IDA,MIDDLE EAST AND NORTH AFRICA,FY20,0.0,52.0,0.0,0.0,52.0,2020,4,annual,52.0,0.0,country,0.0,0.0,1.0,3.970291913552122,0.0,0.0,0.0,0.0,3.970291913552122,540.0,-488.0,-0.9037037037037037,540.0,-0.9037037037037037,52.0,57.0,True,1.0961538461538463,0.5404903417533432,52.0,moderate
1998,Commitments,"Yemen, Republic of",IDA,MIDDLE EAST AND NORTH AFRICA,FY21,0.0,613.0,0.0,0.0,613.0,2021,4,annual,613.0,0.0,country,0.0,0.0,1.0,6.419994928147142,0.0,0.0,0.0,0.0,6.419994928147142,52.0,561.0,10.788461538461538,52.0,10.788461538461538,613.0,299.0,True,0.48776508972267535,0.8722139673105498,613.0,major
633,Commitments,"Yemen, Republic of",IDA,MIDDLE EAST AND NORTH AFRICA,FY22,0.0,611.0,0.0,0.0,611.0,2022,4,annual,611.0,0.0,country,0.0,0.0,1.0,6.416732282512326,0.0,0.0,0.0,0.0,6.416732282512326,613.0,-2.0,-0.0032626427406199023,613.0,-0.0032626427406199023,611.0,492.0,True,0.8052373158756138,0.8707280832095097,611.0,major
386,Commitments,"Yemen, Republic of",IDA,MIDDLE EAST AND NORTH AFRICA,FY23,0.0,526.0,0.0,0.0,526.0,2023,4,annual,526.0,0.0,country,0.0,0.0,1.0,6.267200548541362,0.0,0.0,0.0,0.0,6.267200548541362,611.0,-85.0,-0.13911620294599017,611.0,-0.13911620294599017,526.0,496.0,True,0.9429657794676806,0.8543833580980683,526.0,major
2793,Commitments,"Yemen, Republic of",IDA,MIDDLE EAST AND NORTH AFRICA,FY24,0.0,300.0,0.0,0.0,300.0,2024,4,annual,300.0,0.0,country,0.0,0.0,1.0,5.707110264748875,0.0,0.0,0.0,0.0,5.707110264748875,526.0,-226.0,-0.4296577946768061,526.0,-0.4296577946768061,300.0,479.0,True,1.5966666666666667,0.7812035661218425,300.0,significant
1594,Commitments,"Yemen, Republic of",IDA,MIDDLE EAST AND NORTH AFRICA,FY25,0.0,172.0,0.0,0.0,172.0,2025,4,annual,172.0,0.0,country,0.0,0.0,1.0,5.153291594497779,0.0,0.0,0.0,0.0,5.153291594497779,300.0,-128.0,-0.4266666666666667,300.0,-0.4266666666666667,172.0,415.0,True,2.4127906976744184,0.7139673105497771,172.0,significant
1156,Commitments,"Yemen, Republic of",IDA,"MIDDLE EAST, NORTH AFRICA, AFGHANISTAN, AND PAKISTAN",2025-Q3,0.0,142.0,0.0,0.0,142.0,2025,3,quarterly,142.0,0.0,country,0.0,0.0,1.0,4.962844630259907,0.0,0.0,0.0,0.0,4.962844630259907,,,,,,142.0,299.0,True,2.1056338028169015,0.8333333333333334,142.0,significant
181,Commitments,"Yemen, Republic of",IDA,"MIDDLE EAST, NORTH AFRICA, AFGHANISTAN, AND PAKISTAN",2026-Q3,0.0,0.0,0.0,0.0,0.0,2026,3,quarterly,0.0,0.0,country,0.0,0.0,0.0,0.0,0.0,0.0,0.0,0.0,0.0,142.0,-142.0,-1.0,142.0,-1.0,0.0,84.85,False,,0.326271186440678,0.0,limited
2615,Gross Disbursements,"Yemen, Republic of",IDA,MIDDLE EAST AND NORTH AFRICA,FY14,0.0,179.0,0.0,0.0,179.0,2014,4,annual,179.0,0.0,country,0.0,0.0,1.0,5.19295685089021,0.0,0.0,0.0,0.0,5.19295685089021,,,,,,192.0,179.0,True,0.9322916666666666,0.7512155591572123,179.0,significant
2447,Gross Disbursements,"Yemen, Republic of",IDA,MIDDLE EAST AND NORTH AFRICA,FY15,0.0,145.0,0.0,0.0,145.0,2015,4,annual,145.0,0.0,country,0.0,0.0,1.0,4.983606621708336,0.0,0.0,0.0,0.0,4.983606621708336,179.0,-34.0,-0.18994413407821228,179.0,-0.18994413407821228,193.0,145.0,True,0.7512953367875648,0.715964343598055,145.0,significant
2279,Gross Disbursements,"Yemen, Republic of",IDA,MIDDLE EAST AND NORTH AFRICA,FY16,0.0,17.0,0.0,0.0,17.0,2016,4,annual,17.0,0.0,country,0.0,0.0,1.0,2.8903717578961645,0.0,0.0,0.0,0.0,2.8903717578961645,145.0,-128.0,-0.8827586206896552,145.0,-0.8827586206896552,0.0,17.0,False,,0.38492706645056723,17.0,moderate
897,Gross Disbursements,"Yemen, Republic of",IDA,MIDDLE EAST AND NORTH AFRICA,FY17,0.0,330.0,0.0,0.0,330.0,2017,4,annual,330.0,0.0,country,0.0,0.0,1.0,5.802118375377063,0.0,0.0,0.0,0.0,5.802118375377063,17.0,313.0,18.41176470588235,17.0,18.41176470588235,783.0,330.0,True,0.421455938697318,0.8273905996758509,330.0,significant
3403,Gross Disbursements,"Yemen, Republic of",IDA,MIDDLE EAST AND NORTH AFRICA,FY18,0.0,520.0,0.0,0.0,520.0,2018,4,annual,520.0,0.0,country,0.0,0.0,1.0,6.255750041753367,0.0,0.0,0.0,0.0,6.255750041753367,330.0,190.0,0.5757575757575758,330.0,0.5757575757575758,400.0,520.0,True,1.3,0.8958670988654781,520.0,major
3207,Gross Disbursements,"Yemen, Republic of",IDA,MIDDLE EAST AND NORTH AFRICA,FY19,0.0,600.0,0.0,0.0,600.0,2019,4,annual,600.0,0.0,country,0.0,0.0,1.0,6.398594934535208,0.0,0.0,0.0,0.0,6.398594934535208,520.0,80.0,0.15384615384615385,520.0,0.15384615384615385,540.0,600.0,True,1.1111111111111112,0.9108589951377634,600.0,major
2056,Gross Disbursements,"Yemen, Republic of",IDA,MIDDLE EAST AND NORTH AFRICA,FY20,0.0,57.0,0.0,0.0,57.0,2020,4,annual,57.0,0.0,country,0.0,0.0,1.0,4.060443010546419,0.0,0.0,0.0,0.0,4.060443010546419,600.0,-543.0,-0.905,600.0,-0.905,52.0,57.0,True,1.0961538461538463,0.5648298217179902,57.0,moderate
1870,Gross Disbursements,"Yemen, Republic of",IDA,MIDDLE EAST AND NORTH AFRICA,FY21,0.0,299.0,0.0,0.0,299.0,2021,4,annual,299.0,0.0,country,0.0,0.0,1.0,5.703782474656201,0.0,0.0,0.0,0.0,5.703782474656201,57.0,242.0,4.245614035087719,57.0,4.245614035087719,613.0,299.0,True,0.48776508972267535,0.8184764991896273,299.0,significant
505,Gross Disbursements,"Yemen, Republic of",IDA,MIDDLE EAST AND NORTH AFRICA,FY22,0.0,492.0,0.0,0.0,492.0,2022,4,annual,492.0,0.0,country,0.0,0.0,1.0,6.20050917404269,0.0,0.0,0.0,0.0,6.20050917404269,299.0,193.0,0.6454849498327759,299.0,0.6454849498327759,611.0,492.0,True,0.8052373158756138,0.8841166936790924,492.0,significant
2891,Gross Disbursements,"Yemen, Republic of",IDA,MIDDLE EAST AND NORTH AFRICA,FY23,0.0,496.0,0.0,0.0,496.0,2023,4,annual,496.0,0.0,country,0.0,0.0,1.0,6.208590026096629,0.0,0.0,0.0,0.0,6.208590026096629,492.0,4.0,0.008130081300813009,492.0,0.008130081300813009,526.0,496.0,True,0.9429657794676806,0.8861426256077796,496.0,significant
1813,Gross Disbursements,"Yemen, Republic of",IDA,MIDDLE EAST AND NORTH AFRICA,FY24,0.0,479.0,0.0,0.0,479.0,2024,4,annual,479.0,0.0,country,0.0,0.0,1.0,6.173786103901937,0.0,0.0,0.0,0.0,6.173786103901937,496.0,-17.0,-0.034274193548387094,496.0,-0.034274193548387094,300.0,479.0,True,1.5966666666666667,0.8768233387358185,479.0,significant
1693,Gross Disbursements,"Yemen, Republic of",IDA,MIDDLE EAST AND NORTH AFRICA,FY25,0.0,415.0,0.0,0.0,415.0,2025,4,annual,415.0,0.0,country,0.0,0.0,1.0,6.030685260261263,0.0,0.0,0.0,0.0,6.030685260261263,479.0,-64.0,-0.1336116910229645,479.0,-0.1336116910229645,172.0,415.0,True,2.4127906976744184,0.8557536466774717,415.0,significant
1378,Gross Disbursements,"Yemen, Republic of",IDA,"MIDDLE EAST, NORTH AFRICA, AFGHANISTAN, AND PAKISTAN",2025-Q3,0.0,299.0,0.0,0.0,299.0,2025,3,quarterly,299.0,0.0,country,0.0,0.0,1.0,5.703782474656201,0.0,0.0,0.0,0.0,5.703782474656201,,,,,,142.0,299.0,True,2.1056338028169015,0.8035714285714286,299.0,significant
1255,Gross Disbursements,"Yemen, Republic of",IDA,"MIDDLE EAST, NORTH AFRICA, AFGHANISTAN, AND PAKISTAN",2026-Q3,0.0,84.85,0.0,0.0,84.85,2026,3,quarterly,84.85,0.0,country,0.0,0.0,1.0,4.4526015873434845,0.0,0.0,0.0,0.0,4.4526015873434845,299.0,-214.15,-0.7162207357859532,299.0,-0.7162207357859532,0.0,84.85,False,,0.6071428571428571,84.85,moderate
2700,Commitments,"Yugoslavia, former",IDA,EUROPE AND CENTRAL ASIA,FY24,0.0,0.0,0.0,0.0,0.0,2024,4,annual,0.0,0.0,country,0.0,0.0,0.0,0.0,0.0,0.0,0.0,0.0,0.0,,,,,,0.0,,False,,0.19539375928677563,0.0,limited
1501,Commitments,"Yugoslavia, former",IDA,EUROPE AND CENTRAL ASIA,FY25,0.0,0.0,0.0,0.0,0.0,2025,4,annual,0.0,0.0,country,0.0,0.0,0.0,0.0,0.0,0.0,0.0,0.0,0.0,0.0,0.0,,0.0,,0.0,,False,,0.19539375928677563,0.0,limited
281,Commitments,"Yugoslavia, former",IDA,EUROPE AND CENTRAL ASIA,2025-Q3,0.0,0.0,0.0,0.0,0.0,2025,3,quarterly,0.0,0.0,country,0.0,0.0,0.0,0.0,0.0,0.0,0.0,0.0,0.0,,,,,,0.0,,False,,0.326271186440678,0.0,limited
88,Commitments,"Yugoslavia, former",IDA,EUROPE AND CENTRAL ASIA,2026-Q3,0.0,0.0,0.0,0.0,0.0,2026,3,quarterly,0.0,0.0,country,0.0,0.0,0.0,0.0,0.0,0.0,0.0,0.0,0.0,0.0,0.0,,0.0,,0.0,,False,,0.326271186440678,0.0,limited
2492,Commitments,Zambia,IDA,AFRICA,FY14,0.0,52.0,0.0,0.0,52.0,2014,4,annual,52.0,0.0,country,0.0,0.0,1.0,3.970291913552122,0.0,0.0,0.0,0.0,3.970291913552122,,,,,,52.0,100.0,True,1.9230769230769231,0.5404903417533432,52.0,moderate
2322,Commitments,Zambia,IDA,AFRICA,FY15,0.0,205.0,0.0,0.0,205.0,2015,4,annual,205.0,0.0,country,0.0,0.0,1.0,5.327876168789581,0.0,0.0,0.0,0.0,5.327876168789581,52.0,153.0,2.9423076923076925,52.0,2.9423076923076925,205.0,71.0,True,0.3463414634146341,0.7343982169390788,205.0,significant
1041,Commitments,Zambia,IDA,AFRICA,FY16,0.0,77.0,0.0,0.0,77.0,2016,4,annual,77.0,0.0,country,0.0,0.0,1.0,4.356708826689592,0.0,0.0,0.0,0.0,4.356708826689592,205.0,-128.0,-0.624390243902439,205.0,-0.624390243902439,77.0,66.0,True,0.8571428571428571,0.5924962852897474,77.0,moderate
852,Commitments,Zambia,IDA,AFRICA,FY17,0.0,353.0,0.0,0.0,353.0,2017,4,annual,353.0,0.0,country,0.0,0.0,1.0,5.869296913133774,0.0,0.0,0.0,0.0,5.869296913133774,77.0,276.0,3.5844155844155843,77.0,3.5844155844155843,353.0,103.0,True,0.29178470254957506,0.8060921248142645,353.0,significant
3315,Commitments,Zambia,IDA,AFRICA,FY18,0.0,63.0,0.0,0.0,63.0,2018,4,annual,63.0,0.0,country,0.0,0.0,1.0,4.1588830833596715,0.0,0.0,0.0,0.0,4.1588830833596715,353.0,-290.0,-0.8215297450424929,353.0,-0.8215297450424929,63.0,137.0,True,2.1746031746031744,0.5583209509658247,63.0,moderate
3057,Commitments,Zambia,IDA,AFRICA,FY19,0.0,100.0,0.0,0.0,100.0,2019,4,annual,100.0,0.0,country,0.0,0.0,1.0,4.61512051684126,0.0,0.0,0.0,0.0,4.61512051684126,63.0,37.0,0.5873015873015873,63.0,0.5873015873015873,100.0,112.0,True,1.12,0.6404160475482912,100.0,moderate
2193,Commitments,Zambia,IDA,AFRICA EAST,FY20,0.0,382.0,0.0,0.0,382.0,2020,4,annual,382.0,0.0,country,0.0,0.0,1.0,5.948034989180646,0.0,0.0,0.0,0.0,5.948034989180646,100.0,282.0,2.82,100.0,2.82,382.0,126.0,True,0.3298429319371728,0.8153789004457652,382.0,significant
1951,Commitments,Zambia,IDA,EASTERN AND SOUTHERN AFRICA,FY21,0.0,139.0,0.0,0.0,139.0,2021,4,annual,139.0,0.0,country,0.0,0.0,1.0,4.941642422609304,0.0,0.0,0.0,0.0,4.941642422609304,382.0,-243.0,-0.6361256544502618,382.0,-0.6361256544502618,139.0,152.0,True,1.0935251798561152,0.6894502228826151,139.0,significant
586,Commitments,Zambia,IDA,EASTERN AND SOUTHERN AFRICA,FY22,0.0,310.0,0.0,210.0,520.0,2022,4,annual,520.0,0.0,country,0.0,0.0,0.5961538461538461,5.739792912179234,0.0,0.0,0.40384615384615385,5.351858133476067,6.255750041753367,139.0,381.0,2.741007194244604,139.0,2.741007194244604,520.0,381.0,True,0.7326923076923076,0.8514115898959881,520.0,major
2972,Commitments,Zambia,IDA,EASTERN AND SOUTHERN AFRICA,FY23,275.0,353.0,0.0,300.0,928.0,2023,4,annual,928.0,0.0,country,0.2963362068965517,5.62040086571715,0.38038793103448276,5.869296913133774,0.0,0.0,0.3232758620689655,5.707110264748875,6.834108738813838,520.0,408.0,0.7846153846153846,520.0,0.7846153846153846,928.0,594.0,True,0.6400862068965517,0.9279346210995543,928.0,major
2655,Commitments,Zambia,IDA,EASTERN AND SOUTHERN AFRICA,FY24,125.0,470.0,0.0,100.0,695.0,2024,4,annual,695.0,0.0,country,0.17985611510791366,4.836281906951478,0.6762589928057554,6.154858094016418,0.0,0.0,0.14388489208633093,4.61512051684126,6.54534966033442,928.0,-233.0,-0.2510775862068966,928.0,-0.2510775862068966,695.0,508.0,True,0.7309352517985611,0.8893016344725111,695.0,major
1456,Commitments,Zambia,IDA,EASTERN AND SOUTHERN AFRICA,FY25,100.0,475.0,0.0,33.0,608.0,2025,4,annual,608.0,0.0,country,0.16447368421052633,4.61512051684126,0.78125,6.16541785423142,0.0,0.0,0.054276315789473686,3.5263605246161616,6.411818267709897,695.0,-87.0,-0.1251798561151079,695.0,-0.1251798561151079,608.0,400.0,True,0.6578947368421053,0.8699851411589896,608.0,major
236,Commitments,Zambia,IDA,EASTERN AND SOUTHERN AFRICA,2025-Q3,100.0,475.0,0.0,0.0,575.0,2025,3,quarterly,575.0,0.0,country,0.17391304347826086,4.61512051684126,0.8260869565217391,6.16541785423142,0.0,0.0,0.0,0.0,6.3561076606958915,,,,,,575.0,284.51,True,0.49479999999999996,0.96045197740113,575.0,major
43,Commitments,Zambia,IDA,EASTERN AND SOUTHERN AFRICA,2026-Q3,45.49,270.0,0.0,199.51,515.0,2026,3,quarterly,515.0,0.0,country,0.08833009708737864,3.8392372357024933,0.5242718446601942,5.602118820879701,0.0,0.0,0.3873980582524272,5.300864120814612,6.246106765481563,575.0,-60.0,-0.10434782608695652,575.0,-0.10434782608695652,515.0,323.0,True,0.6271844660194175,0.9491525423728814,515.0,major
2572,Gross Disbursements,Zambia,IDA,AFRICA,FY14,0.0,100.0,0.0,0.0,100.0,2014,4,annual,100.0,0.0,country,0.0,0.0,1.0,4.61512051684126,0.0,0.0,0.0,0.0,4.61512051684126,,,,,,52.0,100.0,True,1.9230769230769231,0.6511345218800648,100.0,moderate
2404,Gross Disbursements,Zambia,IDA,AFRICA,FY15,0.0,71.0,0.0,0.0,71.0,2015,4,annual,71.0,0.0,country,0.0,0.0,1.0,4.276666119016055,0.0,0.0,0.0,0.0,4.276666119016055,100.0,-29.0,-0.29,100.0,-0.29,205.0,71.0,True,0.3463414634146341,0.5996758508914101,71.0,moderate
1123,Gross Disbursements,Zambia,IDA,AFRICA,FY16,0.0,66.0,0.0,0.0,66.0,2016,4,annual,66.0,0.0,country,0.0,0.0,1.0,4.204692619390966,0.0,0.0,0.0,0.0,4.204692619390966,71.0,-5.0,-0.07042253521126761,71.0,-0.07042253521126761,77.0,66.0,True,0.8571428571428571,0.5907617504051864,66.0,moderate
916,Gross Disbursements,Zambia,IDA,AFRICA,FY17,0.0,103.0,0.0,0.0,103.0,2017,4,annual,103.0,0.0,country,0.0,0.0,1.0,4.6443908991413725,0.0,0.0,0.0,0.0,4.6443908991413725,66.0,37.0,0.5606060606060606,66.0,0.5606060606060606,353.0,103.0,True,0.29178470254957506,0.6551863857374393,103.0,significant
747,Gross Disbursements,Zambia,IDA,AFRICA,FY18,0.0,137.0,0.0,0.0,137.0,2018,4,annual,137.0,0.0,country,0.0,0.0,1.0,4.927253685157205,0.0,0.0,0.0,0.0,4.927253685157205,103.0,34.0,0.3300970873786408,103.0,0.3300970873786408,63.0,137.0,True,2.1746031746031744,0.7017828200972447,137.0,significant
3191,Gross Disbursements,Zambia,IDA,AFRICA,FY19,0.0,112.0,0.0,0.0,112.0,2019,4,annual,112.0,0.0,country,0.0,0.0,1.0,4.727387818712341,0.0,0.0,0.0,0.0,4.727387818712341,137.0,-25.0,-0.18248175182481752,137.0,-0.18248175182481752,100.0,112.0,True,1.12,0.6673419773095624,112.0,significant
2067,Gross Disbursements,Zambia,IDA,AFRICA EAST,FY20,0.0,126.0,0.0,0.0,126.0,2020,4,annual,126.0,0.0,country,0.0,0.0,1.0,4.844187086458591,0.0,0.0,0.0,0.0,4.844187086458591,112.0,14.0,0.125,112.0,0.125,382.0,126.0,True,0.3298429319371728,0.6892220421393841,126.0,significant
711,Gross Disbursements,Zambia,IDA,EASTERN AND SOUTHERN AFRICA,FY21,0.0,152.0,0.0,0.0,152.0,2021,4,annual,152.0,0.0,country,0.0,0.0,1.0,5.030437921392435,0.0,0.0,0.0,0.0,5.030437921392435,126.0,26.0,0.20634920634920634,126.0,0.20634920634920634,139.0,152.0,True,1.0935251798561152,0.7273095623987034,152.0,significant
464,Gross Disbursements,Zambia,IDA,EASTERN AND SOUTHERN AFRICA,FY22,0.0,381.0,0.0,0.0,381.0,2022,4,annual,381.0,0.0,country,0.0,0.0,1.0,5.945420608606575,0.0,0.0,0.0,0.0,5.945420608606575,152.0,229.0,1.506578947368421,152.0,1.506578947368421,520.0,381.0,True,0.7326923076923076,0.8460291734197731,381.0,significant
2848,Gross Disbursements,Zambia,IDA,EASTERN AND SOUTHERN AFRICA,FY23,275.0,194.0,0.0,125.0,594.0,2023,4,annual,594.0,0.0,country,0.46296296296296297,5.62040086571715,0.3265993265993266,5.272999558563747,0.0,0.0,0.21043771043771045,4.836281906951478,6.38856140554563,381.0,213.0,0.5590551181102362,381.0,0.5590551181102362,928.0,594.0,True,0.6400862068965517,0.9096434359805511,594.0,major
1770,Gross Disbursements,Zambia,IDA,EASTERN AND SOUTHERN AFRICA,FY24,128.0,289.0,0.0,91.0,508.0,2024,4,annual,508.0,0.0,country,0.25196850393700787,4.859812404361672,0.5688976377952756,5.66988092298052,0.0,0.0,0.17913385826771652,4.5217885770490405,6.2324480165505225,594.0,-86.0,-0.1447811447811448,594.0,-0.1447811447811448,695.0,508.0,True,0.7309352517985611,0.8914100486223663,508.0,major
1650,Gross Disbursements,Zambia,IDA,EASTERN AND SOUTHERN AFRICA,FY25,25.0,349.0,0.0,26.0,400.0,2025,4,annual,400.0,0.0,country,0.0625,3.258096538021482,0.8725,5.857933154483459,0.0,0.0,0.065,3.295836866004329,5.993961427306569,508.0,-108.0,-0.2125984251968504,508.0,-0.2125984251968504,608.0,400.0,True,0.6578947368421053,0.8529173419773096,400.0,significant
1335,Gross Disbursements,Zambia,IDA,EASTERN AND SOUTHERN AFRICA,2025-Q3,25.0,234.51,0.0,25.0,284.51,2025,3,quarterly,284.51,0.0,country,0.08787037362482865,3.258096538021482,0.8242592527503427,5.461753375399962,0.0,0.0,0.08787037362482865,3.258096538021482,5.654277054752361,,,,,,575.0,284.51,True,0.49479999999999996,0.7901785714285714,284.51,significant
1212,Gross Disbursements,Zambia,IDA,EASTERN AND SOUTHERN AFRICA,2026-Q3,0.0,199.0,0.0,124.0,323.0,2026,3,quarterly,323.0,0.0,country,0.0,0.0,0.6160990712074303,5.298317366548036,0.0,0.0,0.38390092879256965,4.8283137373023015,5.780743515792329,284.51,38.49000000000001,0.13528522723278624,284.51,0.13528522723278624,515.0,323.0,True,0.6271844660194175,0.8169642857142857,323.0,significant
3356,Commitments,Zimbabwe,IDA,AFRICA,FY18,0.0,0.0,0.0,0.0,0.0,2018,4,annual,0.0,0.0,country,0.0,0.0,0.0,0.0,0.0,0.0,0.0,0.0,0.0,,,,,,0.0,,False,,0.19539375928677563,0.0,limited
3091,Commitments,Zimbabwe,IDA,AFRICA,FY19,0.0,0.0,0.0,0.0,0.0,2019,4,annual,0.0,0.0,country,0.0,0.0,0.0,0.0,0.0,0.0,0.0,0.0,0.0,0.0,0.0,,0.0,,0.0,0.0,False,,0.19539375928677563,0.0,limited
2232,Commitments,Zimbabwe,IDA,AFRICA EAST,FY20,0.0,72.0,0.0,0.0,72.0,2020,4,annual,72.0,0.0,country,0.0,0.0,1.0,4.290459441148391,0.0,0.0,0.0,0.0,4.290459441148391,0.0,72.0,,0.0,,72.0,45.0,True,0.625,0.5802377414561665,72.0,moderate
1952,Commitments,Zimbabwe,IDA,EASTERN AND SOUTHERN AFRICA,FY21,0.0,0.0,0.0,0.0,0.0,2021,4,annual,0.0,0.0,country,0.0,0.0,0.0,0.0,0.0,0.0,0.0,0.0,0.0,72.0,-72.0,-1.0,72.0,-1.0,0.0,6.0,False,,0.19539375928677563,0.0,limited
587,Commitments,Zimbabwe,IDA,EASTERN AND SOUTHERN AFRICA,FY22,0.0,0.0,0.0,0.0,0.0,2022,4,annual,0.0,0.0,country,0.0,0.0,0.0,0.0,0.0,0.0,0.0,0.0,0.0,0.0,0.0,,0.0,,0.0,19.0,False,,0.19539375928677563,0.0,limited
2973,Commitments,Zimbabwe,IDA,EASTERN AND SOUTHERN AFRICA,FY23,0.0,0.0,0.0,0.0,0.0,2023,4,annual,0.0,0.0,country,0.0,0.0,0.0,0.0,0.0,0.0,0.0,0.0,0.0,0.0,0.0,,0.0,,0.0,3.0,False,,0.19539375928677563,0.0,limited
2656,Commitments,Zimbabwe,IDA,EASTERN AND SOUTHERN AFRICA,FY24,0.0,0.0,0.0,0.0,0.0,2024,4,annual,0.0,0.0,country,0.0,0.0,0.0,0.0,0.0,0.0,0.0,0.0,0.0,0.0,0.0,,0.0,,0.0,0.0,False,,0.19539375928677563,0.0,limited
1457,Commitments,Zimbabwe,IDA,EASTERN AND SOUTHERN AFRICA,FY25,0.0,0.0,0.0,0.0,0.0,2025,4,annual,0.0,0.0,country,0.0,0.0,0.0,0.0,0.0,0.0,0.0,0.0,0.0,0.0,0.0,,0.0,,0.0,0.0,False,,0.19539375928677563,0.0,limited
237,Commitments,Zimbabwe,IDA,EASTERN AND SOUTHERN AFRICA,2025-Q3,0.0,0.0,0.0,0.0,0.0,2025,3,quarterly,0.0,0.0,country,0.0,0.0,0.0,0.0,0.0,0.0,0.0,0.0,0.0,,,,,,0.0,0.0,False,,0.326271186440678,0.0,limited
44,Commitments,Zimbabwe,IDA,EASTERN AND SOUTHERN AFRICA,2026-Q3,0.0,0.0,0.0,0.0,0.0,2026,3,quarterly,0.0,0.0,country,0.0,0.0,0.0,0.0,0.0,0.0,0.0,0.0,0.0,0.0,0.0,,0.0,,0.0,0.0,False,,0.326271186440678,0.0,limited
1124,Gross Disbursements,Zimbabwe,IDA,AFRICA,FY16,0.0,0.0,0.0,0.0,0.0,2016,4,annual,0.0,0.0,country,0.0,0.0,0.0,0.0,0.0,0.0,0.0,0.0,0.0,,,,,,,0.0,False,,0.1094003241491086,0.0,limited
986,Gross Disbursements,Zimbabwe,IDA,AFRICA,FY17,0.0,0.0,0.0,0.0,0.0,2017,4,annual,0.0,0.0,country,0.0,0.0,0.0,0.0,0.0,0.0,0.0,0.0,0.0,0.0,0.0,,0.0,,,0.0,False,,0.1094003241491086,0.0,limited
3211,Gross Disbursements,Zimbabwe,IDA,AFRICA,FY19,0.0,0.0,0.0,0.0,0.0,2019,4,annual,0.0,0.0,country,0.0,0.0,0.0,0.0,0.0,0.0,0.0,0.0,0.0,0.0,0.0,,0.0,,0.0,0.0,False,,0.1094003241491086,0.0,limited
2114,Gross Disbursements,Zimbabwe,IDA,AFRICA EAST,FY20,0.0,45.0,0.0,0.0,45.0,2020,4,annual,45.0,0.0,country,0.0,0.0,1.0,3.828641396489095,0.0,0.0,0.0,0.0,3.828641396489095,0.0,45.0,,0.0,,72.0,45.0,True,0.625,0.5222852512155591,45.0,moderate
712,Gross Disbursements,Zimbabwe,IDA,EASTERN AND SOUTHERN AFRICA,FY21,0.0,6.0,0.0,0.0,6.0,2021,4,annual,6.0,0.0,country,0.0,0.0,1.0,1.9459101490553132,0.0,0.0,0.0,0.0,1.9459101490553132,45.0,-39.0,-0.8666666666666667,45.0,-0.8666666666666667,0.0,6.0,False,,0.2807941653160454,6.0,limited
465,Gross Disbursements,Zimbabwe,IDA,EASTERN AND SOUTHERN AFRICA,FY22,0.0,19.0,0.0,0.0,19.0,2022,4,annual,19.0,0.0,country,0.0,0.0,1.0,2.995732273553991,0.0,0.0,0.0,0.0,2.995732273553991,6.0,13.0,2.1666666666666665,6.0,2.1666666666666665,0.0,19.0,False,,0.4007293354943274,19.0,moderate
2849,Gross Disbursements,Zimbabwe,IDA,EASTERN AND SOUTHERN AFRICA,FY23,0.0,3.0,0.0,0.0,3.0,2023,4,annual,3.0,0.0,country,0.0,0.0,1.0,1.3862943611198906,0.0,0.0,0.0,0.0,1.3862943611198906,19.0,-16.0,-0.8421052631578947,19.0,-0.8421052631578947,0.0,3.0,False,,0.24513776337115073,3.0,limited
1771,Gross Disbursements,Zimbabwe,IDA,EASTERN AND SOUTHERN AFRICA,FY24,0.0,0.0,0.0,0.0,0.0,2024,4,annual,0.0,0.0,country,0.0,0.0,0.0,0.0,0.0,0.0,0.0,0.0,0.0,3.0,-3.0,-1.0,3.0,-1.0,0.0,0.0,False,,0.1094003241491086,0.0,limited
1651,Gross Disbursements,Zimbabwe,IDA,EASTERN AND SOUTHERN AFRICA,FY25,0.0,0.0,0.0,0.0,0.0,2025,4,annual,0.0,0.0,country,0.0,0.0,0.0,0.0,0.0,0.0,0.0,0.0,0.0,0.0,0.0,,0.0,,0.0,0.0,False,,0.1094003241491086,0.0,limited
1336,Gross Disbursements,Zimbabwe,IDA,EASTERN AND SOUTHERN AFRICA,2025-Q3,0.0,0.0,0.0,0.0,0.0,2025,3,quarterly,0.0,0.0,country,0.0,0.0,0.0,0.0,0.0,0.0,0.0,0.0,0.0,,,,,,0.0,0.0,False,,0.15848214285714285,0.0,limited
1213,Gross Disbursements,Zimbabwe,IDA,EASTERN AND SOUTHERN AFRICA,2026-Q3,0.0,0.0,0.0,0.0,0.0,2026,3,quarterly,0.0,0.0,country,0.0,0.0,0.0,0.0,0.0,0.0,0.0,0.0,0.0,0.0,0.0,,0.0,,0.0,0.0,False,,0.15848214285714285,0.0,limited
