row_id,record_key,category,country,organization,region,time_period,development_policy,investment_lending,others,program_for_results,total,fiscal_year,quarter,period_type,component_sum,reconciliation_difference
0,ida_076d005a0e375261653d,Commitments,Australia,IDA,EAST ASIA AND PACIFIC,2026-Q3,0.0,0.0,0.0,0.0,0.0,2026,3,quarterly,0.0,0.0
1,ida_46fb057679d12868287c,Commitments,China,IDA,EAST ASIA AND PACIFIC,2026-Q3,0.0,0.0,0.0,0.0,0.0,2026,3,quarterly,0.0,0.0
2,ida_05ada982975b0a53fcd6,Commitments,Fiji,IDA,EAST ASIA AND PACIFIC,2026-Q3,0.0,105.0,0.0,0.0,105.0,2026,3,quarterly,105.0,0.0
3,ida_86ddfcb55224941392d4,Commitments,Indonesia,IDA,EAST ASIA AND PACIFIC,2026-Q3,0.0,0.0,0.0,0.0,0.0,2026,3,quarterly,0.0,0.0
4,ida_e147b57dca4ca306ed5e,Commitments,Japan,IDA,EAST ASIA AND PACIFIC,2026-Q3,0.0,0.0,0.0,0.0,0.0,2026,3,quarterly,0.0,0.0
5,ida_658eb9b134daa6ca6b73,Commitments,"Korea, Republic of",IDA,EAST ASIA AND PACIFIC,2026-Q3,0.0,0.0,0.0,0.0,0.0,2026,3,quarterly,0.0,0.0
6,ida_d9792c5b67a4b154bf46,Commitments,Malaysia,IDA,EAST ASIA AND PACIFIC,2026-Q3,0.0,0.0,0.0,0.0,0.0,2026,3,quarterly,0.0,0.0
7,ida_c335e290b2ec7820bffb,Commitments,Mongolia,IDA,EAST ASIA AND PACIFIC,2026-Q3,0.0,0.0,0.0,0.0,0.0,2026,3,quarterly,0.0,0.0
8,ida_2e8204802598f880ac9c,Commitments,Myanmar,IDA,EAST ASIA AND PACIFIC,2026-Q3,0.0,0.0,0.0,0.0,0.0,2026,3,quarterly,0.0,0.0
9,ida_ed1df04266470ca7601e,Commitments,New Zealand,IDA,EAST ASIA AND PACIFIC,2026-Q3,0.0,0.0,0.0,0.0,0.0,2026,3,quarterly,0.0,0.0
10,ida_43e621fdc92241cb7fee,Commitments,Papua New Guinea,IDA,EAST ASIA AND PACIFIC,2026-Q3,150.0,-1.0,0.0,0.0,149.0,2026,3,quarterly,149.0,0.0
11,ida_046c1a91ce7bc67030b0,Commitments,Philippines,IDA,EAST ASIA AND PACIFIC,2026-Q3,0.0,0.0,0.0,0.0,0.0,2026,3,quarterly,0.0,0.0
12,ida_dc07226b2d15684ee1e3,Commitments,Singapore,IDA,EAST ASIA AND PACIFIC,2026-Q3,0.0,0.0,0.0,0.0,0.0,2026,3,quarterly,0.0,0.0
13,ida_f3828873f4b0f08705d0,Commitments,"Taiwan, China",IDA,EAST ASIA AND PACIFIC,2026-Q3,0.0,0.0,0.0,0.0,0.0,2026,3,quarterly,0.0,0.0
14,ida_c46aa603e30657f88405,Commitments,Thailand,IDA,EAST ASIA AND PACIFIC,2026-Q3,0.0,0.0,0.0,0.0,0.0,2026,3,quarterly,0.0,0.0
15,ida_9021bc5262aa06dde939,Commitments,Timor-Leste,IDA,EAST ASIA AND PACIFIC,2026-Q3,0.0,0.0,0.0,0.0,0.0,2026,3,quarterly,0.0,0.0
16,ida_67e5acdd8c9cdb796285,Commitments,Viet Nam,IDA,EAST ASIA AND PACIFIC,2026-Q3,0.0,0.0,0.0,0.0,0.0,2026,3,quarterly,0.0,0.0
17,ida_dffd439aa801519b26d0,Commitments,Pacific 1,IDA,EAST ASIA AND PACIFIC,2026-Q3,0.0,10.0,0.0,0.0,10.0,2026,3,quarterly,10.0,0.0
18,ida_ddbc31438173e9363503,Commitments,East Asia and Pacific,IDA,EAST ASIA AND PACIFIC,2026-Q3,0.0,2.0,0.0,0.0,2.0,2026,3,quarterly,2.0,0.0
19,ida_7c033e471eacb5d07439,Commitments,Angola,IDA,EASTERN AND SOUTHERN AFRICA,2026-Q3,0.0,0.0,0.0,0.0,0.0,2026,3,quarterly,0.0,0.0
20,ida_18d109ac2d0244c1f02c,Commitments,Botswana,IDA,EASTERN AND SOUTHERN AFRICA,2026-Q3,0.0,0.0,0.0,0.0,0.0,2026,3,quarterly,0.0,0.0
21,ida_6aaa4c357cdf4e721e9a,Commitments,Burundi,IDA,EASTERN AND SOUTHERN AFRICA,2026-Q3,0.0,150.0,0.0,0.0,150.0,2026,3,quarterly,150.0,0.0
22,ida_66c85c150e01968067a2,Commitments,Comoros,IDA,EASTERN AND SOUTHERN AFRICA,2026-Q3,20.0,46.0,0.0,0.0,66.0,2026,3,quarterly,66.0,0.0
23,ida_54b3c9d0a073556c14d2,Commitments,"Congo, Democratic Republic of",IDA,EASTERN AND SOUTHERN AFRICA,2026-Q3,0.0,550.0,0.0,0.0,550.0,2026,3,quarterly,550.0,0.0
24,ida_040943b9257f3679e484,Commitments,Eastern and Southern Africa,IDA,EASTERN AND SOUTHERN AFRICA,2026-Q3,0.0,69.0,0.0,0.0,69.0,2026,3,quarterly,69.0,0.0
25,ida_3fa397c78bd7cdacc6ff,Commitments,Eswatini,IDA,EASTERN AND SOUTHERN AFRICA,2026-Q3,0.0,0.0,0.0,0.0,0.0,2026,3,quarterly,0.0,0.0
26,ida_abd3259c8f656b83a7fb,Commitments,Ethiopia,IDA,EASTERN AND SOUTHERN AFRICA,2026-Q3,1000.0,749.88,-0.2,400.0,2149.0,2026,3,quarterly,2149.6800000000003,-0.680000000000291
27,ida_03d079017ee3d8a355a5,Commitments,Kenya,IDA,EASTERN AND SOUTHERN AFRICA,2026-Q3,0.0,1005.0,0.0,280.0,1285.0,2026,3,quarterly,1285.0,0.0
28,ida_a4b54af3a29e5bfbb912,Commitments,Lesotho,IDA,EASTERN AND SOUTHERN AFRICA,2026-Q3,0.0,18.0,0.0,0.0,18.0,2026,3,quarterly,18.0,0.0
29,ida_629b98b34ad57b91203e,Commitments,Madagascar,IDA,EASTERN AND SOUTHERN AFRICA,2026-Q3,0.0,330.0,0.0,0.0,330.0,2026,3,quarterly,330.0,0.0
30,ida_5990bb73dd3d9f6a1711,Commitments,Malawi,IDA,EASTERN AND SOUTHERN AFRICA,2026-Q3,0.0,135.0,0.0,0.0,135.0,2026,3,quarterly,135.0,0.0
31,ida_dcc2dda7d560775f509c,Commitments,Mauritius,IDA,EASTERN AND SOUTHERN AFRICA,2026-Q3,0.0,0.0,0.0,0.0,0.0,2026,3,quarterly,0.0,0.0
32,ida_0690acff02ee6a3384a4,Commitments,Mozambique,IDA,EASTERN AND SOUTHERN AFRICA,2026-Q3,0.0,250.0,0.0,0.0,250.0,2026,3,quarterly,250.0,0.0
33,ida_061ee3b03f8439fb6910,Commitments,Namibia,IDA,EASTERN AND SOUTHERN AFRICA,2026-Q3,0.0,0.0,0.0,0.0,0.0,2026,3,quarterly,0.0,0.0
34,ida_fcc57be3e5d6058b0174,Commitments,Rwanda,IDA,EASTERN AND SOUTHERN AFRICA,2026-Q3,481.0,180.0,0.0,100.0,761.0,2026,3,quarterly,761.0,0.0
35,ida_a64bf1f7fd5bdf2454b0,Commitments,Sao Tome and Principe,IDA,EASTERN AND SOUTHERN AFRICA,2026-Q3,0.0,6.0,0.0,0.0,6.0,2026,3,quarterly,6.0,0.0
36,ida_48eb9e3aecaf313727c5,Commitments,Seychelles,IDA,EASTERN AND SOUTHERN AFRICA,2026-Q3,0.0,0.0,0.0,0.0,0.0,2026,3,quarterly,0.0,0.0
37,ida_552a70643c09aab0fc02,Commitments,"Somalia, Federal Republic of",IDA,EASTERN AND SOUTHERN AFRICA,2026-Q3,125.0,128.0,0.0,0.0,253.0,2026,3,quarterly,253.0,0.0
38,ida_fb2cd6a6aecdea4cd259,Commitments,South Africa,IDA,EASTERN AND SOUTHERN AFRICA,2026-Q3,0.0,0.0,0.0,0.0,0.0,2026,3,quarterly,0.0,0.0
39,ida_2895a86697661ca51f21,Commitments,Southern Africa,IDA,EASTERN AND SOUTHERN AFRICA,2026-Q3,0.0,0.0,0.0,0.0,0.0,2026,3,quarterly,0.0,0.0
40,ida_81adece225782965628b,Commitments,Sudan,IDA,EASTERN AND SOUTHERN AFRICA,2026-Q3,-1.0,1.0,0.0,0.0,0.0,2026,3,quarterly,0.0,0.0
41,ida_65352929b1219580ebc1,Commitments,Tanzania,IDA,EASTERN AND SOUTHERN AFRICA,2026-Q3,0.0,270.0,0.0,500.0,770.0,2026,3,quarterly,770.0,0.0
42,ida_26046cd9cd69b4d843aa,Commitments,Uganda,IDA,EASTERN AND SOUTHERN AFRICA,2026-Q3,0.0,65.0,0.0,740.0,805.0,2026,3,quarterly,805.0,0.0
43,ida_cfe1646ac9e9e63fc099,Commitments,Zambia,IDA,EASTERN AND SOUTHERN AFRICA,2026-Q3,45.49,270.0,0.0,199.51,515.0,2026,3,quarterly,515.0,0.0
44,ida_f30396c2d9b4060d7f27,Commitments,Zimbabwe,IDA,EASTERN AND SOUTHERN AFRICA,2026-Q3,0.0,0.0,0.0,0.0,0.0,2026,3,quarterly,0.0,0.0
45,ida_741c90a42b1f1e86f16e,Commitments,Albania,IDA,EUROPE AND CENTRAL ASIA,2026-Q3,0.0,0.0,0.0,0.0,0.0,2026,3,quarterly,0.0,0.0
46,ida_fa949d6708cb09699bb4,Commitments,Armenia,IDA,EUROPE AND CENTRAL ASIA,2026-Q3,0.0,0.0,0.0,0.0,0.0,2026,3,quarterly,0.0,0.0
47,ida_5b675369eb4b8afc3c80,Commitments,Austria,IDA,EUROPE AND CENTRAL ASIA,2026-Q3,0.0,0.0,0.0,0.0,0.0,2026,3,quarterly,0.0,0.0
48,ida_9fafdb4ddcdb58951a8e,Commitments,Azerbaijan,IDA,EUROPE AND CENTRAL ASIA,2026-Q3,0.0,0.0,0.0,0.0,0.0,2026,3,quarterly,0.0,0.0
49,ida_f7e1cafefeb71a07f7eb,Commitments,Belarus,IDA,EUROPE AND CENTRAL ASIA,2026-Q3,0.0,0.0,0.0,0.0,0.0,2026,3,quarterly,0.0,0.0
50,ida_6221fcc5e0dfc5705ef8,Commitments,Belgium,IDA,EUROPE AND CENTRAL ASIA,2026-Q3,0.0,0.0,0.0,0.0,0.0,2026,3,quarterly,0.0,0.0
51,ida_9a91182eb2c739e6c780,Commitments,Bosnia and Herzegovina,IDA,EUROPE AND CENTRAL ASIA,2026-Q3,0.0,0.0,0.0,0.0,0.0,2026,3,quarterly,0.0,0.0
52,ida_1b5ae6c629a92b710639,Commitments,Bulgaria,IDA,EUROPE AND CENTRAL ASIA,2026-Q3,0.0,0.0,0.0,0.0,0.0,2026,3,quarterly,0.0,0.0
53,ida_06eb42e5af9113075bad,Commitments,Croatia,IDA,EUROPE AND CENTRAL ASIA,2026-Q3,0.0,0.0,0.0,0.0,0.0,2026,3,quarterly,0.0,0.0
54,ida_5e6c89e3b285f6bbc290,Commitments,Cyprus,IDA,EUROPE AND CENTRAL ASIA,2026-Q3,0.0,0.0,0.0,0.0,0.0,2026,3,quarterly,0.0,0.0
55,ida_994644121c57de6d2e6a,Commitments,Czechia,IDA,EUROPE AND CENTRAL ASIA,2026-Q3,0.0,0.0,0.0,0.0,0.0,2026,3,quarterly,0.0,0.0
56,ida_2e4ffa8a1420c0a81f03,Commitments,Denmark,IDA,EUROPE AND CENTRAL ASIA,2026-Q3,0.0,0.0,0.0,0.0,0.0,2026,3,quarterly,0.0,0.0
57,ida_dc05edc615879c841d34,Commitments,Estonia,IDA,EUROPE AND CENTRAL ASIA,2026-Q3,0.0,0.0,0.0,0.0,0.0,2026,3,quarterly,0.0,0.0
58,ida_05df6690d9c0595c6c35,Commitments,Finland,IDA,EUROPE AND CENTRAL ASIA,2026-Q3,0.0,0.0,0.0,0.0,0.0,2026,3,quarterly,0.0,0.0
59,ida_aeb03e515e10503b6dce,Commitments,France,IDA,EUROPE AND CENTRAL ASIA,2026-Q3,0.0,0.0,0.0,0.0,0.0,2026,3,quarterly,0.0,0.0
60,ida_175e21cb669303dbdf46,Commitments,Georgia,IDA,EUROPE AND CENTRAL ASIA,2026-Q3,0.0,0.0,0.0,0.0,0.0,2026,3,quarterly,0.0,0.0
61,ida_3c370f2f294edff34376,Commitments,Greece,IDA,EUROPE AND CENTRAL ASIA,2026-Q3,0.0,0.0,0.0,0.0,0.0,2026,3,quarterly,0.0,0.0
62,ida_268e88a692694bdd551e,Commitments,Hungary,IDA,EUROPE AND CENTRAL ASIA,2026-Q3,0.0,0.0,0.0,0.0,0.0,2026,3,quarterly,0.0,0.0
63,ida_9f7b33b13bcfc97f939d,Commitments,Iceland,IDA,EUROPE AND CENTRAL ASIA,2026-Q3,0.0,0.0,0.0,0.0,0.0,2026,3,quarterly,0.0,0.0
64,ida_a923916769dedcd9dc99,Commitments,Ireland,IDA,EUROPE AND CENTRAL ASIA,2026-Q3,0.0,0.0,0.0,0.0,0.0,2026,3,quarterly,0.0,0.0
65,ida_a3ab2bbe6206423a52c1,Commitments,Italy,IDA,EUROPE AND CENTRAL ASIA,2026-Q3,0.0,0.0,0.0,0.0,0.0,2026,3,quarterly,0.0,0.0
66,ida_d0d4dcf0718ca2842ad4,Commitments,Kazakhstan,IDA,EUROPE AND CENTRAL ASIA,2026-Q3,0.0,-1.0,0.0,0.0,-1.0,2026,3,quarterly,-1.0,0.0
67,ida_6c938fcf68bb0198bf4e,Commitments,Kosovo,IDA,EUROPE AND CENTRAL ASIA,2026-Q3,0.0,0.0,0.0,0.0,0.0,2026,3,quarterly,0.0,0.0
68,ida_34c7d3fb0ac9d890c9cd,Commitments,Latvia,IDA,EUROPE AND CENTRAL ASIA,2026-Q3,0.0,0.0,0.0,0.0,0.0,2026,3,quarterly,0.0,0.0
69,ida_53bade079124fdcc8d4d,Commitments,Lithuania,IDA,EUROPE AND CENTRAL ASIA,2026-Q3,0.0,0.0,0.0,0.0,0.0,2026,3,quarterly,0.0,0.0
70,ida_c3a9111dae9e4f0fb9d1,Commitments,Luxembourg,IDA,EUROPE AND CENTRAL ASIA,2026-Q3,0.0,0.0,0.0,0.0,0.0,2026,3,quarterly,0.0,0.0
71,ida_d8b1c9afd3ba9da02452,Commitments,Moldova,IDA,EUROPE AND CENTRAL ASIA,2026-Q3,0.0,0.0,0.0,0.0,0.0,2026,3,quarterly,0.0,0.0
72,ida_da77bcaa593c6eef8f0b,Commitments,Montenegro,IDA,EUROPE AND CENTRAL ASIA,2026-Q3,0.0,0.0,0.0,0.0,0.0,2026,3,quarterly,0.0,0.0
73,ida_90c2c8b3215794c13ca4,Commitments,Netherlands,IDA,EUROPE AND CENTRAL ASIA,2026-Q3,0.0,0.0,0.0,0.0,0.0,2026,3,quarterly,0.0,0.0
74,ida_7cd8decacad345b4702b,Commitments,North Macedonia,IDA,EUROPE AND CENTRAL ASIA,2026-Q3,0.0,0.0,0.0,0.0,0.0,2026,3,quarterly,0.0,0.0
75,ida_20cd03c78a49b0df566d,Commitments,Norway,IDA,EUROPE AND CENTRAL ASIA,2026-Q3,0.0,0.0,0.0,0.0,0.0,2026,3,quarterly,0.0,0.0
76,ida_199dea9dee5c52a34cf3,Commitments,Poland,IDA,EUROPE AND CENTRAL ASIA,2026-Q3,0.0,0.0,0.0,0.0,0.0,2026,3,quarterly,0.0,0.0
77,ida_43021b40b463cecfc778,Commitments,Portugal,IDA,EUROPE AND CENTRAL ASIA,2026-Q3,0.0,0.0,0.0,0.0,0.0,2026,3,quarterly,0.0,0.0
78,ida_24871763db34485b683a,Commitments,Romania,IDA,EUROPE AND CENTRAL ASIA,2026-Q3,0.0,0.0,0.0,0.0,0.0,2026,3,quarterly,0.0,0.0
79,ida_493ba96cee951dc5b356,Commitments,Russian Federation,IDA,EUROPE AND CENTRAL ASIA,2026-Q3,0.0,0.0,0.0,0.0,0.0,2026,3,quarterly,0.0,0.0
80,ida_0316abcb1824ce173757,Commitments,Serbia,IDA,EUROPE AND CENTRAL ASIA,2026-Q3,0.0,0.0,0.0,0.0,0.0,2026,3,quarterly,0.0,0.0
81,ida_6ec592222a1871eecae0,Commitments,Slovak Republic,IDA,EUROPE AND CENTRAL ASIA,2026-Q3,0.0,0.0,0.0,0.0,0.0,2026,3,quarterly,0.0,0.0
82,ida_aea2449ee04eb505f366,Commitments,Slovenia,IDA,EUROPE AND CENTRAL ASIA,2026-Q3,0.0,0.0,0.0,0.0,0.0,2026,3,quarterly,0.0,0.0
83,ida_93857163f71612d1800b,Commitments,Spain,IDA,EUROPE AND CENTRAL ASIA,2026-Q3,0.0,0.0,0.0,0.0,0.0,2026,3,quarterly,0.0,0.0
84,ida_8ca9fb4f156adf5b5e7a,Commitments,Turkiye,IDA,EUROPE AND CENTRAL ASIA,2026-Q3,0.0,0.0,0.0,0.0,0.0,2026,3,quarterly,0.0,0.0
85,ida_bc8aea7dc7646042e2de,Commitments,Turkmenistan,IDA,EUROPE AND CENTRAL ASIA,2026-Q3,0.0,0.0,0.0,0.0,0.0,2026,3,quarterly,0.0,0.0
86,ida_7d5aff86f9755de6d55d,Commitments,Ukraine,IDA,EUROPE AND CENTRAL ASIA,2026-Q3,0.0,0.0,0.0,0.0,0.0,2026,3,quarterly,0.0,0.0
87,ida_47b63e3b2d623aa5aa8e,Commitments,Uzbekistan,IDA,EUROPE AND CENTRAL ASIA,2026-Q3,292.0,40.0,0.0,100.0,432.0,2026,3,quarterly,432.0,0.0
88,ida_4afae5dd87f9e1a67fc4,Commitments,"Yugoslavia, former",IDA,EUROPE AND CENTRAL ASIA,2026-Q3,0.0,0.0,0.0,0.0,0.0,2026,3,quarterly,0.0,0.0
89,ida_72c358e922a59e6b08e9,Commitments,Antigua and Barbuda,IDA,LATIN AMERICA AND CARIBBEAN,2026-Q3,0.0,0.0,0.0,0.0,0.0,2026,3,quarterly,0.0,0.0
90,ida_ca8abd103008c35ef449,Commitments,Argentina,IDA,LATIN AMERICA AND CARIBBEAN,2026-Q3,0.0,0.0,0.0,0.0,0.0,2026,3,quarterly,0.0,0.0
91,ida_3fb2f1d9419ab2fc8f4f,Commitments,"Bahamas, The",IDA,LATIN AMERICA AND CARIBBEAN,2026-Q3,0.0,0.0,0.0,0.0,0.0,2026,3,quarterly,0.0,0.0
92,ida_d3de48d349a9fb032a73,Commitments,Barbados,IDA,LATIN AMERICA AND CARIBBEAN,2026-Q3,0.0,0.0,0.0,0.0,0.0,2026,3,quarterly,0.0,0.0
93,ida_6835214da433f0199321,Commitments,Belize,IDA,LATIN AMERICA AND CARIBBEAN,2026-Q3,20.0,0.0,0.0,0.0,20.0,2026,3,quarterly,20.0,0.0
94,ida_80325d8d948ee2bc6bf0,Commitments,Bolivia,IDA,LATIN AMERICA AND CARIBBEAN,2026-Q3,0.0,0.0,0.0,0.0,0.0,2026,3,quarterly,0.0,0.0
95,ida_db789cca2027e0b72fea,Commitments,Brazil,IDA,LATIN AMERICA AND CARIBBEAN,2026-Q3,0.0,0.0,0.0,0.0,0.0,2026,3,quarterly,0.0,0.0
96,ida_cb305255cdda5b2fa0af,Commitments,Caribbean,IDA,LATIN AMERICA AND CARIBBEAN,2026-Q3,0.0,0.0,0.0,0.0,0.0,2026,3,quarterly,0.0,0.0
97,ida_0198873a42bfb2330ed7,Commitments,Chile,IDA,LATIN AMERICA AND CARIBBEAN,2026-Q3,0.0,0.0,0.0,0.0,0.0,2026,3,quarterly,0.0,0.0
98,ida_e025c2a796cea36dd1b3,Commitments,Colombia,IDA,LATIN AMERICA AND CARIBBEAN,2026-Q3,0.0,0.0,0.0,0.0,0.0,2026,3,quarterly,0.0,0.0
99,ida_29993de53763a0cb4e2a,Commitments,Costa Rica,IDA,LATIN AMERICA AND CARIBBEAN,2026-Q3,0.0,0.0,0.0,0.0,0.0,2026,3,quarterly,0.0,0.0
100,ida_669843ff2899939224d8,Commitments,Dominica,IDA,LATIN AMERICA AND CARIBBEAN,2026-Q3,0.0,0.0,0.0,0.0,0.0,2026,3,quarterly,0.0,0.0
101,ida_2f77b14d0b2c1262e92c,Commitments,Dominican Republic,IDA,LATIN AMERICA AND CARIBBEAN,2026-Q3,0.0,0.0,0.0,0.0,0.0,2026,3,quarterly,0.0,0.0
102,ida_a3bbb85dad165d25a573,Commitments,Ecuador,IDA,LATIN AMERICA AND CARIBBEAN,2026-Q3,0.0,0.0,0.0,0.0,0.0,2026,3,quarterly,0.0,0.0
103,ida_07dd12ee01c0f7c1a3a7,Commitments,El Salvador,IDA,LATIN AMERICA AND CARIBBEAN,2026-Q3,0.0,-1.0,0.0,0.0,-1.0,2026,3,quarterly,-1.0,0.0
104,ida_1fb4450c6c8329045316,Commitments,Grenada,IDA,LATIN AMERICA AND CARIBBEAN,2026-Q3,0.0,0.0,0.0,0.0,0.0,2026,3,quarterly,0.0,0.0
105,ida_746d36a63acb8945f571,Commitments,Guatemala,IDA,LATIN AMERICA AND CARIBBEAN,2026-Q3,0.0,0.0,0.0,0.0,0.0,2026,3,quarterly,0.0,0.0
106,ida_982cf8051fef9eac4c0d,Commitments,Guyana,IDA,LATIN AMERICA AND CARIBBEAN,2026-Q3,0.0,0.0,0.0,0.0,0.0,2026,3,quarterly,0.0,0.0
107,ida_79a3c3284e9378540b4e,Commitments,Haiti,IDA,LATIN AMERICA AND CARIBBEAN,2026-Q3,0.0,80.49,0.0,0.0,80.49,2026,3,quarterly,80.49,0.0
108,ida_1a2fcc73f89c89ad33f7,Commitments,Honduras,IDA,LATIN AMERICA AND CARIBBEAN,2026-Q3,0.0,140.49,0.0,0.0,140.49,2026,3,quarterly,140.49,0.0
109,ida_4be76910014d4e9b36c1,Commitments,Jamaica,IDA,LATIN AMERICA AND CARIBBEAN,2026-Q3,0.0,0.0,0.0,0.0,0.0,2026,3,quarterly,0.0,0.0
110,ida_6ab112f6033985724dc3,Commitments,Mexico,IDA,LATIN AMERICA AND CARIBBEAN,2026-Q3,0.0,0.0,0.0,0.0,0.0,2026,3,quarterly,0.0,0.0
111,ida_f2173b89fc7ea8cd0e8b,Commitments,Nicaragua,IDA,LATIN AMERICA AND CARIBBEAN,2026-Q3,0.0,0.0,0.0,0.0,0.0,2026,3,quarterly,0.0,0.0
112,ida_e619ec4391008eab0b31,Commitments,Panama,IDA,LATIN AMERICA AND CARIBBEAN,2026-Q3,0.0,0.0,0.0,0.0,0.0,2026,3,quarterly,0.0,0.0
113,ida_99155433577cb7e1a1ed,Commitments,Paraguay,IDA,LATIN AMERICA AND CARIBBEAN,2026-Q3,0.0,0.0,0.0,0.0,0.0,2026,3,quarterly,0.0,0.0
114,ida_96ff5ff68e2f9b8bddee,Commitments,Peru,IDA,LATIN AMERICA AND CARIBBEAN,2026-Q3,0.0,0.0,0.0,0.0,0.0,2026,3,quarterly,0.0,0.0
115,ida_188e50fdf1de1083e2d2,Commitments,St. Kitts and Nevis,IDA,LATIN AMERICA AND CARIBBEAN,2026-Q3,0.0,0.0,0.0,0.0,0.0,2026,3,quarterly,0.0,0.0
116,ida_4dbc839cd8178cc0038c,Commitments,St. Lucia,IDA,LATIN AMERICA AND CARIBBEAN,2026-Q3,0.0,50.0,0.0,0.0,50.0,2026,3,quarterly,50.0,0.0
117,ida_5fe6b6a1073a7e970a5a,Commitments,St. Vincent and the Grenadines,IDA,LATIN AMERICA AND CARIBBEAN,2026-Q3,0.0,0.0,0.0,0.0,0.0,2026,3,quarterly,0.0,0.0
118,ida_3b67e0418b89071f241c,Commitments,Suriname,IDA,LATIN AMERICA AND CARIBBEAN,2026-Q3,0.0,0.0,0.0,0.0,0.0,2026,3,quarterly,0.0,0.0
119,ida_a7db09e8d87d66c4b8ad,Commitments,Trinidad and Tobago,IDA,LATIN AMERICA AND CARIBBEAN,2026-Q3,0.0,0.0,0.0,0.0,0.0,2026,3,quarterly,0.0,0.0
120,ida_85dadcc2f00b9607741f,Commitments,Uruguay,IDA,LATIN AMERICA AND CARIBBEAN,2026-Q3,0.0,0.0,0.0,0.0,0.0,2026,3,quarterly,0.0,0.0
121,ida_14b5755553eeab781e7d,Commitments,"Venezuela, Republica Bolivariana de",IDA,LATIN AMERICA AND CARIBBEAN,2026-Q3,0.0,0.0,0.0,0.0,0.0,2026,3,quarterly,0.0,0.0
122,ida_a738797f645ef76be01b,Commitments,Algeria,IDA,"MIDDLE EAST, NORTH AFRICA, AFGHANISTAN, AND PAKISTAN",2026-Q3,0.0,0.0,0.0,0.0,0.0,2026,3,quarterly,0.0,0.0
123,ida_f4170d51ed8f24e85799,Commitments,"Egypt, Arab Republic of",IDA,"MIDDLE EAST, NORTH AFRICA, AFGHANISTAN, AND PAKISTAN",2026-Q3,0.0,0.0,0.0,0.0,0.0,2026,3,quarterly,0.0,0.0
124,ida_8a54d96628f3c7650cae,Commitments,"Iran, Islamic Republic of",IDA,"MIDDLE EAST, NORTH AFRICA, AFGHANISTAN, AND PAKISTAN",2026-Q3,0.0,0.0,0.0,0.0,0.0,2026,3,quarterly,0.0,0.0
125,ida_af5b77bf00feba5ed946,Commitments,Iraq,IDA,"MIDDLE EAST, NORTH AFRICA, AFGHANISTAN, AND PAKISTAN",2026-Q3,0.0,0.0,0.0,0.0,0.0,2026,3,quarterly,0.0,0.0
126,ida_dc2bf7010fc6729406e7,Commitments,Israel,IDA,"MIDDLE EAST, NORTH AFRICA, AFGHANISTAN, AND PAKISTAN",2026-Q3,0.0,0.0,0.0,0.0,0.0,2026,3,quarterly,0.0,0.0
127,ida_3734fa263994f923b49f,Commitments,Jordan,IDA,"MIDDLE EAST, NORTH AFRICA, AFGHANISTAN, AND PAKISTAN",2026-Q3,0.0,0.0,0.0,0.0,0.0,2026,3,quarterly,0.0,0.0
128,ida_71be03ebd8eea033aaef,Commitments,Lebanon,IDA,"MIDDLE EAST, NORTH AFRICA, AFGHANISTAN, AND PAKISTAN",2026-Q3,0.0,0.0,0.0,0.0,0.0,2026,3,quarterly,0.0,0.0
129,ida_73c92183b0a4ad9a0eb9,Commitments,Malta,IDA,"MIDDLE EAST, NORTH AFRICA, AFGHANISTAN, AND PAKISTAN",2026-Q3,0.0,0.0,0.0,0.0,0.0,2026,3,quarterly,0.0,0.0
130,ida_ef91b59b41af163c06cf,Commitments,Morocco,IDA,"MIDDLE EAST, NORTH AFRICA, AFGHANISTAN, AND PAKISTAN",2026-Q3,0.0,0.0,0.0,0.0,0.0,2026,3,quarterly,0.0,0.0
131,ida_53145c6125c633fb3d04,Commitments,Oman,IDA,"MIDDLE EAST, NORTH AFRICA, AFGHANISTAN, AND PAKISTAN",2026-Q3,0.0,-1.0,0.0,0.0,-1.0,2026,3,quarterly,-1.0,0.0
132,ida_c98566703d6cc352d50b,Commitments,Syrian Arab Republic,IDA,"MIDDLE EAST, NORTH AFRICA, AFGHANISTAN, AND PAKISTAN",2026-Q3,0.0,20.0,0.0,0.0,20.0,2026,3,quarterly,20.0,0.0
133,ida_0ab78a1f427ad48a3fa3,Commitments,Tunisia,IDA,"MIDDLE EAST, NORTH AFRICA, AFGHANISTAN, AND PAKISTAN",2026-Q3,2.0,0.0,0.0,0.0,2.0,2026,3,quarterly,2.0,0.0
134,ida_22144001f27f653047be,Commitments,Bangladesh,IDA,SOUTH ASIA,2026-Q3,0.0,150.0,0.0,370.0,520.0,2026,3,quarterly,520.0,0.0
135,ida_f2d162526e6642619145,Commitments,India,IDA,SOUTH ASIA,2026-Q3,0.0,0.0,0.0,0.0,0.0,2026,3,quarterly,0.0,0.0
136,ida_5945a47f2d6ca1fdce87,Commitments,Pakistan,IDA,"MIDDLE EAST, NORTH AFRICA, AFGHANISTAN, AND PAKISTAN",2026-Q3,0.0,0.0,0.0,903.0,903.0,2026,3,quarterly,903.0,0.0
137,ida_a208c704de84fa8d46dc,Commitments,Sri Lanka,IDA,SOUTH ASIA,2026-Q3,0.0,150.0,0.0,0.0,150.0,2026,3,quarterly,150.0,0.0
138,ida_d33e59ac5ca9e10de24d,Commitments,Benin,IDA,WESTERN AND CENTRAL AFRICA,2026-Q3,200.0,207.0,0.49,100.17,507.66,2026,3,quarterly,507.66,0.0
139,ida_de05dabc90f8ae11478b,Commitments,Burkina Faso,IDA,WESTERN AND CENTRAL AFRICA,2026-Q3,0.0,250.0,0.0,0.0,250.0,2026,3,quarterly,250.0,0.0
140,ida_18c7dc55156b7e08b186,Commitments,Cabo Verde,IDA,WESTERN AND CENTRAL AFRICA,2026-Q3,15.0,53.0,0.0,0.0,68.0,2026,3,quarterly,68.0,0.0
141,ida_3b9bd692319c87b475a6,Commitments,Cameroon,IDA,WESTERN AND CENTRAL AFRICA,2026-Q3,0.0,322.0,0.0,0.0,322.0,2026,3,quarterly,322.0,0.0
142,ida_f891616730c559adc6ae,Commitments,Central African Republic,IDA,WESTERN AND CENTRAL AFRICA,2026-Q3,0.0,130.0,0.4,0.0,130.4,2026,3,quarterly,130.4,0.0
143,ida_7746b6debf0c879bb753,Commitments,Chad,IDA,WESTERN AND CENTRAL AFRICA,2026-Q3,0.0,173.0,0.0,0.0,173.0,2026,3,quarterly,173.0,0.0
144,ida_edeabb5bfb48eda4b26a,Commitments,"Congo, Republic of",IDA,WESTERN AND CENTRAL AFRICA,2026-Q3,0.0,180.0,0.0,0.0,180.0,2026,3,quarterly,180.0,0.0
145,ida_01dc687928ecc429ac98,Commitments,Cote d'Ivoire,IDA,WESTERN AND CENTRAL AFRICA,2026-Q3,0.12,150.0,0.0,0.0,150.12,2026,3,quarterly,150.12,0.0
146,ida_d2d18888012b1089e73b,Commitments,Gabon,IDA,WESTERN AND CENTRAL AFRICA,2026-Q3,-1.0,0.0,0.0,0.16,-0.84,2026,3,quarterly,-0.84,0.0
147,ida_1be7a43cb3d3fb7833fe,Commitments,Ghana,IDA,WESTERN AND CENTRAL AFRICA,2026-Q3,0.0,0.0,0.0,0.0,0.0,2026,3,quarterly,0.0,0.0
148,ida_7c4b87e2dd76033bdc99,Commitments,Guinea,IDA,WESTERN AND CENTRAL AFRICA,2026-Q3,0.0,50.0,0.0,0.0,50.0,2026,3,quarterly,50.0,0.0
149,ida_9a889695d2a7668adb52,Commitments,Guinea-Bissau,IDA,WESTERN AND CENTRAL AFRICA,2026-Q3,0.19,0.0,0.0,0.0,0.19,2026,3,quarterly,0.19,0.0
150,ida_c370e53310e36c957316,Commitments,Liberia,IDA,WESTERN AND CENTRAL AFRICA,2026-Q3,0.0,125.0,0.0,0.0,125.0,2026,3,quarterly,125.0,0.0
151,ida_705cd1edbbca96f738ee,Commitments,Mali,IDA,WESTERN AND CENTRAL AFRICA,2026-Q3,0.0,150.0,0.0,0.0,150.0,2026,3,quarterly,150.0,0.0
152,ida_cb40c4733c159a52b641,Commitments,Mauritania,IDA,WESTERN AND CENTRAL AFRICA,2026-Q3,30.0,60.0,0.0,0.0,90.0,2026,3,quarterly,90.0,0.0
153,ida_3252199197191f587892,Commitments,Niger,IDA,WESTERN AND CENTRAL AFRICA,2026-Q3,0.0,257.0,0.0,0.0,257.0,2026,3,quarterly,257.0,0.0
154,ida_e70b3d1b3f216def640b,Commitments,Nigeria,IDA,WESTERN AND CENTRAL AFRICA,2026-Q3,0.0,1650.0,0.0,0.0,1650.0,2026,3,quarterly,1650.0,0.0
155,ida_dd367b6ec6c97201cff0,Commitments,Senegal,IDA,WESTERN AND CENTRAL AFRICA,2026-Q3,0.0,40.0,0.0,100.0,140.0,2026,3,quarterly,140.0,0.0
156,ida_a9515a4eb7ee844b74ca,Commitments,Sierra Leone,IDA,WESTERN AND CENTRAL AFRICA,2026-Q3,0.0,55.0,0.0,0.0,55.0,2026,3,quarterly,55.0,0.0
157,ida_9e6feacf0be6c5d366b2,Commitments,Togo,IDA,WESTERN AND CENTRAL AFRICA,2026-Q3,150.0,70.0,0.0,0.0,220.0,2026,3,quarterly,220.0,0.0
158,ida_1d519b8a4fd76e2c85de,Commitments,Western and Central Africa,IDA,WESTERN AND CENTRAL AFRICA,2026-Q3,0.0,77.0,0.0,0.0,77.0,2026,3,quarterly,77.0,0.0
159,ida_e382000e0151e1c239c7,Commitments,Cambodia,IDA,EAST ASIA AND PACIFIC,2026-Q3,0.0,100.0,0.0,0.0,100.0,2026,3,quarterly,100.0,0.0
160,ida_665bd58df6bfc89a0aa5,Commitments,Kiribati,IDA,EAST ASIA AND PACIFIC,2026-Q3,15.0,29.0,0.0,0.0,44.0,2026,3,quarterly,44.0,0.0
161,ida_8c1cdfc7493fb1c18669,Commitments,Lao People's Democratic Republic,IDA,EAST ASIA AND PACIFIC,2026-Q3,0.0,53.0,0.0,0.0,53.0,2026,3,quarterly,53.0,0.0
162,ida_55ab2b12922c5ba208b4,Commitments,Marshall Islands,IDA,EAST ASIA AND PACIFIC,2026-Q3,0.0,45.0,0.0,0.0,45.0,2026,3,quarterly,45.0,0.0
163,ida_64d6752e9dcddc98a760,Commitments,Mekong,IDA,EAST ASIA AND PACIFIC,2026-Q3,0.0,0.0,0.0,0.0,0.0,2026,3,quarterly,0.0,0.0
164,ida_ed72d17baf1e5ff3bf6a,Commitments,"Micronesia, Federated States of",IDA,EAST ASIA AND PACIFIC,2026-Q3,0.0,0.0,0.0,0.0,0.0,2026,3,quarterly,0.0,0.0
165,ida_ae510d05279085f6117d,Commitments,Pacific Islands,IDA,EAST ASIA AND PACIFIC,2026-Q3,0.0,0.0,0.0,0.0,0.0,2026,3,quarterly,0.0,0.0
166,ida_fd621f7023099513c421,Commitments,Samoa,IDA,EAST ASIA AND PACIFIC,2026-Q3,0.0,30.0,0.0,0.0,30.0,2026,3,quarterly,30.0,0.0
167,ida_1defc23e43321209b814,Commitments,Solomon Islands,IDA,EAST ASIA AND PACIFIC,2026-Q3,20.0,9.0,0.0,0.0,29.0,2026,3,quarterly,29.0,0.0
168,ida_682c523c0f7a878c3f2e,Commitments,South East Asia,IDA,EAST ASIA AND PACIFIC,2026-Q3,0.0,0.0,0.0,0.0,0.0,2026,3,quarterly,0.0,0.0
169,ida_ca80ca721ffdccdeeae9,Commitments,Tonga,IDA,EAST ASIA AND PACIFIC,2026-Q3,0.0,23.0,0.0,0.0,23.0,2026,3,quarterly,23.0,0.0
170,ida_4b6e319c0e633bdf544d,Commitments,Tuvalu,IDA,EAST ASIA AND PACIFIC,2026-Q3,-1.0,26.0,0.0,0.0,25.0,2026,3,quarterly,25.0,0.0
171,ida_9300b260cdec83bdd6e0,Commitments,Vanuatu,IDA,EAST ASIA AND PACIFIC,2026-Q3,0.0,38.0,0.0,0.0,38.0,2026,3,quarterly,38.0,0.0
172,ida_7636694fc7cb867b4895,Commitments,Eritrea,IDA,EASTERN AND SOUTHERN AFRICA,2026-Q3,0.0,0.0,0.0,0.0,0.0,2026,3,quarterly,0.0,0.0
173,ida_1cb2e87052d987b0db09,Commitments,South Sudan,IDA,EASTERN AND SOUTHERN AFRICA,2026-Q3,0.0,0.0,0.0,0.0,0.0,2026,3,quarterly,0.0,0.0
174,ida_c356f3f2d2b1077c6909,Commitments,Central Asia,IDA,EUROPE AND CENTRAL ASIA,2026-Q3,0.0,0.0,0.0,0.0,0.0,2026,3,quarterly,0.0,0.0
175,ida_1cf5a7fef01bc9b0e2c2,Commitments,Kyrgyz Republic,IDA,EUROPE AND CENTRAL ASIA,2026-Q3,0.0,40.3,0.0,0.0,40.3,2026,3,quarterly,40.3,0.0
176,ida_16a976d10a15d232c679,Commitments,Tajikistan,IDA,EUROPE AND CENTRAL ASIA,2026-Q3,50.0,60.38,0.0,0.0,110.38,2026,3,quarterly,110.38,0.0
177,ida_ff3d8b9a8f94fce5c939,Commitments,Central America,IDA,LATIN AMERICA AND CARIBBEAN,2026-Q3,0.0,0.0,0.0,0.0,0.0,2026,3,quarterly,0.0,0.0
178,ida_5656de771291545c6c94,Commitments,OECS Countries,IDA,LATIN AMERICA AND CARIBBEAN,2026-Q3,0.0,0.0,0.0,0.0,0.0,2026,3,quarterly,0.0,0.0
179,ida_a2e1ac268174f732e029,Commitments,Djibouti,IDA,"MIDDLE EAST, NORTH AFRICA, AFGHANISTAN, AND PAKISTAN",2026-Q3,0.0,37.0,0.0,26.0,63.0,2026,3,quarterly,63.0,0.0
180,ida_042ec80c94e89e238504,Commitments,"Mid East,NorthAfrica, Afghan, Pakistan",IDA,"MIDDLE EAST, NORTH AFRICA, AFGHANISTAN, AND PAKISTAN",2026-Q3,0.0,0.0,0.0,0.0,0.0,2026,3,quarterly,0.0,0.0
181,ida_b6d87356b7cc8b0590a4,Commitments,"Yemen, Republic of",IDA,"MIDDLE EAST, NORTH AFRICA, AFGHANISTAN, AND PAKISTAN",2026-Q3,0.0,0.0,0.0,0.0,0.0,2026,3,quarterly,0.0,0.0
182,ida_769ce4d2a02799b3c62a,Commitments,IFC,IDA,OTHER,2026-Q3,0.0,0.0,116.0,0.0,116.0,2026,3,quarterly,116.0,0.0
183,ida_9ed6b8fb216a893d9c25,Commitments,MIGA,IDA,OTHER,2026-Q3,0.0,0.0,59.0,0.0,59.0,2026,3,quarterly,59.0,0.0
184,ida_d32df1e96238e8265df9,Commitments,World,IDA,OTHER,2026-Q3,0.0,0.0,0.0,0.0,0.0,2026,3,quarterly,0.0,0.0
185,ida_61202071a0ab52591eeb,Commitments,Afghanistan,IDA,"MIDDLE EAST, NORTH AFRICA, AFGHANISTAN, AND PAKISTAN",2026-Q3,0.0,93.0,0.0,0.0,93.0,2026,3,quarterly,93.0,0.0
186,ida_dbcb5eca2da92c625a3a,Commitments,Bhutan,IDA,SOUTH ASIA,2026-Q3,0.0,300.0,0.0,0.0,300.0,2026,3,quarterly,300.0,0.0
187,ida_29bb27cfe33456eb0605,Commitments,Maldives,IDA,SOUTH ASIA,2026-Q3,0.0,0.0,0.0,0.0,0.0,2026,3,quarterly,0.0,0.0
188,ida_4caeb8c130240cc5b57b,Commitments,Nepal,IDA,SOUTH ASIA,2026-Q3,0.0,282.0,0.0,0.0,282.0,2026,3,quarterly,282.0,0.0
189,ida_c0d1660427ba13bf30ee,Commitments,South Asia,IDA,SOUTH ASIA,2026-Q3,0.0,0.0,0.0,0.0,0.0,2026,3,quarterly,0.0,0.0
190,ida_ecd30953ef7cd21a0c91,Commitments,Central Africa,IDA,WESTERN AND CENTRAL AFRICA,2026-Q3,0.0,0.0,0.0,0.0,0.0,2026,3,quarterly,0.0,0.0
191,ida_506734c97f8cc56726de,Commitments,Equatorial Guinea,IDA,WESTERN AND CENTRAL AFRICA,2026-Q3,0.0,0.0,0.0,0.0,0.0,2026,3,quarterly,0.0,0.0
192,ida_cd2803b69033802819bd,Commitments,"Gambia, The",IDA,WESTERN AND CENTRAL AFRICA,2026-Q3,45.0,0.0,0.0,0.0,45.0,2026,3,quarterly,45.0,0.0
193,ida_7c0235aa3ca030ead8d3,Commitments,Australia,IDA,EAST ASIA AND PACIFIC,2025-Q3,0.0,0.0,0.0,0.0,0.0,2025,3,quarterly,0.0,0.0
194,ida_fc1e13019f4e09997089,Commitments,China,IDA,EAST ASIA AND PACIFIC,2025-Q3,0.0,0.0,0.0,0.0,0.0,2025,3,quarterly,0.0,0.0
195,ida_db77ff0acf9c88eb47c8,Commitments,Fiji,IDA,EAST ASIA AND PACIFIC,2025-Q3,0.0,34.0,0.0,0.0,34.0,2025,3,quarterly,34.0,0.0
196,ida_af109a23dc090579c062,Commitments,Indonesia,IDA,EAST ASIA AND PACIFIC,2025-Q3,0.0,0.0,0.0,0.0,0.0,2025,3,quarterly,0.0,0.0
197,ida_75cf4e688a5610ec431d,Commitments,Japan,IDA,EAST ASIA AND PACIFIC,2025-Q3,0.0,0.0,0.0,0.0,0.0,2025,3,quarterly,0.0,0.0
198,ida_aaa83b4fa050b74af490,Commitments,"Korea, Republic of",IDA,EAST ASIA AND PACIFIC,2025-Q3,0.0,0.0,0.0,0.0,0.0,2025,3,quarterly,0.0,0.0
199,ida_7454029a22ea44690483,Commitments,Malaysia,IDA,EAST ASIA AND PACIFIC,2025-Q3,0.0,0.0,0.0,0.0,0.0,2025,3,quarterly,0.0,0.0
200,ida_d9fd703a85c513f25f99,Commitments,Mongolia,IDA,EAST ASIA AND PACIFIC,2025-Q3,0.0,0.0,0.0,0.0,0.0,2025,3,quarterly,0.0,0.0
201,ida_21bc48ccc1d77294f198,Commitments,Myanmar,IDA,EAST ASIA AND PACIFIC,2025-Q3,0.0,0.0,0.0,0.0,0.0,2025,3,quarterly,0.0,0.0
202,ida_e5666233316f247b1bd8,Commitments,New Zealand,IDA,EAST ASIA AND PACIFIC,2025-Q3,0.0,0.0,0.0,0.0,0.0,2025,3,quarterly,0.0,0.0
203,ida_2eac6bfd2dc52bef5620,Commitments,Papua New Guinea,IDA,EAST ASIA AND PACIFIC,2025-Q3,0.0,200.0,0.0,0.0,200.0,2025,3,quarterly,200.0,0.0
204,ida_61ff86194d8a5a417897,Commitments,Philippines,IDA,EAST ASIA AND PACIFIC,2025-Q3,0.0,0.0,0.0,0.0,0.0,2025,3,quarterly,0.0,0.0
205,ida_ecbf488d0820b2fed7e6,Commitments,Singapore,IDA,EAST ASIA AND PACIFIC,2025-Q3,0.0,0.0,0.0,0.0,0.0,2025,3,quarterly,0.0,0.0
206,ida_072e19eb587268abbc0b,Commitments,"Taiwan, China",IDA,EAST ASIA AND PACIFIC,2025-Q3,0.0,0.0,0.0,0.0,0.0,2025,3,quarterly,0.0,0.0
207,ida_b0bd1b255a7274c3af1b,Commitments,Thailand,IDA,EAST ASIA AND PACIFIC,2025-Q3,0.0,0.0,0.0,0.0,0.0,2025,3,quarterly,0.0,0.0
208,ida_a02b28722f8a5ffcab53,Commitments,Timor-Leste,IDA,EAST ASIA AND PACIFIC,2025-Q3,0.0,0.0,0.0,0.0,0.0,2025,3,quarterly,0.0,0.0
209,ida_3f490f7660d497391308,Commitments,Viet Nam,IDA,EAST ASIA AND PACIFIC,2025-Q3,0.0,0.0,0.0,0.0,0.0,2025,3,quarterly,0.0,0.0
210,ida_5ae9d6142a9c7a66bedb,Commitments,Pacific 1,IDA,EAST ASIA AND PACIFIC,2025-Q3,0.0,0.0,0.0,0.0,0.0,2025,3,quarterly,0.0,0.0
211,ida_ba7c1e2ed7dc43075c2e,Commitments,East Asia and Pacific,IDA,EAST ASIA AND PACIFIC,2025-Q3,0.0,5.0,0.0,0.0,5.0,2025,3,quarterly,5.0,0.0
212,ida_74af011a6456cd84200e,Commitments,Angola,IDA,EASTERN AND SOUTHERN AFRICA,2025-Q3,0.0,0.0,0.0,0.0,0.0,2025,3,quarterly,0.0,0.0
213,ida_04ed94d456f0d45b0d0a,Commitments,Botswana,IDA,EASTERN AND SOUTHERN AFRICA,2025-Q3,0.0,0.0,0.0,0.0,0.0,2025,3,quarterly,0.0,0.0
214,ida_6d2229daa800e953ad75,Commitments,Burundi,IDA,EASTERN AND SOUTHERN AFRICA,2025-Q3,0.0,463.0,0.0,20.0,483.0,2025,3,quarterly,483.0,0.0
215,ida_3dd46faa4882e149eeb2,Commitments,Comoros,IDA,EASTERN AND SOUTHERN AFRICA,2025-Q3,0.0,25.0,0.0,0.0,25.0,2025,3,quarterly,25.0,0.0
216,ida_004e39bb57d0cb29aaed,Commitments,"Congo, Democratic Republic of",IDA,EASTERN AND SOUTHERN AFRICA,2025-Q3,0.0,0.0,0.0,0.0,0.0,2025,3,quarterly,0.0,0.0
217,ida_a112fe479f594213ac59,Commitments,Eastern and Southern Africa,IDA,EASTERN AND SOUTHERN AFRICA,2025-Q3,0.0,0.0,0.0,0.0,0.0,2025,3,quarterly,0.0,0.0
218,ida_7c852dbb6bd2e1dce8cd,Commitments,Eswatini,IDA,EASTERN AND SOUTHERN AFRICA,2025-Q3,0.0,39.0,0.0,0.0,39.0,2025,3,quarterly,39.0,0.0
219,ida_ad5fbe10992f613ce58a,Commitments,Ethiopia,IDA,EASTERN AND SOUTHERN AFRICA,2025-Q3,1500.0,880.0,0.0,0.0,2380.0,2025,3,quarterly,2380.0,0.0
220,ida_988ff8f9edb497101358,Commitments,Kenya,IDA,EASTERN AND SOUTHERN AFRICA,2025-Q3,0.0,0.0,0.0,250.0,250.0,2025,3,quarterly,250.0,0.0
221,ida_b1799737502f3eef6e07,Commitments,Lesotho,IDA,EASTERN AND SOUTHERN AFRICA,2025-Q3,0.0,32.0,0.0,0.0,32.0,2025,3,quarterly,32.0,0.0
222,ida_c80af0540fa86effb317,Commitments,Madagascar,IDA,EASTERN AND SOUTHERN AFRICA,2025-Q3,0.0,100.0,0.0,0.0,100.0,2025,3,quarterly,100.0,0.0
223,ida_de1b0738258f828d8f53,Commitments,Malawi,IDA,EASTERN AND SOUTHERN AFRICA,2025-Q3,0.0,246.0,0.0,0.0,246.0,2025,3,quarterly,246.0,0.0
224,ida_aa268c3a135ea3efbf1f,Commitments,Mauritius,IDA,EASTERN AND SOUTHERN AFRICA,2025-Q3,1.0,0.0,0.0,0.0,1.0,2025,3,quarterly,1.0,0.0
225,ida_23f0227d512699a846d4,Commitments,Mozambique,IDA,EASTERN AND SOUTHERN AFRICA,2025-Q3,0.0,270.0,0.0,0.0,270.0,2025,3,quarterly,270.0,0.0
226,ida_162b25f329c2a30b1425,Commitments,Namibia,IDA,EASTERN AND SOUTHERN AFRICA,2025-Q3,0.0,0.0,0.0,0.0,0.0,2025,3,quarterly,0.0,0.0
227,ida_cfd795c7fcdab0fc55e9,Commitments,Rwanda,IDA,EASTERN AND SOUTHERN AFRICA,2025-Q3,255.0,-1.0,0.0,200.0,454.0,2025,3,quarterly,454.0,0.0
228,ida_79e8479e20cb42459b30,Commitments,Sao Tome and Principe,IDA,EASTERN AND SOUTHERN AFRICA,2025-Q3,0.0,24.0,0.0,0.0,24.0,2025,3,quarterly,24.0,0.0
229,ida_d7aaf19f40c17a173dca,Commitments,Seychelles,IDA,EASTERN AND SOUTHERN AFRICA,2025-Q3,0.0,0.0,0.0,0.0,0.0,2025,3,quarterly,0.0,0.0
230,ida_7d1956d0fc3cf9366a7e,Commitments,"Somalia, Federal Republic of",IDA,EASTERN AND SOUTHERN AFRICA,2025-Q3,125.0,35.0,0.0,0.0,160.0,2025,3,quarterly,160.0,0.0
231,ida_84aa2fccccd1588706db,Commitments,South Africa,IDA,EASTERN AND SOUTHERN AFRICA,2025-Q3,0.0,0.0,0.0,0.0,0.0,2025,3,quarterly,0.0,0.0
232,ida_501856a5a3fcffd5b63a,Commitments,Southern Africa,IDA,EASTERN AND SOUTHERN AFRICA,2025-Q3,0.0,0.0,0.0,0.0,0.0,2025,3,quarterly,0.0,0.0
233,ida_1d5c61c194df9ecb9ad2,Commitments,Sudan,IDA,EASTERN AND SOUTHERN AFRICA,2025-Q3,0.0,182.0,0.0,0.0,182.0,2025,3,quarterly,182.0,0.0
234,ida_07616df534f886296a99,Commitments,Tanzania,IDA,EASTERN AND SOUTHERN AFRICA,2025-Q3,0.0,600.0,0.0,0.0,600.0,2025,3,quarterly,600.0,0.0
235,ida_f7216d509f0792728769,Commitments,Uganda,IDA,EASTERN AND SOUTHERN AFRICA,2025-Q3,0.0,0.0,0.0,0.0,0.0,2025,3,quarterly,0.0,0.0
236,ida_d32487626726ff2e3603,Commitments,Zambia,IDA,EASTERN AND SOUTHERN AFRICA,2025-Q3,100.0,475.0,0.0,0.0,575.0,2025,3,quarterly,575.0,0.0
237,ida_c7a2edbe2c8016828db6,Commitments,Zimbabwe,IDA,EASTERN AND SOUTHERN AFRICA,2025-Q3,0.0,0.0,0.0,0.0,0.0,2025,3,quarterly,0.0,0.0
238,ida_d7b147add808e7799770,Commitments,Albania,IDA,EUROPE AND CENTRAL ASIA,2025-Q3,0.0,-0.49,0.0,0.0,-0.49,2025,3,quarterly,-0.49,0.0
239,ida_3593ffd6056afc65c559,Commitments,Armenia,IDA,EUROPE AND CENTRAL ASIA,2025-Q3,0.0,0.0,0.0,0.0,0.0,2025,3,quarterly,0.0,0.0
240,ida_f7dd4f0cbb5ddf3ea063,Commitments,Austria,IDA,EUROPE AND CENTRAL ASIA,2025-Q3,0.0,0.0,0.0,0.0,0.0,2025,3,quarterly,0.0,0.0
241,ida_3fb778139c1469c8fd16,Commitments,Azerbaijan,IDA,EUROPE AND CENTRAL ASIA,2025-Q3,0.0,0.0,0.0,0.0,0.0,2025,3,quarterly,0.0,0.0
242,ida_194c943f67d3a25b1e9d,Commitments,Belarus,IDA,EUROPE AND CENTRAL ASIA,2025-Q3,0.0,0.0,0.0,0.0,0.0,2025,3,quarterly,0.0,0.0
243,ida_ac9485bb63efb4d23c6f,Commitments,Belgium,IDA,EUROPE AND CENTRAL ASIA,2025-Q3,0.0,0.0,0.0,0.0,0.0,2025,3,quarterly,0.0,0.0
244,ida_501b14b59328232eefa0,Commitments,Bosnia and Herzegovina,IDA,EUROPE AND CENTRAL ASIA,2025-Q3,0.0,0.0,0.0,0.0,0.0,2025,3,quarterly,0.0,0.0
245,ida_ec2fe8f3409d15528859,Commitments,Bulgaria,IDA,EUROPE AND CENTRAL ASIA,2025-Q3,0.0,-0.49,0.0,0.0,-0.49,2025,3,quarterly,-0.49,0.0
246,ida_c196113c9bf516bd9cb2,Commitments,Croatia,IDA,EUROPE AND CENTRAL ASIA,2025-Q3,0.0,0.0,0.0,0.0,0.0,2025,3,quarterly,0.0,0.0
247,ida_f8f9ad8129347dfa6319,Commitments,Cyprus,IDA,EUROPE AND CENTRAL ASIA,2025-Q3,0.0,0.0,0.0,0.0,0.0,2025,3,quarterly,0.0,0.0
248,ida_1a2eb6146c668f713ed9,Commitments,Czechia,IDA,EUROPE AND CENTRAL ASIA,2025-Q3,0.0,0.0,0.0,0.0,0.0,2025,3,quarterly,0.0,0.0
249,ida_bd2351ad6a1bfc6d9ef1,Commitments,Denmark,IDA,EUROPE AND CENTRAL ASIA,2025-Q3,0.0,0.0,0.0,0.0,0.0,2025,3,quarterly,0.0,0.0
250,ida_6d83e2b9665aa3e3e66a,Commitments,Estonia,IDA,EUROPE AND CENTRAL ASIA,2025-Q3,0.0,0.0,0.0,0.0,0.0,2025,3,quarterly,0.0,0.0
251,ida_e672cea09af148d99613,Commitments,Finland,IDA,EUROPE AND CENTRAL ASIA,2025-Q3,0.0,0.0,0.0,0.0,0.0,2025,3,quarterly,0.0,0.0
252,ida_50607d089cdbdfc2ba46,Commitments,France,IDA,EUROPE AND CENTRAL ASIA,2025-Q3,0.0,0.0,0.0,0.0,0.0,2025,3,quarterly,0.0,0.0
253,ida_5920e577b16bf08c4a8c,Commitments,Georgia,IDA,EUROPE AND CENTRAL ASIA,2025-Q3,0.0,0.0,0.0,0.0,0.0,2025,3,quarterly,0.0,0.0
254,ida_9b14832b72b6e9556f80,Commitments,Greece,IDA,EUROPE AND CENTRAL ASIA,2025-Q3,0.0,0.0,0.0,0.0,0.0,2025,3,quarterly,0.0,0.0
255,ida_6918354ed50e4fcd290e,Commitments,Hungary,IDA,EUROPE AND CENTRAL ASIA,2025-Q3,0.0,0.0,0.0,0.0,0.0,2025,3,quarterly,0.0,0.0
256,ida_193eb8f4ec95a3f11b60,Commitments,Iceland,IDA,EUROPE AND CENTRAL ASIA,2025-Q3,0.0,0.0,0.0,0.0,0.0,2025,3,quarterly,0.0,0.0
257,ida_5f4f32913148bc4299bc,Commitments,Ireland,IDA,EUROPE AND CENTRAL ASIA,2025-Q3,0.0,0.0,0.0,0.0,0.0,2025,3,quarterly,0.0,0.0
258,ida_4cbce50fb08742b1550f,Commitments,Italy,IDA,EUROPE AND CENTRAL ASIA,2025-Q3,0.0,0.0,0.0,0.0,0.0,2025,3,quarterly,0.0,0.0
259,ida_62471d5b9bb2fba3df2d,Commitments,Kazakhstan,IDA,EUROPE AND CENTRAL ASIA,2025-Q3,0.0,0.0,0.0,0.0,0.0,2025,3,quarterly,0.0,0.0
260,ida_91ca7ebd25163f50e385,Commitments,Kosovo,IDA,EUROPE AND CENTRAL ASIA,2025-Q3,0.0,89.88,0.0,0.0,89.88,2025,3,quarterly,89.88,0.0
261,ida_eedce8b9a13deb5eafc9,Commitments,Latvia,IDA,EUROPE AND CENTRAL ASIA,2025-Q3,0.0,0.0,0.0,0.0,0.0,2025,3,quarterly,0.0,0.0
262,ida_a362b05a92a7dd77604c,Commitments,Lithuania,IDA,EUROPE AND CENTRAL ASIA,2025-Q3,0.0,0.0,0.0,0.0,0.0,2025,3,quarterly,0.0,0.0
263,ida_30f9ac1fa649ec79cd1c,Commitments,Luxembourg,IDA,EUROPE AND CENTRAL ASIA,2025-Q3,0.0,0.0,0.0,0.0,0.0,2025,3,quarterly,0.0,0.0
264,ida_049b4bcbaf90bc92dde2,Commitments,Moldova,IDA,EUROPE AND CENTRAL ASIA,2025-Q3,0.0,0.0,0.0,0.0,0.0,2025,3,quarterly,0.0,0.0
265,ida_59c198c3e98c4f7314b3,Commitments,Montenegro,IDA,EUROPE AND CENTRAL ASIA,2025-Q3,0.0,0.0,0.0,0.0,0.0,2025,3,quarterly,0.0,0.0
266,ida_f2001a696034fe5731eb,Commitments,Netherlands,IDA,EUROPE AND CENTRAL ASIA,2025-Q3,0.0,0.0,0.0,0.0,0.0,2025,3,quarterly,0.0,0.0
267,ida_d3cf4bee1980193252e5,Commitments,North Macedonia,IDA,EUROPE AND CENTRAL ASIA,2025-Q3,0.0,0.0,0.0,0.0,0.0,2025,3,quarterly,0.0,0.0
268,ida_0aa575eac46325a75e16,Commitments,Norway,IDA,EUROPE AND CENTRAL ASIA,2025-Q3,0.0,0.0,0.0,0.0,0.0,2025,3,quarterly,0.0,0.0
269,ida_061e2a635b16fe3a07c5,Commitments,Poland,IDA,EUROPE AND CENTRAL ASIA,2025-Q3,0.0,0.0,0.0,0.0,0.0,2025,3,quarterly,0.0,0.0
270,ida_f32035344dbbbf9edf0b,Commitments,Portugal,IDA,EUROPE AND CENTRAL ASIA,2025-Q3,0.0,0.0,0.0,0.0,0.0,2025,3,quarterly,0.0,0.0
271,ida_1decde4d71ec3f92a5c7,Commitments,Romania,IDA,EUROPE AND CENTRAL ASIA,2025-Q3,0.0,0.0,0.0,0.0,0.0,2025,3,quarterly,0.0,0.0
272,ida_99e7016449299c778c0b,Commitments,Russian Federation,IDA,EUROPE AND CENTRAL ASIA,2025-Q3,0.0,0.0,0.0,0.0,0.0,2025,3,quarterly,0.0,0.0
273,ida_26346b994d5a37a6c184,Commitments,Serbia,IDA,EUROPE AND CENTRAL ASIA,2025-Q3,0.0,0.0,0.0,0.0,0.0,2025,3,quarterly,0.0,0.0
274,ida_01ed0ef35d9c6f09653e,Commitments,Slovak Republic,IDA,EUROPE AND CENTRAL ASIA,2025-Q3,0.0,0.0,0.0,0.0,0.0,2025,3,quarterly,0.0,0.0
275,ida_5b26d680751139e323b8,Commitments,Slovenia,IDA,EUROPE AND CENTRAL ASIA,2025-Q3,0.0,0.0,0.0,0.0,0.0,2025,3,quarterly,0.0,0.0
276,ida_7f937f4d45a087ddbde5,Commitments,Spain,IDA,EUROPE AND CENTRAL ASIA,2025-Q3,0.0,0.0,0.0,0.0,0.0,2025,3,quarterly,0.0,0.0
277,ida_9fb27227d518e68050c3,Commitments,Turkiye,IDA,EUROPE AND CENTRAL ASIA,2025-Q3,0.0,0.0,0.0,0.0,0.0,2025,3,quarterly,0.0,0.0
278,ida_041ca3d21189d7681e7a,Commitments,Turkmenistan,IDA,EUROPE AND CENTRAL ASIA,2025-Q3,0.0,0.0,0.0,0.0,0.0,2025,3,quarterly,0.0,0.0
279,ida_c8c4ff2f1a9ff67a0de5,Commitments,Ukraine,IDA,EUROPE AND CENTRAL ASIA,2025-Q3,0.0,5010.0,0.0,950.0,5960.0,2025,3,quarterly,5960.0,0.0
280,ida_2ca1d7e01b2a4b3ed953,Commitments,Uzbekistan,IDA,EUROPE AND CENTRAL ASIA,2025-Q3,540.0,0.0,0.0,0.0,540.0,2025,3,quarterly,540.0,0.0
281,ida_6997e1167c1e4b252cf3,Commitments,"Yugoslavia, former",IDA,EUROPE AND CENTRAL ASIA,2025-Q3,0.0,0.0,0.0,0.0,0.0,2025,3,quarterly,0.0,0.0
282,ida_efced05b0e4291d256ed,Commitments,Antigua and Barbuda,IDA,LATIN AMERICA AND CARIBBEAN,2025-Q3,0.49,0.0,0.0,0.0,0.49,2025,3,quarterly,0.49,0.0
283,ida_27a3bdd20c608b99873e,Commitments,Argentina,IDA,LATIN AMERICA AND CARIBBEAN,2025-Q3,0.0,0.0,0.0,0.0,0.0,2025,3,quarterly,0.0,0.0
284,ida_071fc32b4edb7d15a11f,Commitments,"Bahamas, The",IDA,LATIN AMERICA AND CARIBBEAN,2025-Q3,0.3,0.0,0.0,0.0,0.3,2025,3,quarterly,0.3,0.0
285,ida_b4430208a392f39e9d4e,Commitments,Barbados,IDA,LATIN AMERICA AND CARIBBEAN,2025-Q3,0.0,0.0,0.0,0.0,0.0,2025,3,quarterly,0.0,0.0
286,ida_895eeeb950238b69ed65,Commitments,Belize,IDA,LATIN AMERICA AND CARIBBEAN,2025-Q3,0.0,24.0,0.0,0.0,24.0,2025,3,quarterly,24.0,0.0
287,ida_77f038718f80fc9c4823,Commitments,Bolivia,IDA,LATIN AMERICA AND CARIBBEAN,2025-Q3,0.0,0.0,0.0,0.0,0.0,2025,3,quarterly,0.0,0.0
288,ida_22b107bb452a766b342c,Commitments,Brazil,IDA,LATIN AMERICA AND CARIBBEAN,2025-Q3,0.0,0.0,0.0,0.0,0.0,2025,3,quarterly,0.0,0.0
289,ida_a5dab53d3640972ced96,Commitments,Caribbean,IDA,LATIN AMERICA AND CARIBBEAN,2025-Q3,0.0,4.0,0.0,0.0,4.0,2025,3,quarterly,4.0,0.0
290,ida_50deae7d7693c49982fd,Commitments,Chile,IDA,LATIN AMERICA AND CARIBBEAN,2025-Q3,0.0,0.0,0.0,0.0,0.0,2025,3,quarterly,0.0,0.0
291,ida_ed1d30957ae127745893,Commitments,Colombia,IDA,LATIN AMERICA AND CARIBBEAN,2025-Q3,0.0,0.0,0.0,0.0,0.0,2025,3,quarterly,0.0,0.0
292,ida_383a26f26ede011cc6d0,Commitments,Costa Rica,IDA,LATIN AMERICA AND CARIBBEAN,2025-Q3,0.0,0.0,0.0,0.0,0.0,2025,3,quarterly,0.0,0.0
293,ida_22aba91f0c1f8c35b5f0,Commitments,Dominica,IDA,LATIN AMERICA AND CARIBBEAN,2025-Q3,0.0,40.0,0.0,0.0,40.0,2025,3,quarterly,40.0,0.0
294,ida_94cf1bdfcfde02d82fb5,Commitments,Dominican Republic,IDA,LATIN AMERICA AND CARIBBEAN,2025-Q3,0.0,0.0,0.0,0.0,0.0,2025,3,quarterly,0.0,0.0
295,ida_12fcc2d66072d9a44911,Commitments,Ecuador,IDA,LATIN AMERICA AND CARIBBEAN,2025-Q3,0.0,0.0,0.0,0.0,0.0,2025,3,quarterly,0.0,0.0
296,ida_04eb728f3272b7a510fb,Commitments,El Salvador,IDA,LATIN AMERICA AND CARIBBEAN,2025-Q3,-1.0,0.0,0.0,0.0,-1.0,2025,3,quarterly,-1.0,0.0
297,ida_183017c6dfc19ac51b0b,Commitments,Grenada,IDA,LATIN AMERICA AND CARIBBEAN,2025-Q3,0.0,40.0,0.0,0.0,40.0,2025,3,quarterly,40.0,0.0
298,ida_56bd295ca54faaa4ca79,Commitments,Guatemala,IDA,LATIN AMERICA AND CARIBBEAN,2025-Q3,0.0,0.0,0.0,0.0,0.0,2025,3,quarterly,0.0,0.0
299,ida_b986e33e5c46ceacbd04,Commitments,Guyana,IDA,LATIN AMERICA AND CARIBBEAN,2025-Q3,0.0,193.0,0.0,0.0,193.0,2025,3,quarterly,193.0,0.0
300,ida_3642f3118d038bb91c8f,Commitments,Haiti,IDA,LATIN AMERICA AND CARIBBEAN,2025-Q3,0.0,135.0,0.0,0.0,135.0,2025,3,quarterly,135.0,0.0
301,ida_1fe0ee6375932713dff8,Commitments,Honduras,IDA,LATIN AMERICA AND CARIBBEAN,2025-Q3,145.0,187.0,0.0,0.0,332.0,2025,3,quarterly,332.0,0.0
302,ida_9e4483eb7a3a1cf76f35,Commitments,Jamaica,IDA,LATIN AMERICA AND CARIBBEAN,2025-Q3,0.0,0.0,0.0,0.0,0.0,2025,3,quarterly,0.0,0.0
303,ida_e6325215f89b1b578adf,Commitments,Mexico,IDA,LATIN AMERICA AND CARIBBEAN,2025-Q3,0.0,0.0,0.0,0.0,0.0,2025,3,quarterly,0.0,0.0
304,ida_1f4a1212c79edb8b36a6,Commitments,Nicaragua,IDA,LATIN AMERICA AND CARIBBEAN,2025-Q3,0.0,0.0,0.0,0.0,0.0,2025,3,quarterly,0.0,0.0
305,ida_2fb8e2af8e01fa980bce,Commitments,Panama,IDA,LATIN AMERICA AND CARIBBEAN,2025-Q3,0.0,0.0,0.0,0.0,0.0,2025,3,quarterly,0.0,0.0
306,ida_f644465708dcb5b12560,Commitments,Paraguay,IDA,LATIN AMERICA AND CARIBBEAN,2025-Q3,0.0,0.0,0.0,0.0,0.0,2025,3,quarterly,0.0,0.0
307,ida_52c47dc678ffa58f8512,Commitments,Peru,IDA,LATIN AMERICA AND CARIBBEAN,2025-Q3,0.0,0.0,0.0,0.0,0.0,2025,3,quarterly,0.0,0.0
308,ida_ef27082cfe2275592758,Commitments,St. Kitts and Nevis,IDA,LATIN AMERICA AND CARIBBEAN,2025-Q3,0.0,0.0,0.0,0.0,0.0,2025,3,quarterly,0.0,0.0
309,ida_c4e952df91fd7719b2a1,Commitments,St. Lucia,IDA,LATIN AMERICA AND CARIBBEAN,2025-Q3,0.0,30.0,0.0,0.0,30.0,2025,3,quarterly,30.0,0.0
310,ida_a9e64cd98da886357699,Commitments,St. Vincent and the Grenadines,IDA,LATIN AMERICA AND CARIBBEAN,2025-Q3,0.0,63.0,0.0,0.0,63.0,2025,3,quarterly,63.0,0.0
311,ida_be1af2e20943d78552f4,Commitments,Suriname,IDA,LATIN AMERICA AND CARIBBEAN,2025-Q3,0.0,22.0,0.0,0.0,22.0,2025,3,quarterly,22.0,0.0
312,ida_9547f7efd6f4522847a9,Commitments,Trinidad and Tobago,IDA,LATIN AMERICA AND CARIBBEAN,2025-Q3,0.0,0.0,0.0,0.0,0.0,2025,3,quarterly,0.0,0.0
313,ida_ceeb8f7fbc590667c7f9,Commitments,Uruguay,IDA,LATIN AMERICA AND CARIBBEAN,2025-Q3,0.0,0.0,0.0,0.0,0.0,2025,3,quarterly,0.0,0.0
314,ida_94cd7a6368ed38f737cc,Commitments,"Venezuela, Republica Bolivariana de",IDA,LATIN AMERICA AND CARIBBEAN,2025-Q3,0.0,0.0,0.0,0.0,0.0,2025,3,quarterly,0.0,0.0
315,ida_8124b98bbaa13fb929c5,Commitments,Algeria,IDA,"MIDDLE EAST, NORTH AFRICA, AFGHANISTAN, AND PAKISTAN",2025-Q3,0.0,0.0,0.0,0.0,0.0,2025,3,quarterly,0.0,0.0
316,ida_0684addda6b323ff9c80,Commitments,"Egypt, Arab Republic of",IDA,"MIDDLE EAST, NORTH AFRICA, AFGHANISTAN, AND PAKISTAN",2025-Q3,0.0,0.0,0.0,0.0,0.0,2025,3,quarterly,0.0,0.0
317,ida_a3663bd39d1cea6e430f,Commitments,"Iran, Islamic Republic of",IDA,"MIDDLE EAST, NORTH AFRICA, AFGHANISTAN, AND PAKISTAN",2025-Q3,0.0,0.0,0.0,0.0,0.0,2025,3,quarterly,0.0,0.0
318,ida_d7addbf7f3cffa4613b6,Commitments,Iraq,IDA,"MIDDLE EAST, NORTH AFRICA, AFGHANISTAN, AND PAKISTAN",2025-Q3,0.0,0.0,0.0,0.0,0.0,2025,3,quarterly,0.0,0.0
319,ida_e1187389fbc6d16ba666,Commitments,Israel,IDA,"MIDDLE EAST, NORTH AFRICA, AFGHANISTAN, AND PAKISTAN",2025-Q3,0.0,0.0,0.0,0.0,0.0,2025,3,quarterly,0.0,0.0
320,ida_d7a15c17b78716fa1b79,Commitments,Jordan,IDA,"MIDDLE EAST, NORTH AFRICA, AFGHANISTAN, AND PAKISTAN",2025-Q3,0.0,0.0,0.0,0.0,0.0,2025,3,quarterly,0.0,0.0
321,ida_9ea6c1e8bb6a96b13a5e,Commitments,Lebanon,IDA,"MIDDLE EAST, NORTH AFRICA, AFGHANISTAN, AND PAKISTAN",2025-Q3,0.0,0.0,0.0,0.0,0.0,2025,3,quarterly,0.0,0.0
322,ida_43171de51b6a9b6629d4,Commitments,Malta,IDA,"MIDDLE EAST, NORTH AFRICA, AFGHANISTAN, AND PAKISTAN",2025-Q3,0.0,0.0,0.0,0.0,0.0,2025,3,quarterly,0.0,0.0
323,ida_a6b985a765a2e083854a,Commitments,Morocco,IDA,"MIDDLE EAST, NORTH AFRICA, AFGHANISTAN, AND PAKISTAN",2025-Q3,0.0,0.0,0.0,0.0,0.0,2025,3,quarterly,0.0,0.0
324,ida_d9e1b2ab70fc5cf925b7,Commitments,Oman,IDA,"MIDDLE EAST, NORTH AFRICA, AFGHANISTAN, AND PAKISTAN",2025-Q3,0.0,0.0,0.0,0.0,0.0,2025,3,quarterly,0.0,0.0
325,ida_8e81cb0e70c47a9de52a,Commitments,Syrian Arab Republic,IDA,"MIDDLE EAST, NORTH AFRICA, AFGHANISTAN, AND PAKISTAN",2025-Q3,0.0,0.0,0.0,0.0,0.0,2025,3,quarterly,0.0,0.0
326,ida_15e5ac5de7adfc83189d,Commitments,Tunisia,IDA,"MIDDLE EAST, NORTH AFRICA, AFGHANISTAN, AND PAKISTAN",2025-Q3,0.0,0.0,0.0,0.0,0.0,2025,3,quarterly,0.0,0.0
327,ida_303f0e46fc6662855401,Commitments,Bangladesh,IDA,SOUTH ASIA,2025-Q3,500.0,510.0,0.0,379.0,1389.0,2025,3,quarterly,1389.0,0.0
328,ida_17474ace81eba6446582,Commitments,India,IDA,SOUTH ASIA,2025-Q3,0.0,0.0,0.0,0.0,0.0,2025,3,quarterly,0.0,0.0
329,ida_b2140a11db07045eebf8,Commitments,Pakistan,IDA,"MIDDLE EAST, NORTH AFRICA, AFGHANISTAN, AND PAKISTAN",2025-Q3,0.0,630.0,0.0,300.0,930.0,2025,3,quarterly,930.0,0.0
330,ida_d6a277fabf689efb40d5,Commitments,Sri Lanka,IDA,SOUTH ASIA,2025-Q3,200.0,0.0,0.0,0.0,200.0,2025,3,quarterly,200.0,0.0
331,ida_5ba9e903a7cbbf424396,Commitments,Benin,IDA,WESTERN AND CENTRAL AFRICA,2025-Q3,372.0,33.0,0.0,0.0,405.0,2025,3,quarterly,405.0,0.0
332,ida_98577d12c8140afba75b,Commitments,Burkina Faso,IDA,WESTERN AND CENTRAL AFRICA,2025-Q3,0.0,250.0,0.0,0.0,250.0,2025,3,quarterly,250.0,0.0
333,ida_3aeb01f4f681da266105,Commitments,Cabo Verde,IDA,WESTERN AND CENTRAL AFRICA,2025-Q3,24.51,2.0,0.0,0.0,26.51,2025,3,quarterly,26.51,0.0
334,ida_294db7d0932c2ada7da0,Commitments,Cameroon,IDA,WESTERN AND CENTRAL AFRICA,2025-Q3,0.0,0.0,0.0,200.0,200.0,2025,3,quarterly,200.0,0.0
335,ida_d727e7befd00ee3c44d1,Commitments,Central African Republic,IDA,WESTERN AND CENTRAL AFRICA,2025-Q3,0.0,70.0,0.0,0.0,70.0,2025,3,quarterly,70.0,0.0
336,ida_65b08839163906dd705d,Commitments,Chad,IDA,WESTERN AND CENTRAL AFRICA,2025-Q3,-1.3,349.0,0.0,0.0,347.7,2025,3,quarterly,347.7,0.0
337,ida_14545033926e35c9f537,Commitments,"Congo, Republic of",IDA,WESTERN AND CENTRAL AFRICA,2025-Q3,-1.0,0.0,0.0,0.0,-1.0,2025,3,quarterly,-1.0,0.0
338,ida_d391149a23fecb7d5217,Commitments,Cote d'Ivoire,IDA,WESTERN AND CENTRAL AFRICA,2025-Q3,311.0,109.0,0.0,0.0,420.0,2025,3,quarterly,420.0,0.0
339,ida_942353367de5551251a5,Commitments,Gabon,IDA,WESTERN AND CENTRAL AFRICA,2025-Q3,0.0,0.0,0.0,0.0,0.0,2025,3,quarterly,0.0,0.0
340,ida_5e07b5fca9c0355f40ea,Commitments,Ghana,IDA,WESTERN AND CENTRAL AFRICA,2025-Q3,0.0,180.0,0.0,0.0,180.0,2025,3,quarterly,180.0,0.0
341,ida_419b7dcbf2657d28cf82,Commitments,Guinea,IDA,WESTERN AND CENTRAL AFRICA,2025-Q3,0.0,85.0,0.0,0.0,85.0,2025,3,quarterly,85.0,0.0
342,ida_f7bcd032b3944b74572c,Commitments,Guinea-Bissau,IDA,WESTERN AND CENTRAL AFRICA,2025-Q3,0.0,24.0,0.0,0.0,24.0,2025,3,quarterly,24.0,0.0
343,ida_39b1baacb48bef76706e,Commitments,Liberia,IDA,WESTERN AND CENTRAL AFRICA,2025-Q3,60.0,0.0,0.0,0.0,60.0,2025,3,quarterly,60.0,0.0
344,ida_76b3509a3335a18fe22b,Commitments,Mali,IDA,WESTERN AND CENTRAL AFRICA,2025-Q3,0.0,300.0,0.0,0.0,300.0,2025,3,quarterly,300.0,0.0
345,ida_dec0b10acfe378158160,Commitments,Mauritania,IDA,WESTERN AND CENTRAL AFRICA,2025-Q3,0.0,256.0,0.0,0.0,256.0,2025,3,quarterly,256.0,0.0
346,ida_6f45773718f97de54460,Commitments,Niger,IDA,WESTERN AND CENTRAL AFRICA,2025-Q3,0.0,0.0,0.0,0.0,0.0,2025,3,quarterly,0.0,0.0
347,ida_4a86d4263bb7d1617bef,Commitments,Nigeria,IDA,WESTERN AND CENTRAL AFRICA,2025-Q3,0.0,1080.0,0.0,2000.0,3080.0,2025,3,quarterly,3080.0,0.0
348,ida_7f644b9e349c68fec317,Commitments,Senegal,IDA,WESTERN AND CENTRAL AFRICA,2025-Q3,0.0,0.0,0.0,0.0,0.0,2025,3,quarterly,0.0,0.0
349,ida_72a6d1edb5f276912ea8,Commitments,Sierra Leone,IDA,WESTERN AND CENTRAL AFRICA,2025-Q3,80.0,0.0,0.0,0.0,80.0,2025,3,quarterly,80.0,0.0
350,ida_b9d0a70b459d296c4084,Commitments,Togo,IDA,WESTERN AND CENTRAL AFRICA,2025-Q3,200.0,100.0,0.0,0.0,300.0,2025,3,quarterly,300.0,0.0
351,ida_6331d087a529e866d570,Commitments,Western and Central Africa,IDA,WESTERN AND CENTRAL AFRICA,2025-Q3,0.0,55.0,0.0,0.0,55.0,2025,3,quarterly,55.0,0.0
352,ida_5542d1d4ee528ac5f9ac,Commitments,Cambodia,IDA,EAST ASIA AND PACIFIC,2025-Q3,0.0,80.0,0.0,0.0,80.0,2025,3,quarterly,80.0,0.0
353,ida_62af594afb4c47af55aa,Commitments,Kiribati,IDA,EAST ASIA AND PACIFIC,2025-Q3,0.0,133.0,0.0,0.0,133.0,2025,3,quarterly,133.0,0.0
354,ida_86f8fed61484d103f886,Commitments,Lao People's Democratic Republic,IDA,EAST ASIA AND PACIFIC,2025-Q3,0.0,56.0,0.0,0.0,56.0,2025,3,quarterly,56.0,0.0
355,ida_cc281f31546f2142025b,Commitments,Marshall Islands,IDA,EAST ASIA AND PACIFIC,2025-Q3,21.0,69.0,0.0,0.0,90.0,2025,3,quarterly,90.0,0.0
356,ida_feb594ad037e6f6ceec1,Commitments,Mekong,IDA,EAST ASIA AND PACIFIC,2025-Q3,0.0,0.0,0.0,0.0,0.0,2025,3,quarterly,0.0,0.0
357,ida_dffd2e0fcbda0e370202,Commitments,"Micronesia, Federated States of",IDA,EAST ASIA AND PACIFIC,2025-Q3,0.0,111.0,0.0,0.0,111.0,2025,3,quarterly,111.0,0.0
358,ida_5a45b77038e6ff53d31a,Commitments,Pacific Islands,IDA,EAST ASIA AND PACIFIC,2025-Q3,0.0,5.0,0.0,0.0,5.0,2025,3,quarterly,5.0,0.0
359,ida_7c197adc66e8c0b35608,Commitments,Samoa,IDA,EAST ASIA AND PACIFIC,2025-Q3,0.0,49.0,0.0,0.0,49.0,2025,3,quarterly,49.0,0.0
360,ida_225091a7c0bef344cba1,Commitments,Solomon Islands,IDA,EAST ASIA AND PACIFIC,2025-Q3,0.0,71.0,0.0,0.0,71.0,2025,3,quarterly,71.0,0.0
361,ida_54d1ab0110ab2ebf642b,Commitments,South East Asia,IDA,EAST ASIA AND PACIFIC,2025-Q3,0.0,0.0,0.0,0.0,0.0,2025,3,quarterly,0.0,0.0
362,ida_fae456ecf82476be75f6,Commitments,Tonga,IDA,EAST ASIA AND PACIFIC,2025-Q3,1.0,54.0,0.0,0.0,55.0,2025,3,quarterly,55.0,0.0
363,ida_7cad05d2f451061effa4,Commitments,Tuvalu,IDA,EAST ASIA AND PACIFIC,2025-Q3,7.0,9.0,0.0,0.0,16.0,2025,3,quarterly,16.0,0.0
364,ida_cf4e9c6ab42d5d6accf2,Commitments,Vanuatu,IDA,EAST ASIA AND PACIFIC,2025-Q3,30.0,9.0,0.0,0.0,39.0,2025,3,quarterly,39.0,0.0
365,ida_5903bb64b8b088b7f4b5,Commitments,Eritrea,IDA,EASTERN AND SOUTHERN AFRICA,2025-Q3,0.0,0.0,0.0,0.0,0.0,2025,3,quarterly,0.0,0.0
366,ida_76a4bcd1f10f21c88f94,Commitments,South Sudan,IDA,EASTERN AND SOUTHERN AFRICA,2025-Q3,0.0,129.0,0.0,0.0,129.0,2025,3,quarterly,129.0,0.0
367,ida_3e8d8546f413d7963a42,Commitments,Central Asia,IDA,EUROPE AND CENTRAL ASIA,2025-Q3,0.0,0.0,0.0,0.0,0.0,2025,3,quarterly,0.0,0.0
368,ida_281e27815bb731750a56,Commitments,Kyrgyz Republic,IDA,EUROPE AND CENTRAL ASIA,2025-Q3,0.0,45.0,0.0,0.0,45.0,2025,3,quarterly,45.0,0.0
369,ida_056502d03f1ac09e6273,Commitments,Haiti,IDA,LATIN AMERICA AND CARIBBEAN,FY23,0.0,130.0,0.0,0.0,130.0,2023,4,annual,130.0,0.0
370,ida_869b2ab2766a7ce5117c,Commitments,Honduras,IDA,LATIN AMERICA AND CARIBBEAN,FY23,0.0,0.0,0.0,0.0,0.0,2023,4,annual,0.0,0.0
371,ida_77e837c8c40b760ef77d,Commitments,Nicaragua,IDA,LATIN AMERICA AND CARIBBEAN,FY23,0.0,0.0,0.0,0.0,0.0,2023,4,annual,0.0,0.0
372,ida_343ef238d8fc16214d23,Commitments,OECS Countries,IDA,LATIN AMERICA AND CARIBBEAN,FY23,0.0,0.0,0.0,0.0,0.0,2023,4,annual,0.0,0.0
373,ida_20d43810dc49ca952f45,Commitments,Paraguay,IDA,LATIN AMERICA AND CARIBBEAN,FY23,0.0,0.0,0.0,0.0,0.0,2023,4,annual,0.0,0.0
374,ida_90f16192a7f0824a72f4,Commitments,St. Kitts and Nevis,IDA,LATIN AMERICA AND CARIBBEAN,FY23,0.0,0.0,0.0,0.0,0.0,2023,4,annual,0.0,0.0
375,ida_88036fb083be4c115532,Commitments,St. Lucia,IDA,LATIN AMERICA AND CARIBBEAN,FY23,0.0,0.0,0.0,0.0,0.0,2023,4,annual,0.0,0.0
376,ida_16e7f429f8523c18403a,Commitments,St. Vincent and the Grenadines,IDA,LATIN AMERICA AND CARIBBEAN,FY23,0.0,51.0,0.0,0.0,51.0,2023,4,annual,51.0,0.0
377,ida_741cf35d931fb182d7d4,Commitments,Djibouti,IDA,MIDDLE EAST AND NORTH AFRICA,FY23,0.0,35.0,0.0,0.0,35.0,2023,4,annual,35.0,0.0
378,ida_24fb8cdb83a4c9771fbd,Commitments,"Egypt, Arab Republic of",IDA,MIDDLE EAST AND NORTH AFRICA,FY23,0.0,0.0,0.0,0.0,0.0,2023,4,annual,0.0,0.0
379,ida_a6af44f4e97050f5d08c,Commitments,Iraq,IDA,MIDDLE EAST AND NORTH AFRICA,FY23,0.0,0.0,0.0,0.0,0.0,2023,4,annual,0.0,0.0
380,ida_7341f8cfa40559b970d8,Commitments,Jordan,IDA,MIDDLE EAST AND NORTH AFRICA,FY23,0.0,0.0,0.0,0.0,0.0,2023,4,annual,0.0,0.0
381,ida_5a2c36888ebbffe7996f,Commitments,Lebanon,IDA,MIDDLE EAST AND NORTH AFRICA,FY23,0.0,0.0,0.0,0.0,0.0,2023,4,annual,0.0,0.0
382,ida_669db8d4d541eb090a0a,Commitments,Middle East and North Africa,IDA,MIDDLE EAST AND NORTH AFRICA,FY23,0.0,0.0,0.0,0.0,0.0,2023,4,annual,0.0,0.0
383,ida_d2f598beb483218a1faf,Commitments,Morocco,IDA,MIDDLE EAST AND NORTH AFRICA,FY23,0.0,0.0,0.0,0.0,0.0,2023,4,annual,0.0,0.0
384,ida_ff88d3f251e7f8f8ea32,Commitments,Syrian Arab Republic,IDA,MIDDLE EAST AND NORTH AFRICA,FY23,0.0,0.0,0.0,0.0,0.0,2023,4,annual,0.0,0.0
385,ida_1943bd83211c877e3683,Commitments,Tunisia,IDA,MIDDLE EAST AND NORTH AFRICA,FY23,0.0,0.0,0.0,0.0,0.0,2023,4,annual,0.0,0.0
386,ida_7ed49d96707a30898d15,Commitments,"Yemen, Republic of",IDA,MIDDLE EAST AND NORTH AFRICA,FY23,0.0,526.0,0.0,0.0,526.0,2023,4,annual,526.0,0.0
387,ida_791097271283eea81a2f,Commitments,IFC,IDA,OTHER,FY23,0.0,0.0,439.0,0.0,439.0,2023,4,annual,439.0,0.0
388,ida_f82466b42c761de38d21,Commitments,MIGA,IDA,OTHER,FY23,0.0,0.0,335.0,0.0,335.0,2023,4,annual,335.0,0.0
389,ida_29a2d75f71f2c0ade02e,Commitments,World,IDA,OTHER,FY23,0.0,0.0,0.0,0.0,0.0,2023,4,annual,0.0,0.0
390,ida_fb3f24fb1ccfba14b047,Commitments,Afghanistan,IDA,SOUTH ASIA,FY23,0.0,0.0,0.0,0.0,0.0,2023,4,annual,0.0,0.0
391,ida_bffccceb1381210e5af6,Commitments,Bangladesh,IDA,SOUTH ASIA,FY23,500.0,1300.0,0.0,500.0,2300.0,2023,4,annual,2300.0,0.0
392,ida_f55a722bcf25467ba550,Commitments,Bhutan,IDA,SOUTH ASIA,FY23,0.0,0.0,0.0,0.0,0.0,2023,4,annual,0.0,0.0
393,ida_72f83d84dfa9101ff39d,Commitments,India,IDA,SOUTH ASIA,FY23,56.0,0.0,0.0,0.0,56.0,2023,4,annual,56.0,0.0
394,ida_a79b5595107c204296e8,Commitments,Maldives,IDA,SOUTH ASIA,FY23,0.0,77.0,0.0,0.0,77.0,2023,4,annual,77.0,0.0
395,ida_04b2f4987e7198333436,Commitments,Nepal,IDA,SOUTH ASIA,FY23,100.0,0.0,0.0,220.0,320.0,2023,4,annual,320.0,0.0
396,ida_f86d9fb87c0096d933a9,Commitments,Pakistan,IDA,SOUTH ASIA,FY23,0.0,2305.0,0.0,0.0,2305.0,2023,4,annual,2305.0,0.0
397,ida_4683efa77ec6e319216b,Commitments,South Asia,IDA,SOUTH ASIA,FY23,0.0,12.0,0.0,0.0,12.0,2023,4,annual,12.0,0.0
398,ida_4642e8d39637a009fe2f,Commitments,Sri Lanka,IDA,SOUTH ASIA,FY23,500.0,200.0,0.0,0.0,700.0,2023,4,annual,700.0,0.0
399,ida_3f1d4e9e0716d503f333,Commitments,Benin,IDA,WESTERN AND CENTRAL AFRICA,FY23,150.0,66.0,0.0,450.0,666.0,2023,4,annual,666.0,0.0
400,ida_22f4fd2f5e8d231a3927,Commitments,Burkina Faso,IDA,WESTERN AND CENTRAL AFRICA,FY23,0.0,310.0,0.0,150.0,460.0,2023,4,annual,460.0,0.0
401,ida_7c50a1f53519c7e9394b,Commitments,Cabo Verde,IDA,WESTERN AND CENTRAL AFRICA,FY23,53.0,10.0,0.0,0.0,63.0,2023,4,annual,63.0,0.0
402,ida_c42aff8a18c16c938d1c,Commitments,Cameroon,IDA,WESTERN AND CENTRAL AFRICA,FY23,100.0,630.0,0.0,0.0,730.0,2023,4,annual,730.0,0.0
403,ida_ac272dda5e9b5cca5043,Commitments,Central Africa,IDA,WESTERN AND CENTRAL AFRICA,FY23,0.0,0.0,0.0,0.0,0.0,2023,4,annual,0.0,0.0
404,ida_1e052d335fa18befada2,Commitments,Central African Republic,IDA,WESTERN AND CENTRAL AFRICA,FY23,0.0,293.0,0.0,0.0,293.0,2023,4,annual,293.0,0.0
405,ida_6537dc619022490b366f,Commitments,Chad,IDA,WESTERN AND CENTRAL AFRICA,FY23,0.0,605.0,0.0,0.0,605.0,2023,4,annual,605.0,0.0
406,ida_90897d9dbc7d113e44b8,Commitments,"Congo, Republic of",IDA,WESTERN AND CENTRAL AFRICA,FY23,50.0,90.0,0.0,25.0,165.0,2023,4,annual,165.0,0.0
407,ida_f21317f20029b4cc96d0,Commitments,Cote d'Ivoire,IDA,WESTERN AND CENTRAL AFRICA,FY23,400.0,800.0,0.0,650.0,1850.0,2023,4,annual,1850.0,0.0
408,ida_6a1375fd2871a75beb1f,Commitments,Equatorial Guinea,IDA,WESTERN AND CENTRAL AFRICA,FY23,0.0,0.0,0.0,0.0,0.0,2023,4,annual,0.0,0.0
409,ida_71e013e10b5ce5a73c4f,Commitments,"Gambia, The",IDA,WESTERN AND CENTRAL AFRICA,FY23,20.0,75.0,0.0,0.0,95.0,2023,4,annual,95.0,0.0
410,ida_81c90408fc16e08a7572,Commitments,Ghana,IDA,WESTERN AND CENTRAL AFRICA,FY23,0.0,800.0,0.0,0.0,800.0,2023,4,annual,800.0,0.0
411,ida_2edadf9a20d34e49e843,Commitments,Guinea,IDA,WESTERN AND CENTRAL AFRICA,FY23,0.0,206.0,0.0,0.0,206.0,2023,4,annual,206.0,0.0
412,ida_47f6debfb1a7679b20bd,Commitments,Guinea-Bissau,IDA,WESTERN AND CENTRAL AFRICA,FY23,0.0,65.0,0.0,0.0,65.0,2023,4,annual,65.0,0.0
413,ida_2f154ff0f335885eb0d0,Commitments,Liberia,IDA,WESTERN AND CENTRAL AFRICA,FY23,120.0,166.0,0.0,0.0,286.0,2023,4,annual,286.0,0.0
414,ida_7b30cf3926fcd356538b,Commitments,Mali,IDA,WESTERN AND CENTRAL AFRICA,FY23,0.0,647.0,0.0,0.0,647.0,2023,4,annual,647.0,0.0
415,ida_9238021e19c13f2644e7,Commitments,Mauritania,IDA,WESTERN AND CENTRAL AFRICA,FY23,30.0,95.0,0.0,0.0,125.0,2023,4,annual,125.0,0.0
416,ida_91a79b525aad1e39ded4,Commitments,Niger,IDA,WESTERN AND CENTRAL AFRICA,FY23,350.0,470.0,0.0,0.0,820.0,2023,4,annual,820.0,0.0
417,ida_54c61920c5d26fac03d8,Commitments,Nigeria,IDA,WESTERN AND CENTRAL AFRICA,FY23,0.0,500.0,0.0,1051.0,1551.0,2023,4,annual,1551.0,0.0
418,ida_4353da0198f6b4ac4fc1,Commitments,Senegal,IDA,WESTERN AND CENTRAL AFRICA,FY23,300.0,919.0,0.0,0.0,1219.0,2023,4,annual,1219.0,0.0
419,ida_c62b5bc8626ef14b0b20,Commitments,Sierra Leone,IDA,WESTERN AND CENTRAL AFRICA,FY23,100.0,288.0,0.0,0.0,388.0,2023,4,annual,388.0,0.0
420,ida_f81a34d5e297b7c69f15,Commitments,Togo,IDA,WESTERN AND CENTRAL AFRICA,FY23,0.0,160.0,0.0,100.0,260.0,2023,4,annual,260.0,0.0
421,ida_2ff1a2718a417f7d877c,Commitments,Western and Central Africa,IDA,WESTERN AND CENTRAL AFRICA,FY23,0.0,96.0,0.0,0.0,96.0,2023,4,annual,96.0,0.0
422,ida_c4e0d5a491752ec88989,Gross Disbursements,Cambodia,IDA,EAST ASIA AND PACIFIC,FY22,183.0,83.0,0.0,0.0,266.0,2022,4,annual,266.0,0.0
423,ida_02712903ef4b286f35ee,Gross Disbursements,China,IDA,EAST ASIA AND PACIFIC,FY22,0.0,0.0,0.0,0.0,0.0,2022,4,annual,0.0,0.0
424,ida_54436ed26bc2fec1a231,Gross Disbursements,Fiji,IDA,EAST ASIA AND PACIFIC,FY22,0.0,72.0,0.0,0.0,72.0,2022,4,annual,72.0,0.0
425,ida_f8290283c5d18a6083de,Gross Disbursements,Indonesia,IDA,EAST ASIA AND PACIFIC,FY22,0.0,0.0,0.0,0.0,0.0,2022,4,annual,0.0,0.0
426,ida_1642177454029fe776e5,Gross Disbursements,Kiribati,IDA,EAST ASIA AND PACIFIC,FY22,5.0,1.0,0.0,0.0,6.0,2022,4,annual,6.0,0.0
427,ida_09a4460a417f148640d5,Gross Disbursements,Lao People's Democratic Republic,IDA,EAST ASIA AND PACIFIC,FY22,0.0,84.0,0.0,0.0,84.0,2022,4,annual,84.0,0.0
428,ida_d7e35a707bfdf6fafa0f,Gross Disbursements,Marshall Islands,IDA,EAST ASIA AND PACIFIC,FY22,0.0,8.0,0.0,0.0,8.0,2022,4,annual,8.0,0.0
429,ida_4679ae845d5982b9e70c,Gross Disbursements,"Micronesia, Federated States of",IDA,EAST ASIA AND PACIFIC,FY22,0.0,10.0,0.0,0.0,10.0,2022,4,annual,10.0,0.0
430,ida_0c477693731c8802faca,Gross Disbursements,Mongolia,IDA,EAST ASIA AND PACIFIC,FY22,0.0,74.0,0.0,0.0,74.0,2022,4,annual,74.0,0.0
431,ida_367e79131c1104d2f40e,Gross Disbursements,Myanmar,IDA,EAST ASIA AND PACIFIC,FY22,0.0,43.0,0.0,0.0,43.0,2022,4,annual,43.0,0.0
432,ida_f769f7534a2ee3fa8e49,Gross Disbursements,Pacific Islands,IDA,EAST ASIA AND PACIFIC,FY22,0.0,2.0,0.0,0.0,2.0,2022,4,annual,2.0,0.0
433,ida_cab501b8ffff9419e6c4,Gross Disbursements,Papua New Guinea,IDA,EAST ASIA AND PACIFIC,FY22,98.0,22.0,0.0,0.0,120.0,2022,4,annual,120.0,0.0
434,ida_a023e46b1aea81b9a3b5,Gross Disbursements,Philippines,IDA,EAST ASIA AND PACIFIC,FY22,0.0,0.0,0.0,0.0,0.0,2022,4,annual,0.0,0.0
435,ida_67fe0303ef5862c71f93,Gross Disbursements,Samoa,IDA,EAST ASIA AND PACIFIC,FY22,24.0,6.0,0.0,0.0,30.0,2022,4,annual,30.0,0.0
436,ida_298741da422c0ff3800d,Gross Disbursements,Solomon Islands,IDA,EAST ASIA AND PACIFIC,FY22,15.0,13.0,0.0,0.0,28.0,2022,4,annual,28.0,0.0
437,ida_dbd6d5d256a7f6f7669c,Gross Disbursements,Timor-Leste,IDA,EAST ASIA AND PACIFIC,FY22,0.0,5.0,0.0,0.0,5.0,2022,4,annual,5.0,0.0
438,ida_6e3424d30a5524fe181f,Gross Disbursements,Tonga,IDA,EAST ASIA AND PACIFIC,FY22,19.0,13.0,0.0,0.0,32.0,2022,4,annual,32.0,0.0
439,ida_149476c4bb7ed319e4e3,Gross Disbursements,Tuvalu,IDA,EAST ASIA AND PACIFIC,FY22,8.0,4.0,0.0,0.0,12.0,2022,4,annual,12.0,0.0
440,ida_6d8c03d28b4d6db42bd8,Gross Disbursements,Vanuatu,IDA,EAST ASIA AND PACIFIC,FY22,0.0,20.0,0.0,0.0,20.0,2022,4,annual,20.0,0.0
441,ida_376d2dda1c3c43b5bdb3,Gross Disbursements,Vietnam,IDA,EAST ASIA AND PACIFIC,FY22,86.0,517.0,0.0,87.0,690.0,2022,4,annual,690.0,0.0
442,ida_4f314811afedc3d98725,Gross Disbursements,Angola,IDA,EASTERN AND SOUTHERN AFRICA,FY22,0.0,5.0,0.0,0.0,5.0,2022,4,annual,5.0,0.0
443,ida_571c4cdea8a2c7e00a8c,Gross Disbursements,Botswana,IDA,EASTERN AND SOUTHERN AFRICA,FY22,0.0,0.0,0.0,0.0,0.0,2022,4,annual,0.0,0.0
444,ida_05b0e2d1ecdfad7f520d,Gross Disbursements,Burundi,IDA,EASTERN AND SOUTHERN AFRICA,FY22,0.0,120.0,0.0,0.0,120.0,2022,4,annual,120.0,0.0
445,ida_cdd9aa0ad3bb393c7978,Gross Disbursements,Comoros,IDA,EASTERN AND SOUTHERN AFRICA,FY22,0.0,29.0,0.0,0.0,29.0,2022,4,annual,29.0,0.0
446,ida_7e334ad20698e7800048,Gross Disbursements,"Congo, Democratic Republic of",IDA,EASTERN AND SOUTHERN AFRICA,FY22,0.0,788.0,0.0,0.0,788.0,2022,4,annual,788.0,0.0
447,ida_d378c286591650ef1d08,Gross Disbursements,Eastern and Southern Africa,IDA,EASTERN AND SOUTHERN AFRICA,FY22,0.0,28.0,0.0,0.0,28.0,2022,4,annual,28.0,0.0
448,ida_915e4e6f3da29f15b850,Gross Disbursements,Eritrea,IDA,EASTERN AND SOUTHERN AFRICA,FY22,0.0,0.0,0.0,0.0,0.0,2022,4,annual,0.0,0.0
449,ida_0ba2b72dbdfcaa8eae34,Gross Disbursements,Eswatini,IDA,EASTERN AND SOUTHERN AFRICA,FY22,0.0,0.0,0.0,0.0,0.0,2022,4,annual,0.0,0.0
450,ida_1e3916d66a5c826dd1fe,Gross Disbursements,Ethiopia,IDA,EASTERN AND SOUTHERN AFRICA,FY22,0.0,854.0,0.0,379.0,1233.0,2022,4,annual,1233.0,0.0
451,ida_8d7705f82a6e5a1fe846,Gross Disbursements,Kenya,IDA,EASTERN AND SOUTHERN AFRICA,FY22,520.0,515.0,0.0,20.0,1055.0,2022,4,annual,1055.0,0.0
452,ida_5a341a87da939f728b8a,Gross Disbursements,Lesotho,IDA,EASTERN AND SOUTHERN AFRICA,FY22,0.0,44.0,0.0,0.0,44.0,2022,4,annual,44.0,0.0
453,ida_746db0f494afe8a0ffc8,Gross Disbursements,Madagascar,IDA,EASTERN AND SOUTHERN AFRICA,FY22,0.0,351.0,0.0,0.0,351.0,2022,4,annual,351.0,0.0
454,ida_c7eb57dccdcdeadcd003,Gross Disbursements,Malawi,IDA,EASTERN AND SOUTHERN AFRICA,FY22,0.0,338.0,0.0,0.0,338.0,2022,4,annual,338.0,0.0
455,ida_b206192d5562ff6464b0,Gross Disbursements,Mauritius,IDA,EASTERN AND SOUTHERN AFRICA,FY22,0.0,0.0,0.0,0.0,0.0,2022,4,annual,0.0,0.0
456,ida_5c00518234f868a254a2,Gross Disbursements,Mozambique,IDA,EASTERN AND SOUTHERN AFRICA,FY22,0.0,561.0,0.0,17.0,578.0,2022,4,annual,578.0,0.0
457,ida_758846d9329a28746672,Gross Disbursements,Rwanda,IDA,EASTERN AND SOUTHERN AFRICA,FY22,168.0,180.0,0.0,52.0,400.0,2022,4,annual,400.0,0.0
458,ida_435f292d0c08489a40ef,Gross Disbursements,Sao Tome and Principe,IDA,EASTERN AND SOUTHERN AFRICA,FY22,12.0,23.0,0.0,0.0,35.0,2022,4,annual,35.0,0.0
459,ida_bbc37976031597ab33d9,Gross Disbursements,Somalia,IDA,EASTERN AND SOUTHERN AFRICA,FY22,0.0,135.0,0.0,0.0,135.0,2022,4,annual,135.0,0.0
460,ida_9ca9e8c3fb95af49813a,Gross Disbursements,South Sudan,IDA,EASTERN AND SOUTHERN AFRICA,FY22,0.0,198.0,0.0,0.0,198.0,2022,4,annual,198.0,0.0
461,ida_94aa3bc83dcbfe87a060,Gross Disbursements,Sudan,IDA,EASTERN AND SOUTHERN AFRICA,FY22,0.0,10.0,0.0,0.0,10.0,2022,4,annual,10.0,0.0
462,ida_82e18190746af2bcd7fd,Gross Disbursements,Tanzania,IDA,EASTERN AND SOUTHERN AFRICA,FY22,0.0,648.0,0.0,189.0,837.0,2022,4,annual,837.0,0.0
463,ida_ec5838642824cc34437c,Gross Disbursements,Uganda,IDA,EASTERN AND SOUTHERN AFRICA,FY22,0.0,329.0,0.0,220.0,549.0,2022,4,annual,549.0,0.0
464,ida_dac4e7d158576c257299,Gross Disbursements,Zambia,IDA,EASTERN AND SOUTHERN AFRICA,FY22,0.0,381.0,0.0,0.0,381.0,2022,4,annual,381.0,0.0
465,ida_702590e0e310013bf438,Gross Disbursements,Zimbabwe,IDA,EASTERN AND SOUTHERN AFRICA,FY22,0.0,19.0,0.0,0.0,19.0,2022,4,annual,19.0,0.0
466,ida_7b8a8665ddbf8690c051,Gross Disbursements,Albania,IDA,EUROPE AND CENTRAL ASIA,FY22,0.0,0.0,0.0,0.0,0.0,2022,4,annual,0.0,0.0
467,ida_bdcd818b24284c383157,Gross Disbursements,Armenia,IDA,EUROPE AND CENTRAL ASIA,FY22,0.0,4.0,0.0,0.0,4.0,2022,4,annual,4.0,0.0
468,ida_63dc75406fd5f02e58ff,Gross Disbursements,Azerbaijan,IDA,EUROPE AND CENTRAL ASIA,FY22,0.0,0.0,0.0,0.0,0.0,2022,4,annual,0.0,0.0
469,ida_8328ed9174384bc9551f,Gross Disbursements,Bosnia and Herzegovina,IDA,EUROPE AND CENTRAL ASIA,FY22,0.0,0.0,0.0,0.0,0.0,2022,4,annual,0.0,0.0
470,ida_7a38ac355f8370563f97,Gross Disbursements,Central Asia,IDA,EUROPE AND CENTRAL ASIA,FY22,0.0,3.0,0.0,0.0,3.0,2022,4,annual,3.0,0.0
471,ida_1b8a7b1fb3a1386002a6,Gross Disbursements,Georgia,IDA,EUROPE AND CENTRAL ASIA,FY22,0.0,5.0,0.0,0.0,5.0,2022,4,annual,5.0,0.0
472,ida_af24809cb4f80d70535f,Gross Disbursements,Kosovo,IDA,EUROPE AND CENTRAL ASIA,FY22,0.0,31.0,0.0,0.0,31.0,2022,4,annual,31.0,0.0
473,ida_53639513dc29fdd3b212,Gross Disbursements,Kyrgyz Republic,IDA,EUROPE AND CENTRAL ASIA,FY22,0.0,79.0,0.0,0.0,79.0,2022,4,annual,79.0,0.0
474,ida_a983da8c7c16d03072b2,Gross Disbursements,Moldova,IDA,EUROPE AND CENTRAL ASIA,FY22,0.0,35.0,0.0,9.0,44.0,2022,4,annual,44.0,0.0
475,ida_0b46e1db109effa56183,Gross Disbursements,Montenegro,IDA,EUROPE AND CENTRAL ASIA,FY22,0.0,0.0,0.0,0.0,0.0,2022,4,annual,0.0,0.0
476,ida_df04a95718ab76157fdf,Gross Disbursements,North Macedonia,IDA,EUROPE AND CENTRAL ASIA,FY22,0.0,0.0,0.0,0.0,0.0,2022,4,annual,0.0,0.0
477,ida_892bdba95db0dd563951,Gross Disbursements,Serbia,IDA,EUROPE AND CENTRAL ASIA,FY22,0.0,0.0,0.0,0.0,0.0,2022,4,annual,0.0,0.0
478,ida_3e9bb04060ef8e38f286,Gross Disbursements,Tajikistan,IDA,EUROPE AND CENTRAL ASIA,FY22,0.0,109.0,0.0,16.0,125.0,2022,4,annual,125.0,0.0
479,ida_6b517573aa37a092dba5,Gross Disbursements,Turkiye,IDA,EUROPE AND CENTRAL ASIA,FY22,0.0,0.0,0.0,0.0,0.0,2022,4,annual,0.0,0.0
480,ida_2d14a9a68aa2bb7c03cf,Gross Disbursements,Ukraine,IDA,EUROPE AND CENTRAL ASIA,FY22,0.0,26.0,0.0,0.0,26.0,2022,4,annual,26.0,0.0
481,ida_6fe67c7ed5af5396a118,Gross Disbursements,Uzbekistan,IDA,EUROPE AND CENTRAL ASIA,FY22,250.0,197.0,0.0,0.0,447.0,2022,4,annual,447.0,0.0
482,ida_fec664b07b35a143dbee,Gross Disbursements,Bolivia,IDA,LATIN AMERICA AND CARIBBEAN,FY22,0.0,26.0,0.0,0.0,26.0,2022,4,annual,26.0,0.0
483,ida_7c812166b6eb26ecc603,Gross Disbursements,Caribbean,IDA,LATIN AMERICA AND CARIBBEAN,FY22,0.0,2.0,0.0,0.0,2.0,2022,4,annual,2.0,0.0
484,ida_d5ef4b808c17d592d18a,Gross Disbursements,Dominica,IDA,LATIN AMERICA AND CARIBBEAN,FY22,30.0,32.0,0.0,0.0,62.0,2022,4,annual,62.0,0.0
485,ida_5df6ec6e1f5337e4b136,Gross Disbursements,Dominican Republic,IDA,LATIN AMERICA AND CARIBBEAN,FY22,0.0,0.0,0.0,0.0,0.0,2022,4,annual,0.0,0.0
486,ida_ddab7fac5a4670a35c09,Gross Disbursements,Ecuador,IDA,LATIN AMERICA AND CARIBBEAN,FY22,0.0,0.0,0.0,0.0,0.0,2022,4,annual,0.0,0.0
487,ida_8c627ac773dbc62f62df,Gross Disbursements,El Salvador,IDA,LATIN AMERICA AND CARIBBEAN,FY22,0.0,0.0,0.0,0.0,0.0,2022,4,annual,0.0,0.0
488,ida_7e100725c90ada374044,Gross Disbursements,Grenada,IDA,LATIN AMERICA AND CARIBBEAN,FY22,25.0,1.0,0.0,0.0,26.0,2022,4,annual,26.0,0.0
489,ida_aa1f1c7e58d6edbe1c14,Gross Disbursements,Guyana,IDA,LATIN AMERICA AND CARIBBEAN,FY22,0.0,11.0,0.0,0.0,11.0,2022,4,annual,11.0,0.0
490,ida_6751098492edc38283b5,Gross Disbursements,Haiti,IDA,LATIN AMERICA AND CARIBBEAN,FY22,0.0,143.0,0.0,0.0,143.0,2022,4,annual,143.0,0.0
491,ida_5e70e042a6494b983636,Gross Disbursements,Honduras,IDA,LATIN AMERICA AND CARIBBEAN,FY22,0.0,57.0,0.0,0.0,57.0,2022,4,annual,57.0,0.0
492,ida_a1ea3a49a2ec67b6e911,Gross Disbursements,Nicaragua,IDA,LATIN AMERICA AND CARIBBEAN,FY22,0.0,105.0,0.0,0.0,105.0,2022,4,annual,105.0,0.0
493,ida_68873406416960146287,Gross Disbursements,Paraguay,IDA,LATIN AMERICA AND CARIBBEAN,FY22,0.0,0.0,0.0,0.0,0.0,2022,4,annual,0.0,0.0
494,ida_5e99a8221f350cc7c52a,Gross Disbursements,St. Kitts and Nevis,IDA,LATIN AMERICA AND CARIBBEAN,FY22,0.0,0.0,0.0,0.0,0.0,2022,4,annual,0.0,0.0
495,ida_37723fc7e28a0147d442,Gross Disbursements,St. Lucia,IDA,LATIN AMERICA AND CARIBBEAN,FY22,0.0,16.0,0.0,0.0,16.0,2022,4,annual,16.0,0.0
496,ida_ddf5092bf93bec1bb3b5,Gross Disbursements,St. Vincent and the Grenadines,IDA,LATIN AMERICA AND CARIBBEAN,FY22,50.0,12.0,0.0,0.0,62.0,2022,4,annual,62.0,0.0
497,ida_67d60a4a4707fd21c44f,Gross Disbursements,Djibouti,IDA,MIDDLE EAST AND NORTH AFRICA,FY22,0.0,34.0,0.0,0.0,34.0,2022,4,annual,34.0,0.0
498,ida_19d0fae1d6895013b6e7,Gross Disbursements,"Egypt, Arab Republic of",IDA,MIDDLE EAST AND NORTH AFRICA,FY22,0.0,0.0,0.0,0.0,0.0,2022,4,annual,0.0,0.0
499,ida_c6d7b82f4559c7e860b0,Gross Disbursements,Iraq,IDA,MIDDLE EAST AND NORTH AFRICA,FY22,0.0,0.0,0.0,0.0,0.0,2022,4,annual,0.0,0.0
500,ida_eeaa6d129f49d077f7ed,Gross Disbursements,Jordan,IDA,MIDDLE EAST AND NORTH AFRICA,FY22,0.0,0.0,0.0,33.0,33.0,2022,4,annual,33.0,0.0
501,ida_a9ca6b30241db19e1f41,Gross Disbursements,Lebanon,IDA,MIDDLE EAST AND NORTH AFRICA,FY22,0.0,0.0,0.0,0.0,0.0,2022,4,annual,0.0,0.0
502,ida_032faae74f67d9d441dd,Gross Disbursements,Morocco,IDA,MIDDLE EAST AND NORTH AFRICA,FY22,0.0,0.0,0.0,0.0,0.0,2022,4,annual,0.0,0.0
503,ida_7685133059c181306498,Gross Disbursements,Syrian Arab Republic,IDA,MIDDLE EAST AND NORTH AFRICA,FY22,0.0,0.0,0.0,0.0,0.0,2022,4,annual,0.0,0.0
504,ida_23f84ee0e77d45ae77d3,Gross Disbursements,Tunisia,IDA,MIDDLE EAST AND NORTH AFRICA,FY22,0.0,0.0,0.0,0.0,0.0,2022,4,annual,0.0,0.0
505,ida_1aa2e6502db9a535d79c,Gross Disbursements,"Yemen, Republic of",IDA,MIDDLE EAST AND NORTH AFRICA,FY22,0.0,492.0,0.0,0.0,492.0,2022,4,annual,492.0,0.0
506,ida_af2a466b6df0d49771df,Gross Disbursements,IFC,IDA,OTHER,FY22,0.0,0.0,41.0,0.0,41.0,2022,4,annual,41.0,0.0
507,ida_728f06e05136cf4dada3,Gross Disbursements,Afghanistan,IDA,SOUTH ASIA,FY22,131.0,31.0,0.0,0.0,162.0,2022,4,annual,162.0,0.0
508,ida_b60b29706af987b77431,Gross Disbursements,Bangladesh,IDA,SOUTH ASIA,FY22,243.0,1283.0,0.0,173.0,1699.0,2022,4,annual,1699.0,0.0
509,ida_d9dc20c254ca64159e9d,Gross Disbursements,Bhutan,IDA,SOUTH ASIA,FY22,52.0,7.0,0.0,2.0,61.0,2022,4,annual,61.0,0.0
510,ida_3c508cfdcc92c473af2e,Gross Disbursements,India,IDA,SOUTH ASIA,FY22,112.0,376.0,0.0,13.0,501.0,2022,4,annual,501.0,0.0
511,ida_6e595bc3c92d26d408be,Gross Disbursements,Maldives,IDA,SOUTH ASIA,FY22,0.0,17.0,0.0,0.0,17.0,2022,4,annual,17.0,0.0
512,ida_df98db060c688bd15963,Gross Disbursements,Nepal,IDA,SOUTH ASIA,FY22,145.0,247.0,0.0,65.0,457.0,2022,4,annual,457.0,0.0
513,ida_a2215da15de8cf59df21,Gross Disbursements,Pakistan,IDA,SOUTH ASIA,FY22,197.0,736.0,0.0,175.0,1108.0,2022,4,annual,1108.0,0.0
514,ida_71b2f77520f9f4947183,Gross Disbursements,South Asia,IDA,SOUTH ASIA,FY22,0.0,2.0,0.0,0.0,2.0,2022,4,annual,2.0,0.0
515,ida_32667eb638ce3e06635a,Gross Disbursements,Sri Lanka,IDA,SOUTH ASIA,FY22,0.0,182.0,0.0,13.0,195.0,2022,4,annual,195.0,0.0
516,ida_23e73f578c99b1de7c34,Gross Disbursements,Benin,IDA,WESTERN AND CENTRAL AFRICA,FY22,98.0,196.0,0.0,3.0,297.0,2022,4,annual,297.0,0.0
517,ida_ee8959c8b059cd77750b,Gross Disbursements,Burkina Faso,IDA,WESTERN AND CENTRAL AFRICA,FY22,0.0,332.0,0.0,56.0,388.0,2022,4,annual,388.0,0.0
518,ida_f1d23953c2b96de8d46a,Gross Disbursements,Cabo Verde,IDA,WESTERN AND CENTRAL AFRICA,FY22,30.0,16.0,0.0,0.0,46.0,2022,4,annual,46.0,0.0
519,ida_fca19bd87d081f093f83,Gross Disbursements,Cameroon,IDA,WESTERN AND CENTRAL AFRICA,FY22,98.0,140.0,0.0,0.0,238.0,2022,4,annual,238.0,0.0
520,ida_eba8bf314c471ac2004a,Gross Disbursements,Central Africa,IDA,WESTERN AND CENTRAL AFRICA,FY22,0.0,6.0,0.0,0.0,6.0,2022,4,annual,6.0,0.0
521,ida_a97eeded0dc6a373f694,Gross Disbursements,Central African Republic,IDA,WESTERN AND CENTRAL AFRICA,FY22,0.0,112.0,0.0,0.0,112.0,2022,4,annual,112.0,0.0
522,ida_1ec7ffd3d670fa37ed4f,Gross Disbursements,Chad,IDA,WESTERN AND CENTRAL AFRICA,FY22,0.0,102.0,0.0,0.0,102.0,2022,4,annual,102.0,0.0
523,ida_dc8dd54cbed0e85d0f61,Gross Disbursements,"Congo, Republic of",IDA,WESTERN AND CENTRAL AFRICA,FY22,0.0,54.0,0.0,0.0,54.0,2022,4,annual,54.0,0.0
524,ida_b436ec1bbbccc3186c2a,Gross Disbursements,Cote d'Ivoire,IDA,WESTERN AND CENTRAL AFRICA,FY22,0.0,389.0,0.0,17.0,406.0,2022,4,annual,406.0,0.0
525,ida_3f7651284a303661148b,Gross Disbursements,Equatorial Guinea,IDA,WESTERN AND CENTRAL AFRICA,FY22,0.0,0.0,0.0,0.0,0.0,2022,4,annual,0.0,0.0
526,ida_bd73ff33c7cddd3b3b3e,Gross Disbursements,"Gambia, The",IDA,WESTERN AND CENTRAL AFRICA,FY22,19.0,61.0,0.0,0.0,80.0,2022,4,annual,80.0,0.0
527,ida_0f0911db4c87585d22d0,Gross Disbursements,Ghana,IDA,WESTERN AND CENTRAL AFRICA,FY22,0.0,445.0,0.0,0.0,445.0,2022,4,annual,445.0,0.0
528,ida_87db1b7540500434a488,Gross Disbursements,Guinea,IDA,WESTERN AND CENTRAL AFRICA,FY22,0.0,75.0,0.0,0.0,75.0,2022,4,annual,75.0,0.0
529,ida_1b235186b7d92520c8e9,Gross Disbursements,Guinea-Bissau,IDA,WESTERN AND CENTRAL AFRICA,FY22,0.0,41.0,0.0,0.0,41.0,2022,4,annual,41.0,0.0
530,ida_28923439dab870df4563,Gross Disbursements,Liberia,IDA,WESTERN AND CENTRAL AFRICA,FY22,40.0,105.0,0.0,0.0,145.0,2022,4,annual,145.0,0.0
531,ida_d8350674d5b7b1c4b601,Gross Disbursements,Mali,IDA,WESTERN AND CENTRAL AFRICA,FY22,0.0,135.0,0.0,0.0,135.0,2022,4,annual,135.0,0.0
532,ida_204f93cb67fb9a44ccc8,Gross Disbursements,Mauritania,IDA,WESTERN AND CENTRAL AFRICA,FY22,30.0,97.0,0.0,0.0,127.0,2022,4,annual,127.0,0.0
533,ida_12a2e302bafdb6cb82a0,Gross Disbursements,Niger,IDA,WESTERN AND CENTRAL AFRICA,FY22,245.0,300.0,0.0,0.0,545.0,2022,4,annual,545.0,0.0
534,ida_9b58d47c618af6af2f94,Gross Disbursements,Nigeria,IDA,WESTERN AND CENTRAL AFRICA,FY22,0.0,1034.0,0.0,1132.0,2166.0,2022,4,annual,2166.0,0.0
535,ida_d026ac106ce15326d331,Gross Disbursements,Senegal,IDA,WESTERN AND CENTRAL AFRICA,FY22,281.0,351.0,0.0,74.0,706.0,2022,4,annual,706.0,0.0
536,ida_3ed4280307b4abff2105,Gross Disbursements,Sierra Leone,IDA,WESTERN AND CENTRAL AFRICA,FY22,74.0,94.0,0.0,0.0,168.0,2022,4,annual,168.0,0.0
537,ida_e9a79ba68eabeca63776,Gross Disbursements,Togo,IDA,WESTERN AND CENTRAL AFRICA,FY22,94.0,83.0,0.0,0.0,177.0,2022,4,annual,177.0,0.0
538,ida_eac04dfd6a7fae4d4989,Gross Disbursements,Western and Central Africa,IDA,WESTERN AND CENTRAL AFRICA,FY22,0.0,85.0,0.0,0.0,85.0,2022,4,annual,85.0,0.0
539,ida_79b454e630acad911a9d,Commitments,Cambodia,IDA,EAST ASIA AND PACIFIC,FY22,0.0,284.0,0.0,0.0,284.0,2022,4,annual,284.0,0.0
540,ida_68a8813c2c157caaa41d,Commitments,China,IDA,EAST ASIA AND PACIFIC,FY22,0.0,0.0,0.0,0.0,0.0,2022,4,annual,0.0,0.0
541,ida_27293b3ca2bd28401138,Commitments,Fiji,IDA,EAST ASIA AND PACIFIC,FY22,50.0,49.0,0.0,0.0,99.0,2022,4,annual,99.0,0.0
542,ida_acf73ed2950b0d1d1ae5,Commitments,Indonesia,IDA,EAST ASIA AND PACIFIC,FY22,0.0,0.0,0.0,0.0,0.0,2022,4,annual,0.0,0.0
543,ida_d14ed00ac4a4f9dc9771,Commitments,Kiribati,IDA,EAST ASIA AND PACIFIC,FY22,0.0,65.0,0.0,0.0,65.0,2022,4,annual,65.0,0.0
544,ida_855fb51ab26855f14a69,Commitments,"Korea, Republic of",IDA,EAST ASIA AND PACIFIC,FY22,0.0,0.0,0.0,0.0,0.0,2022,4,annual,0.0,0.0
545,ida_ea198b1303d13f3670f1,Commitments,Lao People's Democratic Republic,IDA,EAST ASIA AND PACIFIC,FY22,0.0,203.0,0.0,0.0,203.0,2022,4,annual,203.0,0.0
546,ida_507e50a2e30e4a6bdce8,Commitments,Marshall Islands,IDA,EAST ASIA AND PACIFIC,FY22,0.0,87.0,0.0,0.0,87.0,2022,4,annual,87.0,0.0
547,ida_1112db3e3502b26d63c3,Commitments,Mekong,IDA,EAST ASIA AND PACIFIC,FY22,0.0,0.0,0.0,0.0,0.0,2022,4,annual,0.0,0.0
548,ida_68f7d11a7e1ad357ab45,Commitments,"Micronesia, Federated States of",IDA,EAST ASIA AND PACIFIC,FY22,0.0,58.0,0.0,0.0,58.0,2022,4,annual,58.0,0.0
549,ida_8cdb4f9da2b04c4e11a1,Commitments,Mongolia,IDA,EAST ASIA AND PACIFIC,FY22,0.0,51.0,0.0,0.0,51.0,2022,4,annual,51.0,0.0
550,ida_129a09a37f7ef14f7f1c,Commitments,Myanmar,IDA,EAST ASIA AND PACIFIC,FY22,0.0,0.0,0.0,0.0,0.0,2022,4,annual,0.0,0.0
551,ida_69e8153c908c6f2a2c14,Commitments,Pacific Islands,IDA,EAST ASIA AND PACIFIC,FY22,0.0,0.0,0.0,0.0,0.0,2022,4,annual,0.0,0.0
552,ida_a84a2c9d3ea76776badf,Commitments,Papua New Guinea,IDA,EAST ASIA AND PACIFIC,FY22,0.0,154.0,0.0,0.0,154.0,2022,4,annual,154.0,0.0
553,ida_e6d9d90c997d9b8fed04,Commitments,Philippines,IDA,EAST ASIA AND PACIFIC,FY22,0.0,0.0,0.0,0.0,0.0,2022,4,annual,0.0,0.0
554,ida_864833d1d84dc46da41a,Commitments,Samoa,IDA,EAST ASIA AND PACIFIC,FY22,14.0,66.0,0.0,0.0,80.0,2022,4,annual,80.0,0.0
555,ida_e7ad7f798903de0248c6,Commitments,Solomon Islands,IDA,EAST ASIA AND PACIFIC,FY22,30.0,147.0,0.0,0.0,177.0,2022,4,annual,177.0,0.0
556,ida_e1d8d5c5eeba096a6bf3,Commitments,South East Asia,IDA,EAST ASIA AND PACIFIC,FY22,0.0,20.0,0.0,0.0,20.0,2022,4,annual,20.0,0.0
557,ida_4c117a435cd602ac3e49,Commitments,"Taiwan, China",IDA,EAST ASIA AND PACIFIC,FY22,0.0,0.0,0.0,0.0,0.0,2022,4,annual,0.0,0.0
558,ida_98bd15b82ccaef17a055,Commitments,Thailand,IDA,EAST ASIA AND PACIFIC,FY22,0.0,0.0,0.0,0.0,0.0,2022,4,annual,0.0,0.0
559,ida_c1cc6a65961db6c87634,Commitments,Timor-Leste,IDA,EAST ASIA AND PACIFIC,FY22,0.0,121.0,0.0,0.0,121.0,2022,4,annual,121.0,0.0
560,ida_de20f686c391198539a9,Commitments,Tonga,IDA,EAST ASIA AND PACIFIC,FY22,39.0,68.0,0.0,0.0,107.0,2022,4,annual,107.0,0.0
561,ida_16b81bc8af7b05c1b12a,Commitments,Tuvalu,IDA,EAST ASIA AND PACIFIC,FY22,17.0,68.0,0.0,0.0,85.0,2022,4,annual,85.0,0.0
562,ida_f848f60e3b5f489d37eb,Commitments,Vanuatu,IDA,EAST ASIA AND PACIFIC,FY22,10.0,72.0,0.0,0.0,82.0,2022,4,annual,82.0,0.0
563,ida_a220610bc30921c13ea6,Commitments,Vietnam,IDA,EAST ASIA AND PACIFIC,FY22,0.0,0.0,0.0,0.0,0.0,2022,4,annual,0.0,0.0
564,ida_ba21218d215ee609e1b0,Commitments,Angola,IDA,EASTERN AND SOUTHERN AFRICA,FY22,0.0,0.0,0.0,0.0,0.0,2022,4,annual,0.0,0.0
565,ida_1e31f09060146741c7d6,Commitments,Botswana,IDA,EASTERN AND SOUTHERN AFRICA,FY22,0.0,0.0,0.0,0.0,0.0,2022,4,annual,0.0,0.0
566,ida_af2788f4aa08b1c7f67b,Commitments,Burundi,IDA,EASTERN AND SOUTHERN AFRICA,FY22,0.0,350.0,0.0,0.0,350.0,2022,4,annual,350.0,0.0
567,ida_a0eaa50059e472aa7c88,Commitments,Comoros,IDA,EASTERN AND SOUTHERN AFRICA,FY22,0.0,85.0,0.0,0.0,85.0,2022,4,annual,85.0,0.0
568,ida_3d81d1b030619be24015,Commitments,"Congo, Democratic Republic of",IDA,EASTERN AND SOUTHERN AFRICA,FY22,250.0,1875.0,0.0,0.0,2125.0,2022,4,annual,2125.0,0.0
569,ida_4128666b742212202eb9,Commitments,Eastern and Southern Africa,IDA,EASTERN AND SOUTHERN AFRICA,FY22,0.0,58.0,0.0,39.0,97.0,2022,4,annual,97.0,0.0
570,ida_75ea600e89c7d78257a3,Commitments,Eritrea,IDA,EASTERN AND SOUTHERN AFRICA,FY22,0.0,0.0,0.0,0.0,0.0,2022,4,annual,0.0,0.0
571,ida_ae6f5d37c16a159433f6,Commitments,Eswatini,IDA,EASTERN AND SOUTHERN AFRICA,FY22,0.0,0.0,0.0,0.0,0.0,2022,4,annual,0.0,0.0
572,ida_1631e69f3f0350586da2,Commitments,Ethiopia,IDA,EASTERN AND SOUTHERN AFRICA,FY22,0.0,1904.0,0.0,0.0,1904.0,2022,4,annual,1904.0,0.0
573,ida_a079337abc0e15b3efe5,Commitments,Kenya,IDA,EASTERN AND SOUTHERN AFRICA,FY22,520.0,810.0,0.0,470.0,1800.0,2022,4,annual,1800.0,0.0
574,ida_ec81e5a673c5f0148c9b,Commitments,Lesotho,IDA,EASTERN AND SOUTHERN AFRICA,FY22,0.0,72.0,0.0,0.0,72.0,2022,4,annual,72.0,0.0
575,ida_f922e3f24e7de66e79f1,Commitments,Madagascar,IDA,EASTERN AND SOUTHERN AFRICA,FY22,0.0,1104.0,0.0,0.0,1104.0,2022,4,annual,1104.0,0.0
576,ida_8d011afbd0b34db82f03,Commitments,Malawi,IDA,EASTERN AND SOUTHERN AFRICA,FY22,0.0,622.0,0.0,0.0,622.0,2022,4,annual,622.0,0.0
577,ida_8d476980d29bc12afbc3,Commitments,Mauritius,IDA,EASTERN AND SOUTHERN AFRICA,FY22,0.0,0.0,0.0,0.0,0.0,2022,4,annual,0.0,0.0
578,ida_bdbbf4bdc0f44d379bb7,Commitments,Mozambique,IDA,EASTERN AND SOUTHERN AFRICA,FY22,0.0,1286.0,0.0,0.0,1286.0,2022,4,annual,1286.0,0.0
579,ida_59459f09aa005eafd20f,Commitments,Rwanda,IDA,EASTERN AND SOUTHERN AFRICA,FY22,175.0,532.0,0.0,60.0,767.0,2022,4,annual,767.0,0.0
580,ida_6dcccf924eff8572f2b5,Commitments,Sao Tome and Principe,IDA,EASTERN AND SOUTHERN AFRICA,FY22,12.0,39.0,0.0,0.0,51.0,2022,4,annual,51.0,0.0
581,ida_38b2a00b167c2591108e,Commitments,Somalia,IDA,EASTERN AND SOUTHERN AFRICA,FY22,0.0,565.0,0.0,0.0,565.0,2022,4,annual,565.0,0.0
582,ida_e4ea81f70c00cc2b431e,Commitments,South Sudan,IDA,EASTERN AND SOUTHERN AFRICA,FY22,0.0,553.0,0.0,0.0,553.0,2022,4,annual,553.0,0.0
583,ida_ee5a260992c5244fefe9,Commitments,Sudan,IDA,EASTERN AND SOUTHERN AFRICA,FY22,0.0,0.0,0.0,0.0,0.0,2022,4,annual,0.0,0.0
584,ida_9929e26f82f9ba1ec5eb,Commitments,Tanzania,IDA,EASTERN AND SOUTHERN AFRICA,FY22,0.0,1068.0,0.0,582.0,1650.0,2022,4,annual,1650.0,0.0
585,ida_b8c9fcbbdac3d3fe837d,Commitments,Uganda,IDA,EASTERN AND SOUTHERN AFRICA,FY22,0.0,1149.0,0.0,566.0,1715.0,2022,4,annual,1715.0,0.0
586,ida_2404746daed79eff311f,Commitments,Zambia,IDA,EASTERN AND SOUTHERN AFRICA,FY22,0.0,310.0,0.0,210.0,520.0,2022,4,annual,520.0,0.0
587,ida_b773d1d4f294d9040009,Commitments,Zimbabwe,IDA,EASTERN AND SOUTHERN AFRICA,FY22,0.0,0.0,0.0,0.0,0.0,2022,4,annual,0.0,0.0
588,ida_1b5f579439917b5d8c2c,Commitments,Albania,IDA,EUROPE AND CENTRAL ASIA,FY22,0.0,0.0,0.0,0.0,0.0,2022,4,annual,0.0,0.0
589,ida_0d9ab4aa98c6ce4428a9,Commitments,Armenia,IDA,EUROPE AND CENTRAL ASIA,FY22,0.0,0.0,0.0,0.0,0.0,2022,4,annual,0.0,0.0
590,ida_30d72fa212c2880292f0,Commitments,Azerbaijan,IDA,EUROPE AND CENTRAL ASIA,FY22,0.0,0.0,0.0,0.0,0.0,2022,4,annual,0.0,0.0
591,ida_fa9f714a901ee24b672d,Commitments,Bosnia and Herzegovina,IDA,EUROPE AND CENTRAL ASIA,FY22,0.0,0.0,0.0,0.0,0.0,2022,4,annual,0.0,0.0
592,ida_652d9584bc317b9222b2,Commitments,Central Asia,IDA,EUROPE AND CENTRAL ASIA,FY22,0.0,0.0,0.0,0.0,0.0,2022,4,annual,0.0,0.0
593,ida_2aa1490f7cd03ca32a89,Commitments,Georgia,IDA,EUROPE AND CENTRAL ASIA,FY22,0.0,0.0,0.0,0.0,0.0,2022,4,annual,0.0,0.0
594,ida_8067094c3ecaf8531cfc,Commitments,Kosovo,IDA,EUROPE AND CENTRAL ASIA,FY22,56.0,56.0,0.0,0.0,112.0,2022,4,annual,112.0,0.0
595,ida_7931bdf425d09e2c9060,Commitments,Kyrgyz Republic,IDA,EUROPE AND CENTRAL ASIA,FY22,0.0,250.0,0.0,0.0,250.0,2022,4,annual,250.0,0.0
596,ida_e37918d2fb93c3625289,Commitments,Moldova,IDA,EUROPE AND CENTRAL ASIA,FY22,107.0,82.0,0.0,0.0,189.0,2022,4,annual,189.0,0.0
597,ida_163b372f56058fb42c59,Commitments,Montenegro,IDA,EUROPE AND CENTRAL ASIA,FY22,0.0,0.0,0.0,0.0,0.0,2022,4,annual,0.0,0.0
598,ida_692c46e2ccb5e6fd284b,Commitments,North Macedonia,IDA,EUROPE AND CENTRAL ASIA,FY22,0.0,0.0,0.0,0.0,0.0,2022,4,annual,0.0,0.0
599,ida_3538056b2acd76884ed0,Commitments,Serbia,IDA,EUROPE AND CENTRAL ASIA,FY22,0.0,0.0,0.0,0.0,0.0,2022,4,annual,0.0,0.0
600,ida_4f98f9bb60a1788660ff,Commitments,Tajikistan,IDA,EUROPE AND CENTRAL ASIA,FY22,0.0,260.0,0.0,80.0,340.0,2022,4,annual,340.0,0.0
601,ida_8663edb49357fe8b94f5,Commitments,Turkiye,IDA,EUROPE AND CENTRAL ASIA,FY22,0.0,0.0,0.0,0.0,0.0,2022,4,annual,0.0,0.0
602,ida_02c3dd0c65ca92d0aea9,Commitments,Ukraine,IDA,EUROPE AND CENTRAL ASIA,FY22,0.0,1000.0,0.0,0.0,1000.0,2022,4,annual,1000.0,0.0
603,ida_77a3e2cb2baa6f03e787,Commitments,Uzbekistan,IDA,EUROPE AND CENTRAL ASIA,FY22,250.0,370.0,0.0,0.0,620.0,2022,4,annual,620.0,0.0
604,ida_e27c6d6820e51278656c,Commitments,Bolivia,IDA,LATIN AMERICA AND CARIBBEAN,FY22,0.0,0.0,0.0,0.0,0.0,2022,4,annual,0.0,0.0
605,ida_4f5c1d8f2fb9f23c958c,Commitments,Caribbean,IDA,LATIN AMERICA AND CARIBBEAN,FY22,0.0,0.0,0.0,0.0,0.0,2022,4,annual,0.0,0.0
606,ida_81328edc362f482258eb,Commitments,Central America,IDA,LATIN AMERICA AND CARIBBEAN,FY22,0.0,0.0,0.0,0.0,0.0,2022,4,annual,0.0,0.0
607,ida_bfd4bbddfc6817d5c150,Commitments,Chile,IDA,LATIN AMERICA AND CARIBBEAN,FY22,0.0,0.0,0.0,0.0,0.0,2022,4,annual,0.0,0.0
608,ida_fd84d53eaa6f0185c40d,Commitments,Colombia,IDA,LATIN AMERICA AND CARIBBEAN,FY22,0.0,0.0,0.0,0.0,0.0,2022,4,annual,0.0,0.0
609,ida_9b13a23232ffbaf1bc38,Commitments,Costa Rica,IDA,LATIN AMERICA AND CARIBBEAN,FY22,0.0,0.0,0.0,0.0,0.0,2022,4,annual,0.0,0.0
610,ida_b6d0c8198e47138d5414,Commitments,Dominica,IDA,LATIN AMERICA AND CARIBBEAN,FY22,50.0,0.0,0.0,0.0,50.0,2022,4,annual,50.0,0.0
611,ida_cf12de176b9e95e8e868,Commitments,Dominican Republic,IDA,LATIN AMERICA AND CARIBBEAN,FY22,0.0,0.0,0.0,0.0,0.0,2022,4,annual,0.0,0.0
612,ida_bb7b7c2d63e8255bf484,Commitments,Ecuador,IDA,LATIN AMERICA AND CARIBBEAN,FY22,0.0,0.0,0.0,0.0,0.0,2022,4,annual,0.0,0.0
613,ida_ce78129c6206a1fbe7a5,Commitments,El Salvador,IDA,LATIN AMERICA AND CARIBBEAN,FY22,0.0,0.0,0.0,0.0,0.0,2022,4,annual,0.0,0.0
614,ida_e4b9e106a4637e6c1b66,Commitments,Grenada,IDA,LATIN AMERICA AND CARIBBEAN,FY22,25.0,38.0,0.0,0.0,63.0,2022,4,annual,63.0,0.0
615,ida_09b4519c440d9b8b0281,Commitments,Guyana,IDA,LATIN AMERICA AND CARIBBEAN,FY22,0.0,44.0,0.0,0.0,44.0,2022,4,annual,44.0,0.0
616,ida_b8d3046bfd03c12bab85,Commitments,Haiti,IDA,LATIN AMERICA AND CARIBBEAN,FY22,0.0,483.0,0.0,0.0,483.0,2022,4,annual,483.0,0.0
617,ida_0e56f3aec90fb217a109,Commitments,Honduras,IDA,LATIN AMERICA AND CARIBBEAN,FY22,110.0,60.0,0.0,0.0,170.0,2022,4,annual,170.0,0.0
618,ida_b1c8ee3f0e99f1489209,Commitments,Nicaragua,IDA,LATIN AMERICA AND CARIBBEAN,FY22,0.0,116.0,0.0,0.0,116.0,2022,4,annual,116.0,0.0
619,ida_62b5b248366661d5cbcc,Commitments,OECS Countries,IDA,LATIN AMERICA AND CARIBBEAN,FY22,0.0,13.0,0.0,0.0,13.0,2022,4,annual,13.0,0.0
620,ida_42ad585c0102d49001e1,Commitments,Paraguay,IDA,LATIN AMERICA AND CARIBBEAN,FY22,0.0,0.0,0.0,0.0,0.0,2022,4,annual,0.0,0.0
621,ida_c5d54e2db287d9e82b06,Commitments,St. Kitts and Nevis,IDA,LATIN AMERICA AND CARIBBEAN,FY22,0.0,0.0,0.0,0.0,0.0,2022,4,annual,0.0,0.0
622,ida_dd5a357dfa4012e5a474,Commitments,St. Lucia,IDA,LATIN AMERICA AND CARIBBEAN,FY22,0.0,30.0,0.0,0.0,30.0,2022,4,annual,30.0,0.0
623,ida_e792aad9ef391beb4875,Commitments,St. Vincent and the Grenadines,IDA,LATIN AMERICA AND CARIBBEAN,FY22,0.0,61.0,0.0,0.0,61.0,2022,4,annual,61.0,0.0
624,ida_cb38c865b08e1ef80427,Commitments,Djibouti,IDA,MIDDLE EAST AND NORTH AFRICA,FY22,0.0,202.0,0.0,0.0,202.0,2022,4,annual,202.0,0.0
625,ida_03265f632cfb6a342436,Commitments,"Egypt, Arab Republic of",IDA,MIDDLE EAST AND NORTH AFRICA,FY22,0.0,0.0,0.0,0.0,0.0,2022,4,annual,0.0,0.0
626,ida_48b60b1d2b5b6bcb0064,Commitments,Iraq,IDA,MIDDLE EAST AND NORTH AFRICA,FY22,0.0,0.0,0.0,0.0,0.0,2022,4,annual,0.0,0.0
627,ida_89ebe9f9358384361bbd,Commitments,Jordan,IDA,MIDDLE EAST AND NORTH AFRICA,FY22,0.0,0.0,0.0,0.0,0.0,2022,4,annual,0.0,0.0
628,ida_0833990e3e89a90053e3,Commitments,Lebanon,IDA,MIDDLE EAST AND NORTH AFRICA,FY22,0.0,0.0,0.0,0.0,0.0,2022,4,annual,0.0,0.0
629,ida_604a782e629b89bb4459,Commitments,Middle East and North Africa,IDA,MIDDLE EAST AND NORTH AFRICA,FY22,0.0,4.0,0.0,0.0,4.0,2022,4,annual,4.0,0.0
630,ida_0307ca0a5f524389d792,Commitments,Morocco,IDA,MIDDLE EAST AND NORTH AFRICA,FY22,0.0,0.0,0.0,0.0,0.0,2022,4,annual,0.0,0.0
631,ida_2a38c85169f141b11703,Commitments,Syrian Arab Republic,IDA,MIDDLE EAST AND NORTH AFRICA,FY22,0.0,0.0,0.0,0.0,0.0,2022,4,annual,0.0,0.0
632,ida_2eafba55b3a04916a9bb,Commitments,Tunisia,IDA,MIDDLE EAST AND NORTH AFRICA,FY22,0.0,0.0,0.0,0.0,0.0,2022,4,annual,0.0,0.0
633,ida_915b009370988e17dee8,Commitments,"Yemen, Republic of",IDA,MIDDLE EAST AND NORTH AFRICA,FY22,0.0,611.0,0.0,0.0,611.0,2022,4,annual,611.0,0.0
634,ida_f66830ac0dd015d84445,Commitments,IFC,IDA,OTHER,FY22,0.0,0.0,486.0,0.0,486.0,2022,4,annual,486.0,0.0
635,ida_1c5c29f5c2b24832ca06,Commitments,MIGA,IDA,OTHER,FY22,0.0,0.0,115.0,0.0,115.0,2022,4,annual,115.0,0.0
636,ida_0ff07933970b3aa56ac3,Commitments,World,IDA,OTHER,FY22,0.0,0.0,0.0,0.0,0.0,2022,4,annual,0.0,0.0
637,ida_03554d9c1a66ffaa33c8,Commitments,Afghanistan,IDA,SOUTH ASIA,FY22,0.0,0.0,0.0,0.0,0.0,2022,4,annual,0.0,0.0
638,ida_75fdf33634431df16d03,Commitments,Bangladesh,IDA,SOUTH ASIA,FY22,250.0,1411.0,0.0,500.0,2161.0,2022,4,annual,2161.0,0.0
639,ida_cf91a7a05f5f38dca955,Commitments,Bhutan,IDA,SOUTH ASIA,FY22,53.0,10.0,0.0,20.0,83.0,2022,4,annual,83.0,0.0
640,ida_a0165f906d4e6d56e9e1,Commitments,India,IDA,SOUTH ASIA,FY22,83.0,0.0,0.0,0.0,83.0,2022,4,annual,83.0,0.0
641,ida_61bcbefb8896d4001366,Commitments,Maldives,IDA,SOUTH ASIA,FY22,0.0,34.0,0.0,0.0,34.0,2022,4,annual,34.0,0.0
642,ida_ba0a03300adc4044826c,Commitments,Nepal,IDA,SOUTH ASIA,FY22,150.0,513.0,0.0,100.0,763.0,2022,4,annual,763.0,0.0
643,ida_05840a45ff27922842db,Commitments,Pakistan,IDA,SOUTH ASIA,FY22,0.0,635.0,0.0,458.0,1093.0,2022,4,annual,1093.0,0.0
644,ida_c0e70726dee0f3d8ac0f,Commitments,South Asia,IDA,SOUTH ASIA,FY22,0.0,0.0,0.0,0.0,0.0,2022,4,annual,0.0,0.0
645,ida_745b582a2ef03c7703de,Commitments,Sri Lanka,IDA,SOUTH ASIA,FY22,0.0,0.0,0.0,0.0,0.0,2022,4,annual,0.0,0.0
646,ida_c5fc4d73b315e2f0d2f8,Commitments,Benin,IDA,WESTERN AND CENTRAL AFRICA,FY22,100.0,401.0,0.0,437.0,938.0,2022,4,annual,938.0,0.0
647,ida_35c0e7685d47bb70d6ce,Commitments,Burkina Faso,IDA,WESTERN AND CENTRAL AFRICA,FY22,200.0,634.0,0.0,0.0,834.0,2022,4,annual,834.0,0.0
648,ida_4d403e822003768b974c,Commitments,Cabo Verde,IDA,WESTERN AND CENTRAL AFRICA,FY22,30.0,59.0,0.0,0.0,89.0,2022,4,annual,89.0,0.0
649,ida_ae0fdd2efd65874caf34,Commitments,Cameroon,IDA,WESTERN AND CENTRAL AFRICA,FY22,0.0,1120.0,0.0,0.0,1120.0,2022,4,annual,1120.0,0.0
650,ida_590af2d82baa3eeba170,Commitments,Central Africa,IDA,WESTERN AND CENTRAL AFRICA,FY22,0.0,0.0,0.0,0.0,0.0,2022,4,annual,0.0,0.0
651,ida_439fe1f95ad43b4d9727,Commitments,Central African Republic,IDA,WESTERN AND CENTRAL AFRICA,FY22,0.0,231.0,0.0,0.0,231.0,2022,4,annual,231.0,0.0
652,ida_2c3067f5def38b189175,Commitments,Chad,IDA,WESTERN AND CENTRAL AFRICA,FY22,0.0,813.0,0.0,0.0,813.0,2022,4,annual,813.0,0.0
653,ida_94cf7a36028639fb4002,Commitments,"Congo, Republic of",IDA,WESTERN AND CENTRAL AFRICA,FY22,0.0,123.0,0.0,0.0,123.0,2022,4,annual,123.0,0.0
654,ida_19db64b1b56a08dbd4d6,Commitments,Cote d'Ivoire,IDA,WESTERN AND CENTRAL AFRICA,FY22,0.0,520.0,0.0,310.0,830.0,2022,4,annual,830.0,0.0
655,ida_1765076a37fa873b51c5,Commitments,Equatorial Guinea,IDA,WESTERN AND CENTRAL AFRICA,FY22,0.0,0.0,0.0,0.0,0.0,2022,4,annual,0.0,0.0
656,ida_5cac7f50332a99b21819,Commitments,"Gambia, The",IDA,WESTERN AND CENTRAL AFRICA,FY22,20.0,170.0,0.0,0.0,190.0,2022,4,annual,190.0,0.0
657,ida_e38c5f0627995a1114a7,Commitments,Ghana,IDA,WESTERN AND CENTRAL AFRICA,FY22,0.0,486.0,0.0,445.0,931.0,2022,4,annual,931.0,0.0
658,ida_ba9494ef191b6550ac0f,Commitments,Guinea,IDA,WESTERN AND CENTRAL AFRICA,FY22,0.0,25.0,0.0,0.0,25.0,2022,4,annual,25.0,0.0
659,ida_b56ff27b5aab61d42098,Commitments,Guinea-Bissau,IDA,WESTERN AND CENTRAL AFRICA,FY22,0.0,72.0,0.0,0.0,72.0,2022,4,annual,72.0,0.0
660,ida_e59e0db06dc49510b3eb,Commitments,Liberia,IDA,WESTERN AND CENTRAL AFRICA,FY22,0.0,174.0,0.0,0.0,174.0,2022,4,annual,174.0,0.0
661,ida_dfa7653e08cb05a599bc,Commitments,Mali,IDA,WESTERN AND CENTRAL AFRICA,FY22,0.0,143.0,0.0,0.0,143.0,2022,4,annual,143.0,0.0
662,ida_567e3db03da1d50a3385,Commitments,Mauritania,IDA,WESTERN AND CENTRAL AFRICA,FY22,30.0,62.0,0.0,0.0,92.0,2022,4,annual,92.0,0.0
663,ida_2c05da573de6882ec6a1,Commitments,Niger,IDA,WESTERN AND CENTRAL AFRICA,FY22,250.0,1287.0,0.0,192.0,1729.0,2022,4,annual,1729.0,0.0
664,ida_746ba72ce8ad11b5602f,Commitments,Nigeria,IDA,WESTERN AND CENTRAL AFRICA,FY22,0.0,2400.0,0.0,0.0,2400.0,2022,4,annual,2400.0,0.0
665,ida_4137273d30e39cd553ab,Commitments,Senegal,IDA,WESTERN AND CENTRAL AFRICA,FY22,300.0,495.0,0.0,0.0,795.0,2022,4,annual,795.0,0.0
666,ida_f07d71089bfce2014b34,Commitments,Sierra Leone,IDA,WESTERN AND CENTRAL AFRICA,FY22,75.0,139.0,0.0,0.0,214.0,2022,4,annual,214.0,0.0
667,ida_cd956146061c303c210c,Commitments,Togo,IDA,WESTERN AND CENTRAL AFRICA,FY22,100.0,340.0,0.0,0.0,440.0,2022,4,annual,440.0,0.0
668,ida_190e22b4837ec2c8f236,Commitments,Western and Central Africa,IDA,WESTERN AND CENTRAL AFRICA,FY22,0.0,30.0,0.0,0.0,30.0,2022,4,annual,30.0,0.0
669,ida_4166760e9703e0677ab7,Gross Disbursements,Cambodia,IDA,EAST ASIA AND PACIFIC,FY21,0.0,69.0,0.0,0.0,69.0,2021,4,annual,69.0,0.0
670,ida_d200c78c03ffff8f7ebb,Gross Disbursements,China,IDA,EAST ASIA AND PACIFIC,FY21,0.0,0.0,0.0,0.0,0.0,2021,4,annual,0.0,0.0
671,ida_0d296dec4d1e5f37dd9a,Gross Disbursements,Fiji,IDA,EAST ASIA AND PACIFIC,FY21,110.0,12.0,0.0,0.0,122.0,2021,4,annual,122.0,0.0
672,ida_3b4e99de155395b55d2c,Gross Disbursements,Indonesia,IDA,EAST ASIA AND PACIFIC,FY21,0.0,0.0,0.0,0.0,0.0,2021,4,annual,0.0,0.0
673,ida_7e0aa416b4be5d68e140,Gross Disbursements,Kiribati,IDA,EAST ASIA AND PACIFIC,FY21,0.0,2.0,0.0,0.0,2.0,2021,4,annual,2.0,0.0
674,ida_593626be27fb00030a86,Gross Disbursements,Lao People's Democratic Republic,IDA,EAST ASIA AND PACIFIC,FY21,0.0,58.0,0.0,0.0,58.0,2021,4,annual,58.0,0.0
675,ida_fe7edbfd6184d071adad,Gross Disbursements,Marshall Islands,IDA,EAST ASIA AND PACIFIC,FY21,0.0,10.0,0.0,0.0,10.0,2021,4,annual,10.0,0.0
676,ida_fd747b123e6479fa2e52,Gross Disbursements,"Micronesia, Federated States of",IDA,EAST ASIA AND PACIFIC,FY21,0.0,8.0,0.0,0.0,8.0,2021,4,annual,8.0,0.0
677,ida_7c2faf4a4b4aa08649b4,Gross Disbursements,Mongolia,IDA,EAST ASIA AND PACIFIC,FY21,0.0,75.0,0.0,0.0,75.0,2021,4,annual,75.0,0.0
678,ida_38bbd65a78057648d487,Gross Disbursements,Myanmar,IDA,EAST ASIA AND PACIFIC,FY21,0.0,234.0,0.0,0.0,234.0,2021,4,annual,234.0,0.0
679,ida_86b32fd85b01fdfdeacc,Gross Disbursements,Pacific Islands,IDA,EAST ASIA AND PACIFIC,FY21,0.0,3.0,0.0,0.0,3.0,2021,4,annual,3.0,0.0
680,ida_88b2609607cb0309958f,Gross Disbursements,Papua New Guinea,IDA,EAST ASIA AND PACIFIC,FY21,0.0,15.0,0.0,0.0,15.0,2021,4,annual,15.0,0.0
681,ida_938163e095edc655aac6,Gross Disbursements,Philippines,IDA,EAST ASIA AND PACIFIC,FY21,0.0,0.0,0.0,0.0,0.0,2021,4,annual,0.0,0.0
682,ida_e686875c17baffff3a1a,Gross Disbursements,Samoa,IDA,EAST ASIA AND PACIFIC,FY21,15.0,2.0,0.0,2.0,19.0,2021,4,annual,19.0,0.0
683,ida_fcb6c01253dcadb9ae49,Gross Disbursements,Solomon Islands,IDA,EAST ASIA AND PACIFIC,FY21,0.0,18.0,0.0,0.0,18.0,2021,4,annual,18.0,0.0
684,ida_7919b6aa971c263e4d1a,Gross Disbursements,Timor-Leste,IDA,EAST ASIA AND PACIFIC,FY21,0.0,4.0,0.0,0.0,4.0,2021,4,annual,4.0,0.0
685,ida_68b3c404a17130157fc5,Gross Disbursements,Tonga,IDA,EAST ASIA AND PACIFIC,FY21,31.0,18.0,0.0,0.0,49.0,2021,4,annual,49.0,0.0
686,ida_3f1a2d551fdbd39a5d08,Gross Disbursements,Tuvalu,IDA,EAST ASIA AND PACIFIC,FY21,0.0,6.0,0.0,0.0,6.0,2021,4,annual,6.0,0.0
687,ida_febe7a087a84ccbe9af9,Gross Disbursements,Vanuatu,IDA,EAST ASIA AND PACIFIC,FY21,0.0,11.0,0.0,0.0,11.0,2021,4,annual,11.0,0.0
688,ida_ba30517f490084854f39,Gross Disbursements,Vietnam,IDA,EAST ASIA AND PACIFIC,FY21,0.0,427.0,0.0,167.0,594.0,2021,4,annual,594.0,0.0
689,ida_32ee1ac1ec93ed1493ce,Gross Disbursements,Angola,IDA,EASTERN AND SOUTHERN AFRICA,FY21,0.0,4.0,0.0,0.0,4.0,2021,4,annual,4.0,0.0
690,ida_fc2659d73bdaa0944f0e,Gross Disbursements,Botswana,IDA,EASTERN AND SOUTHERN AFRICA,FY21,0.0,0.0,0.0,0.0,0.0,2021,4,annual,0.0,0.0
691,ida_7379583e077b5bdbe0b2,Gross Disbursements,Burundi,IDA,EASTERN AND SOUTHERN AFRICA,FY21,0.0,82.0,0.0,0.0,82.0,2021,4,annual,82.0,0.0
692,ida_fbeb76a432afb0b061ba,Gross Disbursements,Comoros,IDA,EASTERN AND SOUTHERN AFRICA,FY21,11.0,26.0,0.0,0.0,37.0,2021,4,annual,37.0,0.0
693,ida_944388fff8094071e307,Gross Disbursements,"Congo, Democratic Republic of",IDA,EASTERN AND SOUTHERN AFRICA,FY21,0.0,681.0,0.0,0.0,681.0,2021,4,annual,681.0,0.0
694,ida_f744492a1d7f5494a0cc,Gross Disbursements,Eastern and Southern Africa,IDA,EASTERN AND SOUTHERN AFRICA,FY21,0.0,47.0,0.0,0.0,47.0,2021,4,annual,47.0,0.0
695,ida_51e052e3715b38e5d0c3,Gross Disbursements,Eritrea,IDA,EASTERN AND SOUTHERN AFRICA,FY21,0.0,0.0,0.0,0.0,0.0,2021,4,annual,0.0,0.0
696,ida_e3a02ef5df4a1b12a3c7,Gross Disbursements,Eswatini,IDA,EASTERN AND SOUTHERN AFRICA,FY21,0.0,0.0,0.0,0.0,0.0,2021,4,annual,0.0,0.0
697,ida_6a95788782c636718418,Gross Disbursements,Ethiopia,IDA,EASTERN AND SOUTHERN AFRICA,FY21,0.0,780.0,0.0,453.0,1233.0,2021,4,annual,1233.0,0.0
698,ida_faeaf9210e1bb208946d,Gross Disbursements,Kenya,IDA,EASTERN AND SOUTHERN AFRICA,FY21,750.0,590.0,0.0,98.0,1438.0,2021,4,annual,1438.0,0.0
699,ida_a9ba47b07b915b228f56,Gross Disbursements,Lesotho,IDA,EASTERN AND SOUTHERN AFRICA,FY21,0.0,35.0,0.0,0.0,35.0,2021,4,annual,35.0,0.0
700,ida_7948f020dd349aa99239,Gross Disbursements,Madagascar,IDA,EASTERN AND SOUTHERN AFRICA,FY21,78.0,250.0,0.0,0.0,328.0,2021,4,annual,328.0,0.0
701,ida_6e3b83055aa8b8243a27,Gross Disbursements,Malawi,IDA,EASTERN AND SOUTHERN AFRICA,FY21,0.0,200.0,0.0,0.0,200.0,2021,4,annual,200.0,0.0
702,ida_f0de2c522a2398b0aaac,Gross Disbursements,Mauritius,IDA,EASTERN AND SOUTHERN AFRICA,FY21,0.0,0.0,0.0,0.0,0.0,2021,4,annual,0.0,0.0
703,ida_24732493ab2802346349,Gross Disbursements,Mozambique,IDA,EASTERN AND SOUTHERN AFRICA,FY21,102.0,399.0,0.0,31.0,532.0,2021,4,annual,532.0,0.0
704,ida_8fba4fee4e9da78138ec,Gross Disbursements,Rwanda,IDA,EASTERN AND SOUTHERN AFRICA,FY21,152.0,262.0,0.0,91.0,505.0,2021,4,annual,505.0,0.0
705,ida_87bba5ff7fdc400e57d0,Gross Disbursements,Sao Tome and Principe,IDA,EASTERN AND SOUTHERN AFRICA,FY21,10.0,14.0,0.0,0.0,24.0,2021,4,annual,24.0,0.0
706,ida_86385a0c08f4415104a6,Gross Disbursements,Somalia,IDA,EASTERN AND SOUTHERN AFRICA,FY21,0.0,139.0,0.0,0.0,139.0,2021,4,annual,139.0,0.0
707,ida_154c5aa8a72eb7786775,Gross Disbursements,South Sudan,IDA,EASTERN AND SOUTHERN AFRICA,FY21,0.0,24.0,0.0,0.0,24.0,2021,4,annual,24.0,0.0
708,ida_9210b4c82732b18f9ba9,Gross Disbursements,Sudan,IDA,EASTERN AND SOUTHERN AFRICA,FY21,1309.0,101.0,0.0,0.0,1410.0,2021,4,annual,1410.0,0.0
709,ida_d2dd4b4b10b2123a2a92,Gross Disbursements,Tanzania,IDA,EASTERN AND SOUTHERN AFRICA,FY21,0.0,283.0,0.0,183.0,466.0,2021,4,annual,466.0,0.0
710,ida_e41aeb38350f34651dd8,Gross Disbursements,Uganda,IDA,EASTERN AND SOUTHERN AFRICA,FY21,304.0,281.0,0.0,153.0,738.0,2021,4,annual,738.0,0.0
711,ida_90d968e772238cf6cda4,Gross Disbursements,Zambia,IDA,EASTERN AND SOUTHERN AFRICA,FY21,0.0,152.0,0.0,0.0,152.0,2021,4,annual,152.0,0.0
712,ida_e7b0421f67f247a332da,Gross Disbursements,Zimbabwe,IDA,EASTERN AND SOUTHERN AFRICA,FY21,0.0,6.0,0.0,0.0,6.0,2021,4,annual,6.0,0.0
713,ida_81dcb088ac4417fa7dad,Gross Disbursements,Albania,IDA,EUROPE AND CENTRAL ASIA,FY21,0.0,0.0,0.0,0.0,0.0,2021,4,annual,0.0,0.0
714,ida_04ec2cd9796275f20ed3,Gross Disbursements,Armenia,IDA,EUROPE AND CENTRAL ASIA,FY21,0.0,8.0,0.0,0.0,8.0,2021,4,annual,8.0,0.0
715,ida_ce8d2687758217df539e,Gross Disbursements,Azerbaijan,IDA,EUROPE AND CENTRAL ASIA,FY21,0.0,0.0,0.0,0.0,0.0,2021,4,annual,0.0,0.0
716,ida_c4d3c033f7f5459e1f2b,Gross Disbursements,Bosnia and Herzegovina,IDA,EUROPE AND CENTRAL ASIA,FY21,0.0,5.0,0.0,0.0,5.0,2021,4,annual,5.0,0.0
717,ida_5507da1a17eed6d99232,Gross Disbursements,Central Asia,IDA,EUROPE AND CENTRAL ASIA,FY21,0.0,5.0,0.0,0.0,5.0,2021,4,annual,5.0,0.0
718,ida_d0c473193fabe053d8e2,Gross Disbursements,Georgia,IDA,EUROPE AND CENTRAL ASIA,FY21,0.0,10.0,0.0,0.0,10.0,2021,4,annual,10.0,0.0
719,ida_da88140431d22bcc48e4,Gross Disbursements,Kosovo,IDA,EUROPE AND CENTRAL ASIA,FY21,0.0,94.0,0.0,0.0,94.0,2021,4,annual,94.0,0.0
720,ida_3d2f672eb44ac91daecf,Gross Disbursements,Kyrgyz Republic,IDA,EUROPE AND CENTRAL ASIA,FY21,0.0,41.0,0.0,5.0,46.0,2021,4,annual,46.0,0.0
721,ida_34d4e888bea679a50e28,Gross Disbursements,Moldova,IDA,EUROPE AND CENTRAL ASIA,FY21,0.0,94.0,0.0,1.0,95.0,2021,4,annual,95.0,0.0
722,ida_f71babb80121b8656019,Gross Disbursements,Montenegro,IDA,EUROPE AND CENTRAL ASIA,FY21,0.0,0.0,0.0,0.0,0.0,2021,4,annual,0.0,0.0
723,ida_4dbe29ce4df6b87417ff,Gross Disbursements,North Macedonia,IDA,EUROPE AND CENTRAL ASIA,FY21,0.0,0.0,0.0,0.0,0.0,2021,4,annual,0.0,0.0
724,ida_55caf25e403dcf542ba9,Gross Disbursements,Serbia,IDA,EUROPE AND CENTRAL ASIA,FY21,0.0,0.0,0.0,0.0,0.0,2021,4,annual,0.0,0.0
725,ida_0c4e46a3831840fde493,Gross Disbursements,Tajikistan,IDA,EUROPE AND CENTRAL ASIA,FY21,0.0,75.0,0.0,59.0,134.0,2021,4,annual,134.0,0.0
726,ida_f240d6d382b449a49d11,Gross Disbursements,Turkiye,IDA,EUROPE AND CENTRAL ASIA,FY21,0.0,0.0,0.0,0.0,0.0,2021,4,annual,0.0,0.0
727,ida_2703201b2d5ad87b960e,Gross Disbursements,Ukraine,IDA,EUROPE AND CENTRAL ASIA,FY21,0.0,0.0,0.0,0.0,0.0,2021,4,annual,0.0,0.0
728,ida_18515adceeaa6ee47b5b,Gross Disbursements,Uzbekistan,IDA,EUROPE AND CENTRAL ASIA,FY21,250.0,233.0,0.0,0.0,483.0,2021,4,annual,483.0,0.0
729,ida_ce67b80a71f43ccafdd5,Gross Disbursements,Bolivia,IDA,LATIN AMERICA AND CARIBBEAN,FY21,0.0,54.0,0.0,0.0,54.0,2021,4,annual,54.0,0.0
730,ida_5ccd7d7c4195c00d33fe,Gross Disbursements,Caribbean,IDA,LATIN AMERICA AND CARIBBEAN,FY21,0.0,2.0,0.0,0.0,2.0,2021,4,annual,2.0,0.0
731,ida_9266c34d73aa367dfa83,Gross Disbursements,Dominica,IDA,LATIN AMERICA AND CARIBBEAN,FY21,25.0,21.0,0.0,0.0,46.0,2021,4,annual,46.0,0.0
732,ida_e26af94f108253153823,Gross Disbursements,Dominican Republic,IDA,LATIN AMERICA AND CARIBBEAN,FY21,0.0,0.0,0.0,0.0,0.0,2021,4,annual,0.0,0.0
733,ida_e86214281100e501df33,Gross Disbursements,Ecuador,IDA,LATIN AMERICA AND CARIBBEAN,FY21,0.0,0.0,0.0,0.0,0.0,2021,4,annual,0.0,0.0
734,ida_d0c286be2adc7aa0b039,Gross Disbursements,El Salvador,IDA,LATIN AMERICA AND CARIBBEAN,FY21,0.0,0.0,0.0,0.0,0.0,2021,4,annual,0.0,0.0
735,ida_acbc9a600c02e89c569e,Gross Disbursements,Grenada,IDA,LATIN AMERICA AND CARIBBEAN,FY21,25.0,9.0,0.0,0.0,34.0,2021,4,annual,34.0,0.0
736,ida_00196797a70ea2e629d9,Gross Disbursements,Guyana,IDA,LATIN AMERICA AND CARIBBEAN,FY21,0.0,7.0,0.0,0.0,7.0,2021,4,annual,7.0,0.0
737,ida_f4876fda3e5604fb1dcd,Gross Disbursements,Haiti,IDA,LATIN AMERICA AND CARIBBEAN,FY21,0.0,117.0,0.0,0.0,117.0,2021,4,annual,117.0,0.0
738,ida_f3ba7274a14e55280a6c,Gross Disbursements,Honduras,IDA,LATIN AMERICA AND CARIBBEAN,FY21,0.0,36.0,0.0,0.0,36.0,2021,4,annual,36.0,0.0
739,ida_221e6bca6b38acd8a568,Gross Disbursements,Papua New Guinea,IDA,EAST ASIA AND PACIFIC,FY18,0.0,35.0,0.0,0.0,35.0,2018,4,annual,35.0,0.0
740,ida_85277758dbf0912a1498,Gross Disbursements,Madagascar,IDA,AFRICA,FY18,90.0,145.0,0.0,0.0,236.0,2018,4,annual,235.0,1.0
741,ida_f864e465bae676d3e168,Gross Disbursements,Central African Republic,IDA,AFRICA,FY18,25.0,55.0,0.0,0.0,79.0,2018,4,annual,80.0,-1.0
742,ida_37c5078827906031ca94,Gross Disbursements,Guinea,IDA,AFRICA,FY18,0.0,68.0,0.0,0.0,68.0,2018,4,annual,68.0,0.0
743,ida_7a2d18581237d7646b8c,Gross Disbursements,Ghana,IDA,AFRICA,FY18,202.0,161.0,0.0,0.0,363.0,2018,4,annual,363.0,0.0
744,ida_eaed337a27b4ff31fe92,Gross Disbursements,Benin,IDA,AFRICA,FY18,41.0,66.0,0.0,0.0,106.0,2018,4,annual,107.0,-1.0
745,ida_6581af06c03798ee83e6,Gross Disbursements,Chad,IDA,AFRICA,FY18,66.0,42.0,0.0,0.0,108.0,2018,4,annual,108.0,0.0
746,ida_535d7b313ea79cccc806,Gross Disbursements,Haiti,IDA,LATIN AMERICA AND CARIBBEAN,FY18,0.0,79.0,0.0,0.0,79.0,2018,4,annual,79.0,0.0
747,ida_4a1184e5a581afdef34d,Gross Disbursements,Zambia,IDA,AFRICA,FY18,0.0,137.0,0.0,0.0,137.0,2018,4,annual,137.0,0.0
748,ida_116009df78eac4e64222,Gross Disbursements,Cameroon,IDA,AFRICA,FY18,0.0,154.0,0.0,0.0,154.0,2018,4,annual,154.0,0.0
749,ida_188bf84a9c2db37171dc,Gross Disbursements,Sri Lanka,IDA,SOUTH ASIA,FY18,0.0,188.0,0.0,3.0,191.0,2018,4,annual,191.0,0.0
750,ida_5efb0d978832c964ec1f,Gross Disbursements,Burundi,IDA,AFRICA,FY18,0.0,74.0,0.0,0.0,74.0,2018,4,annual,74.0,0.0
751,ida_1067f5055f8af9b0699b,Gross Disbursements,Sierra Leone,IDA,AFRICA,FY18,41.0,37.0,0.0,0.0,78.0,2018,4,annual,78.0,0.0
752,ida_be913350c56f7f5487f0,Gross Disbursements,Liberia,IDA,AFRICA,FY18,21.0,68.0,0.0,0.0,89.0,2018,4,annual,89.0,0.0
753,ida_61e640948af0b3f3482c,Gross Disbursements,Lao People's Democratic Republic,IDA,EAST ASIA AND PACIFIC,FY18,0.0,63.0,0.0,0.0,63.0,2018,4,annual,63.0,0.0
754,ida_f60ddef0151865e730f3,Gross Disbursements,Tajikistan,IDA,EUROPE AND CENTRAL ASIA,FY18,0.0,48.0,0.0,0.0,48.0,2018,4,annual,48.0,0.0
755,ida_cdd70b06a97f93cda564,Gross Disbursements,Togo,IDA,AFRICA,FY18,53.0,26.0,0.0,0.0,78.0,2018,4,annual,79.0,-1.0
756,ida_7a2618c4deca0b65b369,Gross Disbursements,Nicaragua,IDA,LATIN AMERICA AND CARIBBEAN,FY18,0.0,79.0,0.0,0.0,79.0,2018,4,annual,79.0,0.0
757,ida_0571af1ebbda5c9e2af1,Gross Disbursements,Guinea-Bissau,IDA,AFRICA,FY18,0.0,19.0,0.0,0.0,19.0,2018,4,annual,19.0,0.0
758,ida_6bcfa57c8f06ab225698,Gross Disbursements,Bolivia,IDA,LATIN AMERICA AND CARIBBEAN,FY18,0.0,26.0,0.0,0.0,26.0,2018,4,annual,26.0,0.0
759,ida_db05f8c460171e202cd8,Gross Disbursements,South Sudan,IDA,AFRICA,FY18,0.0,77.0,0.0,0.0,77.0,2018,4,annual,77.0,0.0
760,ida_58ea34c49c820495f593,Gross Disbursements,Cambodia,IDA,EAST ASIA AND PACIFIC,FY18,0.0,20.0,0.0,0.0,20.0,2018,4,annual,20.0,0.0
761,ida_0f9b80a26a1bf628bed7,Gross Disbursements,Kyrgyz Republic,IDA,EUROPE AND CENTRAL ASIA,FY18,0.0,47.0,0.0,0.0,47.0,2018,4,annual,47.0,0.0
762,ida_8e11a953539608a5d16a,Gross Disbursements,Western Africa,IDA,AFRICA,FY18,0.0,43.0,0.0,0.0,43.0,2018,4,annual,43.0,0.0
763,ida_a7a1accf829f2ef86ca6,Gross Disbursements,Moldova,IDA,EUROPE AND CENTRAL ASIA,FY18,0.0,14.0,0.0,2.0,16.0,2018,4,annual,16.0,0.0
764,ida_bf02598ddc458db397f4,Gross Disbursements,Mauritania,IDA,AFRICA,FY18,26.0,31.0,0.0,0.0,58.0,2018,4,annual,57.0,1.0
765,ida_7402cbc5ed332cff34c1,Gross Disbursements,Guyana,IDA,LATIN AMERICA AND CARIBBEAN,FY18,0.0,6.0,0.0,0.0,6.0,2018,4,annual,6.0,0.0
766,ida_5015a8b423ec4eaf35d1,Gross Disbursements,Vanuatu,IDA,EAST ASIA AND PACIFIC,FY18,0.0,35.0,0.0,0.0,35.0,2018,4,annual,35.0,0.0
767,ida_f0e01e62ff185d9305f5,Gross Disbursements,Bhutan,IDA,SOUTH ASIA,FY18,29.0,12.0,0.0,0.0,41.0,2018,4,annual,41.0,0.0
768,ida_c07b428c87f4eaf9ed0e,Gross Disbursements,Grenada,IDA,LATIN AMERICA AND CARIBBEAN,FY18,0.0,2.0,0.0,0.0,2.0,2018,4,annual,2.0,0.0
769,ida_d3a9c52175eaf3b5276f,Gross Disbursements,Lesotho,IDA,AFRICA,FY18,0.0,40.0,0.0,0.0,40.0,2018,4,annual,40.0,0.0
770,ida_89d5c0e4672dd6c5ea5c,Gross Disbursements,Angola,IDA,AFRICA,FY18,0.0,62.0,0.0,0.0,62.0,2018,4,annual,62.0,0.0
771,ida_49677b2084a54fc38171,Gross Disbursements,Jordan,IDA,MIDDLE EAST AND NORTH AFRICA,FY18,0.0,0.0,0.0,8.0,8.0,2018,4,annual,8.0,0.0
772,ida_7c47a007f4bce1a002c2,Gross Disbursements,"Congo, Republic of",IDA,AFRICA,FY18,0.0,30.0,0.0,0.0,30.0,2018,4,annual,30.0,0.0
773,ida_75e9d1034fb44093f324,Gross Disbursements,Bosnia and Herzegovina,IDA,EUROPE AND CENTRAL ASIA,FY18,0.0,29.0,0.0,0.0,29.0,2018,4,annual,29.0,0.0
774,ida_1e3dbdc09fc9358c7ab5,Gross Disbursements,Cabo Verde,IDA,AFRICA,FY18,0.0,4.0,0.0,0.0,4.0,2018,4,annual,4.0,0.0
775,ida_d63e5a2cdae2ac02e29c,Gross Disbursements,Samoa,IDA,EAST ASIA AND PACIFIC,FY18,10.0,21.0,0.0,0.0,31.0,2018,4,annual,31.0,0.0
776,ida_acdc90f8a6efba40b23d,Gross Disbursements,Africa,IDA,AFRICA,FY18,0.0,26.0,0.0,0.0,26.0,2018,4,annual,26.0,0.0
777,ida_d225a2b2126e63eb498c,Gross Disbursements,"Gambia, The",IDA,AFRICA,FY18,57.0,28.0,0.0,0.0,85.0,2018,4,annual,85.0,0.0
778,ida_73092165eeea547fb2b0,Gross Disbursements,Tonga,IDA,EAST ASIA AND PACIFIC,FY18,0.0,9.0,0.0,0.0,9.0,2018,4,annual,9.0,0.0
779,ida_55ba3345d1488d20e7f4,Gross Disbursements,"Micronesia, Federated States of",IDA,EAST ASIA AND PACIFIC,FY18,0.0,16.0,0.0,0.0,16.0,2018,4,annual,16.0,0.0
780,ida_e1cdbbe0a20f46cfa893,Gross Disbursements,Djibouti,IDA,MIDDLE EAST AND NORTH AFRICA,FY18,0.0,15.0,0.0,0.0,15.0,2018,4,annual,15.0,0.0
781,ida_9a883d101266a4670899,Gross Disbursements,Kosovo,IDA,EUROPE AND CENTRAL ASIA,FY18,0.0,7.0,0.0,0.0,7.0,2018,4,annual,7.0,0.0
782,ida_e303c3507a049c694207,Gross Disbursements,Kiribati,IDA,EAST ASIA AND PACIFIC,FY18,5.0,7.0,0.0,0.0,12.0,2018,4,annual,12.0,0.0
783,ida_845328876f20b825c715,Gross Disbursements,Sao Tome and Principe,IDA,AFRICA,FY18,0.0,1.0,0.0,0.0,1.0,2018,4,annual,1.0,0.0
784,ida_3ab86a7b53b3fae9c97c,Gross Disbursements,Mongolia,IDA,EAST ASIA AND PACIFIC,FY18,123.0,18.0,0.0,0.0,141.0,2018,4,annual,141.0,0.0
785,ida_b0a16e91f69f89fde90d,Gross Disbursements,Honduras,IDA,LATIN AMERICA AND CARIBBEAN,FY18,0.0,14.0,0.0,0.0,14.0,2018,4,annual,14.0,0.0
786,ida_fa703f98ca2ab4d00105,Gross Disbursements,Tuvalu,IDA,EAST ASIA AND PACIFIC,FY18,0.0,5.0,0.0,0.0,5.0,2018,4,annual,5.0,0.0
787,ida_3803d56f8f48d91e71a4,Gross Disbursements,Solomon Islands,IDA,EAST ASIA AND PACIFIC,FY18,0.0,4.0,0.0,0.0,4.0,2018,4,annual,4.0,0.0
788,ida_0ee11b653ca3ce9d078a,Gross Disbursements,Armenia,IDA,EUROPE AND CENTRAL ASIA,FY18,0.0,12.0,0.0,0.0,12.0,2018,4,annual,12.0,0.0
789,ida_fa0fb6f3dad1a3d18eac,Gross Disbursements,Somalia,IDA,AFRICA,FY18,0.0,0.0,0.0,0.0,0.0,2018,4,annual,0.0,0.0
790,ida_569d428804430b3724a5,Gross Disbursements,Comoros,IDA,AFRICA,FY18,0.0,20.0,0.0,0.0,20.0,2018,4,annual,20.0,0.0
791,ida_00edfb7f99f88b52f543,Gross Disbursements,Maldives,IDA,SOUTH ASIA,FY18,0.0,10.0,0.0,0.0,10.0,2018,4,annual,10.0,0.0
792,ida_d9374acc6116d429ad0c,Gross Disbursements,Eastern Africa,IDA,AFRICA,FY18,0.0,29.0,0.0,0.0,29.0,2018,4,annual,29.0,0.0
793,ida_44ad5439e9ed42796442,Gross Disbursements,Dominica,IDA,LATIN AMERICA AND CARIBBEAN,FY18,0.0,10.0,0.0,0.0,10.0,2018,4,annual,10.0,0.0
794,ida_7750cd1b81fc4da46258,Gross Disbursements,Central Africa,IDA,AFRICA,FY18,0.0,0.0,0.0,0.0,0.0,2018,4,annual,0.0,0.0
795,ida_203b2b0b6925ac3197a4,Gross Disbursements,Marshall Islands,IDA,EAST ASIA AND PACIFIC,FY18,0.0,2.0,0.0,0.0,2.0,2018,4,annual,2.0,0.0
796,ida_3be833782c953638427f,Gross Disbursements,St. Vincent and the Grenadines,IDA,LATIN AMERICA AND CARIBBEAN,FY18,0.0,1.0,0.0,0.0,1.0,2018,4,annual,1.0,0.0
797,ida_afb6052d99cc7622b1a0,Gross Disbursements,Timor-Leste,IDA,EAST ASIA AND PACIFIC,FY18,0.0,7.0,0.0,0.0,7.0,2018,4,annual,7.0,0.0
798,ida_df17052a5b44a60d9278,Gross Disbursements,Georgia,IDA,EUROPE AND CENTRAL ASIA,FY18,0.0,7.0,0.0,0.0,7.0,2018,4,annual,7.0,0.0
799,ida_41769e536caa69e4ead1,Gross Disbursements,St. Lucia,IDA,LATIN AMERICA AND CARIBBEAN,FY18,0.0,6.0,0.0,0.0,6.0,2018,4,annual,6.0,0.0
800,ida_ffe32fdcd54f2f95a10c,Gross Disbursements,Central Asia,IDA,EUROPE AND CENTRAL ASIA,FY18,0.0,3.0,0.0,0.0,3.0,2018,4,annual,3.0,0.0
801,ida_210bf588150bf2a5878e,Gross Disbursements,Pacific Islands,IDA,EAST ASIA AND PACIFIC,FY18,0.0,3.0,0.0,0.0,3.0,2018,4,annual,3.0,0.0
802,ida_00ca02bc088dc0dae059,Gross Disbursements,Mekong,IDA,EAST ASIA AND PACIFIC,FY18,0.0,2.0,0.0,0.0,2.0,2018,4,annual,2.0,0.0
803,ida_8bdec800d46975eaa1e1,Gross Disbursements,Albania,IDA,EUROPE AND CENTRAL ASIA,FY18,0.0,2.0,0.0,0.0,2.0,2018,4,annual,2.0,0.0
804,ida_f4b3c1a1bbaf54df29b4,Gross Disbursements,Caribbean,IDA,LATIN AMERICA AND CARIBBEAN,FY18,0.0,0.0,0.0,0.0,0.0,2018,4,annual,0.0,0.0
805,ida_b4681a974ed2b1d2ee90,Gross Disbursements,Lebanon,IDA,MIDDLE EAST AND NORTH AFRICA,FY18,0.0,0.0,0.0,25.0,25.0,2018,4,annual,25.0,0.0
806,ida_5deb60811364ab3ec71e,Gross Disbursements,Azerbaijan,IDA,EUROPE AND CENTRAL ASIA,FY18,0.0,52.0,0.0,0.0,52.0,2018,4,annual,52.0,0.0
807,ida_5d1337a6815f1cf692da,Commitments,Ethiopia,IDA,AFRICA,FY17,0.0,753.0,0.0,150.0,903.0,2017,4,annual,903.0,0.0
808,ida_1ed6c86d48afc35dca3a,Commitments,Bangladesh,IDA,SOUTH ASIA,FY17,0.0,1152.0,0.0,0.0,1152.0,2017,4,annual,1152.0,0.0
809,ida_9005e9e8b3f0e727f25a,Commitments,Nigeria,IDA,AFRICA,FY17,0.0,640.0,0.0,961.0,1601.0,2017,4,annual,1601.0,0.0
810,ida_cfa5d611ba7ecdd46930,Commitments,Pakistan,IDA,SOUTH ASIA,FY17,302.0,335.0,0.0,100.0,736.0,2017,4,annual,737.0,-1.0
811,ida_e1ed8c6cf289f23985c5,Commitments,Kenya,IDA,AFRICA,FY17,0.0,850.0,0.0,50.0,900.0,2017,4,annual,900.0,0.0
812,ida_a839b5799e196fc250fc,Commitments,Cote d'Ivoire,IDA,AFRICA,FY17,125.0,585.0,0.0,0.0,710.0,2017,4,annual,710.0,0.0
813,ida_97258f238c0b3b1c0ba5,Commitments,Tanzania,IDA,AFRICA,FY17,0.0,1125.0,0.0,80.0,1205.0,2017,4,annual,1205.0,0.0
814,ida_a6d4ffaff5ef7f650037,Commitments,Uzbekistan,IDA,EUROPE AND CENTRAL ASIA,FY17,0.0,323.0,0.0,0.0,323.0,2017,4,annual,323.0,0.0
815,ida_c7798aa1e02f06d619b1,Commitments,Nepal,IDA,SOUTH ASIA,FY17,100.0,205.0,0.0,335.0,640.0,2017,4,annual,640.0,0.0
816,ida_d8394805f8fcbda6c6dd,Commitments,Uganda,IDA,AFRICA,FY17,0.0,150.0,0.0,200.0,350.0,2017,4,annual,350.0,0.0
817,ida_6c138916559621f4c973,Commitments,Burkina Faso,IDA,AFRICA,FY17,150.0,120.0,0.0,0.0,270.0,2017,4,annual,270.0,0.0
818,ida_bb2e6be829d0c462506e,Commitments,Mozambique,IDA,AFRICA,FY17,0.0,104.0,0.0,0.0,104.0,2017,4,annual,104.0,0.0
819,ida_59e050a2a7d0fecfb5ae,Commitments,Cameroon,IDA,AFRICA,FY17,0.0,153.0,0.0,0.0,153.0,2017,4,annual,153.0,0.0
820,ida_2326b16cce03c41e594b,Commitments,Rwanda,IDA,AFRICA,FY17,95.0,81.0,0.0,46.0,222.0,2017,4,annual,222.0,0.0
821,ida_12d96b8635a2e7df81ff,Commitments,Senegal,IDA,AFRICA,FY17,60.0,570.0,0.0,0.0,630.0,2017,4,annual,630.0,0.0
822,ida_9ab7ceb9d4b72a4eb963,Commitments,"Yemen, Republic of",IDA,MIDDLE EAST AND NORTH AFRICA,FY17,0.0,783.0,0.0,0.0,783.0,2017,4,annual,783.0,0.0
823,ida_a67703cb680f3b3f810e,Commitments,Madagascar,IDA,AFRICA,FY17,65.0,195.0,0.0,0.0,260.0,2017,4,annual,260.0,0.0
824,ida_e182eaa5dd209f1c81e6,Commitments,Afghanistan,IDA,SOUTH ASIA,FY17,100.0,349.0,0.0,0.0,448.0,2017,4,annual,449.0,-1.0
825,ida_043df8c11bc83e406ab4,Commitments,Benin,IDA,AFRICA,FY17,0.0,193.0,0.0,0.0,193.0,2017,4,annual,193.0,0.0
826,ida_efc85185d4aec7e2a63e,Commitments,Niger,IDA,AFRICA,FY17,50.0,86.0,0.0,0.0,136.0,2017,4,annual,136.0,0.0
827,ida_6403b56618da8b1c1310,Commitments,Malawi,IDA,AFRICA,FY17,80.0,341.0,0.0,0.0,421.0,2017,4,annual,421.0,0.0
828,ida_29b050f1be877df0ce44,Commitments,Ghana,IDA,AFRICA,FY17,0.0,251.0,0.0,0.0,251.0,2017,4,annual,251.0,0.0
829,ida_4d49ca3f467f0b810766,Commitments,Mali,IDA,AFRICA,FY17,50.0,51.0,0.0,0.0,101.0,2017,4,annual,101.0,0.0
830,ida_0c3e382a42c293fc805c,Commitments,Western Africa,IDA,AFRICA,FY17,0.0,0.0,0.0,0.0,0.0,2017,4,annual,0.0,0.0
831,ida_a4b4d1d2ed35e4b128bf,Commitments,"Congo, Democratic Republic of",IDA,AFRICA,FY17,0.0,525.0,0.0,0.0,525.0,2017,4,annual,525.0,0.0
832,ida_48024be6f4b91d20a0e9,Commitments,Cambodia,IDA,EAST ASIA AND PACIFIC,FY17,0.0,120.0,0.0,0.0,120.0,2017,4,annual,120.0,0.0
833,ida_48597861a4b5cdc645cf,Commitments,Togo,IDA,AFRICA,FY17,0.0,113.0,0.0,0.0,113.0,2017,4,annual,113.0,0.0
834,ida_ad58b056228d6bd57311,Commitments,Nicaragua,IDA,LATIN AMERICA AND CARIBBEAN,FY17,0.0,194.0,0.0,0.0,195.0,2017,4,annual,194.0,1.0
835,ida_a394f366a1dbe8a4ef6c,Commitments,Lao People's Democratic Republic,IDA,EAST ASIA AND PACIFIC,FY17,39.0,25.0,0.0,0.0,64.0,2017,4,annual,64.0,0.0
836,ida_cf00f7db2176ad18c935,Commitments,Kyrgyz Republic,IDA,EUROPE AND CENTRAL ASIA,FY17,24.0,65.0,0.0,0.0,89.0,2017,4,annual,89.0,0.0
837,ida_b9b545d313652100256e,Commitments,Burundi,IDA,AFRICA,FY17,0.0,190.0,0.0,0.0,190.0,2017,4,annual,190.0,0.0
838,ida_d59ba6d48b0a32b10402,Commitments,Mongolia,IDA,EAST ASIA AND PACIFIC,FY17,0.0,99.0,0.0,0.0,99.0,2017,4,annual,99.0,0.0
839,ida_8ffc2b9b82b037ec251a,Commitments,Guinea,IDA,AFRICA,FY17,0.0,75.0,0.0,0.0,75.0,2017,4,annual,75.0,0.0
840,ida_0c1eef289d7add579ec1,Commitments,Mauritania,IDA,AFRICA,FY17,26.0,17.0,0.0,0.0,43.0,2017,4,annual,43.0,0.0
841,ida_a8385ebd87978ba25fac,Commitments,Haiti,IDA,LATIN AMERICA AND CARIBBEAN,FY17,0.0,186.0,0.0,0.0,186.0,2017,4,annual,186.0,0.0
842,ida_d519e20fef7bc50dd4a7,Commitments,"Congo, Republic of",IDA,AFRICA,FY17,0.0,55.0,0.0,0.0,55.0,2017,4,annual,55.0,0.0
843,ida_78d8d35803c262411b70,Commitments,Sri Lanka,IDA,SOUTH ASIA,FY17,100.0,150.0,0.0,33.0,283.0,2017,4,annual,283.0,0.0
844,ida_22711e3aa072b80d2449,Commitments,Sierra Leone,IDA,AFRICA,FY17,30.0,60.0,0.0,0.0,90.0,2017,4,annual,90.0,0.0
845,ida_3f4fb8d4f1d173e35316,Commitments,Chad,IDA,AFRICA,FY17,145.0,67.0,0.0,0.0,212.0,2017,4,annual,212.0,0.0
846,ida_f9242338e00010319ef6,Commitments,Central African Republic,IDA,AFRICA,FY17,20.0,123.0,0.0,0.0,143.0,2017,4,annual,143.0,0.0
847,ida_a81e0611bb17c982b93c,Commitments,Vietnam,IDA,EAST ASIA AND PACIFIC,FY17,0.0,1359.0,0.0,153.0,1512.0,2017,4,annual,1512.0,0.0
848,ida_b5947950e823ec73ef2d,Commitments,Liberia,IDA,AFRICA,FY17,52.0,55.0,0.0,0.0,107.0,2017,4,annual,107.0,0.0
849,ida_9c27d7125d1aabc564c6,Commitments,"Gambia, The",IDA,AFRICA,FY17,56.0,20.0,0.0,0.0,76.0,2017,4,annual,76.0,0.0
850,ida_8a27933daca62b9b96e6,Commitments,Tajikistan,IDA,EUROPE AND CENTRAL ASIA,FY17,0.0,226.0,0.0,0.0,226.0,2017,4,annual,226.0,0.0
851,ida_2fcb4b75267dba0ec9f9,Commitments,Dominica,IDA,LATIN AMERICA AND CARIBBEAN,FY17,0.0,0.0,0.0,0.0,0.0,2017,4,annual,0.0,0.0
852,ida_c8095d8fbcd0b7ef86ce,Commitments,Zambia,IDA,AFRICA,FY17,0.0,353.0,0.0,0.0,353.0,2017,4,annual,353.0,0.0
853,ida_bbec1f28d26ba883bde1,Commitments,Bolivia,IDA,LATIN AMERICA AND CARIBBEAN,FY17,0.0,30.0,0.0,0.0,30.0,2017,4,annual,30.0,0.0
854,ida_dc1d88209cbd09a5bfeb,Commitments,Marshall Islands,IDA,EAST ASIA AND PACIFIC,FY17,0.0,20.0,0.0,0.0,20.0,2017,4,annual,20.0,0.0
855,ida_a64d5bd231423c6d3886,Commitments,Guinea-Bissau,IDA,AFRICA,FY17,0.0,81.0,0.0,0.0,81.0,2017,4,annual,81.0,0.0
856,ida_1e64bb2cab4161bcdc93,Commitments,Cabo Verde,IDA,AFRICA,FY17,0.0,27.0,0.0,0.0,27.0,2017,4,annual,27.0,0.0
857,ida_5382ea00b6a80c3f47f5,Commitments,Central Africa,IDA,AFRICA,FY17,0.0,0.0,0.0,0.0,0.0,2017,4,annual,0.0,0.0
858,ida_9e3ea21b29707e807f26,Commitments,Guyana,IDA,LATIN AMERICA AND CARIBBEAN,FY17,0.0,19.0,0.0,0.0,19.0,2017,4,annual,19.0,0.0
859,ida_30d2ab238a3a577eb89e,Commitments,Grenada,IDA,LATIN AMERICA AND CARIBBEAN,FY17,9.0,2.0,0.0,0.0,12.0,2017,4,annual,11.0,1.0
860,ida_45e3489b9a7e460df3a3,Commitments,Djibouti,IDA,MIDDLE EAST AND NORTH AFRICA,FY17,0.0,28.0,0.0,0.0,28.0,2017,4,annual,28.0,0.0
861,ida_feb09e44925f632a1d64,Commitments,Bhutan,IDA,SOUTH ASIA,FY17,24.0,0.0,0.0,0.0,24.0,2017,4,annual,24.0,0.0
862,ida_0e915ed6148e9d6a5cba,Commitments,Lesotho,IDA,AFRICA,FY17,0.0,33.0,0.0,0.0,33.0,2017,4,annual,33.0,0.0
863,ida_e7576d73e56cdc10e647,Commitments,Africa,IDA,AFRICA,FY17,0.0,20.0,0.0,0.0,20.0,2017,4,annual,20.0,0.0
864,ida_80a02f172874785c72c4,Commitments,Sao Tome and Principe,IDA,AFRICA,FY17,5.0,16.0,0.0,0.0,21.0,2017,4,annual,21.0,0.0
865,ida_d7c9de47e6c87d3ca545,Commitments,Moldova,IDA,EUROPE AND CENTRAL ASIA,FY17,18.0,23.0,0.0,0.0,41.0,2017,4,annual,41.0,0.0
866,ida_d93a635d8c50b553f280,Commitments,Solomon Islands,IDA,EAST ASIA AND PACIFIC,FY17,0.0,36.0,0.0,0.0,36.0,2017,4,annual,36.0,0.0
867,ida_e9173a674090847d7cc6,Commitments,Maldives,IDA,SOUTH ASIA,FY17,0.0,36.0,0.0,0.0,36.0,2017,4,annual,36.0,0.0
868,ida_aab438b4dc2ee506a6d6,Commitments,"Micronesia, Federated States of",IDA,EAST ASIA AND PACIFIC,FY17,0.0,16.0,0.0,0.0,16.0,2017,4,annual,16.0,0.0
869,ida_6504fddd34aaaaaea3af,Commitments,Tonga,IDA,EAST ASIA AND PACIFIC,FY17,5.0,0.0,0.0,0.0,5.0,2017,4,annual,5.0,0.0
870,ida_830097b550906f110860,Commitments,Tuvalu,IDA,EAST ASIA AND PACIFIC,FY17,3.0,0.0,0.0,0.0,3.0,2017,4,annual,3.0,0.0
871,ida_a3174ba84c4c37816732,Commitments,Kiribati,IDA,EAST ASIA AND PACIFIC,FY17,2.0,20.0,0.0,0.0,22.0,2017,4,annual,22.0,0.0
872,ida_54a44bcde6c55ddcbadd,Commitments,Samoa,IDA,EAST ASIA AND PACIFIC,FY17,5.0,0.0,0.0,0.0,5.0,2017,4,annual,5.0,0.0
873,ida_3b31a53e56111e17f707,Commitments,Pacific Islands,IDA,EAST ASIA AND PACIFIC,FY17,0.0,4.0,0.0,0.0,4.0,2017,4,annual,4.0,0.0
874,ida_dd81fc77eef3bdb898f8,Commitments,Comoros,IDA,AFRICA,FY17,0.0,3.0,0.0,0.0,3.0,2017,4,annual,3.0,0.0
875,ida_3278edaeef6edbd02235,Commitments,Eastern Africa,IDA,AFRICA,FY17,0.0,53.0,0.0,0.0,53.0,2017,4,annual,53.0,0.0
876,ida_9b5c02618d2606d03c40,Commitments,South Sudan,IDA,AFRICA,FY17,0.0,50.0,0.0,0.0,50.0,2017,4,annual,50.0,0.0
877,ida_e8e38c8d6341d382f05a,Commitments,Myanmar,IDA,EAST ASIA AND PACIFIC,FY17,200.0,416.0,0.0,0.0,616.0,2017,4,annual,616.0,0.0
878,ida_fc674fa24ca0abd7a3c5,Commitments,Papua New Guinea,IDA,EAST ASIA AND PACIFIC,FY17,0.0,128.0,0.0,0.0,128.0,2017,4,annual,128.0,0.0
879,ida_7d141a4aa8608e25e2d1,Commitments,Timor-Leste,IDA,EAST ASIA AND PACIFIC,FY17,0.0,35.0,0.0,0.0,35.0,2017,4,annual,35.0,0.0
880,ida_d57a17065a78d5f9eaea,Commitments,Vanuatu,IDA,EAST ASIA AND PACIFIC,FY17,0.0,18.0,0.0,0.0,18.0,2017,4,annual,18.0,0.0
881,ida_3709e02bf533376d6ede,Commitments,Kosovo,IDA,EUROPE AND CENTRAL ASIA,FY17,0.0,62.0,0.0,0.0,62.0,2017,4,annual,62.0,0.0
882,ida_38b689ebfe24ded5d842,Commitments,Honduras,IDA,LATIN AMERICA AND CARIBBEAN,FY17,0.0,25.0,0.0,0.0,25.0,2017,4,annual,25.0,0.0
883,ida_287b5a7d0174bdcb0dcb,Commitments,St. Lucia,IDA,LATIN AMERICA AND CARIBBEAN,FY17,0.0,17.0,0.0,0.0,17.0,2017,4,annual,17.0,0.0
884,ida_29f2391b5519b6ba6c88,Commitments,St. Vincent and the Grenadines,IDA,LATIN AMERICA AND CARIBBEAN,FY17,0.0,20.0,0.0,0.0,20.0,2017,4,annual,20.0,0.0
885,ida_ca2d9663fbf161a4de1b,Commitments,Jordan,IDA,MIDDLE EAST AND NORTH AFRICA,FY17,0.0,0.0,0.0,100.0,100.0,2017,4,annual,100.0,0.0
886,ida_b6ab95bdf09790c7350f,Commitments,Lebanon,IDA,MIDDLE EAST AND NORTH AFRICA,FY17,0.0,0.0,0.0,100.0,100.0,2017,4,annual,100.0,0.0
887,ida_b0092e0914260607732c,Commitments,World,IDA,OTHER,FY17,0.0,0.0,0.0,0.0,50.0,2017,4,annual,0.0,50.0
888,ida_51e5de39c720b46685e1,Commitments,India,IDA,SOUTH ASIA,FY17,0.0,383.0,0.0,125.0,508.0,2017,4,annual,508.0,0.0
889,ida_5d9e318d6c25593a064e,Gross Disbursements,Ethiopia,IDA,AFRICA,FY17,0.0,824.0,0.0,223.0,1047.0,2017,4,annual,1047.0,0.0
890,ida_d995c2b33640326e9965,Gross Disbursements,Bangladesh,IDA,SOUTH ASIA,FY17,0.0,1298.0,0.0,9.0,1307.0,2017,4,annual,1307.0,0.0
891,ida_10cebe82008bfc0db236,Gross Disbursements,India,IDA,SOUTH ASIA,FY17,0.0,1298.0,0.0,26.0,1324.0,2017,4,annual,1324.0,0.0
892,ida_6ef16f939225fe44f1b9,Gross Disbursements,Nigeria,IDA,AFRICA,FY17,0.0,807.0,0.0,0.0,807.0,2017,4,annual,807.0,0.0
893,ida_a7098d803360313d5fa5,Gross Disbursements,Tanzania,IDA,AFRICA,FY17,0.0,350.0,0.0,112.0,462.0,2017,4,annual,462.0,0.0
894,ida_be6225714fe000b2521b,Gross Disbursements,Vietnam,IDA,EAST ASIA AND PACIFIC,FY17,88.0,580.0,0.0,74.0,743.0,2017,4,annual,742.0,1.0
895,ida_1bfccdd6c63f123e2ce7,Gross Disbursements,Kenya,IDA,AFRICA,FY17,0.0,501.0,0.0,76.0,577.0,2017,4,annual,577.0,0.0
896,ida_2d7e7a1658acdecbed65,Gross Disbursements,Pakistan,IDA,SOUTH ASIA,FY17,301.0,354.0,0.0,9.0,664.0,2017,4,annual,664.0,0.0
897,ida_ac3ddcf490ff2684e4dd,Gross Disbursements,"Yemen, Republic of",IDA,MIDDLE EAST AND NORTH AFRICA,FY17,0.0,330.0,0.0,0.0,330.0,2017,4,annual,330.0,0.0
898,ida_953c7da50c24ab420c0b,Gross Disbursements,Nepal,IDA,SOUTH ASIA,FY17,98.0,208.0,0.0,13.0,319.0,2017,4,annual,319.0,0.0
899,ida_31d50122bea737b980d8,Gross Disbursements,"Congo, Democratic Republic of",IDA,AFRICA,FY17,0.0,396.0,0.0,0.0,396.0,2017,4,annual,396.0,0.0
900,ida_74512c43cb8327fde0b4,Gross Disbursements,Ghana,IDA,AFRICA,FY17,0.0,259.0,0.0,0.0,259.0,2017,4,annual,259.0,0.0
901,ida_d881a0c3bb2f7ea1caf8,Gross Disbursements,Burkina Faso,IDA,AFRICA,FY17,145.0,186.0,0.0,8.0,340.0,2017,4,annual,339.0,1.0
902,ida_c6b684e8be0f8d1c381d,Gross Disbursements,Rwanda,IDA,AFRICA,FY17,91.0,97.0,0.0,84.0,273.0,2017,4,annual,272.0,1.0
903,ida_4d9dd4690e532ed69276,Gross Disbursements,Niger,IDA,AFRICA,FY17,51.0,146.0,0.0,0.0,197.0,2017,4,annual,197.0,0.0
904,ida_d74176d98551d660e6fa,Gross Disbursements,Cote d'Ivoire,IDA,AFRICA,FY17,121.0,80.0,0.0,0.0,200.0,2017,4,annual,201.0,-1.0
905,ida_0a9c7774cc7be7b27d6c,Gross Disbursements,Uganda,IDA,AFRICA,FY17,0.0,209.0,0.0,29.0,238.0,2017,4,annual,238.0,0.0
906,ida_3e0371a86b05d5bc5700,Gross Disbursements,Mozambique,IDA,AFRICA,FY17,0.0,212.0,0.0,11.0,222.0,2017,4,annual,223.0,-1.0
907,ida_2a3212f6328a3f60dafb,Gross Disbursements,Mali,IDA,AFRICA,FY17,0.0,117.0,0.0,0.0,117.0,2017,4,annual,117.0,0.0
908,ida_12e2206edb9d53ed8370,Gross Disbursements,Madagascar,IDA,AFRICA,FY17,62.0,93.0,0.0,0.0,156.0,2017,4,annual,155.0,1.0
909,ida_ee5c2484a1b3c58412df,Gross Disbursements,Senegal,IDA,AFRICA,FY17,0.0,149.0,0.0,0.0,149.0,2017,4,annual,149.0,0.0
910,ida_43e04898ebf89d198d25,Gross Disbursements,Malawi,IDA,AFRICA,FY17,0.0,237.0,0.0,0.0,237.0,2017,4,annual,237.0,0.0
911,ida_1dd307feef2208925d62,Gross Disbursements,Myanmar,IDA,EAST ASIA AND PACIFIC,FY17,0.0,182.0,0.0,0.0,182.0,2017,4,annual,182.0,0.0
912,ida_a058f1ee9f4a262934e9,Gross Disbursements,Sri Lanka,IDA,SOUTH ASIA,FY17,100.0,157.0,0.0,0.0,257.0,2017,4,annual,257.0,0.0
913,ida_4cdaf6954269101c4ad4,Gross Disbursements,Afghanistan,IDA,SOUTH ASIA,FY17,0.0,69.0,0.0,0.0,69.0,2017,4,annual,69.0,0.0
914,ida_14177bb6932207450ab7,Gross Disbursements,Cameroon,IDA,AFRICA,FY17,0.0,126.0,0.0,0.0,126.0,2017,4,annual,126.0,0.0
915,ida_80990ea6e52af0b5ca3f,Gross Disbursements,Mongolia,IDA,EAST ASIA AND PACIFIC,FY17,0.0,17.0,0.0,0.0,17.0,2017,4,annual,17.0,0.0
916,ida_58d97930d560be6c7166,Gross Disbursements,Zambia,IDA,AFRICA,FY17,0.0,103.0,0.0,0.0,103.0,2017,4,annual,103.0,0.0
917,ida_bf1026794dbd14d00ebc,Gross Disbursements,Chad,IDA,AFRICA,FY17,78.0,13.0,0.0,0.0,91.0,2017,4,annual,91.0,0.0
918,ida_ef8c7b774929c53fd5e2,Gross Disbursements,Benin,IDA,AFRICA,FY17,0.0,72.0,0.0,0.0,72.0,2017,4,annual,72.0,0.0
919,ida_1b0e47631f81354bfd47,Gross Disbursements,Liberia,IDA,AFRICA,FY17,51.0,34.0,0.0,0.0,85.0,2017,4,annual,85.0,0.0
920,ida_7b4e05cf60f7471ddd87,Gross Disbursements,"Gambia, The",IDA,AFRICA,FY17,0.0,22.0,0.0,0.0,22.0,2017,4,annual,22.0,0.0
921,ida_1074e57a5c14953cb85c,Gross Disbursements,Haiti,IDA,LATIN AMERICA AND CARIBBEAN,FY17,0.0,56.0,0.0,0.0,56.0,2017,4,annual,56.0,0.0
922,ida_4157015d686e5786ca5c,Gross Disbursements,Central African Republic,IDA,AFRICA,FY17,19.0,17.0,0.0,0.0,36.0,2017,4,annual,36.0,0.0
923,ida_e1ca54e12150f51a1798,Gross Disbursements,Nicaragua,IDA,LATIN AMERICA AND CARIBBEAN,FY17,0.0,58.0,0.0,0.0,58.0,2017,4,annual,58.0,0.0
924,ida_ce46ff5387399e62fad3,Gross Disbursements,Togo,IDA,AFRICA,FY17,0.0,13.0,0.0,0.0,13.0,2017,4,annual,13.0,0.0
925,ida_64a013f22cf5676e3cc2,Gross Disbursements,Sierra Leone,IDA,AFRICA,FY17,0.0,24.0,0.0,0.0,24.0,2017,4,annual,24.0,0.0
926,ida_6b99708ba7a498de14cf,Gross Disbursements,South Sudan,IDA,AFRICA,FY17,0.0,20.0,0.0,0.0,20.0,2017,4,annual,20.0,0.0
927,ida_be2fd08db7f4f4f9a030,Gross Disbursements,Uzbekistan,IDA,EUROPE AND CENTRAL ASIA,FY17,0.0,95.0,0.0,0.0,95.0,2017,4,annual,95.0,0.0
928,ida_96583a35cdc924f09667,Gross Disbursements,Burundi,IDA,AFRICA,FY17,0.0,47.0,0.0,0.0,47.0,2017,4,annual,47.0,0.0
929,ida_d00fc03b555c2aae37bc,Gross Disbursements,Guinea,IDA,AFRICA,FY17,39.0,46.0,0.0,0.0,85.0,2017,4,annual,85.0,0.0
930,ida_e05510715beabcaef844,Gross Disbursements,Lao People's Democratic Republic,IDA,EAST ASIA AND PACIFIC,FY17,40.0,46.0,0.0,0.0,85.0,2017,4,annual,86.0,-1.0
931,ida_37e980115d5252f930e4,Gross Disbursements,Angola,IDA,AFRICA,FY17,0.0,50.0,0.0,0.0,50.0,2017,4,annual,50.0,0.0
932,ida_d68ccd8c7ccd22f0e222,Gross Disbursements,Mauritania,IDA,AFRICA,FY17,25.0,29.0,0.0,0.0,54.0,2017,4,annual,54.0,0.0
933,ida_567b3518ab3d58b183da,Gross Disbursements,Azerbaijan,IDA,EUROPE AND CENTRAL ASIA,FY17,0.0,22.0,0.0,0.0,22.0,2017,4,annual,22.0,0.0
934,ida_ddd5bf4b65a182faaea4,Gross Disbursements,Tajikistan,IDA,EUROPE AND CENTRAL ASIA,FY17,0.0,29.0,0.0,0.0,29.0,2017,4,annual,29.0,0.0
935,ida_7a7e89f5552135b5bbff,Gross Disbursements,Kyrgyz Republic,IDA,EUROPE AND CENTRAL ASIA,FY17,23.0,23.0,0.0,0.0,46.0,2017,4,annual,46.0,0.0
936,ida_efc77521439584e0ad31,Gross Disbursements,Western Africa,IDA,AFRICA,FY17,0.0,3.0,0.0,0.0,3.0,2017,4,annual,3.0,0.0
937,ida_07ffe497cd4ec2cc2738,Gross Disbursements,Bhutan,IDA,SOUTH ASIA,FY17,24.0,3.0,0.0,0.0,27.0,2017,4,annual,27.0,0.0
938,ida_f93a0d61e81a56638875,Gross Disbursements,Lesotho,IDA,AFRICA,FY17,0.0,23.0,0.0,0.0,23.0,2017,4,annual,23.0,0.0
939,ida_0d9bc9dc62d5ca859951,Gross Disbursements,Papua New Guinea,IDA,EAST ASIA AND PACIFIC,FY17,0.0,32.0,0.0,0.0,32.0,2017,4,annual,32.0,0.0
940,ida_4e53051b1543e0b14eb6,Gross Disbursements,Vanuatu,IDA,EAST ASIA AND PACIFIC,FY17,0.0,7.0,0.0,0.0,7.0,2017,4,annual,7.0,0.0
941,ida_57a302933cd00ce4ff98,Gross Disbursements,Samoa,IDA,EAST ASIA AND PACIFIC,FY17,0.0,14.0,0.0,0.0,14.0,2017,4,annual,14.0,0.0
942,ida_e3c35aa69a02d48f6c45,Gross Disbursements,"Congo, Republic of",IDA,AFRICA,FY17,0.0,10.0,0.0,0.0,10.0,2017,4,annual,10.0,0.0
943,ida_c26a0078d619c6a76600,Gross Disbursements,Bosnia and Herzegovina,IDA,EUROPE AND CENTRAL ASIA,FY17,0.0,48.0,0.0,0.0,48.0,2017,4,annual,48.0,0.0
944,ida_3b7a79aaa20192c2555d,Gross Disbursements,Eastern Africa,IDA,AFRICA,FY17,0.0,25.0,0.0,0.0,25.0,2017,4,annual,25.0,0.0
945,ida_636f33f32a08a4342a8e,Gross Disbursements,Bolivia,IDA,LATIN AMERICA AND CARIBBEAN,FY17,0.0,56.0,0.0,0.0,56.0,2017,4,annual,56.0,0.0
946,ida_d980541e4a60939d072b,Gross Disbursements,Africa,IDA,AFRICA,FY17,0.0,31.0,0.0,0.0,31.0,2017,4,annual,31.0,0.0
947,ida_8375fe9955cf2d690ef1,Gross Disbursements,Lebanon,IDA,MIDDLE EAST AND NORTH AFRICA,FY17,0.0,0.0,0.0,0.0,0.0,2017,4,annual,0.0,0.0
948,ida_f0d08e7eadc0cefc28b2,Gross Disbursements,Cambodia,IDA,EAST ASIA AND PACIFIC,FY17,0.0,9.0,0.0,0.0,9.0,2017,4,annual,9.0,0.0
949,ida_47439f50a25b9515b0a3,Gross Disbursements,Comoros,IDA,AFRICA,FY17,0.0,5.0,0.0,0.0,5.0,2017,4,annual,5.0,0.0
950,ida_e7cc6c48a22ef33407b1,Gross Disbursements,Guinea-Bissau,IDA,AFRICA,FY17,0.0,10.0,0.0,0.0,10.0,2017,4,annual,10.0,0.0
951,ida_4da8ce65a9a16153c1e3,Gross Disbursements,Moldova,IDA,EUROPE AND CENTRAL ASIA,FY17,17.0,19.0,0.0,2.0,38.0,2017,4,annual,38.0,0.0
952,ida_c9ec3530b5f45575f7f6,Gross Disbursements,"Micronesia, Federated States of",IDA,EAST ASIA AND PACIFIC,FY17,0.0,5.0,0.0,0.0,5.0,2017,4,annual,5.0,0.0
953,ida_dfdadd03d72998909ced,Gross Disbursements,Djibouti,IDA,MIDDLE EAST AND NORTH AFRICA,FY17,0.0,13.0,0.0,0.0,13.0,2017,4,annual,13.0,0.0
954,ida_1476830ef980ca728e8e,Gross Disbursements,Honduras,IDA,LATIN AMERICA AND CARIBBEAN,FY17,0.0,28.0,0.0,0.0,28.0,2017,4,annual,28.0,0.0
955,ida_e50cd17dff4a29a77b2a,Gross Disbursements,Kiribati,IDA,EAST ASIA AND PACIFIC,FY17,2.0,6.0,0.0,0.0,8.0,2017,4,annual,8.0,0.0
956,ida_f2c797bab3b0428ae14a,Gross Disbursements,Armenia,IDA,EUROPE AND CENTRAL ASIA,FY17,0.0,14.0,0.0,0.0,14.0,2017,4,annual,14.0,0.0
957,ida_3ba9e588b4388c3b5c96,Gross Disbursements,Dominica,IDA,LATIN AMERICA AND CARIBBEAN,FY17,0.0,1.0,0.0,0.0,1.0,2017,4,annual,1.0,0.0
958,ida_24b2f1f7921e12e31c18,Gross Disbursements,Maldives,IDA,SOUTH ASIA,FY17,0.0,3.0,0.0,0.0,3.0,2017,4,annual,3.0,0.0
959,ida_df731a034e6e19744d32,Gross Disbursements,Tonga,IDA,EAST ASIA AND PACIFIC,FY17,5.0,5.0,0.0,0.0,11.0,2017,4,annual,10.0,1.0
960,ida_0e5a7af130c7f5be20e5,Gross Disbursements,Jordan,IDA,MIDDLE EAST AND NORTH AFRICA,FY17,0.0,0.0,0.0,48.0,48.0,2017,4,annual,48.0,0.0
961,ida_63816a518bf2e3bd49cb,Gross Disbursements,Georgia,IDA,EUROPE AND CENTRAL ASIA,FY17,0.0,5.0,0.0,0.0,5.0,2017,4,annual,5.0,0.0
962,ida_27ed4b07b62ffefb0e10,Gross Disbursements,Timor-Leste,IDA,EAST ASIA AND PACIFIC,FY17,0.0,14.0,0.0,0.0,14.0,2017,4,annual,14.0,0.0
963,ida_0fd2686c5caaf42ab9a5,Gross Disbursements,Kosovo,IDA,EUROPE AND CENTRAL ASIA,FY17,0.0,11.0,0.0,0.0,11.0,2017,4,annual,11.0,0.0
964,ida_0e2e3bf9c8fd767d43fe,Gross Disbursements,Guyana,IDA,LATIN AMERICA AND CARIBBEAN,FY17,0.0,10.0,0.0,0.0,10.0,2017,4,annual,10.0,0.0
965,ida_6dca2cd2e2f1423e2013,Gross Disbursements,St. Lucia,IDA,LATIN AMERICA AND CARIBBEAN,FY17,0.0,4.0,0.0,0.0,4.0,2017,4,annual,4.0,0.0
966,ida_30501a1e3869c1ab904f,Gross Disbursements,Tuvalu,IDA,EAST ASIA AND PACIFIC,FY17,3.0,4.0,0.0,0.0,7.0,2017,4,annual,7.0,0.0
967,ida_d8b73b47c2903c7e7f11,Gross Disbursements,Solomon Islands,IDA,EAST ASIA AND PACIFIC,FY17,0.0,7.0,0.0,0.0,7.0,2017,4,annual,7.0,0.0
968,ida_1b539bb621017e6d7222,Gross Disbursements,Cabo Verde,IDA,AFRICA,FY17,0.0,1.0,0.0,0.0,1.0,2017,4,annual,1.0,0.0
969,ida_989791d4e1258945d976,Gross Disbursements,Central Asia,IDA,EUROPE AND CENTRAL ASIA,FY17,0.0,2.0,0.0,0.0,2.0,2017,4,annual,2.0,0.0
970,ida_60dd105c8fe182acf41d,Gross Disbursements,Pacific Islands,IDA,EAST ASIA AND PACIFIC,FY17,0.0,2.0,0.0,0.0,2.0,2017,4,annual,2.0,0.0
971,ida_11c6f0bd555ab667accc,Gross Disbursements,Albania,IDA,EUROPE AND CENTRAL ASIA,FY17,0.0,1.0,0.0,0.0,1.0,2017,4,annual,1.0,0.0
972,ida_a8db4b6be28a0bc147c9,Gross Disbursements,Mekong,IDA,EAST ASIA AND PACIFIC,FY17,0.0,1.0,0.0,0.0,1.0,2017,4,annual,1.0,0.0
973,ida_31fdde28f4a4b406e157,Gross Disbursements,Marshall Islands,IDA,EAST ASIA AND PACIFIC,FY17,0.0,1.0,0.0,0.0,1.0,2017,4,annual,1.0,0.0
974,ida_f78011cf4101716bd770,Gross Disbursements,Grenada,IDA,LATIN AMERICA AND CARIBBEAN,FY17,9.0,4.0,0.0,0.0,13.0,2017,4,annual,13.0,0.0
975,ida_0f6ae35d4d194dc47906,Gross Disbursements,St. Vincent and the Grenadines,IDA,LATIN AMERICA AND CARIBBEAN,FY17,0.0,1.0,0.0,0.0,1.0,2017,4,annual,1.0,0.0
976,ida_08e6fcc3fb661b63ccb1,Gross Disbursements,Sao Tome and Principe,IDA,AFRICA,FY17,5.0,2.0,0.0,0.0,7.0,2017,4,annual,7.0,0.0
977,ida_5552315a81b9880d1a97,Gross Disbursements,Caribbean,IDA,LATIN AMERICA AND CARIBBEAN,FY17,0.0,1.0,0.0,0.0,1.0,2017,4,annual,1.0,0.0
978,ida_763183d7877997a34683,Gross Disbursements,Botswana,IDA,AFRICA,FY17,0.0,0.0,0.0,0.0,0.0,2017,4,annual,0.0,0.0
979,ida_e90b96359f115ec405cc,Gross Disbursements,Central Africa,IDA,AFRICA,FY17,0.0,1.0,0.0,0.0,1.0,2017,4,annual,1.0,0.0
980,ida_c6d1366fa5f73a71c1cf,Gross Disbursements,Equatorial Guinea,IDA,AFRICA,FY17,0.0,0.0,0.0,0.0,0.0,2017,4,annual,0.0,0.0
981,ida_6a6d3c21818c1dfe1e80,Gross Disbursements,Eritrea,IDA,AFRICA,FY17,0.0,0.0,0.0,0.0,0.0,2017,4,annual,0.0,0.0
982,ida_327d38e47be817854aa0,Gross Disbursements,Mauritius,IDA,AFRICA,FY17,0.0,0.0,0.0,0.0,0.0,2017,4,annual,0.0,0.0
983,ida_5d41d1139b7a29d6aa3b,Gross Disbursements,Somalia,IDA,AFRICA,FY17,0.0,0.0,0.0,0.0,0.0,2017,4,annual,0.0,0.0
984,ida_edfdcf7240550760eff8,Gross Disbursements,Sudan,IDA,AFRICA,FY17,0.0,0.0,0.0,0.0,0.0,2017,4,annual,0.0,0.0
985,ida_7e782bcfb9a4f076c05d,Gross Disbursements,Swaziland,IDA,AFRICA,FY17,0.0,0.0,0.0,0.0,0.0,2017,4,annual,0.0,0.0
986,ida_fa5bdaf5a65802372a57,Gross Disbursements,Zimbabwe,IDA,AFRICA,FY17,0.0,0.0,0.0,0.0,0.0,2017,4,annual,0.0,0.0
987,ida_a0a70736e1497b958b45,Gross Disbursements,China,IDA,EAST ASIA AND PACIFIC,FY17,0.0,0.0,0.0,0.0,0.0,2017,4,annual,0.0,0.0
988,ida_7d578e889be1cc1fcc01,Gross Disbursements,Indonesia,IDA,EAST ASIA AND PACIFIC,FY17,0.0,0.0,0.0,0.0,0.0,2017,4,annual,0.0,0.0
989,ida_c1d3b555034fad0a4d94,Gross Disbursements,Philippines,IDA,EAST ASIA AND PACIFIC,FY17,0.0,0.0,0.0,0.0,0.0,2017,4,annual,0.0,0.0
990,ida_05576698119f208e7d46,Gross Disbursements,"Macedonia, former Yugoslav Republic of",IDA,EUROPE AND CENTRAL ASIA,FY17,0.0,0.0,0.0,0.0,0.0,2017,4,annual,0.0,0.0
991,ida_ab15beb050764430e703,Gross Disbursements,Montenegro,IDA,EUROPE AND CENTRAL ASIA,FY17,0.0,0.0,0.0,0.0,0.0,2017,4,annual,0.0,0.0
992,ida_fd6c6fe2ea3533691ecb,Gross Disbursements,Serbia,IDA,EUROPE AND CENTRAL ASIA,FY17,0.0,0.0,0.0,0.0,0.0,2017,4,annual,0.0,0.0
993,ida_275742069da37e61a52c,Gross Disbursements,Turkiye,IDA,EUROPE AND CENTRAL ASIA,FY17,0.0,0.0,0.0,0.0,0.0,2017,4,annual,0.0,0.0
994,ida_4fed41ada770eb9d61d3,Gross Disbursements,Dominican Republic,IDA,LATIN AMERICA AND CARIBBEAN,FY17,0.0,0.0,0.0,0.0,0.0,2017,4,annual,0.0,0.0
995,ida_12cb7097be5242a46ff3,Gross Disbursements,Ecuador,IDA,LATIN AMERICA AND CARIBBEAN,FY17,0.0,0.0,0.0,0.0,0.0,2017,4,annual,0.0,0.0
996,ida_398140b02cf2423d3727,Gross Disbursements,El Salvador,IDA,LATIN AMERICA AND CARIBBEAN,FY17,0.0,0.0,0.0,0.0,0.0,2017,4,annual,0.0,0.0
997,ida_2698966af086ef22268c,Gross Disbursements,Paraguay,IDA,LATIN AMERICA AND CARIBBEAN,FY17,0.0,0.0,0.0,0.0,0.0,2017,4,annual,0.0,0.0
998,ida_fbf27132092ed797dacc,Gross Disbursements,St. Kitts and Nevis,IDA,LATIN AMERICA AND CARIBBEAN,FY17,0.0,0.0,0.0,0.0,0.0,2017,4,annual,0.0,0.0
999,ida_3bac90544de90686c74f,Gross Disbursements,"Egypt, Arab Republic of",IDA,MIDDLE EAST AND NORTH AFRICA,FY17,0.0,0.0,0.0,0.0,0.0,2017,4,annual,0.0,0.0
1000,ida_6707c99f09248f7d7b94,Gross Disbursements,Iraq,IDA,MIDDLE EAST AND NORTH AFRICA,FY17,0.0,-1.0,0.0,0.0,-1.0,2017,4,annual,-1.0,0.0
1001,ida_0827b40ccf09b7204ebc,Gross Disbursements,Morocco,IDA,MIDDLE EAST AND NORTH AFRICA,FY17,0.0,0.0,0.0,0.0,0.0,2017,4,annual,0.0,0.0
1002,ida_910bba9bfa447e99ec9a,Gross Disbursements,Syrian Arab Republic,IDA,MIDDLE EAST AND NORTH AFRICA,FY17,0.0,0.0,0.0,0.0,0.0,2017,4,annual,0.0,0.0
1003,ida_2169ebc7e727aa6ff2f5,Gross Disbursements,Tunisia,IDA,MIDDLE EAST AND NORTH AFRICA,FY17,0.0,0.0,0.0,0.0,0.0,2017,4,annual,0.0,0.0
1004,ida_654bc565867de9e77f49,Gross Disbursements,World,IDA,OTHER,FY17,0.0,0.0,0.0,0.0,50.0,2017,4,annual,0.0,50.0
1005,ida_e7e0970c8c54d2ec1288,Commitments,Comoros,IDA,AFRICA,FY16,0.0,0.0,0.0,0.0,0.0,2016,4,annual,0.0,0.0
1006,ida_092a9613bed1048f67f2,Commitments,Chad,IDA,AFRICA,FY16,50.0,0.0,0.0,0.0,50.0,2016,4,annual,50.0,0.0
1007,ida_fe410c3e79190da0c1c3,Commitments,Africa,IDA,AFRICA,FY16,0.0,30.0,0.0,0.0,30.0,2016,4,annual,30.0,0.0
1008,ida_cbda655832405b41d94a,Commitments,Benin,IDA,AFRICA,FY16,0.0,80.0,0.0,0.0,80.0,2016,4,annual,80.0,0.0
1009,ida_3ea84afb983a4e6271d3,Commitments,Burkina Faso,IDA,AFRICA,FY16,0.0,165.0,0.0,40.0,205.0,2016,4,annual,205.0,0.0
1010,ida_1395b388cbc4a47f88b1,Commitments,Burundi,IDA,AFRICA,FY16,0.0,65.0,0.0,0.0,65.0,2016,4,annual,65.0,0.0
1011,ida_0c63f73453f2fedc39e6,Commitments,Cabo Verde,IDA,AFRICA,FY16,0.0,5.0,0.0,0.0,5.0,2016,4,annual,5.0,0.0
1012,ida_39f4132bf71a98873afe,Commitments,Cameroon,IDA,AFRICA,FY16,0.0,170.0,0.0,0.0,170.0,2016,4,annual,170.0,0.0
1013,ida_b3cc8af2acaae0436906,Commitments,Central African Republic,IDA,AFRICA,FY16,0.0,20.0,0.0,0.0,20.0,2016,4,annual,20.0,0.0
1014,ida_e819725f5678748876d9,Commitments,"Congo, Democratic Republic of",IDA,AFRICA,FY16,0.0,600.0,0.0,0.0,600.0,2016,4,annual,600.0,0.0
1015,ida_f7847b9bc67b0b9a9324,Commitments,"Congo, Republic of",IDA,AFRICA,FY16,0.0,30.0,0.0,0.0,30.0,2016,4,annual,30.0,0.0
1016,ida_ab11f6678d2e93c6e15d,Commitments,Cote d'Ivoire,IDA,AFRICA,FY16,100.0,15.0,0.0,0.0,115.0,2016,4,annual,115.0,0.0
1017,ida_6399f22be8b593643b51,Commitments,Eastern Africa,IDA,AFRICA,FY16,0.0,8.0,0.0,0.0,8.0,2016,4,annual,8.0,0.0
1018,ida_1b961c380c72f5238ef4,Commitments,Ethiopia,IDA,AFRICA,FY16,0.0,1262.0,0.0,600.0,1862.0,2016,4,annual,1862.0,0.0
1019,ida_a0f6fa671d256830cb48,Commitments,"Gambia, The",IDA,AFRICA,FY16,0.0,19.0,0.0,0.0,19.0,2016,4,annual,19.0,0.0
1020,ida_901b2a5ad58722c12414,Commitments,Ghana,IDA,AFRICA,FY16,0.0,500.0,0.0,0.0,500.0,2016,4,annual,500.0,0.0
1021,ida_8f3a14ce7c9f650e1d08,Commitments,Guinea,IDA,AFRICA,FY16,40.0,57.0,0.0,0.0,97.0,2016,4,annual,97.0,0.0
1022,ida_e996e306c06696810d57,Commitments,Guinea-Bissau,IDA,AFRICA,FY16,0.0,10.0,0.0,0.0,10.0,2016,4,annual,10.0,0.0
1023,ida_c848f906982f9822087c,Commitments,Kenya,IDA,AFRICA,FY16,0.0,396.0,0.0,250.0,646.0,2016,4,annual,646.0,0.0
1024,ida_3c2ce6bb101bd32dd7d6,Commitments,Lesotho,IDA,AFRICA,FY16,0.0,70.0,0.0,0.0,70.0,2016,4,annual,70.0,0.0
1025,ida_11d6a34675b921072ff7,Commitments,Liberia,IDA,AFRICA,FY16,0.0,32.0,0.0,0.0,32.0,2016,4,annual,32.0,0.0
1026,ida_02052c94609ac833ff0f,Commitments,Madagascar,IDA,AFRICA,FY16,55.0,198.0,0.0,0.0,253.0,2016,4,annual,253.0,0.0
1027,ida_27b12cc1a1d229d443a9,Commitments,Malawi,IDA,AFRICA,FY16,0.0,52.0,0.0,0.0,52.0,2016,4,annual,52.0,0.0
1028,ida_bbce0893bef1e713be06,Commitments,Mali,IDA,AFRICA,FY16,50.0,50.0,0.0,0.0,100.0,2016,4,annual,100.0,0.0
1029,ida_5dc3e559a752627e6d04,Commitments,Mauritania,IDA,AFRICA,FY16,0.0,18.0,0.0,0.0,18.0,2016,4,annual,18.0,0.0
1030,ida_db70a760df6986b0ec94,Commitments,Mozambique,IDA,AFRICA,FY16,105.0,271.0,0.0,0.0,376.0,2016,4,annual,376.0,0.0
1031,ida_8bf533ad089929055134,Commitments,Niger,IDA,AFRICA,FY16,80.0,269.0,0.0,0.0,349.0,2016,4,annual,349.0,0.0
1032,ida_ede941197386d1880a81,Commitments,Nigeria,IDA,AFRICA,FY16,0.0,1075.0,0.0,0.0,1075.0,2016,4,annual,1075.0,0.0
1033,ida_d8c4c4fe4ff14123a4de,Commitments,Rwanda,IDA,AFRICA,FY16,95.0,236.0,0.0,0.0,331.0,2016,4,annual,331.0,0.0
1034,ida_1786f9f66daa22c83676,Commitments,Senegal,IDA,AFRICA,FY16,50.0,100.0,0.0,0.0,150.0,2016,4,annual,150.0,0.0
1035,ida_213cdf2a2218156527ce,Commitments,Sierra Leone,IDA,AFRICA,FY16,30.0,90.0,0.0,0.0,120.0,2016,4,annual,120.0,0.0
1036,ida_5ff6a838091f02fbf22c,Commitments,South Sudan,IDA,AFRICA,FY16,0.0,40.0,0.0,0.0,40.0,2016,4,annual,40.0,0.0
1037,ida_4d9461a85d4d83b46871,Commitments,Tanzania,IDA,AFRICA,FY16,80.0,464.0,0.0,320.0,864.0,2016,4,annual,864.0,0.0
1038,ida_a8a9c42e571f41bf4d23,Commitments,Togo,IDA,AFRICA,FY16,0.0,15.0,0.0,0.0,15.0,2016,4,annual,15.0,0.0
1039,ida_a82414e8db8d3ae58de1,Commitments,Uganda,IDA,AFRICA,FY16,0.0,203.0,0.0,0.0,203.0,2016,4,annual,203.0,0.0
1040,ida_4a34b8920f4623885872,Commitments,Western Africa,IDA,AFRICA,FY16,0.0,41.0,0.0,0.0,41.0,2016,4,annual,41.0,0.0
1041,ida_344d36f51534dc5034e1,Commitments,Zambia,IDA,AFRICA,FY16,0.0,77.0,0.0,0.0,77.0,2016,4,annual,77.0,0.0
1042,ida_c422c7b49c33481c44ca,Commitments,Cambodia,IDA,EAST ASIA AND PACIFIC,FY16,0.0,130.0,0.0,0.0,130.0,2016,4,annual,130.0,0.0
1043,ida_351bd2e2d6bca3e222ab,Commitments,Kiribati,IDA,EAST ASIA AND PACIFIC,FY16,0.0,7.0,0.0,0.0,7.0,2016,4,annual,7.0,0.0
1044,ida_a40dee2a467bcd924f13,Commitments,Lao People's Democratic Republic,IDA,EAST ASIA AND PACIFIC,FY16,0.0,30.0,0.0,0.0,30.0,2016,4,annual,30.0,0.0
1045,ida_bb68eea0b2cdd51d7473,Commitments,Marshall Islands,IDA,EAST ASIA AND PACIFIC,FY16,0.0,0.0,0.0,0.0,0.0,2016,4,annual,0.0,0.0
1046,ida_584335ef53ea214000da,Commitments,"Micronesia, Federated States of",IDA,EAST ASIA AND PACIFIC,FY16,0.0,0.0,0.0,0.0,0.0,2016,4,annual,0.0,0.0
1047,ida_e41c8846f79dcb120d6c,Commitments,Myanmar,IDA,EAST ASIA AND PACIFIC,FY16,0.0,400.0,0.0,0.0,400.0,2016,4,annual,400.0,0.0
1048,ida_e44db2ba78db77bf8532,Commitments,Pacific Islands,IDA,EAST ASIA AND PACIFIC,FY16,0.0,0.0,0.0,0.0,0.0,2016,4,annual,0.0,0.0
1049,ida_74d3077e2ef166ae4553,Commitments,Samoa,IDA,EAST ASIA AND PACIFIC,FY16,0.0,17.0,0.0,0.0,17.0,2016,4,annual,17.0,0.0
1050,ida_d02f1d200f38d49a5236,Commitments,Solomon Islands,IDA,EAST ASIA AND PACIFIC,FY16,0.0,2.0,0.0,0.0,2.0,2016,4,annual,2.0,0.0
1051,ida_3a0f2cbceb3f5af45ee2,Commitments,Tonga,IDA,EAST ASIA AND PACIFIC,FY16,2.0,11.0,0.0,0.0,13.0,2016,4,annual,13.0,0.0
1052,ida_2f097293e5034ee7e2ed,Commitments,Tuvalu,IDA,EAST ASIA AND PACIFIC,FY16,3.0,3.0,0.0,0.0,6.0,2016,4,annual,6.0,0.0
1053,ida_1a264553a3e7a5442dfa,Commitments,Vanuatu,IDA,EAST ASIA AND PACIFIC,FY16,0.0,50.0,0.0,0.0,50.0,2016,4,annual,50.0,0.0
1054,ida_9805089964d50efcbfc4,Commitments,Vietnam,IDA,EAST ASIA AND PACIFIC,FY16,90.0,900.0,0.0,680.0,1670.0,2016,4,annual,1670.0,0.0
1055,ida_1bdd9d57857bdfdd137b,Commitments,Central Asia,IDA,EUROPE AND CENTRAL ASIA,FY16,0.0,15.0,0.0,0.0,15.0,2016,4,annual,15.0,0.0
1056,ida_859b488b4a2e7e2f2d1b,Commitments,Kosovo,IDA,EUROPE AND CENTRAL ASIA,FY16,0.0,11.0,0.0,0.0,11.0,2016,4,annual,11.0,0.0
1057,ida_3359cfe402645965c81a,Commitments,Kyrgyz Republic,IDA,EUROPE AND CENTRAL ASIA,FY16,0.0,24.0,0.0,0.0,24.0,2016,4,annual,24.0,0.0
1058,ida_7a6e2dab9c8ab0b0a221,Commitments,Moldova,IDA,EUROPE AND CENTRAL ASIA,FY16,0.0,87.0,0.0,0.0,87.0,2016,4,annual,87.0,0.0
1059,ida_8a1d2b3a57aa91ccf8e9,Commitments,Tajikistan,IDA,EUROPE AND CENTRAL ASIA,FY16,0.0,19.0,0.0,0.0,19.0,2016,4,annual,19.0,0.0
1060,ida_3f8806ce226706384b8a,Commitments,Uzbekistan,IDA,EUROPE AND CENTRAL ASIA,FY16,0.0,76.0,0.0,0.0,76.0,2016,4,annual,76.0,0.0
1061,ida_2cc5aa6d75bed34a8a52,Commitments,Bolivia,IDA,LATIN AMERICA AND CARIBBEAN,FY16,0.0,119.0,0.0,0.0,119.0,2016,4,annual,119.0,0.0
1062,ida_c0ea92145c03a74dda9a,Commitments,Grenada,IDA,LATIN AMERICA AND CARIBBEAN,FY16,10.0,0.0,0.0,0.0,10.0,2016,4,annual,10.0,0.0
1063,ida_cfce460284da32f0e340,Commitments,Guyana,IDA,LATIN AMERICA AND CARIBBEAN,FY16,0.0,4.0,0.0,0.0,4.0,2016,4,annual,4.0,0.0
1064,ida_025ffccea10410c685d9,Commitments,Haiti,IDA,LATIN AMERICA AND CARIBBEAN,FY16,0.0,0.0,0.0,0.0,0.0,2016,4,annual,0.0,0.0
1065,ida_1bdc539953e106e8ff2f,Commitments,Honduras,IDA,LATIN AMERICA AND CARIBBEAN,FY16,50.0,0.0,0.0,0.0,50.0,2016,4,annual,50.0,0.0
1066,ida_0d823676102152207083,Commitments,Nicaragua,IDA,LATIN AMERICA AND CARIBBEAN,FY16,0.0,0.0,0.0,0.0,0.0,2016,4,annual,0.0,0.0
1067,ida_c79c1edde1453b4dd205,Commitments,Djibouti,IDA,MIDDLE EAST AND NORTH AFRICA,FY16,0.0,31.0,0.0,0.0,31.0,2016,4,annual,31.0,0.0
1068,ida_86a525050ce57f9a5c88,Commitments,"Yemen, Republic of",IDA,MIDDLE EAST AND NORTH AFRICA,FY16,0.0,0.0,0.0,0.0,0.0,2016,4,annual,0.0,0.0
1069,ida_0afabee4e9bf7c89fb1c,Commitments,Afghanistan,IDA,SOUTH ASIA,FY16,0.0,250.0,0.0,0.0,250.0,2016,4,annual,250.0,0.0
1070,ida_3710ab9fe67fa361fd46,Commitments,Bangladesh,IDA,SOUTH ASIA,FY16,0.0,1557.0,0.0,0.0,1557.0,2016,4,annual,1557.0,0.0
1071,ida_2b561b44cab79a8cd70a,Commitments,Bhutan,IDA,SOUTH ASIA,FY16,0.0,0.0,0.0,0.0,0.0,2016,4,annual,0.0,0.0
1072,ida_bbfc3bb0e8e3cc01766a,Commitments,India,IDA,SOUTH ASIA,FY16,0.0,1025.0,0.0,0.0,1025.0,2016,4,annual,1025.0,0.0
1073,ida_4f975852925d8aa2717b,Commitments,Maldives,IDA,SOUTH ASIA,FY16,0.0,0.0,0.0,0.0,0.0,2016,4,annual,0.0,0.0
1074,ida_bf1cd52a5b4f5b1754c3,Commitments,Nepal,IDA,SOUTH ASIA,FY16,0.0,20.0,0.0,0.0,20.0,2016,4,annual,20.0,0.0
1075,ida_66a3a4f0146f90a90ac9,Commitments,Pakistan,IDA,SOUTH ASIA,FY16,1000.0,460.0,0.0,0.0,1460.0,2016,4,annual,1460.0,0.0
1076,ida_a749ac5b9a0ad2032ede,Commitments,Sri Lanka,IDA,SOUTH ASIA,FY16,0.0,412.0,0.0,0.0,412.0,2016,4,annual,412.0,0.0
1077,ida_1e3d3fca587eea86f337,Gross Disbursements,Africa,IDA,AFRICA,FY16,0.0,37.0,0.0,0.0,37.0,2016,4,annual,37.0,0.0
1078,ida_7524ca757d1cc6e4d912,Gross Disbursements,Angola,IDA,AFRICA,FY16,0.0,49.0,0.0,0.0,49.0,2016,4,annual,49.0,0.0
1079,ida_4525dd7599355bae52cc,Gross Disbursements,Benin,IDA,AFRICA,FY16,20.0,124.0,0.0,0.0,144.0,2016,4,annual,144.0,0.0
1080,ida_f1c6c83facbc92e4dc89,Gross Disbursements,Botswana,IDA,AFRICA,FY16,0.0,0.0,0.0,0.0,0.0,2016,4,annual,0.0,0.0
1081,ida_bc9c671b8cf291f1610b,Gross Disbursements,Burkina Faso,IDA,AFRICA,FY16,146.0,155.0,0.0,7.0,308.0,2016,4,annual,308.0,0.0
1082,ida_54966aa6f95302f26248,Gross Disbursements,Burundi,IDA,AFRICA,FY16,0.0,23.0,0.0,0.0,23.0,2016,4,annual,23.0,0.0
1083,ida_72136e7a5a3ac0f5848e,Gross Disbursements,Cabo Verde,IDA,AFRICA,FY16,10.0,7.0,0.0,0.0,17.0,2016,4,annual,17.0,0.0
1084,ida_f165ac3f8d8e52854594,Gross Disbursements,Cameroon,IDA,AFRICA,FY16,0.0,115.0,0.0,0.0,115.0,2016,4,annual,115.0,0.0
1085,ida_90c9f85c11ee3cb07ae0,Gross Disbursements,Central Africa,IDA,AFRICA,FY16,0.0,6.0,0.0,0.0,6.0,2016,4,annual,6.0,0.0
1086,ida_e7ce9e13c5dc469cc885,Gross Disbursements,Central African Republic,IDA,AFRICA,FY16,0.0,25.0,0.0,0.0,25.0,2016,4,annual,25.0,0.0
1087,ida_113887b2eda20e0703c1,Gross Disbursements,Chad,IDA,AFRICA,FY16,50.0,30.0,0.0,0.0,80.0,2016,4,annual,80.0,0.0
1088,ida_8357abc3a89bbe9c1196,Gross Disbursements,Comoros,IDA,AFRICA,FY16,0.0,7.0,0.0,0.0,7.0,2016,4,annual,7.0,0.0
1089,ida_4b76adc105ea453ca390,Gross Disbursements,"Congo, Democratic Republic of",IDA,AFRICA,FY16,0.0,366.0,0.0,0.0,366.0,2016,4,annual,366.0,0.0
1090,ida_f12fdf4f48d747368477,Gross Disbursements,"Congo, Republic of",IDA,AFRICA,FY16,0.0,13.0,0.0,0.0,13.0,2016,4,annual,13.0,0.0
1091,ida_1e7c382b1a6348eea687,Gross Disbursements,Cote d'Ivoire,IDA,AFRICA,FY16,146.0,89.0,0.0,0.0,235.0,2016,4,annual,235.0,0.0
1092,ida_d1b01c53103b7ee32312,Gross Disbursements,Eastern Africa,IDA,AFRICA,FY16,0.0,0.0,0.0,0.0,0.0,2016,4,annual,0.0,0.0
1093,ida_377ad92190c18f434f3b,Gross Disbursements,Equatorial Guinea,IDA,AFRICA,FY16,0.0,0.0,0.0,0.0,0.0,2016,4,annual,0.0,0.0
1094,ida_8313352e0e7ffe32762c,Gross Disbursements,Eritrea,IDA,AFRICA,FY16,0.0,0.0,0.0,0.0,0.0,2016,4,annual,0.0,0.0
1095,ida_dbd41a266831030e3b62,Gross Disbursements,Ethiopia,IDA,AFRICA,FY16,0.0,831.0,0.0,272.0,1103.0,2016,4,annual,1103.0,0.0
1096,ida_9121c395d3ee036cbe59,Gross Disbursements,"Gambia, The",IDA,AFRICA,FY16,0.0,17.0,0.0,0.0,17.0,2016,4,annual,17.0,0.0
1097,ida_fab2d23b67194a4ad9f8,Gross Disbursements,Ghana,IDA,AFRICA,FY16,152.0,321.0,0.0,0.0,473.0,2016,4,annual,473.0,0.0
1098,ida_33a4d65ec17aae94a53f,Gross Disbursements,Guinea,IDA,AFRICA,FY16,0.0,39.0,0.0,0.0,39.0,2016,4,annual,39.0,0.0
1099,ida_1dfd5ac5742a15a84767,Gross Disbursements,Guinea-Bissau,IDA,AFRICA,FY16,0.0,9.0,0.0,0.0,9.0,2016,4,annual,9.0,0.0
1100,ida_fd8ec023e4af0b2805a0,Gross Disbursements,Kenya,IDA,AFRICA,FY16,0.0,372.0,0.0,117.0,489.0,2016,4,annual,489.0,0.0
1101,ida_c44f8a2550e29a4e1c93,Gross Disbursements,Lesotho,IDA,AFRICA,FY16,0.0,20.0,0.0,0.0,20.0,2016,4,annual,20.0,0.0
1102,ida_1c37fbd16fc2b718bf4e,Gross Disbursements,Liberia,IDA,AFRICA,FY16,0.0,131.0,0.0,0.0,131.0,2016,4,annual,131.0,0.0
1103,ida_ae356906037121739a26,Gross Disbursements,Madagascar,IDA,AFRICA,FY16,55.0,69.0,0.0,0.0,124.0,2016,4,annual,124.0,0.0
1104,ida_9e13729769a7641a2f6e,Gross Disbursements,Malawi,IDA,AFRICA,FY16,0.0,175.0,0.0,0.0,175.0,2016,4,annual,175.0,0.0
1105,ida_72c847a316b40de8bd42,Gross Disbursements,Mali,IDA,AFRICA,FY16,49.0,114.0,0.0,0.0,162.0,2016,4,annual,163.0,-1.0
1106,ida_7d988d6a016740563b16,Gross Disbursements,Mauritania,IDA,AFRICA,FY16,0.0,33.0,0.0,0.0,33.0,2016,4,annual,33.0,0.0
1107,ida_a3325516dd105a53b08e,Gross Disbursements,Mauritius,IDA,AFRICA,FY16,0.0,0.0,0.0,0.0,0.0,2016,4,annual,0.0,0.0
1108,ida_21962e91d5521ad5696a,Gross Disbursements,Mozambique,IDA,AFRICA,FY16,142.0,213.0,0.0,12.0,367.0,2016,4,annual,367.0,0.0
1109,ida_97c364a472f80eb08671,Gross Disbursements,Niger,IDA,AFRICA,FY16,77.0,126.0,0.0,0.0,203.0,2016,4,annual,203.0,0.0
1110,ida_8451d34292b12c5762f6,Gross Disbursements,Nigeria,IDA,AFRICA,FY16,273.0,494.0,0.0,65.0,832.0,2016,4,annual,832.0,0.0
1111,ida_a4d097986cd18d5dc639,Gross Disbursements,Rwanda,IDA,AFRICA,FY16,94.0,69.0,0.0,72.0,235.0,2016,4,annual,235.0,0.0
1112,ida_08581ca5bd485012d011,Gross Disbursements,Sao Tome and Principe,IDA,AFRICA,FY16,0.0,1.0,0.0,0.0,1.0,2016,4,annual,1.0,0.0
1113,ida_16ea66f341bafd59e032,Gross Disbursements,Senegal,IDA,AFRICA,FY16,51.0,137.0,0.0,0.0,188.0,2016,4,annual,188.0,0.0
1114,ida_690588df5cb98a487aea,Gross Disbursements,Sierra Leone,IDA,AFRICA,FY16,30.0,26.0,0.0,0.0,56.0,2016,4,annual,56.0,0.0
1115,ida_8671ba46c55146c2e2ca,Gross Disbursements,Somalia,IDA,AFRICA,FY16,0.0,0.0,0.0,0.0,0.0,2016,4,annual,0.0,0.0
1116,ida_9dc868663cf440b9d832,Gross Disbursements,South Sudan,IDA,AFRICA,FY16,0.0,29.0,0.0,0.0,29.0,2016,4,annual,29.0,0.0
1117,ida_06c55bd0e58573afb5f9,Gross Disbursements,Sudan,IDA,AFRICA,FY16,0.0,0.0,0.0,0.0,0.0,2016,4,annual,0.0,0.0
1118,ida_d663662fca13090695fc,Gross Disbursements,Swaziland,IDA,AFRICA,FY16,0.0,0.0,0.0,0.0,0.0,2016,4,annual,0.0,0.0
1119,ida_cf0db7569f92df9cd93e,Gross Disbursements,Tanzania,IDA,AFRICA,FY16,80.0,260.0,0.0,91.0,430.0,2016,4,annual,431.0,-1.0
1120,ida_3018a34563c725e08936,Gross Disbursements,Togo,IDA,AFRICA,FY16,0.0,27.0,0.0,0.0,27.0,2016,4,annual,27.0,0.0
1121,ida_bf677a0fa5c65a9fc108,Gross Disbursements,Uganda,IDA,AFRICA,FY16,0.0,144.0,0.0,34.0,178.0,2016,4,annual,178.0,0.0
1122,ida_0b6ce9befbbdf27e73ab,Gross Disbursements,Western Africa,IDA,AFRICA,FY16,0.0,0.0,0.0,0.0,0.0,2016,4,annual,0.0,0.0
1123,ida_d8fda96223054cb8b0c3,Gross Disbursements,Zambia,IDA,AFRICA,FY16,0.0,66.0,0.0,0.0,66.0,2016,4,annual,66.0,0.0
1124,ida_8250634354d9b92a5fee,Gross Disbursements,Zimbabwe,IDA,AFRICA,FY16,0.0,0.0,0.0,0.0,0.0,2016,4,annual,0.0,0.0
1125,ida_7ba502b7db94bec50fde,Gross Disbursements,Cambodia,IDA,EAST ASIA AND PACIFIC,FY16,0.0,4.0,0.0,0.0,4.0,2016,4,annual,4.0,0.0
1126,ida_6e60e95f70ea9777ee0e,Gross Disbursements,China,IDA,EAST ASIA AND PACIFIC,FY16,0.0,0.0,0.0,0.0,0.0,2016,4,annual,0.0,0.0
1127,ida_920b5a636aa3caedc3b7,Gross Disbursements,Indonesia,IDA,EAST ASIA AND PACIFIC,FY16,0.0,0.0,0.0,0.0,0.0,2016,4,annual,0.0,0.0
1128,ida_4ab39fd109a3a0c6a7f8,Gross Disbursements,Kiribati,IDA,EAST ASIA AND PACIFIC,FY16,0.0,9.0,0.0,0.0,9.0,2016,4,annual,9.0,0.0
1129,ida_7237f93bdf3425f72ad9,Gross Disbursements,Lao People's Democratic Republic,IDA,EAST ASIA AND PACIFIC,FY16,0.0,47.0,0.0,0.0,47.0,2016,4,annual,47.0,0.0
1130,ida_d45c18a9043b6c222c64,Gross Disbursements,Marshall Islands,IDA,EAST ASIA AND PACIFIC,FY16,0.0,1.0,0.0,0.0,1.0,2016,4,annual,1.0,0.0
1131,ida_aef77908e6ab7be9e2c1,Gross Disbursements,Mekong,IDA,EAST ASIA AND PACIFIC,FY16,0.0,2.0,0.0,0.0,2.0,2016,4,annual,2.0,0.0
1132,ida_b7a8beef9b6c9f2f5e26,Gross Disbursements,"Micronesia, Federated States of",IDA,EAST ASIA AND PACIFIC,FY16,0.0,9.0,0.0,0.0,9.0,2016,4,annual,9.0,0.0
1133,ida_fceed268ca5640303bb6,Gross Disbursements,Mongolia,IDA,EAST ASIA AND PACIFIC,FY16,0.0,12.0,0.0,0.0,12.0,2016,4,annual,12.0,0.0
1134,ida_3cd86abd2749a74e711d,Gross Disbursements,Myanmar,IDA,EAST ASIA AND PACIFIC,FY16,0.0,125.0,0.0,0.0,125.0,2016,4,annual,125.0,0.0
1135,ida_9adc487184fb09214f23,Gross Disbursements,Pacific Islands,IDA,EAST ASIA AND PACIFIC,FY16,0.0,1.0,0.0,0.0,1.0,2016,4,annual,1.0,0.0
1136,ida_188f253e0c041bac2356,Gross Disbursements,Papua New Guinea,IDA,EAST ASIA AND PACIFIC,FY16,0.0,24.0,0.0,0.0,24.0,2016,4,annual,24.0,0.0
1137,ida_3251b14a4a2357564cab,Gross Disbursements,Philippines,IDA,EAST ASIA AND PACIFIC,FY16,0.0,0.0,0.0,0.0,0.0,2016,4,annual,0.0,0.0
1138,ida_f2a988c1b0519afa13bf,Gross Disbursements,Samoa,IDA,EAST ASIA AND PACIFIC,FY16,0.0,13.0,0.0,0.0,13.0,2016,4,annual,13.0,0.0
1139,ida_e12fb4666c0f5d9e9575,Gross Disbursements,Solomon Islands,IDA,EAST ASIA AND PACIFIC,FY16,0.0,3.0,0.0,0.0,3.0,2016,4,annual,3.0,0.0
1140,ida_ab614e6609d8a50cc894,Gross Disbursements,Timor-Leste,IDA,EAST ASIA AND PACIFIC,FY16,0.0,11.0,0.0,0.0,11.0,2016,4,annual,11.0,0.0
1141,ida_4d0e3841626bc608ac75,Gross Disbursements,Tonga,IDA,EAST ASIA AND PACIFIC,FY16,2.0,16.0,0.0,0.0,18.0,2016,4,annual,18.0,0.0
1142,ida_03f51aaefde33919b60b,Gross Disbursements,Tuvalu,IDA,EAST ASIA AND PACIFIC,FY16,3.0,6.0,0.0,0.0,9.0,2016,4,annual,9.0,0.0
1143,ida_b969fcf901560c66e152,Gross Disbursements,Vanuatu,IDA,EAST ASIA AND PACIFIC,FY16,0.0,3.0,0.0,0.0,3.0,2016,4,annual,3.0,0.0
1144,ida_3198e65f32ece412f840,Gross Disbursements,Vietnam,IDA,EAST ASIA AND PACIFIC,FY16,0.0,858.0,0.0,54.0,912.0,2016,4,annual,912.0,0.0
1145,ida_b6299a925c860460b115,Gross Disbursements,Albania,IDA,EUROPE AND CENTRAL ASIA,FY16,0.0,6.0,0.0,0.0,6.0,2016,4,annual,6.0,0.0
1146,ida_d931339eb300fb496ccb,Gross Disbursements,Armenia,IDA,EUROPE AND CENTRAL ASIA,FY16,0.0,18.0,0.0,0.0,18.0,2016,4,annual,18.0,0.0
1147,ida_7aa71820c2641094f5cc,Gross Disbursements,Azerbaijan,IDA,EUROPE AND CENTRAL ASIA,FY16,0.0,14.0,0.0,0.0,14.0,2016,4,annual,14.0,0.0
1148,ida_2afd4537b1d70c9549de,Gross Disbursements,Bosnia and Herzegovina,IDA,EUROPE AND CENTRAL ASIA,FY16,0.0,40.0,0.0,0.0,40.0,2016,4,annual,40.0,0.0
1149,ida_37a43f896674dea89958,Gross Disbursements,Central Asia,IDA,EUROPE AND CENTRAL ASIA,FY16,0.0,2.0,0.0,0.0,2.0,2016,4,annual,2.0,0.0
1150,ida_22ba93d30be9d4aff904,Gross Disbursements,Georgia,IDA,EUROPE AND CENTRAL ASIA,FY16,0.0,39.0,0.0,0.0,39.0,2016,4,annual,39.0,0.0
1151,ida_be3645195961f6819290,Commitments,Tajikistan,IDA,EUROPE AND CENTRAL ASIA,2025-Q3,0.0,380.0,0.0,0.0,380.0,2025,3,quarterly,380.0,0.0
1152,ida_223f82fa2e5242fe951d,Commitments,Central America,IDA,LATIN AMERICA AND CARIBBEAN,2025-Q3,0.0,0.0,0.0,0.0,0.0,2025,3,quarterly,0.0,0.0
1153,ida_bafcf16e30609f503b52,Commitments,OECS Countries,IDA,LATIN AMERICA AND CARIBBEAN,2025-Q3,0.0,0.0,0.0,0.0,0.0,2025,3,quarterly,0.0,0.0
1154,ida_d3ab6ec308354049f355,Commitments,Djibouti,IDA,"MIDDLE EAST, NORTH AFRICA, AFGHANISTAN, AND PAKISTAN",2025-Q3,0.0,141.0,0.0,0.0,141.0,2025,3,quarterly,141.0,0.0
1155,ida_bace54158b167564a0dd,Commitments,"Mid East,NorthAfrica, Afghan, Pakistan",IDA,"MIDDLE EAST, NORTH AFRICA, AFGHANISTAN, AND PAKISTAN",2025-Q3,0.0,0.0,0.0,0.0,0.0,2025,3,quarterly,0.0,0.0
1156,ida_4903ef6dc44f277b7920,Commitments,"Yemen, Republic of",IDA,"MIDDLE EAST, NORTH AFRICA, AFGHANISTAN, AND PAKISTAN",2025-Q3,0.0,142.0,0.0,0.0,142.0,2025,3,quarterly,142.0,0.0
1157,ida_2a756d686ae7092c1c59,Commitments,IFC,IDA,OTHER,2025-Q3,0.0,0.0,68.0,0.0,68.0,2025,3,quarterly,68.0,0.0
1158,ida_90876e6fc61777449a69,Commitments,MIGA,IDA,OTHER,2025-Q3,0.0,0.0,2.0,0.0,2.0,2025,3,quarterly,2.0,0.0
1159,ida_f7e906dd8d1adc2c5477,Commitments,World,IDA,OTHER,2025-Q3,0.0,0.0,0.0,0.0,0.0,2025,3,quarterly,0.0,0.0
1160,ida_fc8cb736101767372ec8,Commitments,Afghanistan,IDA,"MIDDLE EAST, NORTH AFRICA, AFGHANISTAN, AND PAKISTAN",2025-Q3,0.0,230.0,0.0,0.0,230.0,2025,3,quarterly,230.0,0.0
1161,ida_4abee772506e5de0037c,Commitments,Bhutan,IDA,SOUTH ASIA,2025-Q3,40.0,0.0,0.0,46.0,86.0,2025,3,quarterly,86.0,0.0
1162,ida_1a6ec1002b41cd40d2ec,Commitments,Maldives,IDA,SOUTH ASIA,2025-Q3,0.0,0.0,0.0,0.0,0.0,2025,3,quarterly,0.0,0.0
1163,ida_825fe734f370cbe3a735,Commitments,Nepal,IDA,SOUTH ASIA,2025-Q3,250.0,200.0,0.0,150.0,600.0,2025,3,quarterly,600.0,0.0
1164,ida_d201e27e7b5e28cee8ee,Commitments,South Asia,IDA,SOUTH ASIA,2025-Q3,0.0,0.0,0.0,0.0,0.0,2025,3,quarterly,0.0,0.0
1165,ida_dfb3b4d527e713e57593,Commitments,Central Africa,IDA,WESTERN AND CENTRAL AFRICA,2025-Q3,0.0,0.0,0.0,0.0,0.0,2025,3,quarterly,0.0,0.0
1166,ida_6b99d72496c622c734f9,Commitments,Equatorial Guinea,IDA,WESTERN AND CENTRAL AFRICA,2025-Q3,0.0,1.0,0.0,0.0,1.0,2025,3,quarterly,1.0,0.0
1167,ida_ea8b6fce1a019c1223f9,Commitments,"Gambia, The",IDA,WESTERN AND CENTRAL AFRICA,2025-Q3,30.0,0.0,0.0,48.0,78.0,2025,3,quarterly,78.0,0.0
1168,ida_55b7232602456b99fc41,Gross Disbursements,Cambodia,IDA,EAST ASIA AND PACIFIC,2026-Q3,0.0,145.5,0.0,0.0,145.5,2026,3,quarterly,145.5,0.0
1169,ida_53a8fec588e20a914208,Gross Disbursements,China,IDA,EAST ASIA AND PACIFIC,2026-Q3,0.0,0.0,0.0,0.0,0.0,2026,3,quarterly,0.0,0.0
1170,ida_f8f8ef0838650e0f6d56,Gross Disbursements,Fiji,IDA,EAST ASIA AND PACIFIC,2026-Q3,0.0,10.0,0.0,0.0,10.0,2026,3,quarterly,10.0,0.0
1171,ida_9c091d718c4b308b7a87,Gross Disbursements,Indonesia,IDA,EAST ASIA AND PACIFIC,2026-Q3,0.0,0.0,0.0,0.0,0.0,2026,3,quarterly,0.0,0.0
1172,ida_06959310e03349e61920,Gross Disbursements,Kiribati,IDA,EAST ASIA AND PACIFIC,2026-Q3,10.0,29.0,0.0,0.0,39.0,2026,3,quarterly,39.0,0.0
1173,ida_c007104986641ab97508,Gross Disbursements,Lao People's Democratic Republic,IDA,EAST ASIA AND PACIFIC,2026-Q3,0.0,94.0,0.0,0.0,94.0,2026,3,quarterly,94.0,0.0
1174,ida_52e6cfac806d70bc4504,Gross Disbursements,Marshall Islands,IDA,EAST ASIA AND PACIFIC,2026-Q3,0.0,44.0,0.0,0.0,44.0,2026,3,quarterly,44.0,0.0
1175,ida_8b74125f83bfbe6668e0,Gross Disbursements,"Micronesia, Federated States of",IDA,EAST ASIA AND PACIFIC,2026-Q3,0.0,33.0,0.0,0.0,33.0,2026,3,quarterly,33.0,0.0
1176,ida_25fba092be5916ad01ac,Gross Disbursements,Mongolia,IDA,EAST ASIA AND PACIFIC,2026-Q3,0.0,12.0,0.0,0.0,12.0,2026,3,quarterly,12.0,0.0
1177,ida_83a19abb7d0019c0ae7c,Gross Disbursements,Myanmar,IDA,EAST ASIA AND PACIFIC,2026-Q3,0.0,39.0,0.0,0.0,39.0,2026,3,quarterly,39.0,0.0
1178,ida_905acf151373e277f80f,Gross Disbursements,Pacific Islands,IDA,EAST ASIA AND PACIFIC,2026-Q3,0.0,3.0,0.0,0.0,3.0,2026,3,quarterly,3.0,0.0
1179,ida_0b3df5c667f22bfb2e13,Gross Disbursements,Papua New Guinea,IDA,EAST ASIA AND PACIFIC,2026-Q3,100.0,46.76,0.0,0.0,146.76,2026,3,quarterly,146.76,0.0
1180,ida_dac59807a16c3d3ad33c,Gross Disbursements,Philippines,IDA,EAST ASIA AND PACIFIC,2026-Q3,0.0,0.0,0.0,0.0,0.0,2026,3,quarterly,0.0,0.0
1181,ida_e9df310533b6cb2c4667,Gross Disbursements,Samoa,IDA,EAST ASIA AND PACIFIC,2026-Q3,0.0,6.0,0.0,1.0,7.0,2026,3,quarterly,7.0,0.0
1182,ida_ba8ee6c640417a8e5a66,Gross Disbursements,Solomon Islands,IDA,EAST ASIA AND PACIFIC,2026-Q3,20.0,47.0,0.0,0.0,67.0,2026,3,quarterly,67.0,0.0
1183,ida_18f18e87e9cd544d1905,Gross Disbursements,South East Asia,IDA,EAST ASIA AND PACIFIC,2026-Q3,0.0,0.0,0.0,0.0,0.0,2026,3,quarterly,0.0,0.0
1184,ida_d4c25de1af1537a0ebd9,Gross Disbursements,Thailand & Myanmar CMU,IDA,EAST ASIA AND PACIFIC,2026-Q3,0.0,8.0,0.0,0.0,8.0,2026,3,quarterly,8.0,0.0
1185,ida_463612f3b72bf765501c,Gross Disbursements,Timor-Leste,IDA,EAST ASIA AND PACIFIC,2026-Q3,0.0,4.0,0.0,0.0,4.0,2026,3,quarterly,4.0,0.0
1186,ida_8effc95e71c3138dd55d,Gross Disbursements,Tonga,IDA,EAST ASIA AND PACIFIC,2026-Q3,0.0,20.0,0.0,0.0,20.0,2026,3,quarterly,20.0,0.0
1187,ida_e2bce599a75f5f4b0d4a,Gross Disbursements,Tuvalu,IDA,EAST ASIA AND PACIFIC,2026-Q3,0.0,28.0,0.0,0.0,28.0,2026,3,quarterly,28.0,0.0
1188,ida_ebfdbfb7b6180532064c,Gross Disbursements,Vanuatu,IDA,EAST ASIA AND PACIFIC,2026-Q3,0.0,33.0,0.0,0.0,33.0,2026,3,quarterly,33.0,0.0
1189,ida_1487773ae78457e80ff9,Gross Disbursements,Viet Nam,IDA,EAST ASIA AND PACIFIC,2026-Q3,0.0,62.0,0.0,0.0,62.0,2026,3,quarterly,62.0,0.0
1190,ida_0ae8c3b8188f2279cfab,Gross Disbursements,Angola,IDA,EASTERN AND SOUTHERN AFRICA,2026-Q3,0.0,0.0,0.0,0.0,0.0,2026,3,quarterly,0.0,0.0
1191,ida_ef175d99e5b713ce8ffe,Gross Disbursements,Botswana,IDA,EASTERN AND SOUTHERN AFRICA,2026-Q3,0.0,0.0,0.0,0.0,0.0,2026,3,quarterly,0.0,0.0
1192,ida_a864bef9b36147e8bcab,Gross Disbursements,Burundi,IDA,EASTERN AND SOUTHERN AFRICA,2026-Q3,0.0,181.0,0.0,3.0,184.0,2026,3,quarterly,184.0,0.0
1193,ida_6ea4246a492abdd6f8a6,Gross Disbursements,Comoros,IDA,EASTERN AND SOUTHERN AFRICA,2026-Q3,20.0,61.0,0.0,0.0,81.0,2026,3,quarterly,81.0,0.0
1194,ida_5d9aaa4b0e6a6a05956f,Gross Disbursements,"Congo, Democratic Republic of",IDA,EASTERN AND SOUTHERN AFRICA,2026-Q3,0.0,398.0,0.0,0.0,398.0,2026,3,quarterly,398.0,0.0
1195,ida_d1367aa55488403ea7ef,Gross Disbursements,Eastern and Southern Africa,IDA,EASTERN AND SOUTHERN AFRICA,2026-Q3,0.0,367.0,0.0,4.0,371.0,2026,3,quarterly,371.0,0.0
1196,ida_95d891fe500b0f41e20b,Gross Disbursements,Eritrea,IDA,EASTERN AND SOUTHERN AFRICA,2026-Q3,0.0,0.0,0.0,0.0,0.0,2026,3,quarterly,0.0,0.0
1197,ida_ed15d735411abfa9b5b5,Gross Disbursements,Eswatini,IDA,EASTERN AND SOUTHERN AFRICA,2026-Q3,0.0,0.0,0.0,0.0,0.0,2026,3,quarterly,0.0,0.0
1198,ida_f4d5158516d10ad33fe6,Gross Disbursements,Ethiopia,IDA,EASTERN AND SOUTHERN AFRICA,2026-Q3,1014.0,676.0,0.0,286.0,1976.0,2026,3,quarterly,1976.0,0.0
1199,ida_5767d85b3d713bb47123,Gross Disbursements,Kenya,IDA,EASTERN AND SOUTHERN AFRICA,2026-Q3,0.0,418.0,0.0,284.0,702.0,2026,3,quarterly,702.0,0.0
1200,ida_bc61455d67d6bab381f1,Gross Disbursements,Lesotho,IDA,EASTERN AND SOUTHERN AFRICA,2026-Q3,0.0,45.0,0.0,0.0,45.0,2026,3,quarterly,45.0,0.0
1201,ida_27f3d27b421c740bab9c,Gross Disbursements,Madagascar,IDA,EASTERN AND SOUTHERN AFRICA,2026-Q3,100.0,388.0,0.0,0.0,488.0,2026,3,quarterly,488.0,0.0
1202,ida_d0a9a77f8dc6ea66e0cc,Gross Disbursements,Malawi,IDA,EASTERN AND SOUTHERN AFRICA,2026-Q3,0.0,309.0,0.0,1.0,310.0,2026,3,quarterly,310.0,0.0
1203,ida_4835bd1fc80bb22d7e77,Gross Disbursements,Mauritius,IDA,EASTERN AND SOUTHERN AFRICA,2026-Q3,0.0,0.0,0.0,0.0,0.0,2026,3,quarterly,0.0,0.0
1204,ida_4fec0616306027094b6e,Gross Disbursements,Mozambique,IDA,EASTERN AND SOUTHERN AFRICA,2026-Q3,0.0,531.0,0.0,26.0,557.0,2026,3,quarterly,557.0,0.0
1205,ida_47835fcacb4470696f24,Gross Disbursements,Rwanda,IDA,EASTERN AND SOUTHERN AFRICA,2026-Q3,0.0,201.0,0.0,58.0,259.0,2026,3,quarterly,259.0,0.0
1206,ida_024b606b4046b977b1e2,Gross Disbursements,Sao Tome and Principe,IDA,EASTERN AND SOUTHERN AFRICA,2026-Q3,0.0,46.0,0.0,0.0,46.0,2026,3,quarterly,46.0,0.0
1207,ida_f1db13cbf126cf03934f,Gross Disbursements,"Somalia, Federal Republic of",IDA,EASTERN AND SOUTHERN AFRICA,2026-Q3,124.0,247.0,0.0,0.0,371.0,2026,3,quarterly,371.0,0.0
1208,ida_039f7c3084bbabb3a3dd,Gross Disbursements,South Sudan,IDA,EASTERN AND SOUTHERN AFRICA,2026-Q3,0.0,170.0,0.0,0.0,170.0,2026,3,quarterly,170.0,0.0
1209,ida_3ea0d344e68fa5c7686a,Gross Disbursements,Sudan,IDA,EASTERN AND SOUTHERN AFRICA,2026-Q3,0.0,73.0,0.0,0.0,73.0,2026,3,quarterly,73.0,0.0
1210,ida_cb82e871eb6a8ad81b0d,Gross Disbursements,Tanzania,IDA,EASTERN AND SOUTHERN AFRICA,2026-Q3,0.0,643.0,0.0,276.0,919.0,2026,3,quarterly,919.0,0.0
1211,ida_774151f32b7de1d25820,Gross Disbursements,Uganda,IDA,EASTERN AND SOUTHERN AFRICA,2026-Q3,0.0,270.0,0.0,96.0,366.0,2026,3,quarterly,366.0,0.0
1212,ida_0b3a2bb024c10993163b,Gross Disbursements,Zambia,IDA,EASTERN AND SOUTHERN AFRICA,2026-Q3,0.0,199.0,0.0,124.0,323.0,2026,3,quarterly,323.0,0.0
1213,ida_407b2c4b471456265df9,Gross Disbursements,Zimbabwe,IDA,EASTERN AND SOUTHERN AFRICA,2026-Q3,0.0,0.0,0.0,0.0,0.0,2026,3,quarterly,0.0,0.0
1214,ida_e534e1e25760d2801932,Gross Disbursements,Albania,IDA,EUROPE AND CENTRAL ASIA,2026-Q3,0.0,0.0,0.0,0.0,0.0,2026,3,quarterly,0.0,0.0
1215,ida_1786df38711929592eb5,Gross Disbursements,Armenia,IDA,EUROPE AND CENTRAL ASIA,2026-Q3,0.0,0.0,0.0,0.0,0.0,2026,3,quarterly,0.0,0.0
1216,ida_de8379ea7fff168933fc,Gross Disbursements,Azerbaijan,IDA,EUROPE AND CENTRAL ASIA,2026-Q3,0.0,0.0,0.0,0.0,0.0,2026,3,quarterly,0.0,0.0
1217,ida_e96cd1c4ef6122f4f0d0,Gross Disbursements,Bosnia and Herzegovina,IDA,EUROPE AND CENTRAL ASIA,2026-Q3,0.0,0.0,0.0,0.0,0.0,2026,3,quarterly,0.0,0.0
1218,ida_08c53a89ad4885f8b67b,Gross Disbursements,Central Asia,IDA,EUROPE AND CENTRAL ASIA,2026-Q3,0.0,0.0,0.0,0.0,0.0,2026,3,quarterly,0.0,0.0
1219,ida_3b76f904902f2297e8d8,Gross Disbursements,Georgia,IDA,EUROPE AND CENTRAL ASIA,2026-Q3,0.0,0.0,0.0,0.0,0.0,2026,3,quarterly,0.0,0.0
1220,ida_9cc57be54ff4e96bd4c5,Gross Disbursements,Kosovo,IDA,EUROPE AND CENTRAL ASIA,2026-Q3,103.0,13.0,0.0,0.0,116.0,2026,3,quarterly,116.0,0.0
1221,ida_4c7045d69d63f04f9fc6,Gross Disbursements,Kyrgyz Republic,IDA,EUROPE AND CENTRAL ASIA,2026-Q3,102.0,100.6,0.0,2.0,204.6,2026,3,quarterly,204.6,0.0
1222,ida_4258b77bca8785ee35fd,Gross Disbursements,Moldova,IDA,EUROPE AND CENTRAL ASIA,2026-Q3,54.0,40.0,0.0,0.0,94.0,2026,3,quarterly,94.0,0.0
1223,ida_283137cae4cf3e906956,Gross Disbursements,Montenegro,IDA,EUROPE AND CENTRAL ASIA,2026-Q3,0.0,0.0,0.0,0.0,0.0,2026,3,quarterly,0.0,0.0
1224,ida_6550dbd75ec800d35927,Gross Disbursements,North Macedonia,IDA,EUROPE AND CENTRAL ASIA,2026-Q3,0.0,0.0,0.0,0.0,0.0,2026,3,quarterly,0.0,0.0
1225,ida_433275a1ec6864cfe386,Gross Disbursements,Serbia,IDA,EUROPE AND CENTRAL ASIA,2026-Q3,0.0,0.0,0.0,0.0,0.0,2026,3,quarterly,0.0,0.0
1226,ida_e336bf80fac12c290a01,Gross Disbursements,Tajikistan,IDA,EUROPE AND CENTRAL ASIA,2026-Q3,50.0,239.51,0.0,6.0,295.51,2026,3,quarterly,295.51,0.0
1227,ida_6c6778b783280eb55f9a,Gross Disbursements,Turkiye,IDA,EUROPE AND CENTRAL ASIA,2026-Q3,0.0,0.0,0.0,0.0,0.0,2026,3,quarterly,0.0,0.0
1228,ida_4ca6d9ceeff0cda942bd,Gross Disbursements,Ukraine,IDA,EUROPE AND CENTRAL ASIA,2026-Q3,0.0,57.0,0.0,667.0,724.0,2026,3,quarterly,724.0,0.0
1229,ida_d9d53c917347a167bbef,Gross Disbursements,Uzbekistan,IDA,EUROPE AND CENTRAL ASIA,2026-Q3,292.0,360.0,0.0,0.0,652.0,2026,3,quarterly,652.0,0.0
1230,ida_2447e201b109af5779e2,Gross Disbursements,Bolivia,IDA,LATIN AMERICA AND CARIBBEAN,2026-Q3,0.0,10.0,0.0,0.0,10.0,2026,3,quarterly,10.0,0.0
1231,ida_2778a52d0824835047ec,Gross Disbursements,Caribbean,IDA,LATIN AMERICA AND CARIBBEAN,2026-Q3,0.0,3.0,0.0,0.0,3.0,2026,3,quarterly,3.0,0.0
1232,ida_22e65e59680f0235eefc,Gross Disbursements,Dominica,IDA,LATIN AMERICA AND CARIBBEAN,2026-Q3,0.0,10.0,0.0,0.0,10.0,2026,3,quarterly,10.0,0.0
1233,ida_d03d7893bc29cf568d78,Gross Disbursements,Dominican Republic,IDA,LATIN AMERICA AND CARIBBEAN,2026-Q3,0.0,-0.25,0.0,0.0,-0.25,2026,3,quarterly,-0.25,0.0
1234,ida_b09a13ca8db089bdd504,Gross Disbursements,Ecuador,IDA,LATIN AMERICA AND CARIBBEAN,2026-Q3,0.0,0.0,0.0,0.0,0.0,2026,3,quarterly,0.0,0.0
1235,ida_fab0c9e7b999fd0fdce7,Gross Disbursements,El Salvador,IDA,LATIN AMERICA AND CARIBBEAN,2026-Q3,0.0,0.0,0.0,0.0,0.0,2026,3,quarterly,0.0,0.0
1236,ida_07de210c6025ced068de,Gross Disbursements,Grenada,IDA,LATIN AMERICA AND CARIBBEAN,2026-Q3,0.0,15.0,0.0,0.0,15.0,2026,3,quarterly,15.0,0.0
1237,ida_740a3b31624556c79e53,Gross Disbursements,Guyana,IDA,LATIN AMERICA AND CARIBBEAN,2026-Q3,0.0,5.0,0.0,0.0,5.0,2026,3,quarterly,5.0,0.0
1238,ida_b291e77e73dd72c10a31,Gross Disbursements,Haiti,IDA,LATIN AMERICA AND CARIBBEAN,2026-Q3,0.0,110.0,0.0,0.0,110.0,2026,3,quarterly,110.0,0.0
1239,ida_1e0d40c5fc53401277b0,Gross Disbursements,Honduras,IDA,LATIN AMERICA AND CARIBBEAN,2026-Q3,145.0,62.0,0.0,0.0,207.0,2026,3,quarterly,207.0,0.0
1240,ida_bd4ec66f7d2b905cb785,Gross Disbursements,Nicaragua,IDA,LATIN AMERICA AND CARIBBEAN,2026-Q3,0.0,-11.0,0.0,0.0,-11.0,2026,3,quarterly,-11.0,0.0
1241,ida_e10977629cd877772753,Gross Disbursements,OECS Countries,IDA,LATIN AMERICA AND CARIBBEAN,2026-Q3,0.0,1.0,0.0,0.0,1.0,2026,3,quarterly,1.0,0.0
1242,ida_1beb8c5aa3d0a186ce13,Gross Disbursements,Paraguay,IDA,LATIN AMERICA AND CARIBBEAN,2026-Q3,0.0,0.0,0.0,0.0,0.0,2026,3,quarterly,0.0,0.0
1243,ida_977a5222d903e2c86603,Gross Disbursements,St. Kitts and Nevis,IDA,LATIN AMERICA AND CARIBBEAN,2026-Q3,0.0,0.0,0.0,0.0,0.0,2026,3,quarterly,0.0,0.0
1244,ida_3087a29ecd95b145d8b0,Gross Disbursements,St. Lucia,IDA,LATIN AMERICA AND CARIBBEAN,2026-Q3,0.0,13.0,0.0,0.0,13.0,2026,3,quarterly,13.0,0.0
1245,ida_944112279cf2629040e5,Gross Disbursements,Belize,IDA,LATIN AMERICA AND CARIBBEAN,2026-Q3,0.0,2.0,0.0,0.0,2.0,2026,3,quarterly,2.0,0.0
1246,ida_9654b050315fbd69af78,Gross Disbursements,St. Vincent and the Grenadines,IDA,LATIN AMERICA AND CARIBBEAN,2026-Q3,0.0,16.74,0.0,0.0,16.74,2026,3,quarterly,16.74,0.0
1247,ida_80773cd79e4574d9e989,Gross Disbursements,Djibouti,IDA,"MIDDLE EAST, NORTH AFRICA, AFGHANISTAN, AND PAKISTAN",2026-Q3,0.0,53.0,0.0,0.0,53.0,2026,3,quarterly,53.0,0.0
1248,ida_6236a40cd6e4ce833769,Gross Disbursements,"Egypt, Arab Republic of",IDA,"MIDDLE EAST, NORTH AFRICA, AFGHANISTAN, AND PAKISTAN",2026-Q3,0.0,0.0,0.0,0.0,0.0,2026,3,quarterly,0.0,0.0
1249,ida_118164f59d99f4a06089,Gross Disbursements,Iraq,IDA,"MIDDLE EAST, NORTH AFRICA, AFGHANISTAN, AND PAKISTAN",2026-Q3,0.0,0.0,0.0,0.0,0.0,2026,3,quarterly,0.0,0.0
1250,ida_1e775d4f59e65724cb92,Gross Disbursements,Jordan,IDA,"MIDDLE EAST, NORTH AFRICA, AFGHANISTAN, AND PAKISTAN",2026-Q3,0.0,0.0,0.0,0.0,0.0,2026,3,quarterly,0.0,0.0
1251,ida_6ccfdb3b111be7a21d3f,Gross Disbursements,Morocco,IDA,"MIDDLE EAST, NORTH AFRICA, AFGHANISTAN, AND PAKISTAN",2026-Q3,0.0,0.0,0.0,0.0,0.0,2026,3,quarterly,0.0,0.0
1252,ida_c453938943fb8eb4fb83,Gross Disbursements,Syrian Arab Republic,IDA,"MIDDLE EAST, NORTH AFRICA, AFGHANISTAN, AND PAKISTAN",2026-Q3,0.0,0.0,0.0,0.0,0.0,2026,3,quarterly,0.0,0.0
1253,ida_e5bb9a2e8e70b367f276,Gross Disbursements,Lebanon,IDA,"MIDDLE EAST, NORTH AFRICA, AFGHANISTAN, AND PAKISTAN",2026-Q3,0.0,0.0,0.0,0.0,0.0,2026,3,quarterly,0.0,0.0
1254,ida_0b5f44f94a61b604b2fe,Gross Disbursements,Tunisia,IDA,"MIDDLE EAST, NORTH AFRICA, AFGHANISTAN, AND PAKISTAN",2026-Q3,0.0,0.0,0.0,0.0,0.0,2026,3,quarterly,0.0,0.0
1255,ida_8ab5259229c1fc699790,Gross Disbursements,"Yemen, Republic of",IDA,"MIDDLE EAST, NORTH AFRICA, AFGHANISTAN, AND PAKISTAN",2026-Q3,0.0,84.85,0.0,0.0,84.85,2026,3,quarterly,84.85,0.0
1256,ida_fc3d70d01bbf1060e171,Gross Disbursements,IFC,IDA,OTHER,2026-Q3,0.0,0.0,106.0,0.0,106.0,2026,3,quarterly,106.0,0.0
1257,ida_3592bf05cdfe5afd2ae7,Gross Disbursements,Afghanistan,IDA,"MIDDLE EAST, NORTH AFRICA, AFGHANISTAN, AND PAKISTAN",2026-Q3,0.0,65.59,0.0,0.0,65.59,2026,3,quarterly,65.59,0.0
1258,ida_b592b91902ecd6582177,Gross Disbursements,Bangladesh,IDA,SOUTH ASIA,2026-Q3,0.0,610.54,0.0,130.0,740.54,2026,3,quarterly,740.54,0.0
1259,ida_0e67a1be1010bf45f5ae,Gross Disbursements,Bhutan,IDA,SOUTH ASIA,2026-Q3,21.0,8.7,0.0,4.0,33.7,2026,3,quarterly,33.7,0.0
1260,ida_f03bcf81f6004e09afb5,Gross Disbursements,India,IDA,SOUTH ASIA,2026-Q3,0.0,3.51,0.0,0.0,3.51,2026,3,quarterly,3.51,0.0
1261,ida_37f67a5ccd08fd96b4e2,Gross Disbursements,Maldives,IDA,SOUTH ASIA,2026-Q3,0.0,5.51,0.0,0.0,5.51,2026,3,quarterly,5.51,0.0
1262,ida_42d72c22d841e30e64c8,Gross Disbursements,Nepal,IDA,SOUTH ASIA,2026-Q3,40.0,79.51,0.0,25.0,144.51,2026,3,quarterly,144.51,0.0
1263,ida_3eb6942c5c34326786bf,Gross Disbursements,Pakistan,IDA,"MIDDLE EAST, NORTH AFRICA, AFGHANISTAN, AND PAKISTAN",2026-Q3,0.0,682.51,0.0,145.0,827.51,2026,3,quarterly,827.51,0.0
1264,ida_4dce0d8760ce65ad7f55,Gross Disbursements,South Asia,IDA,SOUTH ASIA,2026-Q3,0.0,4.51,0.0,0.0,4.51,2026,3,quarterly,4.51,0.0
1265,ida_6390ad29dacf301d82df,Gross Disbursements,Sri Lanka,IDA,SOUTH ASIA,2026-Q3,0.0,134.8,0.0,0.0,134.8,2026,3,quarterly,134.8,0.0
1266,ida_948a81897be491165c64,Gross Disbursements,Benin,IDA,WESTERN AND CENTRAL AFRICA,2026-Q3,0.0,71.0,0.0,84.0,155.0,2026,3,quarterly,155.0,0.0
1267,ida_ff502ff2f698bcef47d3,Gross Disbursements,Burkina Faso,IDA,WESTERN AND CENTRAL AFRICA,2026-Q3,0.0,352.0,0.0,8.0,360.0,2026,3,quarterly,360.0,0.0
1268,ida_93d4b4e3989e2142da36,Gross Disbursements,Cabo Verde,IDA,WESTERN AND CENTRAL AFRICA,2026-Q3,26.0,37.0,0.0,0.0,63.0,2026,3,quarterly,63.0,0.0
1269,ida_b49f6ffe05c003ca4ea2,Gross Disbursements,Cameroon,IDA,WESTERN AND CENTRAL AFRICA,2026-Q3,0.0,330.0,0.0,0.0,330.0,2026,3,quarterly,330.0,0.0
1270,ida_8e449f6978a1926bea37,Gross Disbursements,Central Africa,IDA,WESTERN AND CENTRAL AFRICA,2026-Q3,0.0,-2.0,0.0,0.0,-2.0,2026,3,quarterly,-2.0,0.0
1271,ida_cac72e8c3a3685e3e0bc,Gross Disbursements,Central African Republic,IDA,WESTERN AND CENTRAL AFRICA,2026-Q3,0.0,171.0,0.0,0.0,171.0,2026,3,quarterly,171.0,0.0
1272,ida_f0be2768d2aefbdafb7a,Gross Disbursements,Chad,IDA,WESTERN AND CENTRAL AFRICA,2026-Q3,0.0,334.0,0.0,0.0,334.0,2026,3,quarterly,334.0,0.0
1273,ida_76aece3a5f42b9a15df3,Gross Disbursements,"Congo, Republic of",IDA,WESTERN AND CENTRAL AFRICA,2026-Q3,62.0,21.0,0.0,24.0,107.0,2026,3,quarterly,107.0,0.0
1274,ida_51687f0b8fe0d99d92c3,Gross Disbursements,Cote d'Ivoire,IDA,WESTERN AND CENTRAL AFRICA,2026-Q3,0.0,294.0,0.0,64.0,358.0,2026,3,quarterly,358.0,0.0
1275,ida_2cfa034dc8838d9d635b,Gross Disbursements,Equatorial Guinea,IDA,WESTERN AND CENTRAL AFRICA,2026-Q3,0.0,0.0,0.0,0.0,0.0,2026,3,quarterly,0.0,0.0
1276,ida_552105f109ba08a600b4,Gross Disbursements,"Gambia, The",IDA,WESTERN AND CENTRAL AFRICA,2026-Q3,45.0,73.0,0.0,1.0,119.0,2026,3,quarterly,119.0,0.0
1277,ida_84a07937233c75c273cd,Gross Disbursements,Ghana,IDA,WESTERN AND CENTRAL AFRICA,2026-Q3,359.51,25.0,0.0,27.0,411.51,2026,3,quarterly,411.51,0.0
1278,ida_9748b7812b286ed11897,Gross Disbursements,Guinea,IDA,WESTERN AND CENTRAL AFRICA,2026-Q3,0.0,110.0,0.0,0.0,110.0,2026,3,quarterly,110.0,0.0
1279,ida_b2c166cf262296802984,Gross Disbursements,Guinea-Bissau,IDA,WESTERN AND CENTRAL AFRICA,2026-Q3,0.0,18.0,0.0,0.0,18.0,2026,3,quarterly,18.0,0.0
1280,ida_6d80edfcad4713e2a4e2,Gross Disbursements,Liberia,IDA,WESTERN AND CENTRAL AFRICA,2026-Q3,0.0,60.0,0.0,0.0,60.0,2026,3,quarterly,60.0,0.0
1281,ida_3a7d063bdd0a6b7e5753,Gross Disbursements,Mali,IDA,WESTERN AND CENTRAL AFRICA,2026-Q3,0.0,200.0,0.0,0.0,200.0,2026,3,quarterly,200.0,0.0
1282,ida_a77a4a53f5ab5e6a0354,Gross Disbursements,Mauritania,IDA,WESTERN AND CENTRAL AFRICA,2026-Q3,0.0,91.3,0.0,14.0,105.3,2026,3,quarterly,105.3,0.0
1283,ida_51b0c320d762a10c8f68,Gross Disbursements,Niger,IDA,WESTERN AND CENTRAL AFRICA,2026-Q3,0.0,515.0,0.0,37.0,552.0,2026,3,quarterly,552.0,0.0
1284,ida_7268a06f60b44e171927,Gross Disbursements,Nigeria,IDA,WESTERN AND CENTRAL AFRICA,2026-Q3,0.0,565.71,-0.3,417.78,983.19,2026,3,quarterly,983.19,0.0
1285,ida_ec27d9b2e0d7f30ee244,Gross Disbursements,Senegal,IDA,WESTERN AND CENTRAL AFRICA,2026-Q3,0.0,362.0,0.0,93.0,455.0,2026,3,quarterly,455.0,0.0
1286,ida_2e4c76e85b1e06210153,Gross Disbursements,Sierra Leone,IDA,WESTERN AND CENTRAL AFRICA,2026-Q3,0.0,90.0,0.0,0.0,90.0,2026,3,quarterly,90.0,0.0
1287,ida_dccc4ece3a573df0cf34,Gross Disbursements,Togo,IDA,WESTERN AND CENTRAL AFRICA,2026-Q3,153.0,74.0,0.0,39.55,266.55,2026,3,quarterly,266.55,0.0
1288,ida_a7b58b16e6ad45f6a181,Gross Disbursements,Western and Central Africa,IDA,WESTERN AND CENTRAL AFRICA,2026-Q3,0.0,52.0,0.0,0.0,52.0,2026,3,quarterly,52.0,0.0
1289,ida_6bc5c7429cc3f22b1f8c,Gross Disbursements,"Mid East,NorthAfrica, Afghan, Pakistan",IDA,"MIDDLE EAST, NORTH AFRICA, AFGHANISTAN, AND PAKISTAN",2026-Q3,0.0,2.0,0.0,0.0,2.0,2026,3,quarterly,2.0,0.0
1290,ida_e631533592fbf5f3ae02,Gross Disbursements,East Asia and Pacific,IDA,EAST ASIA AND PACIFIC,2026-Q3,0.0,0.52,0.0,0.0,0.52,2026,3,quarterly,0.52,0.0
1291,ida_dc60eb11c096e9e7bbac,Gross Disbursements,Cambodia,IDA,EAST ASIA AND PACIFIC,2025-Q3,275.0,103.51,0.0,0.0,378.51,2025,3,quarterly,378.51,0.0
1292,ida_ae0d613c5d33232cebaf,Gross Disbursements,China,IDA,EAST ASIA AND PACIFIC,2025-Q3,0.0,0.0,0.0,0.0,0.0,2025,3,quarterly,0.0,0.0
1293,ida_eb04cda6b2865aa3572c,Gross Disbursements,Fiji,IDA,EAST ASIA AND PACIFIC,2025-Q3,95.0,5.0,0.0,0.0,100.0,2025,3,quarterly,100.0,0.0
1294,ida_9313e9c4d0b1be861578,Gross Disbursements,Indonesia,IDA,EAST ASIA AND PACIFIC,2025-Q3,0.0,0.0,0.0,0.0,0.0,2025,3,quarterly,0.0,0.0
1295,ida_52081ed36c7ad4355639,Gross Disbursements,Kiribati,IDA,EAST ASIA AND PACIFIC,2025-Q3,0.0,14.0,0.0,0.0,14.0,2025,3,quarterly,14.0,0.0
1296,ida_ec231cca53155c3181c4,Gross Disbursements,Lao People's Democratic Republic,IDA,EAST ASIA AND PACIFIC,2025-Q3,0.0,75.0,0.0,0.0,75.0,2025,3,quarterly,75.0,0.0
1297,ida_21cec578213e830b57f6,Gross Disbursements,Marshall Islands,IDA,EAST ASIA AND PACIFIC,2025-Q3,9.0,27.0,0.0,0.0,36.0,2025,3,quarterly,36.0,0.0
1298,ida_a00907716246aef09058,Gross Disbursements,"Micronesia, Federated States of",IDA,EAST ASIA AND PACIFIC,2025-Q3,0.0,23.0,0.0,0.0,23.0,2025,3,quarterly,23.0,0.0
1299,ida_1d60d01e04dd133e8759,Gross Disbursements,Mongolia,IDA,EAST ASIA AND PACIFIC,2025-Q3,0.0,15.7,0.0,0.0,15.7,2025,3,quarterly,15.7,0.0
1300,ida_5ffd76429390bf2ec553,Gross Disbursements,Myanmar,IDA,EAST ASIA AND PACIFIC,2025-Q3,0.0,-5.0,0.0,0.0,-5.0,2025,3,quarterly,-5.0,0.0
1301,ida_66de114da42615c42c64,Gross Disbursements,Pacific Islands,IDA,EAST ASIA AND PACIFIC,2025-Q3,0.0,2.0,0.0,0.0,2.0,2025,3,quarterly,2.0,0.0
1302,ida_15090d4c897f7f9b3f0a,Gross Disbursements,Papua New Guinea,IDA,EAST ASIA AND PACIFIC,2025-Q3,0.0,39.51,0.0,0.0,39.51,2025,3,quarterly,39.51,0.0
1303,ida_a1578ce8e1e57bd7e643,Gross Disbursements,Philippines,IDA,EAST ASIA AND PACIFIC,2025-Q3,0.0,0.0,0.0,0.0,0.0,2025,3,quarterly,0.0,0.0
1304,ida_80dceb8981bd3b11782b,Gross Disbursements,Samoa,IDA,EAST ASIA AND PACIFIC,2025-Q3,0.0,14.0,0.0,0.0,14.0,2025,3,quarterly,14.0,0.0
1305,ida_706f9d0e410b30ce74d3,Gross Disbursements,Solomon Islands,IDA,EAST ASIA AND PACIFIC,2025-Q3,0.0,50.51,0.0,0.0,50.51,2025,3,quarterly,50.51,0.0
1306,ida_7cca64855494c347f0b0,Gross Disbursements,South East Asia,IDA,EAST ASIA AND PACIFIC,2025-Q3,0.0,0.0,0.0,0.0,0.0,2025,3,quarterly,0.0,0.0
1307,ida_4ce163b6433d72830f53,Gross Disbursements,Thailand & Myanmar CMU,IDA,EAST ASIA AND PACIFIC,2025-Q3,0.0,1.0,0.0,0.0,1.0,2025,3,quarterly,1.0,0.0
1308,ida_ab92b346a44fcc459a81,Gross Disbursements,Timor-Leste,IDA,EAST ASIA AND PACIFIC,2025-Q3,0.0,4.0,0.0,0.0,4.0,2025,3,quarterly,4.0,0.0
1309,ida_224b623143a91cfd06e2,Gross Disbursements,Tonga,IDA,EAST ASIA AND PACIFIC,2025-Q3,0.0,24.0,0.0,0.0,24.0,2025,3,quarterly,24.0,0.0
1310,ida_3fe12ef25640db9286d6,Gross Disbursements,Tuvalu,IDA,EAST ASIA AND PACIFIC,2025-Q3,0.0,29.0,0.0,0.0,29.0,2025,3,quarterly,29.0,0.0
1311,ida_f7858d1a6c34110f2ce8,Gross Disbursements,Vanuatu,IDA,EAST ASIA AND PACIFIC,2025-Q3,20.0,38.0,0.0,0.0,58.0,2025,3,quarterly,58.0,0.0
1312,ida_e44f80ac507b5b62ea0d,Gross Disbursements,Viet Nam,IDA,EAST ASIA AND PACIFIC,2025-Q3,0.0,88.0,0.0,0.0,88.0,2025,3,quarterly,88.0,0.0
1313,ida_a3c1d63972e7680ddcf9,Gross Disbursements,Angola,IDA,EASTERN AND SOUTHERN AFRICA,2025-Q3,0.0,0.0,0.0,0.0,0.0,2025,3,quarterly,0.0,0.0
1314,ida_74afec4c628ab198b3d4,Gross Disbursements,Botswana,IDA,EASTERN AND SOUTHERN AFRICA,2025-Q3,0.0,0.0,0.0,0.0,0.0,2025,3,quarterly,0.0,0.0
1315,ida_4cfd91f09de4de3e765b,Gross Disbursements,Burundi,IDA,EASTERN AND SOUTHERN AFRICA,2025-Q3,0.0,104.0,0.0,2.0,106.0,2025,3,quarterly,106.0,0.0
1316,ida_94fe0be267283fdc0f90,Gross Disbursements,Comoros,IDA,EASTERN AND SOUTHERN AFRICA,2025-Q3,0.0,39.0,0.0,0.0,39.0,2025,3,quarterly,39.0,0.0
1317,ida_f3a1846a4419e53ae25f,Gross Disbursements,"Congo, Democratic Republic of",IDA,EASTERN AND SOUTHERN AFRICA,2025-Q3,0.0,360.0,0.0,0.0,360.0,2025,3,quarterly,360.0,0.0
1318,ida_37ecab6dfbf1936a3be2,Gross Disbursements,Eastern and Southern Africa,IDA,EASTERN AND SOUTHERN AFRICA,2025-Q3,0.0,56.0,0.0,3.0,59.0,2025,3,quarterly,59.0,0.0
1319,ida_f30c4c5775569e7953e9,Gross Disbursements,Eritrea,IDA,EASTERN AND SOUTHERN AFRICA,2025-Q3,0.0,0.0,0.0,0.0,0.0,2025,3,quarterly,0.0,0.0
1320,ida_be1a95b701da8bc930c7,Gross Disbursements,Eswatini,IDA,EASTERN AND SOUTHERN AFRICA,2025-Q3,0.0,0.0,0.0,0.0,0.0,2025,3,quarterly,0.0,0.0
1321,ida_de8ef511781e8643d3dc,Gross Disbursements,Ethiopia,IDA,EASTERN AND SOUTHERN AFRICA,2025-Q3,1515.0,879.51,0.0,175.0,2569.51,2025,3,quarterly,2569.51,0.0
1322,ida_c7bdfb39f33a67577b33,Gross Disbursements,Kenya,IDA,EASTERN AND SOUTHERN AFRICA,2025-Q3,0.0,427.0,0.0,59.0,486.0,2025,3,quarterly,486.0,0.0
1323,ida_66e434163bf9f4836d84,Gross Disbursements,Lesotho,IDA,EASTERN AND SOUTHERN AFRICA,2025-Q3,0.0,57.0,0.0,0.0,57.0,2025,3,quarterly,57.0,0.0
1324,ida_627ab4599dba4be5b9bb,Gross Disbursements,Madagascar,IDA,EASTERN AND SOUTHERN AFRICA,2025-Q3,0.0,272.0,0.0,0.0,272.0,2025,3,quarterly,272.0,0.0
1325,ida_06d0a72ae5a74ca81a96,Gross Disbursements,Malawi,IDA,EASTERN AND SOUTHERN AFRICA,2025-Q3,0.0,327.0,0.0,20.0,347.0,2025,3,quarterly,347.0,0.0
1326,ida_1e23b0be0a6496007525,Gross Disbursements,Mauritius,IDA,EASTERN AND SOUTHERN AFRICA,2025-Q3,0.0,0.0,0.0,0.0,0.0,2025,3,quarterly,0.0,0.0
1327,ida_4844aacbb0a3f2e4ac2c,Gross Disbursements,Mozambique,IDA,EASTERN AND SOUTHERN AFRICA,2025-Q3,0.0,406.51,0.0,30.0,436.51,2025,3,quarterly,436.51,0.0
1328,ida_5336f015276293b490c8,Gross Disbursements,Rwanda,IDA,EASTERN AND SOUTHERN AFRICA,2025-Q3,255.0,236.51,0.0,56.0,547.51,2025,3,quarterly,547.51,0.0
1329,ida_84d167bae01ecbea9464,Gross Disbursements,Sao Tome and Principe,IDA,EASTERN AND SOUTHERN AFRICA,2025-Q3,0.0,42.0,0.0,0.0,42.0,2025,3,quarterly,42.0,0.0
1330,ida_bfd665099e7e7ac93735,Gross Disbursements,"Somalia, Federal Republic of",IDA,EASTERN AND SOUTHERN AFRICA,2025-Q3,130.0,200.0,0.0,0.0,330.0,2025,3,quarterly,330.0,0.0
1331,ida_78442ba7d12acf9989ee,Gross Disbursements,South Sudan,IDA,EASTERN AND SOUTHERN AFRICA,2025-Q3,0.0,210.51,0.0,0.0,210.51,2025,3,quarterly,210.51,0.0
1332,ida_bf785e466a838cd7b18d,Gross Disbursements,Sudan,IDA,EASTERN AND SOUTHERN AFRICA,2025-Q3,0.0,27.0,0.0,0.0,27.0,2025,3,quarterly,27.0,0.0
1333,ida_85f8086fc440a99bceea,Gross Disbursements,Tanzania,IDA,EASTERN AND SOUTHERN AFRICA,2025-Q3,250.0,502.8,0.0,188.0,940.8,2025,3,quarterly,940.8,0.0
1334,ida_a24137b75d09bee36667,Gross Disbursements,Uganda,IDA,EASTERN AND SOUTHERN AFRICA,2025-Q3,0.0,330.0,0.0,93.0,423.0,2025,3,quarterly,423.0,0.0
1335,ida_95b4226b9516a632da84,Gross Disbursements,Zambia,IDA,EASTERN AND SOUTHERN AFRICA,2025-Q3,25.0,234.51,0.0,25.0,284.51,2025,3,quarterly,284.51,0.0
1336,ida_892adbf3fe9e6315bf32,Gross Disbursements,Zimbabwe,IDA,EASTERN AND SOUTHERN AFRICA,2025-Q3,0.0,0.0,0.0,0.0,0.0,2025,3,quarterly,0.0,0.0
1337,ida_719ac193e2590d7bcdc9,Gross Disbursements,Albania,IDA,EUROPE AND CENTRAL ASIA,2025-Q3,0.0,0.0,0.0,0.0,0.0,2025,3,quarterly,0.0,0.0
1338,ida_80ddf81f62437455c54a,Gross Disbursements,Armenia,IDA,EUROPE AND CENTRAL ASIA,2025-Q3,0.0,-0.51,0.0,0.0,-0.51,2025,3,quarterly,-0.51,0.0
1339,ida_8c6f0a5a305967176ed8,Gross Disbursements,Azerbaijan,IDA,EUROPE AND CENTRAL ASIA,2025-Q3,0.0,0.0,0.0,0.0,0.0,2025,3,quarterly,0.0,0.0
1340,ida_0840c08a7b9f40eb3d4b,Gross Disbursements,Bosnia and Herzegovina,IDA,EUROPE AND CENTRAL ASIA,2025-Q3,0.0,0.0,0.0,0.0,0.0,2025,3,quarterly,0.0,0.0
1341,ida_d3eb14d788a5f4b81474,Gross Disbursements,Central Asia,IDA,EUROPE AND CENTRAL ASIA,2025-Q3,0.0,0.0,0.0,0.0,0.0,2025,3,quarterly,0.0,0.0
1342,ida_d9e3a0160a3b6dbeb30c,Gross Disbursements,Georgia,IDA,EUROPE AND CENTRAL ASIA,2025-Q3,0.0,0.0,0.0,0.0,0.0,2025,3,quarterly,0.0,0.0
1343,ida_247aa25848616a6cbbc8,Gross Disbursements,Kosovo,IDA,EUROPE AND CENTRAL ASIA,2025-Q3,0.0,14.49,0.0,0.0,14.49,2025,3,quarterly,14.49,0.0
1344,ida_6be5700c612747f520f7,Gross Disbursements,Kyrgyz Republic,IDA,EUROPE AND CENTRAL ASIA,2025-Q3,0.0,118.0,0.0,3.0,121.0,2025,3,quarterly,121.0,0.0
1345,ida_bda1310426f15c5861ad,Gross Disbursements,Moldova,IDA,EUROPE AND CENTRAL ASIA,2025-Q3,0.0,35.0,0.0,0.0,35.0,2025,3,quarterly,35.0,0.0
1346,ida_74d6ca219ad5fc869615,Gross Disbursements,Montenegro,IDA,EUROPE AND CENTRAL ASIA,2025-Q3,0.0,0.0,0.0,0.0,0.0,2025,3,quarterly,0.0,0.0
1347,ida_4f1966c67b4a210ed217,Gross Disbursements,North Macedonia,IDA,EUROPE AND CENTRAL ASIA,2025-Q3,0.0,0.0,0.0,0.0,0.0,2025,3,quarterly,0.0,0.0
1348,ida_802bae3cf0723722c80e,Gross Disbursements,Serbia,IDA,EUROPE AND CENTRAL ASIA,2025-Q3,0.0,0.0,0.0,0.0,0.0,2025,3,quarterly,0.0,0.0
1349,ida_6bd4e8776161529b73bc,Gross Disbursements,Tajikistan,IDA,EUROPE AND CENTRAL ASIA,2025-Q3,0.0,138.0,0.0,0.0,138.0,2025,3,quarterly,138.0,0.0
1350,ida_927ddf08a1e34bbc53a6,Gross Disbursements,Turkiye,IDA,EUROPE AND CENTRAL ASIA,2025-Q3,0.0,0.0,0.0,0.0,0.0,2025,3,quarterly,0.0,0.0
1351,ida_c8b7d9ce0e6ab71d6d2d,Gross Disbursements,Ukraine,IDA,EUROPE AND CENTRAL ASIA,2025-Q3,0.0,4800.0,0.0,2.0,4802.0,2025,3,quarterly,4802.0,0.0
1352,ida_29995a1e78293744af2e,Gross Disbursements,Uzbekistan,IDA,EUROPE AND CENTRAL ASIA,2025-Q3,540.0,232.0,0.0,0.0,772.0,2025,3,quarterly,772.0,0.0
1353,ida_c8d41dd2dc8a93fbaa4e,Gross Disbursements,Bolivia,IDA,LATIN AMERICA AND CARIBBEAN,2025-Q3,0.0,18.51,0.0,0.0,18.51,2025,3,quarterly,18.51,0.0
1354,ida_07b0fd38995c6666ed9b,Gross Disbursements,Caribbean,IDA,LATIN AMERICA AND CARIBBEAN,2025-Q3,0.0,1.0,0.0,0.0,1.0,2025,3,quarterly,1.0,0.0
1355,ida_5ae0636bc36527b0791a,Gross Disbursements,Dominica,IDA,LATIN AMERICA AND CARIBBEAN,2025-Q3,0.0,58.51,0.0,0.0,58.51,2025,3,quarterly,58.51,0.0
1356,ida_20587768284fd5a89c66,Gross Disbursements,Dominican Republic,IDA,LATIN AMERICA AND CARIBBEAN,2025-Q3,0.0,0.0,0.0,0.0,0.0,2025,3,quarterly,0.0,0.0
1357,ida_d7d839ec4a675a35e9b6,Gross Disbursements,Ecuador,IDA,LATIN AMERICA AND CARIBBEAN,2025-Q3,0.0,0.0,0.0,0.0,0.0,2025,3,quarterly,0.0,0.0
1358,ida_d4fde69fc926385ef188,Gross Disbursements,El Salvador,IDA,LATIN AMERICA AND CARIBBEAN,2025-Q3,0.0,0.0,0.0,0.0,0.0,2025,3,quarterly,0.0,0.0
1359,ida_6e3ab6b2714946d4e2da,Gross Disbursements,Grenada,IDA,LATIN AMERICA AND CARIBBEAN,2025-Q3,20.0,5.0,0.0,0.0,25.0,2025,3,quarterly,25.0,0.0
1360,ida_79732a19ceb658f2656b,Gross Disbursements,Guyana,IDA,LATIN AMERICA AND CARIBBEAN,2025-Q3,0.0,4.0,0.0,0.0,4.0,2025,3,quarterly,4.0,0.0
1361,ida_9ecbf35c96a87c984eec,Gross Disbursements,Haiti,IDA,LATIN AMERICA AND CARIBBEAN,2025-Q3,0.0,102.0,0.0,0.0,102.0,2025,3,quarterly,102.0,0.0
1362,ida_30a341c2a3208013f224,Gross Disbursements,Honduras,IDA,LATIN AMERICA AND CARIBBEAN,2025-Q3,100.0,105.0,0.0,0.0,205.0,2025,3,quarterly,205.0,0.0
1363,ida_5af32a400f2c02d9752a,Gross Disbursements,Nicaragua,IDA,LATIN AMERICA AND CARIBBEAN,2025-Q3,0.0,22.0,0.0,0.0,22.0,2025,3,quarterly,22.0,0.0
1364,ida_9ed79dbbfe9ca85288a1,Gross Disbursements,OECS Countries,IDA,LATIN AMERICA AND CARIBBEAN,2025-Q3,0.0,0.0,0.0,0.0,0.0,2025,3,quarterly,0.0,0.0
1365,ida_7d6f2a8185db300d7ed6,Gross Disbursements,Paraguay,IDA,LATIN AMERICA AND CARIBBEAN,2025-Q3,0.0,0.0,0.0,0.0,0.0,2025,3,quarterly,0.0,0.0
1366,ida_839ea31457f01408a4a4,Gross Disbursements,St. Kitts and Nevis,IDA,LATIN AMERICA AND CARIBBEAN,2025-Q3,0.0,0.0,0.0,0.0,0.0,2025,3,quarterly,0.0,0.0
1367,ida_372b318c33c30ab0a059,Gross Disbursements,St. Lucia,IDA,LATIN AMERICA AND CARIBBEAN,2025-Q3,0.0,19.0,0.0,0.0,19.0,2025,3,quarterly,19.0,0.0
1368,ida_c22a5fe205b6725a1572,Gross Disbursements,Belize,IDA,LATIN AMERICA AND CARIBBEAN,2025-Q3,0.0,0.0,0.0,0.0,0.0,2025,3,quarterly,0.0,0.0
1369,ida_8c9f034dd49e36b75662,Gross Disbursements,St. Vincent and the Grenadines,IDA,LATIN AMERICA AND CARIBBEAN,2025-Q3,0.0,29.0,0.0,0.0,29.0,2025,3,quarterly,29.0,0.0
1370,ida_5aa9252d59dbd5e2b828,Gross Disbursements,Djibouti,IDA,"MIDDLE EAST, NORTH AFRICA, AFGHANISTAN, AND PAKISTAN",2025-Q3,0.0,32.0,0.0,0.0,32.0,2025,3,quarterly,32.0,0.0
1371,ida_8ff8181cf89fa43c83ce,Gross Disbursements,"Egypt, Arab Republic of",IDA,"MIDDLE EAST, NORTH AFRICA, AFGHANISTAN, AND PAKISTAN",2025-Q3,0.0,0.0,0.0,0.0,0.0,2025,3,quarterly,0.0,0.0
1372,ida_e82f896c96bf839dd0ef,Gross Disbursements,Iraq,IDA,"MIDDLE EAST, NORTH AFRICA, AFGHANISTAN, AND PAKISTAN",2025-Q3,0.0,0.0,0.0,0.0,0.0,2025,3,quarterly,0.0,0.0
1373,ida_41e116d2d15134733eae,Gross Disbursements,Jordan,IDA,"MIDDLE EAST, NORTH AFRICA, AFGHANISTAN, AND PAKISTAN",2025-Q3,0.0,0.0,0.0,0.0,0.0,2025,3,quarterly,0.0,0.0
1374,ida_7badde43560833a535e6,Gross Disbursements,Morocco,IDA,"MIDDLE EAST, NORTH AFRICA, AFGHANISTAN, AND PAKISTAN",2025-Q3,0.0,0.0,0.0,0.0,0.0,2025,3,quarterly,0.0,0.0
1375,ida_be3e5ada25e3600a5dcd,Gross Disbursements,Syrian Arab Republic,IDA,"MIDDLE EAST, NORTH AFRICA, AFGHANISTAN, AND PAKISTAN",2025-Q3,0.0,0.0,0.0,0.0,0.0,2025,3,quarterly,0.0,0.0
1376,ida_1ef9b94904b959aba2d0,Gross Disbursements,Lebanon,IDA,"MIDDLE EAST, NORTH AFRICA, AFGHANISTAN, AND PAKISTAN",2025-Q3,0.0,0.0,0.0,0.0,0.0,2025,3,quarterly,0.0,0.0
1377,ida_fa2ca1668916123d2cef,Gross Disbursements,Tunisia,IDA,"MIDDLE EAST, NORTH AFRICA, AFGHANISTAN, AND PAKISTAN",2025-Q3,0.0,0.0,0.0,0.0,0.0,2025,3,quarterly,0.0,0.0
1378,ida_db7526bcc85de2a2cbee,Gross Disbursements,"Yemen, Republic of",IDA,"MIDDLE EAST, NORTH AFRICA, AFGHANISTAN, AND PAKISTAN",2025-Q3,0.0,299.0,0.0,0.0,299.0,2025,3,quarterly,299.0,0.0
1379,ida_42623b683dd63b842417,Gross Disbursements,IFC,IDA,OTHER,2025-Q3,0.0,0.0,81.0,0.0,81.0,2025,3,quarterly,81.0,0.0
1380,ida_ce00e3b2426da8c41253,Gross Disbursements,Afghanistan,IDA,"MIDDLE EAST, NORTH AFRICA, AFGHANISTAN, AND PAKISTAN",2025-Q3,0.0,69.0,0.0,0.0,69.0,2025,3,quarterly,69.0,0.0
1381,ida_c8f3b0e0ce721d165f7a,Gross Disbursements,Bangladesh,IDA,SOUTH ASIA,2025-Q3,490.0,464.49,0.0,101.0,1055.49,2025,3,quarterly,1055.49,0.0
1382,ida_b38857ef34c710647d75,Gross Disbursements,Bhutan,IDA,SOUTH ASIA,2025-Q3,0.0,0.49,0.0,2.0,2.49,2025,3,quarterly,2.49,0.0
1383,ida_8635e0413342621adf87,Gross Disbursements,India,IDA,SOUTH ASIA,2025-Q3,32.0,38.49,0.0,0.0,70.49,2025,3,quarterly,70.49000000000001,-1.4210854715202004e-14
1384,ida_b2ce46786d1b11b2ec10,Gross Disbursements,Maldives,IDA,SOUTH ASIA,2025-Q3,0.0,4.49,0.0,0.0,4.49,2025,3,quarterly,4.49,0.0
1385,ida_6013a5a9cd80e0b52283,Gross Disbursements,Nepal,IDA,SOUTH ASIA,2025-Q3,179.0,99.49,0.0,63.0,341.49,2025,3,quarterly,341.49,0.0
1386,ida_d8264fa4062de758e146,Gross Disbursements,Pakistan,IDA,"MIDDLE EAST, NORTH AFRICA, AFGHANISTAN, AND PAKISTAN",2025-Q3,0.0,645.0,0.0,56.0,701.0,2025,3,quarterly,701.0,0.0
1387,ida_d49a7bd5659ebb82c8dd,Gross Disbursements,South Asia,IDA,SOUTH ASIA,2025-Q3,0.0,19.49,0.0,0.0,19.49,2025,3,quarterly,19.49,0.0
1388,ida_0dce3c9c524115da1812,Gross Disbursements,Sri Lanka,IDA,SOUTH ASIA,2025-Q3,200.0,144.0,0.0,0.0,344.0,2025,3,quarterly,344.0,0.0
1389,ida_8533b673ab61107f1827,Gross Disbursements,Benin,IDA,WESTERN AND CENTRAL AFRICA,2025-Q3,143.0,88.0,0.0,39.0,270.0,2025,3,quarterly,270.0,0.0
1390,ida_74818442674896d50af9,Gross Disbursements,Burkina Faso,IDA,WESTERN AND CENTRAL AFRICA,2025-Q3,0.0,360.51,0.0,25.0,385.51,2025,3,quarterly,385.51,0.0
1391,ida_afd3042e32a183f1b0db,Gross Disbursements,Cabo Verde,IDA,WESTERN AND CENTRAL AFRICA,2025-Q3,25.0,18.0,0.0,0.0,43.0,2025,3,quarterly,43.0,0.0
1392,ida_c437343f3948a222e10d,Gross Disbursements,Cameroon,IDA,WESTERN AND CENTRAL AFRICA,2025-Q3,0.0,269.51,0.0,53.0,322.51,2025,3,quarterly,322.51,0.0
1393,ida_484cbf27c9ed06ecabe0,Gross Disbursements,Central Africa,IDA,WESTERN AND CENTRAL AFRICA,2025-Q3,0.0,2.0,0.0,0.0,2.0,2025,3,quarterly,2.0,0.0
1394,ida_377e5d140d37a0a63b63,Gross Disbursements,Central African Republic,IDA,WESTERN AND CENTRAL AFRICA,2025-Q3,0.0,79.51,0.0,0.0,79.51,2025,3,quarterly,79.51,0.0
1395,ida_ba7cb2b1befbe4e51d03,Gross Disbursements,Chad,IDA,WESTERN AND CENTRAL AFRICA,2025-Q3,0.0,209.0,0.0,0.0,209.0,2025,3,quarterly,209.0,0.0
1396,ida_9ad0cfadb50162fbded5,Gross Disbursements,"Congo, Republic of",IDA,WESTERN AND CENTRAL AFRICA,2025-Q3,0.0,13.0,0.0,1.0,14.0,2025,3,quarterly,14.0,0.0
1397,ida_d252ab52f40412eb69bd,Gross Disbursements,Cote d'Ivoire,IDA,WESTERN AND CENTRAL AFRICA,2025-Q3,298.0,332.51,0.0,94.0,724.51,2025,3,quarterly,724.51,0.0
1398,ida_f79873a6dafbcfe3febe,Gross Disbursements,Equatorial Guinea,IDA,WESTERN AND CENTRAL AFRICA,2025-Q3,0.0,0.0,0.0,0.0,0.0,2025,3,quarterly,0.0,0.0
1399,ida_6e51a5f9fb1529cae78a,Gross Disbursements,"Gambia, The",IDA,WESTERN AND CENTRAL AFRICA,2025-Q3,29.0,72.0,0.0,0.0,101.0,2025,3,quarterly,101.0,0.0
1400,ida_d5dc33adc2ef90552ee9,Gross Disbursements,Ghana,IDA,WESTERN AND CENTRAL AFRICA,2025-Q3,0.0,376.51,212.0,66.0,654.51,2025,3,quarterly,654.51,0.0
1401,ida_5d3f4e3bad7dc3826577,Gross Disbursements,Guinea,IDA,WESTERN AND CENTRAL AFRICA,2025-Q3,0.0,150.3,0.0,0.0,150.3,2025,3,quarterly,150.3,0.0
1402,ida_62215879723b5c8ec575,Gross Disbursements,Guinea-Bissau,IDA,WESTERN AND CENTRAL AFRICA,2025-Q3,0.0,32.0,0.0,0.0,32.0,2025,3,quarterly,32.0,0.0
1403,ida_8d229acf5abc171b23c2,Gross Disbursements,Liberia,IDA,WESTERN AND CENTRAL AFRICA,2025-Q3,40.0,79.0,0.0,0.0,119.0,2025,3,quarterly,119.0,0.0
1404,ida_c3386874af798ac98650,Gross Disbursements,Mali,IDA,WESTERN AND CENTRAL AFRICA,2025-Q3,0.0,155.0,0.0,0.0,155.0,2025,3,quarterly,155.0,0.0
1405,ida_d180959496a2d4c46ef9,Gross Disbursements,Mauritania,IDA,WESTERN AND CENTRAL AFRICA,2025-Q3,24.0,79.0,0.0,0.0,103.0,2025,3,quarterly,103.0,0.0
1406,ida_3b6c8632e8221f06f6ee,Gross Disbursements,Niger,IDA,WESTERN AND CENTRAL AFRICA,2025-Q3,0.0,288.0,0.0,40.49,328.49,2025,3,quarterly,328.49,0.0
1407,ida_cdc7ee5bec7edb4c0b3d,Gross Disbursements,Nigeria,IDA,WESTERN AND CENTRAL AFRICA,2025-Q3,0.0,799.0,0.0,99.2,898.2,2025,3,quarterly,898.2,0.0
1408,ida_3c6eda4a531b1b196370,Gross Disbursements,Senegal,IDA,WESTERN AND CENTRAL AFRICA,2025-Q3,0.0,140.0,0.0,8.0,148.0,2025,3,quarterly,148.0,0.0
1409,ida_242ce7993df146051e36,Gross Disbursements,Sierra Leone,IDA,WESTERN AND CENTRAL AFRICA,2025-Q3,59.0,114.0,0.0,0.0,173.0,2025,3,quarterly,173.0,0.0
1410,ida_1db8b7b0c0abb679216f,Gross Disbursements,Togo,IDA,WESTERN AND CENTRAL AFRICA,2025-Q3,186.49,85.0,0.0,16.49,287.98,2025,3,quarterly,287.98,0.0
1411,ida_c1768b0620ee59ecc56b,Gross Disbursements,Western and Central Africa,IDA,WESTERN AND CENTRAL AFRICA,2025-Q3,0.0,58.0,0.0,0.0,58.0,2025,3,quarterly,58.0,0.0
1412,ida_43869575ed3aa2d9f803,Gross Disbursements,"Mid East,NorthAfrica, Afghan, Pakistan",IDA,"MIDDLE EAST, NORTH AFRICA, AFGHANISTAN, AND PAKISTAN",2025-Q3,0.0,1.2,0.0,0.0,1.2,2025,3,quarterly,1.2,0.0
1413,ida_022b6ce055d68e29aa00,Gross Disbursements,East Asia and Pacific,IDA,EAST ASIA AND PACIFIC,2025-Q3,0.0,0.0,0.0,0.0,0.0,2025,3,quarterly,0.0,0.0
1414,ida_af7a06eaa807f1ed50b8,Commitments,Australia,IDA,EAST ASIA AND PACIFIC,FY25,0.0,0.0,0.0,0.0,0.0,2025,4,annual,0.0,0.0
1415,ida_5edf0bb8415202b9cc53,Commitments,China,IDA,EAST ASIA AND PACIFIC,FY25,0.0,0.0,0.0,0.0,0.0,2025,4,annual,0.0,0.0
1416,ida_75927d45e78b5ae61e49,Commitments,Fiji,IDA,EAST ASIA AND PACIFIC,FY25,0.0,34.0,0.0,0.0,34.0,2025,4,annual,34.0,0.0
1417,ida_fb9f882b4037f11504ff,Commitments,Indonesia,IDA,EAST ASIA AND PACIFIC,FY25,0.0,0.0,0.0,0.0,0.0,2025,4,annual,0.0,0.0
1418,ida_5a79e6d33816150033ee,Commitments,Japan,IDA,EAST ASIA AND PACIFIC,FY25,0.0,0.0,0.0,0.0,0.0,2025,4,annual,0.0,0.0
1419,ida_71603ac5d9a0c4ef828b,Commitments,"Korea, Republic of",IDA,EAST ASIA AND PACIFIC,FY25,0.0,0.0,0.0,0.0,0.0,2025,4,annual,0.0,0.0
1420,ida_137e60f99f2c3680f229,Commitments,Malaysia,IDA,EAST ASIA AND PACIFIC,FY25,0.0,0.0,0.0,0.0,0.0,2025,4,annual,0.0,0.0
1421,ida_1bc67a19981c6aa1a9c7,Commitments,Mongolia,IDA,EAST ASIA AND PACIFIC,FY25,0.0,0.0,0.0,0.0,0.0,2025,4,annual,0.0,0.0
1422,ida_e7d2858c725ff98fd19d,Commitments,Myanmar,IDA,EAST ASIA AND PACIFIC,FY25,0.0,93.0,0.0,0.0,93.0,2025,4,annual,93.0,0.0
1423,ida_fbe520ac1c8455ebd248,Commitments,New Zealand,IDA,EAST ASIA AND PACIFIC,FY25,0.0,0.0,0.0,0.0,0.0,2025,4,annual,0.0,0.0
1424,ida_160f365002ea336a6abd,Commitments,Papua New Guinea,IDA,EAST ASIA AND PACIFIC,FY25,0.0,300.0,0.0,0.0,300.0,2025,4,annual,300.0,0.0
1425,ida_612a492e2aa223810299,Commitments,Philippines,IDA,EAST ASIA AND PACIFIC,FY25,0.0,0.0,0.0,0.0,0.0,2025,4,annual,0.0,0.0
1426,ida_d532a0911a81650628d9,Commitments,Singapore,IDA,EAST ASIA AND PACIFIC,FY25,0.0,0.0,0.0,0.0,0.0,2025,4,annual,0.0,0.0
1427,ida_9bc86d11b3f2466ce1d8,Commitments,"Taiwan, China",IDA,EAST ASIA AND PACIFIC,FY25,0.0,0.0,0.0,0.0,0.0,2025,4,annual,0.0,0.0
1428,ida_560460497e288d61aff8,Commitments,Thailand,IDA,EAST ASIA AND PACIFIC,FY25,0.0,0.0,0.0,0.0,0.0,2025,4,annual,0.0,0.0
1429,ida_961ad73065606786d44a,Commitments,Timor-Leste,IDA,EAST ASIA AND PACIFIC,FY25,0.0,0.0,0.0,0.0,0.0,2025,4,annual,0.0,0.0
1430,ida_190bb1bafc9cccfd87c5,Commitments,Viet Nam,IDA,EAST ASIA AND PACIFIC,FY25,0.0,0.0,0.0,0.0,0.0,2025,4,annual,0.0,0.0
1431,ida_0312b24ca47f3a291aef,Commitments,East Asia and Pacific,IDA,EAST ASIA AND PACIFIC,FY25,0.0,13.0,0.0,0.0,13.0,2025,4,annual,13.0,0.0
1432,ida_fd2ad8e2be4ee62b30f0,Commitments,Angola,IDA,EASTERN AND SOUTHERN AFRICA,FY25,0.0,0.0,0.0,0.0,0.0,2025,4,annual,0.0,0.0
1433,ida_2fd70d825e16247b2949,Commitments,Botswana,IDA,EASTERN AND SOUTHERN AFRICA,FY25,0.0,0.0,0.0,0.0,0.0,2025,4,annual,0.0,0.0
1434,ida_392b260f664315f1254b,Commitments,Burundi,IDA,EASTERN AND SOUTHERN AFRICA,FY25,0.0,547.0,0.0,20.0,567.0,2025,4,annual,567.0,0.0
1435,ida_b553eb30db45aa7315d3,Commitments,Comoros,IDA,EASTERN AND SOUTHERN AFRICA,FY25,0.0,57.0,0.0,0.0,57.0,2025,4,annual,57.0,0.0
1436,ida_a8ffddb0aa0529951b36,Commitments,"Congo, Democratic Republic of",IDA,EASTERN AND SOUTHERN AFRICA,FY25,600.0,890.0,0.0,0.0,1490.0,2025,4,annual,1490.0,0.0
1437,ida_299a91ac03c7864820a4,Commitments,Eastern and Southern Africa,IDA,EASTERN AND SOUTHERN AFRICA,FY25,0.0,120.0,0.0,0.0,120.0,2025,4,annual,120.0,0.0
1438,ida_4e3ee273718c83faa9e3,Commitments,Eswatini,IDA,EASTERN AND SOUTHERN AFRICA,FY25,0.0,66.0,0.0,0.0,66.0,2025,4,annual,66.0,0.0
1439,ida_bc76d349f577dfb911ae,Commitments,Ethiopia,IDA,EASTERN AND SOUTHERN AFRICA,FY25,1500.0,894.0,0.0,50.0,2444.0,2025,4,annual,2444.0,0.0
1440,ida_7e760b2a3d2edfeb291a,Commitments,Kenya,IDA,EASTERN AND SOUTHERN AFRICA,FY25,0.0,328.0,0.0,250.0,578.0,2025,4,annual,578.0,0.0
1441,ida_7e06fc56dc5bd8d731f9,Commitments,Lesotho,IDA,EASTERN AND SOUTHERN AFRICA,FY25,0.0,32.0,0.0,0.0,32.0,2025,4,annual,32.0,0.0
1442,ida_a3c25feffd2ad47ca7d5,Commitments,Madagascar,IDA,EASTERN AND SOUTHERN AFRICA,FY25,100.0,698.0,0.0,0.0,798.0,2025,4,annual,798.0,0.0
1443,ida_bed8b3ae009589c1f244,Commitments,Malawi,IDA,EASTERN AND SOUTHERN AFRICA,FY25,0.0,660.0,0.0,0.0,660.0,2025,4,annual,660.0,0.0
1444,ida_1bdfc6e0115184d1a812,Commitments,Mauritius,IDA,EASTERN AND SOUTHERN AFRICA,FY25,0.0,0.0,0.0,0.0,0.0,2025,4,annual,0.0,0.0
1445,ida_d0cef26acabdba958461,Commitments,Mozambique,IDA,EASTERN AND SOUTHERN AFRICA,FY25,0.0,877.0,0.0,9.0,886.0,2025,4,annual,886.0,0.0
1446,ida_e37ce5e91fba16e6ddd1,Commitments,Namibia,IDA,EASTERN AND SOUTHERN AFRICA,FY25,0.0,0.0,0.0,0.0,0.0,2025,4,annual,0.0,0.0
1447,ida_c655af2b00c58d678fb9,Commitments,Rwanda,IDA,EASTERN AND SOUTHERN AFRICA,FY25,255.0,167.0,0.0,200.0,622.0,2025,4,annual,622.0,0.0
1448,ida_375ef60bfe262d87a37b,Commitments,Sao Tome and Principe,IDA,EASTERN AND SOUTHERN AFRICA,FY25,0.0,58.0,0.0,0.0,58.0,2025,4,annual,58.0,0.0
1449,ida_fcda2acf3a816c2e5ff0,Commitments,Seychelles,IDA,EASTERN AND SOUTHERN AFRICA,FY25,0.0,0.0,0.0,0.0,0.0,2025,4,annual,0.0,0.0
1450,ida_2bb29ab91df358c4df50,Commitments,Somalia,IDA,EASTERN AND SOUTHERN AFRICA,FY25,145.0,205.0,0.0,0.0,350.0,2025,4,annual,350.0,0.0
1451,ida_cba09cb022ea253790cf,Commitments,South Africa,IDA,EASTERN AND SOUTHERN AFRICA,FY25,0.0,0.0,0.0,0.0,0.0,2025,4,annual,0.0,0.0
1452,ida_0cb8db4ead0316d9750f,Commitments,Southern Africa,IDA,EASTERN AND SOUTHERN AFRICA,FY25,0.0,0.0,0.0,0.0,0.0,2025,4,annual,0.0,0.0
1453,ida_34f71fa8b1e4daf64cfa,Commitments,Sudan,IDA,EASTERN AND SOUTHERN AFRICA,FY25,0.0,308.0,0.0,0.0,308.0,2025,4,annual,308.0,0.0
1454,ida_12dd51ae3d8fe9da080a,Commitments,Tanzania,IDA,EASTERN AND SOUTHERN AFRICA,FY25,299.0,763.0,0.0,135.0,1197.0,2025,4,annual,1197.0,0.0
1455,ida_bd9a02c55a77e682e027,Commitments,Uganda,IDA,EASTERN AND SOUTHERN AFRICA,FY25,0.0,578.0,0.0,210.0,788.0,2025,4,annual,788.0,0.0
1456,ida_ec63385238b1677c4d27,Commitments,Zambia,IDA,EASTERN AND SOUTHERN AFRICA,FY25,100.0,475.0,0.0,33.0,608.0,2025,4,annual,608.0,0.0
1457,ida_b7b43828df0f6bc8fbe2,Commitments,Zimbabwe,IDA,EASTERN AND SOUTHERN AFRICA,FY25,0.0,0.0,0.0,0.0,0.0,2025,4,annual,0.0,0.0
1458,ida_43647a4206113dcb2136,Commitments,Albania,IDA,EUROPE AND CENTRAL ASIA,FY25,0.0,0.0,0.0,0.0,0.0,2025,4,annual,0.0,0.0
1459,ida_eb8f6f68f04aa437bb94,Commitments,Armenia,IDA,EUROPE AND CENTRAL ASIA,FY25,0.0,0.0,0.0,0.0,0.0,2025,4,annual,0.0,0.0
1460,ida_6e172cfda55698bb707d,Commitments,Austria,IDA,EUROPE AND CENTRAL ASIA,FY25,0.0,0.0,0.0,0.0,0.0,2025,4,annual,0.0,0.0
1461,ida_7ef9575d66f7b6255620,Commitments,Azerbaijan,IDA,EUROPE AND CENTRAL ASIA,FY25,0.0,0.0,0.0,0.0,0.0,2025,4,annual,0.0,0.0
1462,ida_b3dbc1449028b951cd7b,Commitments,Belarus,IDA,EUROPE AND CENTRAL ASIA,FY25,0.0,0.0,0.0,0.0,0.0,2025,4,annual,0.0,0.0
1463,ida_d86ba392d76789d06490,Commitments,Belgium,IDA,EUROPE AND CENTRAL ASIA,FY25,0.0,0.0,0.0,0.0,0.0,2025,4,annual,0.0,0.0
1464,ida_586767e33f55eb3857b6,Commitments,Bosnia and Herzegovina,IDA,EUROPE AND CENTRAL ASIA,FY25,0.0,0.0,0.0,0.0,0.0,2025,4,annual,0.0,0.0
1465,ida_9595af7a9a37758ff299,Commitments,Bulgaria,IDA,EUROPE AND CENTRAL ASIA,FY25,0.0,0.0,0.0,0.0,0.0,2025,4,annual,0.0,0.0
1466,ida_44546696f01080a2dbc7,Commitments,Croatia,IDA,EUROPE AND CENTRAL ASIA,FY25,0.0,0.0,0.0,0.0,0.0,2025,4,annual,0.0,0.0
1467,ida_64589eac5af3e5c204f2,Commitments,Cyprus,IDA,EUROPE AND CENTRAL ASIA,FY25,0.0,0.0,0.0,0.0,0.0,2025,4,annual,0.0,0.0
1468,ida_ec19dd12e1f5febdb3f8,Commitments,Czechia,IDA,EUROPE AND CENTRAL ASIA,FY25,0.0,0.0,0.0,0.0,0.0,2025,4,annual,0.0,0.0
1469,ida_bf30c769238ec8e671d3,Commitments,Denmark,IDA,EUROPE AND CENTRAL ASIA,FY25,0.0,0.0,0.0,0.0,0.0,2025,4,annual,0.0,0.0
1470,ida_0165694b01cfa49cb533,Commitments,Estonia,IDA,EUROPE AND CENTRAL ASIA,FY25,0.0,0.0,0.0,0.0,0.0,2025,4,annual,0.0,0.0
1471,ida_d690458191bc558c9521,Commitments,Finland,IDA,EUROPE AND CENTRAL ASIA,FY25,0.0,0.0,0.0,0.0,0.0,2025,4,annual,0.0,0.0
1472,ida_4a4ffb14297706f6ea50,Commitments,France,IDA,EUROPE AND CENTRAL ASIA,FY25,0.0,0.0,0.0,0.0,0.0,2025,4,annual,0.0,0.0
1473,ida_658353e1db767f0b4448,Commitments,Georgia,IDA,EUROPE AND CENTRAL ASIA,FY25,0.0,0.0,0.0,0.0,0.0,2025,4,annual,0.0,0.0
1474,ida_b16f39ac67c2a5c0e184,Commitments,Greece,IDA,EUROPE AND CENTRAL ASIA,FY25,0.0,0.0,0.0,0.0,0.0,2025,4,annual,0.0,0.0
1475,ida_23aa4f9306bff2591353,Commitments,Hungary,IDA,EUROPE AND CENTRAL ASIA,FY25,0.0,0.0,0.0,0.0,0.0,2025,4,annual,0.0,0.0
1476,ida_871d5a4378cf001d77d3,Commitments,Iceland,IDA,EUROPE AND CENTRAL ASIA,FY25,0.0,0.0,0.0,0.0,0.0,2025,4,annual,0.0,0.0
1477,ida_cbfafef182768a44874c,Commitments,Ireland,IDA,EUROPE AND CENTRAL ASIA,FY25,0.0,0.0,0.0,0.0,0.0,2025,4,annual,0.0,0.0
1478,ida_ba6c3e9faa83d703bfd3,Commitments,Italy,IDA,EUROPE AND CENTRAL ASIA,FY25,0.0,0.0,0.0,0.0,0.0,2025,4,annual,0.0,0.0
1479,ida_50e9436f4250eb957380,Commitments,Kazakhstan,IDA,EUROPE AND CENTRAL ASIA,FY25,0.0,0.0,0.0,0.0,0.0,2025,4,annual,0.0,0.0
1480,ida_64af12dc47841f3bf008,Commitments,Kosovo,IDA,EUROPE AND CENTRAL ASIA,FY25,0.0,89.0,0.0,0.0,89.0,2025,4,annual,89.0,0.0
1481,ida_4b1e9241e07cb7f401bc,Commitments,Latvia,IDA,EUROPE AND CENTRAL ASIA,FY25,0.0,0.0,0.0,0.0,0.0,2025,4,annual,0.0,0.0
1482,ida_658ed43888a28a2f8429,Commitments,Lithuania,IDA,EUROPE AND CENTRAL ASIA,FY25,0.0,0.0,0.0,0.0,0.0,2025,4,annual,0.0,0.0
1483,ida_51aaaa8eba6a4ba3284d,Commitments,Luxembourg,IDA,EUROPE AND CENTRAL ASIA,FY25,0.0,0.0,0.0,0.0,0.0,2025,4,annual,0.0,0.0
1484,ida_a264ed0340b142c970fd,Commitments,Moldova,IDA,EUROPE AND CENTRAL ASIA,FY25,50.0,0.0,0.0,0.0,50.0,2025,4,annual,50.0,0.0
1485,ida_d4fc25224bd0ca37f461,Commitments,Montenegro,IDA,EUROPE AND CENTRAL ASIA,FY25,0.0,0.0,0.0,0.0,0.0,2025,4,annual,0.0,0.0
1486,ida_b2d575191ac81053d3c4,Commitments,Netherlands,IDA,EUROPE AND CENTRAL ASIA,FY25,0.0,0.0,0.0,0.0,0.0,2025,4,annual,0.0,0.0
1487,ida_1dffb907bd49f802a594,Commitments,North Macedonia,IDA,EUROPE AND CENTRAL ASIA,FY25,0.0,0.0,0.0,0.0,0.0,2025,4,annual,0.0,0.0
1488,ida_3decfb9dd625117be810,Commitments,Norway,IDA,EUROPE AND CENTRAL ASIA,FY25,0.0,0.0,0.0,0.0,0.0,2025,4,annual,0.0,0.0
1489,ida_97c90af3c73d3e0f3c09,Commitments,Poland,IDA,EUROPE AND CENTRAL ASIA,FY25,0.0,0.0,0.0,0.0,0.0,2025,4,annual,0.0,0.0
1490,ida_0c22852ed064d473d932,Commitments,Portugal,IDA,EUROPE AND CENTRAL ASIA,FY25,0.0,0.0,0.0,0.0,0.0,2025,4,annual,0.0,0.0
1491,ida_fbd7409c3862bc9a7567,Commitments,Romania,IDA,EUROPE AND CENTRAL ASIA,FY25,0.0,0.0,0.0,0.0,0.0,2025,4,annual,0.0,0.0
1492,ida_c0d34a3ba0560f2bd112,Commitments,Russian Federation,IDA,EUROPE AND CENTRAL ASIA,FY25,0.0,0.0,0.0,0.0,0.0,2025,4,annual,0.0,0.0
1493,ida_40cff81baf3c156ab31e,Commitments,Serbia,IDA,EUROPE AND CENTRAL ASIA,FY25,0.0,0.0,0.0,0.0,0.0,2025,4,annual,0.0,0.0
1494,ida_1a3d9a32dfaa9f2139d2,Commitments,Slovak Republic,IDA,EUROPE AND CENTRAL ASIA,FY25,0.0,0.0,0.0,0.0,0.0,2025,4,annual,0.0,0.0
1495,ida_c2277e51130a6d7cd3a1,Commitments,Slovenia,IDA,EUROPE AND CENTRAL ASIA,FY25,0.0,0.0,0.0,0.0,0.0,2025,4,annual,0.0,0.0
1496,ida_c3ec35b5dff28ed57f03,Commitments,Spain,IDA,EUROPE AND CENTRAL ASIA,FY25,0.0,0.0,0.0,0.0,0.0,2025,4,annual,0.0,0.0
1497,ida_d4fb8e112a0dad65abd0,Commitments,Turkiye,IDA,EUROPE AND CENTRAL ASIA,FY25,0.0,0.0,0.0,0.0,0.0,2025,4,annual,0.0,0.0
1498,ida_dfb62c9e40e8df600984,Commitments,Turkmenistan,IDA,EUROPE AND CENTRAL ASIA,FY25,0.0,0.0,0.0,0.0,0.0,2025,4,annual,0.0,0.0
1499,ida_c24146df365ad600dd07,Commitments,Ukraine,IDA,EUROPE AND CENTRAL ASIA,FY25,0.0,5094.0,0.0,955.0,6049.0,2025,4,annual,6049.0,0.0
1500,ida_8cd860d0e64d4df0713c,Commitments,Uzbekistan,IDA,EUROPE AND CENTRAL ASIA,FY25,540.0,385.0,0.0,100.0,1025.0,2025,4,annual,1025.0,0.0
1501,ida_8ff701eb8f563bb195af,Commitments,"Yugoslavia, former",IDA,EUROPE AND CENTRAL ASIA,FY25,0.0,0.0,0.0,0.0,0.0,2025,4,annual,0.0,0.0
1502,ida_86b0000e1eef007f2ea6,Commitments,Antigua and Barbuda,IDA,LATIN AMERICA AND CARIBBEAN,FY25,0.0,0.0,0.0,0.0,0.0,2025,4,annual,0.0,0.0
1503,ida_39319c79b344d58605e3,Commitments,Argentina,IDA,LATIN AMERICA AND CARIBBEAN,FY25,0.0,0.0,0.0,0.0,0.0,2025,4,annual,0.0,0.0
1504,ida_15f8a5149294cba771d7,Commitments,"Bahamas, The",IDA,LATIN AMERICA AND CARIBBEAN,FY25,0.0,0.0,0.0,0.0,0.0,2025,4,annual,0.0,0.0
1505,ida_14fe5bd9f0551a7a8ff3,Commitments,Barbados,IDA,LATIN AMERICA AND CARIBBEAN,FY25,0.0,0.0,0.0,0.0,0.0,2025,4,annual,0.0,0.0
1506,ida_1603e2e88b40761c7272,Commitments,Belize,IDA,LATIN AMERICA AND CARIBBEAN,FY25,0.0,24.0,0.0,0.0,24.0,2025,4,annual,24.0,0.0
1507,ida_34c5d375e343aa28ea6b,Commitments,Bolivia,IDA,LATIN AMERICA AND CARIBBEAN,FY25,0.0,0.0,0.0,0.0,0.0,2025,4,annual,0.0,0.0
1508,ida_97d541b46fd0ed184f82,Commitments,Brazil,IDA,LATIN AMERICA AND CARIBBEAN,FY25,0.0,0.0,0.0,0.0,0.0,2025,4,annual,0.0,0.0
1509,ida_06caffba9837721455a2,Commitments,Caribbean,IDA,LATIN AMERICA AND CARIBBEAN,FY25,0.0,7.0,0.0,0.0,7.0,2025,4,annual,7.0,0.0
1510,ida_37cb89f4d6b2926714bf,Commitments,Chile,IDA,LATIN AMERICA AND CARIBBEAN,FY25,0.0,0.0,0.0,0.0,0.0,2025,4,annual,0.0,0.0
1511,ida_a84bde21f678790a7b00,Commitments,Colombia,IDA,LATIN AMERICA AND CARIBBEAN,FY25,0.0,0.0,0.0,0.0,0.0,2025,4,annual,0.0,0.0
1512,ida_5b99749b5e1846b13936,Commitments,Costa Rica,IDA,LATIN AMERICA AND CARIBBEAN,FY25,0.0,0.0,0.0,0.0,0.0,2025,4,annual,0.0,0.0
1513,ida_3edc402a8f79077ffe2d,Commitments,Dominica,IDA,LATIN AMERICA AND CARIBBEAN,FY25,24.0,40.0,0.0,0.0,64.0,2025,4,annual,64.0,0.0
1514,ida_7de66f0811444551da90,Commitments,Dominican Republic,IDA,LATIN AMERICA AND CARIBBEAN,FY25,0.0,0.0,0.0,0.0,0.0,2025,4,annual,0.0,0.0
1515,ida_1c853d659e25b857bbb3,Commitments,Ecuador,IDA,LATIN AMERICA AND CARIBBEAN,FY25,0.0,0.0,0.0,0.0,0.0,2025,4,annual,0.0,0.0
1516,ida_edaaf8732bb8e71ae6ef,Commitments,El Salvador,IDA,LATIN AMERICA AND CARIBBEAN,FY25,0.0,0.0,0.0,0.0,0.0,2025,4,annual,0.0,0.0
1517,ida_fbe8398fee2e4de8607f,Commitments,Grenada,IDA,LATIN AMERICA AND CARIBBEAN,FY25,0.0,68.0,0.0,0.0,68.0,2025,4,annual,68.0,0.0
1518,ida_ff664f14c4aa46a45199,Commitments,Guatemala,IDA,LATIN AMERICA AND CARIBBEAN,FY25,0.0,0.0,0.0,0.0,0.0,2025,4,annual,0.0,0.0
1519,ida_143cf8401d2fc9df851d,Commitments,Guyana,IDA,LATIN AMERICA AND CARIBBEAN,FY25,0.0,195.0,0.0,0.0,195.0,2025,4,annual,195.0,0.0
1520,ida_e3dc0ae8f9d8ddcd5591,Commitments,Haiti,IDA,LATIN AMERICA AND CARIBBEAN,FY25,0.0,160.0,0.0,0.0,160.0,2025,4,annual,160.0,0.0
1521,ida_5dbe7e549a288107fdc4,Commitments,Honduras,IDA,LATIN AMERICA AND CARIBBEAN,FY25,145.0,187.0,0.0,0.0,332.0,2025,4,annual,332.0,0.0
1522,ida_11f6e86271a7ddf04e37,Commitments,Jamaica,IDA,LATIN AMERICA AND CARIBBEAN,FY25,0.0,0.0,0.0,0.0,0.0,2025,4,annual,0.0,0.0
1523,ida_66325974ccc9f91b2447,Commitments,Mexico,IDA,LATIN AMERICA AND CARIBBEAN,FY25,0.0,0.0,0.0,0.0,0.0,2025,4,annual,0.0,0.0
1524,ida_38b4e158eb029168529e,Commitments,Nicaragua,IDA,LATIN AMERICA AND CARIBBEAN,FY25,0.0,0.0,0.0,0.0,0.0,2025,4,annual,0.0,0.0
1525,ida_a5d3b91322df845fa180,Commitments,Panama,IDA,LATIN AMERICA AND CARIBBEAN,FY25,0.0,0.0,0.0,0.0,0.0,2025,4,annual,0.0,0.0
1526,ida_a17138df9277f503b752,Commitments,Paraguay,IDA,LATIN AMERICA AND CARIBBEAN,FY25,0.0,0.0,0.0,0.0,0.0,2025,4,annual,0.0,0.0
1527,ida_ecc0d712c049245133b3,Commitments,Peru,IDA,LATIN AMERICA AND CARIBBEAN,FY25,0.0,0.0,0.0,0.0,0.0,2025,4,annual,0.0,0.0
1528,ida_2459b60b9d4ac8424ce1,Commitments,St. Kitts and Nevis,IDA,LATIN AMERICA AND CARIBBEAN,FY25,0.0,0.0,0.0,0.0,0.0,2025,4,annual,0.0,0.0
1529,ida_6b7821f249686a342a69,Commitments,St. Lucia,IDA,LATIN AMERICA AND CARIBBEAN,FY25,20.0,73.0,0.0,0.0,93.0,2025,4,annual,93.0,0.0
1530,ida_8d6a07fdd5833cb52696,Commitments,St. Vincent and the Grenadines,IDA,LATIN AMERICA AND CARIBBEAN,FY25,20.0,95.0,0.0,0.0,115.0,2025,4,annual,115.0,0.0
1531,ida_f58ada729f804efb42de,Commitments,Suriname,IDA,LATIN AMERICA AND CARIBBEAN,FY25,0.0,22.0,0.0,0.0,22.0,2025,4,annual,22.0,0.0
1532,ida_3dde7b35d9445ae14731,Commitments,Trinidad and Tobago,IDA,LATIN AMERICA AND CARIBBEAN,FY25,0.0,0.0,0.0,0.0,0.0,2025,4,annual,0.0,0.0
1533,ida_b7926e85aff0b5c6d69e,Commitments,Uruguay,IDA,LATIN AMERICA AND CARIBBEAN,FY25,0.0,0.0,0.0,0.0,0.0,2025,4,annual,0.0,0.0
1534,ida_d3c0a1a0321f054325b3,Commitments,"Venezuela, Republica Bolivariana de",IDA,LATIN AMERICA AND CARIBBEAN,FY25,0.0,0.0,0.0,0.0,0.0,2025,4,annual,0.0,0.0
1535,ida_a5061d12a90e7dd044de,Commitments,Algeria,IDA,MIDDLE EAST AND NORTH AFRICA,FY25,0.0,0.0,0.0,0.0,0.0,2025,4,annual,0.0,0.0
1536,ida_8fd0b8a6910973f1d731,Commitments,"Egypt, Arab Republic of",IDA,MIDDLE EAST AND NORTH AFRICA,FY25,0.0,0.0,0.0,0.0,0.0,2025,4,annual,0.0,0.0
1537,ida_4af1d7c718d65ec951f2,Commitments,"Iran, Islamic Republic of",IDA,MIDDLE EAST AND NORTH AFRICA,FY25,0.0,0.0,0.0,0.0,0.0,2025,4,annual,0.0,0.0
1538,ida_08af82efad5860b32169,Commitments,Iraq,IDA,MIDDLE EAST AND NORTH AFRICA,FY25,0.0,0.0,0.0,0.0,0.0,2025,4,annual,0.0,0.0
1539,ida_74402809fbec4c48a3a9,Commitments,Israel,IDA,MIDDLE EAST AND NORTH AFRICA,FY25,0.0,0.0,0.0,0.0,0.0,2025,4,annual,0.0,0.0
1540,ida_f1000d580ad6868b583c,Commitments,Jordan,IDA,MIDDLE EAST AND NORTH AFRICA,FY25,0.0,0.0,0.0,0.0,0.0,2025,4,annual,0.0,0.0
1541,ida_ce1549ade7e671157742,Commitments,Lebanon,IDA,MIDDLE EAST AND NORTH AFRICA,FY25,0.0,0.0,0.0,0.0,0.0,2025,4,annual,0.0,0.0
1542,ida_e961146a9c8fbccdf593,Commitments,Malta,IDA,MIDDLE EAST AND NORTH AFRICA,FY25,0.0,0.0,0.0,0.0,0.0,2025,4,annual,0.0,0.0
1543,ida_46713aede81b65d2dbc0,Commitments,Morocco,IDA,MIDDLE EAST AND NORTH AFRICA,FY25,0.0,0.0,0.0,0.0,0.0,2025,4,annual,0.0,0.0
1544,ida_84bc59655c8722257a0f,Commitments,Oman,IDA,MIDDLE EAST AND NORTH AFRICA,FY25,0.0,0.0,0.0,0.0,0.0,2025,4,annual,0.0,0.0
1545,ida_ee2b898bd8cbc0bc2a81,Commitments,Syrian Arab Republic,IDA,MIDDLE EAST AND NORTH AFRICA,FY25,0.0,145.0,0.0,0.0,145.0,2025,4,annual,145.0,0.0
1546,ida_37e8495ca5b7b31a92a2,Commitments,Tunisia,IDA,MIDDLE EAST AND NORTH AFRICA,FY25,0.0,0.0,0.0,0.0,0.0,2025,4,annual,0.0,0.0
1547,ida_e8d231d35b084693d2c0,Commitments,Bangladesh,IDA,SOUTH ASIA,FY25,1002.0,1670.0,0.0,379.0,3051.0,2025,4,annual,3051.0,0.0
1548,ida_dedfae5c900c0ac12d69,Commitments,India,IDA,SOUTH ASIA,FY25,0.0,0.0,0.0,0.0,0.0,2025,4,annual,0.0,0.0
1549,ida_f9b9cb9b6478b2be9f1d,Commitments,Pakistan,IDA,SOUTH ASIA,FY25,0.0,1161.0,0.0,333.0,1494.0,2025,4,annual,1494.0,0.0
1550,ida_61a44742fedc424d0a56,Commitments,Sri Lanka,IDA,SOUTH ASIA,FY25,200.0,220.0,0.0,0.0,420.0,2025,4,annual,420.0,0.0
1551,ida_e0d203a79b5c454caea5,Commitments,Benin,IDA,WESTERN AND CENTRAL AFRICA,FY25,372.0,355.0,0.0,100.0,827.0,2025,4,annual,827.0,0.0
1552,ida_d7fc27f3777540c73938,Commitments,Burkina Faso,IDA,WESTERN AND CENTRAL AFRICA,FY25,0.0,616.0,0.0,0.0,616.0,2025,4,annual,616.0,0.0
1553,ida_cf04686c905e19c50b87,Commitments,Cabo Verde,IDA,WESTERN AND CENTRAL AFRICA,FY25,25.0,22.0,0.0,0.0,47.0,2025,4,annual,47.0,0.0
1554,ida_de0e293955bb235b66a7,Commitments,Cameroon,IDA,WESTERN AND CENTRAL AFRICA,FY25,0.0,400.0,0.0,200.0,600.0,2025,4,annual,600.0,0.0
1555,ida_d3ba3784e1d3aec390d7,Commitments,Central African Republic,IDA,WESTERN AND CENTRAL AFRICA,FY25,0.0,158.0,0.0,0.0,158.0,2025,4,annual,158.0,0.0
1556,ida_86a244f5d9397ea6c5c8,Commitments,Chad,IDA,WESTERN AND CENTRAL AFRICA,FY25,0.0,349.0,0.0,0.0,349.0,2025,4,annual,349.0,0.0
1557,ida_476f14c73135c2507cd2,Commitments,"Congo, Republic of",IDA,WESTERN AND CENTRAL AFRICA,FY25,61.0,0.0,0.0,0.0,61.0,2025,4,annual,61.0,0.0
1558,ida_8c8f2dd43ee9755750f8,Commitments,Cote d'Ivoire,IDA,WESTERN AND CENTRAL AFRICA,FY25,311.0,194.0,0.0,0.0,505.0,2025,4,annual,505.0,0.0
1559,ida_9fea3f0454e1516f50a3,Commitments,Gabon,IDA,WESTERN AND CENTRAL AFRICA,FY25,0.0,0.0,0.0,0.0,0.0,2025,4,annual,0.0,0.0
1560,ida_65e245357e6b874fc6df,Commitments,Ghana,IDA,WESTERN AND CENTRAL AFRICA,FY25,359.0,308.0,0.0,0.0,667.0,2025,4,annual,667.0,0.0
1561,ida_d8726c3f02e7731a3d68,Commitments,Guinea,IDA,WESTERN AND CENTRAL AFRICA,FY25,0.0,517.0,0.0,0.0,517.0,2025,4,annual,517.0,0.0
1562,ida_c643b1c295909768de2a,Commitments,Guinea-Bissau,IDA,WESTERN AND CENTRAL AFRICA,FY25,10.0,39.0,0.0,0.0,49.0,2025,4,annual,49.0,0.0
1563,ida_162f1ec0ffaa5f6d38ec,Commitments,Liberia,IDA,WESTERN AND CENTRAL AFRICA,FY25,60.0,86.0,0.0,0.0,146.0,2025,4,annual,146.0,0.0
1564,ida_6b67cb2496849091ae22,Commitments,Mali,IDA,WESTERN AND CENTRAL AFRICA,FY25,0.0,580.0,0.0,0.0,580.0,2025,4,annual,580.0,0.0
1565,ida_b042a90f251cd0a76ffd,Commitments,Mauritania,IDA,WESTERN AND CENTRAL AFRICA,FY25,0.0,276.0,0.0,50.0,326.0,2025,4,annual,326.0,0.0
1566,ida_d9c5a743eeaa8dd391f7,Commitments,Niger,IDA,WESTERN AND CENTRAL AFRICA,FY25,0.0,710.0,0.0,0.0,710.0,2025,4,annual,710.0,0.0
1567,ida_55dae32ffa9c682e6536,Commitments,Nigeria,IDA,WESTERN AND CENTRAL AFRICA,FY25,0.0,1145.0,0.0,2000.0,3145.0,2025,4,annual,3145.0,0.0
1568,ida_23226f1300b9c309a18d,Commitments,Senegal,IDA,WESTERN AND CENTRAL AFRICA,FY25,0.0,106.0,0.0,180.0,286.0,2025,4,annual,286.0,0.0
1569,ida_baad9b693ac32d28c54d,Commitments,Sierra Leone,IDA,WESTERN AND CENTRAL AFRICA,FY25,80.0,16.0,0.0,0.0,96.0,2025,4,annual,96.0,0.0
1570,ida_0fdf0f7f7779bfe7c7f5,Commitments,Togo,IDA,WESTERN AND CENTRAL AFRICA,FY25,200.0,100.0,0.0,150.0,450.0,2025,4,annual,450.0,0.0
1571,ida_1b09c5aed860bccce64d,Commitments,Western and Central Africa,IDA,WESTERN AND CENTRAL AFRICA,FY25,0.0,285.0,0.0,0.0,285.0,2025,4,annual,285.0,0.0
1572,ida_116e8882ba5233a1fb85,Commitments,Cambodia,IDA,EAST ASIA AND PACIFIC,FY25,0.0,80.0,0.0,0.0,80.0,2025,4,annual,80.0,0.0
1573,ida_86071362482d52c80946,Commitments,Kiribati,IDA,EAST ASIA AND PACIFIC,FY25,0.0,133.0,0.0,0.0,133.0,2025,4,annual,133.0,0.0
1574,ida_fa3f72ee9e1506ab29d8,Commitments,Lao People's Democratic Republic,IDA,EAST ASIA AND PACIFIC,FY25,0.0,108.0,0.0,0.0,108.0,2025,4,annual,108.0,0.0
1575,ida_d7c2f93ad4133d4f1796,Commitments,Marshall Islands,IDA,EAST ASIA AND PACIFIC,FY25,21.0,77.0,0.0,0.0,98.0,2025,4,annual,98.0,0.0
1576,ida_d548178b1a1e17768084,Commitments,Mekong,IDA,EAST ASIA AND PACIFIC,FY25,0.0,0.0,0.0,0.0,0.0,2025,4,annual,0.0,0.0
1577,ida_96d36b4c0a8eeca93720,Commitments,"Micronesia, Federated States of",IDA,EAST ASIA AND PACIFIC,FY25,0.0,137.0,0.0,0.0,137.0,2025,4,annual,137.0,0.0
1578,ida_ddb0761aa60967054911,Commitments,Pacific Islands,IDA,EAST ASIA AND PACIFIC,FY25,0.0,5.0,0.0,0.0,5.0,2025,4,annual,5.0,0.0
1579,ida_814028f24d7ac8a907e2,Commitments,Samoa,IDA,EAST ASIA AND PACIFIC,FY25,0.0,62.0,0.0,0.0,62.0,2025,4,annual,62.0,0.0
1580,ida_31606f1c6335a1fb022b,Commitments,Solomon Islands,IDA,EAST ASIA AND PACIFIC,FY25,0.0,105.0,0.0,0.0,105.0,2025,4,annual,105.0,0.0
1581,ida_7adf51cce1ab7f542a15,Commitments,South East Asia,IDA,EAST ASIA AND PACIFIC,FY25,0.0,0.0,0.0,0.0,0.0,2025,4,annual,0.0,0.0
1582,ida_54d75920738bab3357df,Commitments,Tonga,IDA,EAST ASIA AND PACIFIC,FY25,12.0,54.0,0.0,0.0,66.0,2025,4,annual,66.0,0.0
1583,ida_901584abe2c3ae9dc79e,Commitments,Tuvalu,IDA,EAST ASIA AND PACIFIC,FY25,7.0,9.0,0.0,0.0,16.0,2025,4,annual,16.0,0.0
1584,ida_058bb779f8cc3a0d2ea1,Commitments,Vanuatu,IDA,EAST ASIA AND PACIFIC,FY25,29.0,9.0,0.0,0.0,38.0,2025,4,annual,38.0,0.0
1585,ida_b9169060a801aa13dc38,Commitments,Eritrea,IDA,EASTERN AND SOUTHERN AFRICA,FY25,0.0,0.0,0.0,0.0,0.0,2025,4,annual,0.0,0.0
1586,ida_5a7acb0679db1fc35be5,Commitments,South Sudan,IDA,EASTERN AND SOUTHERN AFRICA,FY25,0.0,209.0,0.0,0.0,209.0,2025,4,annual,209.0,0.0
1587,ida_17a3da20ae0c3a9921d4,Commitments,Central Asia,IDA,EUROPE AND CENTRAL ASIA,FY25,0.0,0.0,0.0,0.0,0.0,2025,4,annual,0.0,0.0
1588,ida_9943b315a52c546a7bca,Commitments,Kyrgyz Republic,IDA,EUROPE AND CENTRAL ASIA,FY25,102.0,320.0,0.0,0.0,422.0,2025,4,annual,422.0,0.0
1589,ida_dd5276adf209b222749e,Commitments,Tajikistan,IDA,EUROPE AND CENTRAL ASIA,FY25,0.0,448.0,0.0,0.0,448.0,2025,4,annual,448.0,0.0
1590,ida_ab50c3d2b41c18f7a8cc,Commitments,Central America,IDA,LATIN AMERICA AND CARIBBEAN,FY25,0.0,0.0,0.0,0.0,0.0,2025,4,annual,0.0,0.0
1591,ida_dae29b5a37f45d90c214,Commitments,OECS Countries,IDA,LATIN AMERICA AND CARIBBEAN,FY25,0.0,0.0,0.0,0.0,0.0,2025,4,annual,0.0,0.0
1592,ida_c5ab12ee236abc4ab2f5,Commitments,Djibouti,IDA,MIDDLE EAST AND NORTH AFRICA,FY25,0.0,148.0,0.0,0.0,148.0,2025,4,annual,148.0,0.0
1593,ida_b57391742098387e0d51,Commitments,Middle East and North Africa,IDA,MIDDLE EAST AND NORTH AFRICA,FY25,0.0,0.0,0.0,0.0,0.0,2025,4,annual,0.0,0.0
1594,ida_8eee5a3f4971c2421cdd,Commitments,"Yemen, Republic of",IDA,MIDDLE EAST AND NORTH AFRICA,FY25,0.0,172.0,0.0,0.0,172.0,2025,4,annual,172.0,0.0
1595,ida_f3a061910f859872d105,Commitments,IFC,IDA,OTHER,FY25,0.0,0.0,361.0,0.0,361.0,2025,4,annual,361.0,0.0
1596,ida_dab806d0c040e15eaa01,Commitments,MIGA,IDA,OTHER,FY25,0.0,0.0,64.0,0.0,64.0,2025,4,annual,64.0,0.0
1597,ida_63f26537237f22eaa238,Commitments,World,IDA,OTHER,FY25,0.0,0.0,0.0,0.0,0.0,2025,4,annual,0.0,0.0
1598,ida_5cadc5766c4fc5eeb717,Commitments,Afghanistan,IDA,SOUTH ASIA,FY25,0.0,325.0,0.0,0.0,325.0,2025,4,annual,325.0,0.0
1599,ida_bbc59cb7fdc558d79170,Commitments,Bhutan,IDA,SOUTH ASIA,FY25,40.0,328.0,0.0,46.0,414.0,2025,4,annual,414.0,0.0
1600,ida_ef3b0d5578e26c4b9ec3,Commitments,Maldives,IDA,SOUTH ASIA,FY25,0.0,0.0,0.0,0.0,0.0,2025,4,annual,0.0,0.0
1601,ida_0e25e4f22cbfdbc07a9c,Commitments,Nepal,IDA,SOUTH ASIA,FY25,250.0,457.0,0.0,150.0,857.0,2025,4,annual,857.0,0.0
1602,ida_774679a659b0b226b337,Commitments,South Asia,IDA,SOUTH ASIA,FY25,0.0,0.0,0.0,0.0,0.0,2025,4,annual,0.0,0.0
1603,ida_a30671c31068879a4a23,Commitments,Central Africa,IDA,WESTERN AND CENTRAL AFRICA,FY25,0.0,0.0,0.0,0.0,0.0,2025,4,annual,0.0,0.0
1604,ida_d1816ea7c7e464b4a50c,Commitments,Equatorial Guinea,IDA,WESTERN AND CENTRAL AFRICA,FY25,0.0,0.0,0.0,0.0,0.0,2025,4,annual,0.0,0.0
1605,ida_89ce2aa2492409d68353,Commitments,"Gambia, The",IDA,WESTERN AND CENTRAL AFRICA,FY25,30.0,53.0,0.0,48.0,131.0,2025,4,annual,131.0,0.0
1606,ida_0c34798132ac8ede78cb,Gross Disbursements,Cambodia,IDA,EAST ASIA AND PACIFIC,FY25,276.0,151.0,0.0,0.0,427.0,2025,4,annual,427.0,0.0
1607,ida_2f7ed3b8af828a73c94a,Gross Disbursements,China,IDA,EAST ASIA AND PACIFIC,FY25,0.0,0.0,0.0,0.0,0.0,2025,4,annual,0.0,0.0
1608,ida_09a110ea9db402f272d9,Gross Disbursements,Fiji,IDA,EAST ASIA AND PACIFIC,FY25,95.0,6.0,0.0,0.0,101.0,2025,4,annual,101.0,0.0
1609,ida_0a87ce3eb23531f491af,Gross Disbursements,Indonesia,IDA,EAST ASIA AND PACIFIC,FY25,0.0,0.0,0.0,0.0,0.0,2025,4,annual,0.0,0.0
1610,ida_13f663e1f85bf15e70c4,Gross Disbursements,Kiribati,IDA,EAST ASIA AND PACIFIC,FY25,0.0,21.0,0.0,0.0,21.0,2025,4,annual,21.0,0.0
1611,ida_6bb4165f65139de0c460,Gross Disbursements,Lao People's Democratic Republic,IDA,EAST ASIA AND PACIFIC,FY25,0.0,138.0,0.0,0.0,138.0,2025,4,annual,138.0,0.0
1612,ida_d00dbebf0fbde6229ada,Gross Disbursements,Marshall Islands,IDA,EAST ASIA AND PACIFIC,FY25,9.0,43.0,0.0,0.0,52.0,2025,4,annual,52.0,0.0
1613,ida_1c75a0ba583b0c4b1a23,Gross Disbursements,"Micronesia, Federated States of",IDA,EAST ASIA AND PACIFIC,FY25,0.0,32.0,0.0,0.0,32.0,2025,4,annual,32.0,0.0
1614,ida_47b2a1258f2f182c006c,Gross Disbursements,Mongolia,IDA,EAST ASIA AND PACIFIC,FY25,0.0,20.0,0.0,0.0,20.0,2025,4,annual,20.0,0.0
1615,ida_75a8fbe576e209f56d95,Gross Disbursements,Myanmar,IDA,EAST ASIA AND PACIFIC,FY25,0.0,-5.0,0.0,0.0,-5.0,2025,4,annual,-5.0,0.0
1616,ida_74b46e84f6908ccdc12a,Gross Disbursements,Pacific Islands,IDA,EAST ASIA AND PACIFIC,FY25,0.0,3.0,0.0,0.0,3.0,2025,4,annual,3.0,0.0
1617,ida_d217d5ee43f6fcbe58b6,Gross Disbursements,Papua New Guinea,IDA,EAST ASIA AND PACIFIC,FY25,0.0,58.0,0.0,0.0,58.0,2025,4,annual,58.0,0.0
1618,ida_c0f9a410e9fa5dcb7f64,Gross Disbursements,Philippines,IDA,EAST ASIA AND PACIFIC,FY25,0.0,0.0,0.0,0.0,0.0,2025,4,annual,0.0,0.0
1619,ida_c046b039231cf6bbebe6,Gross Disbursements,Samoa,IDA,EAST ASIA AND PACIFIC,FY25,0.0,17.0,0.0,0.0,17.0,2025,4,annual,17.0,0.0
1620,ida_36d30bab54fe1f6e6aeb,Gross Disbursements,Solomon Islands,IDA,EAST ASIA AND PACIFIC,FY25,0.0,70.0,0.0,0.0,70.0,2025,4,annual,70.0,0.0
1621,ida_f68b1d10ebb74f93a219,Gross Disbursements,South East Asia,IDA,EAST ASIA AND PACIFIC,FY25,0.0,0.0,0.0,0.0,0.0,2025,4,annual,0.0,0.0
1622,ida_5eb3af064ccbb775d5b9,Gross Disbursements,Thailand & Myanmar CMU,IDA,EAST ASIA AND PACIFIC,FY25,0.0,2.0,0.0,0.0,2.0,2025,4,annual,2.0,0.0
1623,ida_b28546cff9cc50ce292c,Gross Disbursements,Timor-Leste,IDA,EAST ASIA AND PACIFIC,FY25,0.0,5.0,0.0,0.0,5.0,2025,4,annual,5.0,0.0
1624,ida_0b08d9b1d116ff406e68,Gross Disbursements,Tonga,IDA,EAST ASIA AND PACIFIC,FY25,12.0,30.0,0.0,0.0,42.0,2025,4,annual,42.0,0.0
1625,ida_699ad0ec2572aca16d8a,Gross Disbursements,Tuvalu,IDA,EAST ASIA AND PACIFIC,FY25,7.0,35.0,0.0,0.0,42.0,2025,4,annual,42.0,0.0
1626,ida_c6b914a532cb396d11f7,Gross Disbursements,Vanuatu,IDA,EAST ASIA AND PACIFIC,FY25,20.0,45.0,0.0,0.0,65.0,2025,4,annual,65.0,0.0
1627,ida_8ac499699d28aa871b09,Gross Disbursements,Viet Nam,IDA,EAST ASIA AND PACIFIC,FY25,0.0,142.0,0.0,0.0,142.0,2025,4,annual,142.0,0.0
1628,ida_babd2b604eaf7862753b,Gross Disbursements,Angola,IDA,EASTERN AND SOUTHERN AFRICA,FY25,0.0,0.0,0.0,0.0,0.0,2025,4,annual,0.0,0.0
1629,ida_28d809d6559febe5f636,Gross Disbursements,Botswana,IDA,EASTERN AND SOUTHERN AFRICA,FY25,0.0,0.0,0.0,0.0,0.0,2025,4,annual,0.0,0.0
1630,ida_c16981967c4dca90493a,Gross Disbursements,Burundi,IDA,EASTERN AND SOUTHERN AFRICA,FY25,0.0,190.0,0.0,3.0,193.0,2025,4,annual,193.0,0.0
1631,ida_71330532306b64dd7f9a,Gross Disbursements,Comoros,IDA,EASTERN AND SOUTHERN AFRICA,FY25,0.0,60.0,0.0,0.0,60.0,2025,4,annual,60.0,0.0
1632,ida_8361b5de860b6f9a8b4f,Gross Disbursements,"Congo, Democratic Republic of",IDA,EASTERN AND SOUTHERN AFRICA,FY25,600.0,873.0,0.0,0.0,1473.0,2025,4,annual,1473.0,0.0
1633,ida_119631813b1e4c251cb9,Gross Disbursements,Eastern and Southern Africa,IDA,EASTERN AND SOUTHERN AFRICA,FY25,0.0,122.0,0.0,5.0,127.0,2025,4,annual,127.0,0.0
1634,ida_9098cc3d9a33664e4606,Gross Disbursements,Eritrea,IDA,EASTERN AND SOUTHERN AFRICA,FY25,0.0,0.0,0.0,0.0,0.0,2025,4,annual,0.0,0.0
1635,ida_90fc7aa5152c26a83575,Gross Disbursements,Eswatini,IDA,EASTERN AND SOUTHERN AFRICA,FY25,0.0,0.0,0.0,0.0,0.0,2025,4,annual,0.0,0.0
1636,ida_eeceb602eacf6ff96d8c,Gross Disbursements,Ethiopia,IDA,EASTERN AND SOUTHERN AFRICA,FY25,1515.0,1583.0,0.0,245.0,3343.0,2025,4,annual,3343.0,0.0
1637,ida_6d4058c333ce12c2758d,Gross Disbursements,Kenya,IDA,EASTERN AND SOUTHERN AFRICA,FY25,0.0,579.0,0.0,220.0,799.0,2025,4,annual,799.0,0.0
1638,ida_fe94734fe02cda4231ed,Gross Disbursements,Lesotho,IDA,EASTERN AND SOUTHERN AFRICA,FY25,0.0,76.0,0.0,0.0,76.0,2025,4,annual,76.0,0.0
1639,ida_0392379e63c9a26e746a,Gross Disbursements,Madagascar,IDA,EASTERN AND SOUTHERN AFRICA,FY25,0.0,488.0,0.0,0.0,488.0,2025,4,annual,488.0,0.0
1640,ida_8eecea7a20d51c2ed934,Gross Disbursements,Malawi,IDA,EASTERN AND SOUTHERN AFRICA,FY25,0.0,491.0,0.0,20.0,511.0,2025,4,annual,511.0,0.0
1641,ida_d80c9f3a8612f9512624,Gross Disbursements,Mauritius,IDA,EASTERN AND SOUTHERN AFRICA,FY25,0.0,0.0,0.0,0.0,0.0,2025,4,annual,0.0,0.0
1642,ida_6dde8ebbd0498a0730e0,Gross Disbursements,Mozambique,IDA,EASTERN AND SOUTHERN AFRICA,FY25,0.0,729.0,0.0,30.0,759.0,2025,4,annual,759.0,0.0
1643,ida_2b26b3c0ec0d343e96be,Gross Disbursements,Rwanda,IDA,EASTERN AND SOUTHERN AFRICA,FY25,255.0,382.0,0.0,56.0,693.0,2025,4,annual,693.0,0.0
1644,ida_0264e37bbed580097960,Gross Disbursements,Sao Tome and Principe,IDA,EASTERN AND SOUTHERN AFRICA,FY25,0.0,48.0,0.0,0.0,48.0,2025,4,annual,48.0,0.0
1645,ida_68741d95e19124d4aaf0,Gross Disbursements,Somalia,IDA,EASTERN AND SOUTHERN AFRICA,FY25,130.0,262.0,0.0,0.0,392.0,2025,4,annual,392.0,0.0
1646,ida_48f7e0c774d42a93805d,Gross Disbursements,South Sudan,IDA,EASTERN AND SOUTHERN AFRICA,FY25,0.0,259.0,0.0,0.0,259.0,2025,4,annual,259.0,0.0
1647,ida_3a2944d56ba9b240ae8b,Gross Disbursements,Sudan,IDA,EASTERN AND SOUTHERN AFRICA,FY25,0.0,83.0,0.0,0.0,83.0,2025,4,annual,83.0,0.0
1648,ida_276018e03f1abd831f53,Gross Disbursements,Tanzania,IDA,EASTERN AND SOUTHERN AFRICA,FY25,353.0,933.0,0.0,285.0,1571.0,2025,4,annual,1571.0,0.0
1649,ida_9e41b047f5462a0c5598,Gross Disbursements,Uganda,IDA,EASTERN AND SOUTHERN AFRICA,FY25,0.0,446.0,0.0,253.0,699.0,2025,4,annual,699.0,0.0
1650,ida_91331a4e1f7b0f6c07e7,Gross Disbursements,Zambia,IDA,EASTERN AND SOUTHERN AFRICA,FY25,25.0,349.0,0.0,26.0,400.0,2025,4,annual,400.0,0.0
1651,ida_d0158901d83d0c03f3c9,Gross Disbursements,Zimbabwe,IDA,EASTERN AND SOUTHERN AFRICA,FY25,0.0,0.0,0.0,0.0,0.0,2025,4,annual,0.0,0.0
1652,ida_44778997912752493ab8,Gross Disbursements,Albania,IDA,EUROPE AND CENTRAL ASIA,FY25,0.0,0.0,0.0,0.0,0.0,2025,4,annual,0.0,0.0
1653,ida_a15d8d9c17d6c5060b50,Gross Disbursements,Armenia,IDA,EUROPE AND CENTRAL ASIA,FY25,0.0,-1.0,0.0,0.0,-1.0,2025,4,annual,-1.0,0.0
1654,ida_a7180f5715e5a505724e,Gross Disbursements,Azerbaijan,IDA,EUROPE AND CENTRAL ASIA,FY25,0.0,0.0,0.0,0.0,0.0,2025,4,annual,0.0,0.0
1655,ida_14228f9e31f3fc903451,Gross Disbursements,Bosnia and Herzegovina,IDA,EUROPE AND CENTRAL ASIA,FY25,0.0,0.0,0.0,0.0,0.0,2025,4,annual,0.0,0.0
1656,ida_c51936f4270423e5aad5,Gross Disbursements,Central Asia,IDA,EUROPE AND CENTRAL ASIA,FY25,0.0,0.0,0.0,0.0,0.0,2025,4,annual,0.0,0.0
1657,ida_764d35e22f33f25f111a,Gross Disbursements,Georgia,IDA,EUROPE AND CENTRAL ASIA,FY25,0.0,0.0,0.0,0.0,0.0,2025,4,annual,0.0,0.0
1658,ida_209bf7d1c726b3f28a23,Gross Disbursements,Kosovo,IDA,EUROPE AND CENTRAL ASIA,FY25,0.0,21.0,0.0,0.0,21.0,2025,4,annual,21.0,0.0
1659,ida_5d6ad970269bd3e12a2b,Gross Disbursements,Kyrgyz Republic,IDA,EUROPE AND CENTRAL ASIA,FY25,0.0,153.0,0.0,7.0,160.0,2025,4,annual,160.0,0.0
1660,ida_d6c2a951d6028d7e5b83,Gross Disbursements,Moldova,IDA,EUROPE AND CENTRAL ASIA,FY25,0.0,50.0,0.0,0.0,50.0,2025,4,annual,50.0,0.0
1661,ida_a55eeed91096744827f7,Gross Disbursements,Montenegro,IDA,EUROPE AND CENTRAL ASIA,FY25,0.0,0.0,0.0,0.0,0.0,2025,4,annual,0.0,0.0
1662,ida_7d4fa6670f81d5657e95,Gross Disbursements,North Macedonia,IDA,EUROPE AND CENTRAL ASIA,FY25,0.0,0.0,0.0,0.0,0.0,2025,4,annual,0.0,0.0
1663,ida_a48adeda830642efe480,Gross Disbursements,Serbia,IDA,EUROPE AND CENTRAL ASIA,FY25,0.0,0.0,0.0,0.0,0.0,2025,4,annual,0.0,0.0
1664,ida_4261c80284f931f56e6b,Gross Disbursements,Tajikistan,IDA,EUROPE AND CENTRAL ASIA,FY25,0.0,206.0,0.0,23.0,229.0,2025,4,annual,229.0,0.0
1665,ida_83d0d943cbf24ad253e4,Gross Disbursements,Turkiye,IDA,EUROPE AND CENTRAL ASIA,FY25,0.0,0.0,0.0,0.0,0.0,2025,4,annual,0.0,0.0
1666,ida_bb43c191bbbb3538ca2d,Gross Disbursements,Ukraine,IDA,EUROPE AND CENTRAL ASIA,FY25,0.0,4801.0,0.0,52.0,4853.0,2025,4,annual,4853.0,0.0
1667,ida_69dbea8e5fba9d118693,Gross Disbursements,Uzbekistan,IDA,EUROPE AND CENTRAL ASIA,FY25,540.0,313.0,0.0,0.0,853.0,2025,4,annual,853.0,0.0
1668,ida_3335dee2f4b79a69a9d4,Gross Disbursements,Bolivia,IDA,LATIN AMERICA AND CARIBBEAN,FY25,0.0,23.0,0.0,0.0,23.0,2025,4,annual,23.0,0.0
1669,ida_c95adac848643932ce0a,Gross Disbursements,Caribbean,IDA,LATIN AMERICA AND CARIBBEAN,FY25,0.0,2.0,0.0,0.0,2.0,2025,4,annual,2.0,0.0
1670,ida_286745c07ecb0a707e64,Gross Disbursements,Dominica,IDA,LATIN AMERICA AND CARIBBEAN,FY25,25.0,68.0,0.0,0.0,93.0,2025,4,annual,93.0,0.0
1671,ida_3b8cada1ddbab4cecf9e,Gross Disbursements,Dominican Republic,IDA,LATIN AMERICA AND CARIBBEAN,FY25,0.0,0.0,0.0,0.0,0.0,2025,4,annual,0.0,0.0
1672,ida_4411f437e1630534f83a,Gross Disbursements,Ecuador,IDA,LATIN AMERICA AND CARIBBEAN,FY25,0.0,0.0,0.0,0.0,0.0,2025,4,annual,0.0,0.0
1673,ida_06575bd3d797c1c42626,Gross Disbursements,El Salvador,IDA,LATIN AMERICA AND CARIBBEAN,FY25,0.0,0.0,0.0,0.0,0.0,2025,4,annual,0.0,0.0
1674,ida_12cffb9e6b3c931aaeb2,Gross Disbursements,Grenada,IDA,LATIN AMERICA AND CARIBBEAN,FY25,20.0,6.0,0.0,0.0,26.0,2025,4,annual,26.0,0.0
1675,ida_305b90fc7e0cdcddade0,Gross Disbursements,Guyana,IDA,LATIN AMERICA AND CARIBBEAN,FY25,0.0,4.0,0.0,0.0,4.0,2025,4,annual,4.0,0.0
1676,ida_92b9af5f0f395b4b9bf1,Gross Disbursements,Haiti,IDA,LATIN AMERICA AND CARIBBEAN,FY25,0.0,161.0,0.0,0.0,161.0,2025,4,annual,161.0,0.0
1677,ida_77d066b513520e8819b9,Gross Disbursements,Honduras,IDA,LATIN AMERICA AND CARIBBEAN,FY25,100.0,120.0,0.0,0.0,220.0,2025,4,annual,220.0,0.0
1678,ida_0175939be13678b2b8c4,Gross Disbursements,Nicaragua,IDA,LATIN AMERICA AND CARIBBEAN,FY25,0.0,30.0,0.0,0.0,30.0,2025,4,annual,30.0,0.0
1679,ida_0ed0f87c86b8c34e85d6,Gross Disbursements,OECS Countries,IDA,LATIN AMERICA AND CARIBBEAN,FY25,0.0,0.0,0.0,0.0,0.0,2025,4,annual,0.0,0.0
1680,ida_9bc1fcd8042875917c5f,Gross Disbursements,Paraguay,IDA,LATIN AMERICA AND CARIBBEAN,FY25,0.0,0.0,0.0,0.0,0.0,2025,4,annual,0.0,0.0
1681,ida_aab83887d3403482be81,Gross Disbursements,St. Kitts and Nevis,IDA,LATIN AMERICA AND CARIBBEAN,FY25,0.0,0.0,0.0,0.0,0.0,2025,4,annual,0.0,0.0
1682,ida_db3f1a020242f9e00075,Gross Disbursements,St. Lucia,IDA,LATIN AMERICA AND CARIBBEAN,FY25,0.0,20.0,0.0,0.0,20.0,2025,4,annual,20.0,0.0
1683,ida_8967851d4c38083ad561,Gross Disbursements,St. Vincent and the Grenadines,IDA,LATIN AMERICA AND CARIBBEAN,FY25,0.0,37.0,0.0,0.0,37.0,2025,4,annual,37.0,0.0
1684,ida_265010101b25c9ca3e65,Gross Disbursements,Djibouti,IDA,MIDDLE EAST AND NORTH AFRICA,FY25,0.0,50.0,0.0,0.0,50.0,2025,4,annual,50.0,0.0
1685,ida_8b93812c676b761d2ce7,Gross Disbursements,"Egypt, Arab Republic of",IDA,MIDDLE EAST AND NORTH AFRICA,FY25,0.0,0.0,0.0,0.0,0.0,2025,4,annual,0.0,0.0
1686,ida_27101b2a7a309de50d20,Gross Disbursements,Iraq,IDA,MIDDLE EAST AND NORTH AFRICA,FY25,0.0,0.0,0.0,0.0,0.0,2025,4,annual,0.0,0.0
1687,ida_d8c984afdaf7699392ba,Gross Disbursements,Jordan,IDA,MIDDLE EAST AND NORTH AFRICA,FY25,0.0,0.0,0.0,0.0,0.0,2025,4,annual,0.0,0.0
1688,ida_74657613c5b0c97316c5,Gross Disbursements,Middle East and North Africa,IDA,MIDDLE EAST AND NORTH AFRICA,FY25,0.0,1.0,0.0,0.0,1.0,2025,4,annual,1.0,0.0
1689,ida_e4b31646986ae9b6d91b,Gross Disbursements,Morocco,IDA,MIDDLE EAST AND NORTH AFRICA,FY25,0.0,0.0,0.0,0.0,0.0,2025,4,annual,0.0,0.0
1690,ida_69bc82de777713bea02a,Gross Disbursements,Syrian Arab Republic,IDA,MIDDLE EAST AND NORTH AFRICA,FY25,0.0,0.0,0.0,0.0,0.0,2025,4,annual,0.0,0.0
1691,ida_7e557602686261196706,Gross Disbursements,Lebanon,IDA,MIDDLE EAST AND NORTH AFRICA,FY25,0.0,0.0,0.0,0.0,0.0,2025,4,annual,0.0,0.0
1692,ida_4ef9cbfeaf31bd478356,Gross Disbursements,Tunisia,IDA,MIDDLE EAST AND NORTH AFRICA,FY25,0.0,0.0,0.0,0.0,0.0,2025,4,annual,0.0,0.0
1693,ida_2e5d14172b10a8fb49d2,Gross Disbursements,"Yemen, Republic of",IDA,MIDDLE EAST AND NORTH AFRICA,FY25,0.0,415.0,0.0,0.0,415.0,2025,4,annual,415.0,0.0
1694,ida_60630088d3ab83df833e,Gross Disbursements,IFC,IDA,OTHER,FY25,0.0,0.0,93.0,0.0,93.0,2025,4,annual,93.0,0.0
1695,ida_f708dc5c38bd39cc8135,Gross Disbursements,Afghanistan,IDA,SOUTH ASIA,FY25,0.0,174.0,0.0,0.0,174.0,2025,4,annual,174.0,0.0
1696,ida_948cc58d085aaa8c9a35,Gross Disbursements,Bangladesh,IDA,SOUTH ASIA,FY25,992.0,878.0,0.0,126.0,1996.0,2025,4,annual,1996.0,0.0
1697,ida_cb37573da0050b71fd3d,Gross Disbursements,Bhutan,IDA,SOUTH ASIA,FY25,0.0,0.0,0.0,3.0,3.0,2025,4,annual,3.0,0.0
1698,ida_4cc51fb965f341570d5c,Gross Disbursements,India,IDA,SOUTH ASIA,FY25,32.0,51.0,0.0,0.0,83.0,2025,4,annual,83.0,0.0
1699,ida_081908448deffd647991,Gross Disbursements,Maldives,IDA,SOUTH ASIA,FY25,0.0,8.0,0.0,0.0,8.0,2025,4,annual,8.0,0.0
1700,ida_3bbba00010d70fbd277f,Gross Disbursements,Nepal,IDA,SOUTH ASIA,FY25,279.0,157.0,0.0,82.0,518.0,2025,4,annual,518.0,0.0
1701,ida_eb47e288187fd8587e24,Gross Disbursements,Pakistan,IDA,SOUTH ASIA,FY25,0.0,1047.0,0.0,282.0,1329.0,2025,4,annual,1329.0,0.0
1702,ida_1edd433d3d7b26237c4d,Gross Disbursements,South Asia,IDA,SOUTH ASIA,FY25,0.0,26.0,0.0,0.0,26.0,2025,4,annual,26.0,0.0
1703,ida_6a2f84268ab58cd73b3e,Gross Disbursements,Sri Lanka,IDA,SOUTH ASIA,FY25,200.0,190.0,0.0,0.0,390.0,2025,4,annual,390.0,0.0
1704,ida_6ef01d2a37ccd1d9d735,Gross Disbursements,Benin,IDA,WESTERN AND CENTRAL AFRICA,FY25,143.0,186.0,0.0,115.0,444.0,2025,4,annual,444.0,0.0
1705,ida_2679cb693bff0bcf9cb9,Gross Disbursements,Burkina Faso,IDA,WESTERN AND CENTRAL AFRICA,FY25,0.0,554.0,0.0,49.0,603.0,2025,4,annual,603.0,0.0
1706,ida_31e15c2522a7ef4993f7,Gross Disbursements,Cabo Verde,IDA,WESTERN AND CENTRAL AFRICA,FY25,25.0,40.0,0.0,0.0,65.0,2025,4,annual,65.0,0.0
1707,ida_36cd45a56e35c2e7b150,Gross Disbursements,Cameroon,IDA,WESTERN AND CENTRAL AFRICA,FY25,0.0,419.0,0.0,54.0,473.0,2025,4,annual,473.0,0.0
1708,ida_da416e8dd113bfcaf670,Gross Disbursements,Central Africa,IDA,WESTERN AND CENTRAL AFRICA,FY25,0.0,5.0,0.0,0.0,5.0,2025,4,annual,5.0,0.0
1709,ida_45d5bd8c24c631d6981f,Gross Disbursements,Central African Republic,IDA,WESTERN AND CENTRAL AFRICA,FY25,0.0,118.0,0.0,0.0,118.0,2025,4,annual,118.0,0.0
1710,ida_8da7cfb1aa17a7d3de24,Gross Disbursements,Chad,IDA,WESTERN AND CENTRAL AFRICA,FY25,0.0,418.0,0.0,0.0,418.0,2025,4,annual,418.0,0.0
1711,ida_3b51eaf445d1db3e389f,Gross Disbursements,"Congo, Republic of",IDA,WESTERN AND CENTRAL AFRICA,FY25,0.0,52.0,0.0,4.0,56.0,2025,4,annual,56.0,0.0
1712,ida_8752ab6a541a9d1fb3e4,Gross Disbursements,Cote d'Ivoire,IDA,WESTERN AND CENTRAL AFRICA,FY25,298.0,647.0,0.0,332.0,1277.0,2025,4,annual,1277.0,0.0
1713,ida_da57627480cafeb58c51,Gross Disbursements,Equatorial Guinea,IDA,WESTERN AND CENTRAL AFRICA,FY25,0.0,0.0,0.0,0.0,0.0,2025,4,annual,0.0,0.0
1714,ida_b83f083d9e132bf8836b,Gross Disbursements,"Gambia, The",IDA,WESTERN AND CENTRAL AFRICA,FY25,29.0,106.0,0.0,11.0,146.0,2025,4,annual,146.0,0.0
1715,ida_1c76da94a4b71429b83b,Gross Disbursements,Ghana,IDA,WESTERN AND CENTRAL AFRICA,FY25,0.0,409.0,212.0,67.0,688.0,2025,4,annual,688.0,0.0
1716,ida_e567b1ed6456ed9fdad6,Gross Disbursements,Guinea,IDA,WESTERN AND CENTRAL AFRICA,FY25,0.0,215.0,0.0,0.0,215.0,2025,4,annual,215.0,0.0
1717,ida_b6896229d7be569a8aaf,Gross Disbursements,Guinea-Bissau,IDA,WESTERN AND CENTRAL AFRICA,FY25,11.0,60.0,0.0,0.0,71.0,2025,4,annual,71.0,0.0
1718,ida_c7634a5ee1b7df019ddc,Gross Disbursements,Liberia,IDA,WESTERN AND CENTRAL AFRICA,FY25,40.0,134.0,0.0,0.0,174.0,2025,4,annual,174.0,0.0
1719,ida_9e7155499d9a598ae517,Gross Disbursements,Mali,IDA,WESTERN AND CENTRAL AFRICA,FY25,0.0,271.0,0.0,0.0,271.0,2025,4,annual,271.0,0.0
1720,ida_3df86fb7ad31da8d3639,Gross Disbursements,Mauritania,IDA,WESTERN AND CENTRAL AFRICA,FY25,24.0,119.0,0.0,0.0,143.0,2025,4,annual,143.0,0.0
1721,ida_92f04f66ca69186caa2e,Gross Disbursements,Niger,IDA,WESTERN AND CENTRAL AFRICA,FY25,0.0,580.0,0.0,41.0,621.0,2025,4,annual,621.0,0.0
1722,ida_c4868ec0c1e461f98282,Gross Disbursements,Nigeria,IDA,WESTERN AND CENTRAL AFRICA,FY25,0.0,1334.0,0.0,103.0,1437.0,2025,4,annual,1437.0,0.0
1723,ida_1f7ac933c48ae5a995e2,Gross Disbursements,Senegal,IDA,WESTERN AND CENTRAL AFRICA,FY25,0.0,242.0,0.0,27.0,269.0,2025,4,annual,269.0,0.0
1724,ida_641686d9ae5aa177b592,Gross Disbursements,Sierra Leone,IDA,WESTERN AND CENTRAL AFRICA,FY25,59.0,129.0,0.0,0.0,188.0,2025,4,annual,188.0,0.0
1725,ida_879e9b691ac5f019cfa7,Gross Disbursements,Togo,IDA,WESTERN AND CENTRAL AFRICA,FY25,186.0,168.0,0.0,16.0,370.0,2025,4,annual,370.0,0.0
1726,ida_b1161d6329661296d491,Gross Disbursements,Western and Central Africa,IDA,WESTERN AND CENTRAL AFRICA,FY25,0.0,91.0,0.0,0.0,91.0,2025,4,annual,91.0,0.0
1727,ida_678ac0999147b0f88b03,Gross Disbursements,Cambodia,IDA,EAST ASIA AND PACIFIC,FY24,0.0,136.0,0.0,0.0,136.0,2024,4,annual,136.0,0.0
1728,ida_02ee5efc831074822980,Gross Disbursements,China,IDA,EAST ASIA AND PACIFIC,FY24,0.0,0.0,0.0,0.0,0.0,2024,4,annual,0.0,0.0
1729,ida_0a42a6d88fa803af9652,Gross Disbursements,Fiji,IDA,EAST ASIA AND PACIFIC,FY24,0.0,7.0,0.0,0.0,7.0,2024,4,annual,7.0,0.0
1730,ida_9941b2c2de3e0ab049ff,Gross Disbursements,Indonesia,IDA,EAST ASIA AND PACIFIC,FY24,0.0,0.0,0.0,0.0,0.0,2024,4,annual,0.0,0.0
1731,ida_a867f7718e6dc2b44b83,Gross Disbursements,Kiribati,IDA,EAST ASIA AND PACIFIC,FY24,8.0,14.0,0.0,0.0,22.0,2024,4,annual,22.0,0.0
1732,ida_3fa771f0832e4d1acc52,Gross Disbursements,Lao People's Democratic Republic,IDA,EAST ASIA AND PACIFIC,FY24,0.0,100.0,0.0,0.0,100.0,2024,4,annual,100.0,0.0
1733,ida_dae45cb08dd1a27cab9f,Gross Disbursements,Marshall Islands,IDA,EAST ASIA AND PACIFIC,FY24,0.0,25.0,0.0,0.0,25.0,2024,4,annual,25.0,0.0
1734,ida_35d7ba9d67af4816e686,Gross Disbursements,"Micronesia, Federated States of",IDA,EAST ASIA AND PACIFIC,FY24,0.0,13.0,0.0,0.0,13.0,2024,4,annual,13.0,0.0
1735,ida_83e79c634bc193e87bb7,Gross Disbursements,Mongolia,IDA,EAST ASIA AND PACIFIC,FY24,0.0,43.0,0.0,0.0,43.0,2024,4,annual,43.0,0.0
1736,ida_361c91937fa794a2eda7,Gross Disbursements,Myanmar,IDA,EAST ASIA AND PACIFIC,FY24,0.0,-10.0,0.0,0.0,-10.0,2024,4,annual,-10.0,0.0
1737,ida_e00c325ed086a97042bb,Gross Disbursements,Pacific Islands,IDA,EAST ASIA AND PACIFIC,FY24,0.0,4.0,0.0,0.0,4.0,2024,4,annual,4.0,0.0
1738,ida_c8770dad612625240017,Gross Disbursements,Papua New Guinea,IDA,EAST ASIA AND PACIFIC,FY24,0.0,38.0,0.0,0.0,38.0,2024,4,annual,38.0,0.0
1739,ida_08d9684a2fde4fbc2aa4,Gross Disbursements,Philippines,IDA,EAST ASIA AND PACIFIC,FY24,0.0,0.0,0.0,0.0,0.0,2024,4,annual,0.0,0.0
1740,ida_1caa99cc0eb3db63e26f,Gross Disbursements,Samoa,IDA,EAST ASIA AND PACIFIC,FY24,0.0,13.0,0.0,2.0,15.0,2024,4,annual,15.0,0.0
1741,ida_d1e8b4cd5acff681f9d3,Gross Disbursements,Solomon Islands,IDA,EAST ASIA AND PACIFIC,FY24,15.0,43.0,0.0,0.0,58.0,2024,4,annual,58.0,0.0
1742,ida_69309531e2dc1295da98,Gross Disbursements,South East Asia,IDA,EAST ASIA AND PACIFIC,FY24,0.0,3.0,0.0,0.0,3.0,2024,4,annual,3.0,0.0
1743,ida_c0ee8d56c5b3dd94ce2d,Gross Disbursements,Timor-Leste,IDA,EAST ASIA AND PACIFIC,FY24,0.0,6.0,0.0,0.0,6.0,2024,4,annual,6.0,0.0
1744,ida_696e3415af0af3e75eab,Gross Disbursements,Tonga,IDA,EAST ASIA AND PACIFIC,FY24,5.0,18.0,0.0,0.0,23.0,2024,4,annual,23.0,0.0
1745,ida_6dada4371fb48150ae32,Gross Disbursements,Tuvalu,IDA,EAST ASIA AND PACIFIC,FY24,8.0,20.0,0.0,0.0,28.0,2024,4,annual,28.0,0.0
1746,ida_dcb23e9c3e653877478e,Gross Disbursements,Vanuatu,IDA,EAST ASIA AND PACIFIC,FY24,0.0,8.0,0.0,0.0,8.0,2024,4,annual,8.0,0.0
1747,ida_ecc7bcc6c8c1921634e8,Gross Disbursements,Viet Nam,IDA,EAST ASIA AND PACIFIC,FY24,261.0,234.0,0.0,1.0,496.0,2024,4,annual,496.0,0.0
1748,ida_26f5f9518b36333a9c77,Gross Disbursements,Angola,IDA,EASTERN AND SOUTHERN AFRICA,FY24,0.0,0.0,0.0,0.0,0.0,2024,4,annual,0.0,0.0
1749,ida_f94254363ec235d20052,Gross Disbursements,Botswana,IDA,EASTERN AND SOUTHERN AFRICA,FY24,0.0,0.0,0.0,0.0,0.0,2024,4,annual,0.0,0.0
1750,ida_175413776913e9f2c143,Gross Disbursements,Burundi,IDA,EASTERN AND SOUTHERN AFRICA,FY24,0.0,203.0,0.0,0.0,203.0,2024,4,annual,203.0,0.0
1751,ida_d28f7c8de48af0628d45,Gross Disbursements,Comoros,IDA,EASTERN AND SOUTHERN AFRICA,FY24,20.0,57.0,0.0,0.0,77.0,2024,4,annual,77.0,0.0
1752,ida_0dd08e2c02f529a4e71c,Gross Disbursements,"Congo, Democratic Republic of",IDA,EASTERN AND SOUTHERN AFRICA,FY24,0.0,811.0,0.0,0.0,811.0,2024,4,annual,811.0,0.0
1753,ida_f6042618841ab7e16783,Gross Disbursements,Eastern and Southern Africa,IDA,EASTERN AND SOUTHERN AFRICA,FY24,0.0,29.0,0.0,3.0,32.0,2024,4,annual,32.0,0.0
1754,ida_783093322e61f5c00287,Gross Disbursements,Eritrea,IDA,EASTERN AND SOUTHERN AFRICA,FY24,0.0,0.0,0.0,0.0,0.0,2024,4,annual,0.0,0.0
1755,ida_3617ada6a76208be8ec8,Gross Disbursements,Eswatini,IDA,EASTERN AND SOUTHERN AFRICA,FY24,0.0,0.0,0.0,0.0,0.0,2024,4,annual,0.0,0.0
1756,ida_9bf21e291a45644e6d43,Gross Disbursements,Ethiopia,IDA,EASTERN AND SOUTHERN AFRICA,FY24,0.0,1263.0,0.0,477.0,1740.0,2024,4,annual,1740.0,0.0
1757,ida_762b514d05ce3e0b3502,Gross Disbursements,Kenya,IDA,EASTERN AND SOUTHERN AFRICA,FY24,348.0,522.0,0.0,226.0,1096.0,2024,4,annual,1096.0,0.0
1758,ida_51c5f01b31e7caa4cea5,Gross Disbursements,Lesotho,IDA,EASTERN AND SOUTHERN AFRICA,FY24,0.0,53.0,0.0,0.0,53.0,2024,4,annual,53.0,0.0
1759,ida_bb074495ff82cdd8ef6d,Gross Disbursements,Madagascar,IDA,EASTERN AND SOUTHERN AFRICA,FY24,0.0,631.0,0.0,0.0,631.0,2024,4,annual,631.0,0.0
1760,ida_30b33ea3d7910c840ba5,Gross Disbursements,Malawi,IDA,EASTERN AND SOUTHERN AFRICA,FY24,138.0,493.0,0.0,0.0,631.0,2024,4,annual,631.0,0.0
1761,ida_e882b9a7b7b42af99938,Gross Disbursements,Mauritius,IDA,EASTERN AND SOUTHERN AFRICA,FY24,0.0,0.0,0.0,0.0,0.0,2024,4,annual,0.0,0.0
1762,ida_aab4fa39c84bfc8f036e,Gross Disbursements,Mozambique,IDA,EASTERN AND SOUTHERN AFRICA,FY24,305.0,849.0,0.0,28.0,1182.0,2024,4,annual,1182.0,0.0
1763,ida_b1e1b4ccb1b958f0a450,Gross Disbursements,Rwanda,IDA,EASTERN AND SOUTHERN AFRICA,FY24,125.0,333.0,0.0,49.0,507.0,2024,4,annual,507.0,0.0
1764,ida_25f44250ec9514f285c5,Gross Disbursements,Sao Tome and Principe,IDA,EASTERN AND SOUTHERN AFRICA,FY24,15.0,28.0,0.0,0.0,43.0,2024,4,annual,43.0,0.0
1765,ida_dbfcc606f61822efa053,Gross Disbursements,Somalia,IDA,EASTERN AND SOUTHERN AFRICA,FY24,72.0,414.0,0.0,0.0,486.0,2024,4,annual,486.0,0.0
1766,ida_4d2759bf59d49a5ccdaf,Gross Disbursements,South Sudan,IDA,EASTERN AND SOUTHERN AFRICA,FY24,0.0,52.0,0.0,0.0,52.0,2024,4,annual,52.0,0.0
1767,ida_347f2e289e3c39abde4b,Gross Disbursements,Sudan,IDA,EASTERN AND SOUTHERN AFRICA,FY24,0.0,-3.0,0.0,0.0,-3.0,2024,4,annual,-3.0,0.0
1768,ida_bbbe9134e4d71f48b4a9,Gross Disbursements,Tanzania,IDA,EASTERN AND SOUTHERN AFRICA,FY24,500.0,1059.0,0.0,588.0,2147.0,2024,4,annual,2147.0,0.0
1769,ida_4815847e8608da2838f3,Gross Disbursements,Uganda,IDA,EASTERN AND SOUTHERN AFRICA,FY24,0.0,334.0,0.0,166.0,500.0,2024,4,annual,500.0,0.0
1770,ida_b4b525d6f824ddffc881,Gross Disbursements,Zambia,IDA,EASTERN AND SOUTHERN AFRICA,FY24,128.0,289.0,0.0,91.0,508.0,2024,4,annual,508.0,0.0
1771,ida_281d41a460ee52672846,Gross Disbursements,Zimbabwe,IDA,EASTERN AND SOUTHERN AFRICA,FY24,0.0,0.0,0.0,0.0,0.0,2024,4,annual,0.0,0.0
1772,ida_51b2ae5f4262ac1e4564,Gross Disbursements,Albania,IDA,EUROPE AND CENTRAL ASIA,FY24,0.0,0.0,0.0,0.0,0.0,2024,4,annual,0.0,0.0
1773,ida_0bbe9d55f399777e0e55,Gross Disbursements,Armenia,IDA,EUROPE AND CENTRAL ASIA,FY24,0.0,2.0,0.0,0.0,2.0,2024,4,annual,2.0,0.0
1774,ida_c9445af7688435283019,Gross Disbursements,Azerbaijan,IDA,EUROPE AND CENTRAL ASIA,FY24,0.0,0.0,0.0,0.0,0.0,2024,4,annual,0.0,0.0
1775,ida_34a5f379f1cb42c92130,Gross Disbursements,Bosnia and Herzegovina,IDA,EUROPE AND CENTRAL ASIA,FY24,0.0,0.0,0.0,0.0,0.0,2024,4,annual,0.0,0.0
1776,ida_763e19d994b46bae77a9,Gross Disbursements,Central Asia,IDA,EUROPE AND CENTRAL ASIA,FY24,0.0,0.0,0.0,0.0,0.0,2024,4,annual,0.0,0.0
1777,ida_a819ff5afcc956759a93,Gross Disbursements,Georgia,IDA,EUROPE AND CENTRAL ASIA,FY24,0.0,0.0,0.0,0.0,0.0,2024,4,annual,0.0,0.0
1778,ida_25b5ac02bdcce8116dff,Gross Disbursements,Kosovo,IDA,EUROPE AND CENTRAL ASIA,FY24,0.0,26.0,0.0,0.0,26.0,2024,4,annual,26.0,0.0
1779,ida_9f2d224c626d994c7113,Gross Disbursements,Kyrgyz Republic,IDA,EUROPE AND CENTRAL ASIA,FY24,0.0,166.0,0.0,0.0,166.0,2024,4,annual,166.0,0.0
1780,ida_18d46de737e28eb0d23f,Gross Disbursements,Moldova,IDA,EUROPE AND CENTRAL ASIA,FY24,0.0,59.0,0.0,0.0,59.0,2024,4,annual,59.0,0.0
1781,ida_5021e10f63d9c526db6f,Gross Disbursements,Montenegro,IDA,EUROPE AND CENTRAL ASIA,FY24,0.0,0.0,0.0,0.0,0.0,2024,4,annual,0.0,0.0
1782,ida_2236639cbe34b248c287,Gross Disbursements,North Macedonia,IDA,EUROPE AND CENTRAL ASIA,FY24,0.0,0.0,0.0,0.0,0.0,2024,4,annual,0.0,0.0
1783,ida_eecbc984b11cfeaf72fc,Gross Disbursements,Serbia,IDA,EUROPE AND CENTRAL ASIA,FY24,0.0,0.0,0.0,0.0,0.0,2024,4,annual,0.0,0.0
1784,ida_825561ddde7d94001162,Gross Disbursements,Tajikistan,IDA,EUROPE AND CENTRAL ASIA,FY24,0.0,206.0,0.0,27.0,233.0,2024,4,annual,233.0,0.0
1785,ida_a75ccedfd11572d7ff4a,Gross Disbursements,Turkiye,IDA,EUROPE AND CENTRAL ASIA,FY24,0.0,0.0,0.0,0.0,0.0,2024,4,annual,0.0,0.0
1786,ida_f45c3bbd0571903a1700,Gross Disbursements,Ukraine,IDA,EUROPE AND CENTRAL ASIA,FY24,0.0,0.0,0.0,0.0,0.0,2024,4,annual,0.0,0.0
1787,ida_18f3e8c32399f230b609,Gross Disbursements,Uzbekistan,IDA,EUROPE AND CENTRAL ASIA,FY24,500.0,201.0,0.0,0.0,701.0,2024,4,annual,701.0,0.0
1788,ida_0f74a79dd0ecf8f08526,Gross Disbursements,Bolivia,IDA,LATIN AMERICA AND CARIBBEAN,FY24,0.0,38.0,0.0,0.0,38.0,2024,4,annual,38.0,0.0
1789,ida_5cbc7b840aeb8937fea2,Gross Disbursements,Caribbean,IDA,LATIN AMERICA AND CARIBBEAN,FY24,0.0,1.0,0.0,0.0,1.0,2024,4,annual,1.0,0.0
1790,ida_24f8d844ae708554768b,Gross Disbursements,Dominica,IDA,LATIN AMERICA AND CARIBBEAN,FY24,0.0,18.0,0.0,0.0,18.0,2024,4,annual,18.0,0.0
1791,ida_0bff0842b822eccdd156,Gross Disbursements,Dominican Republic,IDA,LATIN AMERICA AND CARIBBEAN,FY24,0.0,0.0,0.0,0.0,0.0,2024,4,annual,0.0,0.0
1792,ida_3a245a9a40cc6b32f713,Gross Disbursements,Ecuador,IDA,LATIN AMERICA AND CARIBBEAN,FY24,0.0,0.0,0.0,0.0,0.0,2024,4,annual,0.0,0.0
1793,ida_9d458d9c0bc3f29514a9,Gross Disbursements,El Salvador,IDA,LATIN AMERICA AND CARIBBEAN,FY24,0.0,0.0,0.0,0.0,0.0,2024,4,annual,0.0,0.0
1794,ida_8088fe7ac67d68a247e1,Gross Disbursements,Grenada,IDA,LATIN AMERICA AND CARIBBEAN,FY24,30.0,11.0,0.0,0.0,41.0,2024,4,annual,41.0,0.0
1795,ida_d6b1dfc60bfac3c2e69e,Gross Disbursements,Guyana,IDA,LATIN AMERICA AND CARIBBEAN,FY24,36.0,26.0,0.0,0.0,62.0,2024,4,annual,62.0,0.0
1796,ida_23bf105ad0015bd90831,Gross Disbursements,Haiti,IDA,LATIN AMERICA AND CARIBBEAN,FY24,0.0,170.0,0.0,0.0,170.0,2024,4,annual,170.0,0.0
1797,ida_0774234cb939bd556da3,Gross Disbursements,Honduras,IDA,LATIN AMERICA AND CARIBBEAN,FY24,0.0,109.0,0.0,0.0,109.0,2024,4,annual,109.0,0.0
1798,ida_e0979fe99f5927ec1a18,Gross Disbursements,Nicaragua,IDA,LATIN AMERICA AND CARIBBEAN,FY24,0.0,80.0,0.0,0.0,80.0,2024,4,annual,80.0,0.0
1799,ida_b28077caf25dcca15a02,Gross Disbursements,OECS Countries,IDA,LATIN AMERICA AND CARIBBEAN,FY24,0.0,1.0,0.0,0.0,1.0,2024,4,annual,1.0,0.0
1800,ida_4bfbeb42e0ff92646ff7,Gross Disbursements,Paraguay,IDA,LATIN AMERICA AND CARIBBEAN,FY24,0.0,0.0,0.0,0.0,0.0,2024,4,annual,0.0,0.0
1801,ida_6696b41de6f36ad18ad7,Gross Disbursements,St. Kitts and Nevis,IDA,LATIN AMERICA AND CARIBBEAN,FY24,0.0,0.0,0.0,0.0,0.0,2024,4,annual,0.0,0.0
1802,ida_65a077e0b54c4dbfa375,Gross Disbursements,St. Lucia,IDA,LATIN AMERICA AND CARIBBEAN,FY24,40.0,24.0,0.0,0.0,64.0,2024,4,annual,64.0,0.0
1803,ida_1f246fb7022c202ad818,Gross Disbursements,St. Vincent and the Grenadines,IDA,LATIN AMERICA AND CARIBBEAN,FY24,0.0,18.0,0.0,0.0,18.0,2024,4,annual,18.0,0.0
1804,ida_087c6139ceef1d15cf41,Gross Disbursements,Djibouti,IDA,MIDDLE EAST AND NORTH AFRICA,FY24,0.0,56.0,0.0,0.0,56.0,2024,4,annual,56.0,0.0
1805,ida_0f0de9cf27a99ecb0d5b,Gross Disbursements,"Egypt, Arab Republic of",IDA,MIDDLE EAST AND NORTH AFRICA,FY24,0.0,0.0,0.0,0.0,0.0,2024,4,annual,0.0,0.0
1806,ida_4dcee033698b7f7351a7,Gross Disbursements,Iraq,IDA,MIDDLE EAST AND NORTH AFRICA,FY24,0.0,0.0,0.0,0.0,0.0,2024,4,annual,0.0,0.0
1807,ida_0548d2444f11cdb69fe6,Gross Disbursements,Jordan,IDA,MIDDLE EAST AND NORTH AFRICA,FY24,0.0,0.0,0.0,42.0,42.0,2024,4,annual,42.0,0.0
1808,ida_490b0c1c23ea55ab4055,Gross Disbursements,Middle East and North Africa,IDA,MIDDLE EAST AND NORTH AFRICA,FY24,0.0,0.0,0.0,0.0,0.0,2024,4,annual,0.0,0.0
1809,ida_b9d43a201f709dd943c5,Gross Disbursements,Morocco,IDA,MIDDLE EAST AND NORTH AFRICA,FY24,0.0,0.0,0.0,0.0,0.0,2024,4,annual,0.0,0.0
1810,ida_3671cbaa05ffda30a5dd,Gross Disbursements,Syrian Arab Republic,IDA,MIDDLE EAST AND NORTH AFRICA,FY24,0.0,0.0,0.0,0.0,0.0,2024,4,annual,0.0,0.0
1811,ida_eef6776df6177b7ed35f,Gross Disbursements,Lebanon,IDA,MIDDLE EAST AND NORTH AFRICA,FY24,0.0,0.0,0.0,10.0,10.0,2024,4,annual,10.0,0.0
1812,ida_e56f55f01dd6c7adb0ea,Gross Disbursements,Tunisia,IDA,MIDDLE EAST AND NORTH AFRICA,FY24,0.0,0.0,0.0,0.0,0.0,2024,4,annual,0.0,0.0
1813,ida_98e9417842ea02f836be,Gross Disbursements,"Yemen, Republic of",IDA,MIDDLE EAST AND NORTH AFRICA,FY24,0.0,479.0,0.0,0.0,479.0,2024,4,annual,479.0,0.0
1814,ida_a9225779a67a945696c5,Gross Disbursements,IFC,IDA,OTHER,FY24,0.0,0.0,137.0,0.0,137.0,2024,4,annual,137.0,0.0
1815,ida_6b5cf83c18712c312b60,Gross Disbursements,Afghanistan,IDA,SOUTH ASIA,FY24,0.0,94.0,0.0,0.0,94.0,2024,4,annual,94.0,0.0
1816,ida_757a1b94c130027ba4cc,Gross Disbursements,Bangladesh,IDA,SOUTH ASIA,FY24,493.0,1353.0,0.0,343.0,2189.0,2024,4,annual,2189.0,0.0
1817,ida_cf815d762ec3e741a7b4,Gross Disbursements,Bhutan,IDA,SOUTH ASIA,FY24,50.0,0.0,0.0,6.0,56.0,2024,4,annual,56.0,0.0
1818,ida_f3189abb0cda2cbcb54b,Gross Disbursements,India,IDA,SOUTH ASIA,FY24,57.0,94.0,0.0,13.0,164.0,2024,4,annual,164.0,0.0
1819,ida_385dbba4c5b73c7dbbe9,Gross Disbursements,Maldives,IDA,SOUTH ASIA,FY24,0.0,18.0,0.0,0.0,18.0,2024,4,annual,18.0,0.0
1820,ida_3545ff7df6ccf1bc49b7,Gross Disbursements,Nepal,IDA,SOUTH ASIA,FY24,122.0,114.0,0.0,33.0,269.0,2024,4,annual,269.0,0.0
1821,ida_025f326c7065e7730c5a,Gross Disbursements,Pakistan,IDA,SOUTH ASIA,FY24,350.0,1247.0,0.0,316.0,1913.0,2024,4,annual,1913.0,0.0
1822,ida_679e7147ba178bc9db11,Gross Disbursements,South Asia,IDA,SOUTH ASIA,FY24,0.0,18.0,0.0,0.0,18.0,2024,4,annual,18.0,0.0
1823,ida_dd0aa14cef1fdb461c07,Gross Disbursements,Sri Lanka,IDA,SOUTH ASIA,FY24,248.0,184.0,0.0,0.0,432.0,2024,4,annual,432.0,0.0
1824,ida_f15754be0192e65f89bf,Gross Disbursements,Benin,IDA,WESTERN AND CENTRAL AFRICA,FY24,198.0,264.0,0.0,146.0,608.0,2024,4,annual,608.0,0.0
1825,ida_8076dfa8cf9e87b895ae,Gross Disbursements,Burkina Faso,IDA,WESTERN AND CENTRAL AFRICA,FY24,0.0,451.0,0.0,77.0,528.0,2024,4,annual,528.0,0.0
1826,ida_41425b403a153b3723d2,Gross Disbursements,Cabo Verde,IDA,WESTERN AND CENTRAL AFRICA,FY24,26.0,22.0,0.0,0.0,48.0,2024,4,annual,48.0,0.0
1827,ida_99b058e3f7544dc31b50,Gross Disbursements,Cameroon,IDA,WESTERN AND CENTRAL AFRICA,FY24,0.0,304.0,0.0,0.0,304.0,2024,4,annual,304.0,0.0
1828,ida_2906d76bf644220f7339,Gross Disbursements,Central Africa,IDA,WESTERN AND CENTRAL AFRICA,FY24,0.0,5.0,0.0,0.0,5.0,2024,4,annual,5.0,0.0
1829,ida_f6bb5c53677204d84eff,Gross Disbursements,Central African Republic,IDA,WESTERN AND CENTRAL AFRICA,FY24,0.0,140.0,0.0,0.0,140.0,2024,4,annual,140.0,0.0
1830,ida_44e43bbecc41049030a6,Gross Disbursements,Chad,IDA,WESTERN AND CENTRAL AFRICA,FY24,0.0,360.0,0.0,0.0,360.0,2024,4,annual,360.0,0.0
1831,ida_b952631da4c6a499289e,Gross Disbursements,"Congo, Republic of",IDA,WESTERN AND CENTRAL AFRICA,FY24,46.0,70.0,0.0,4.0,120.0,2024,4,annual,120.0,0.0
1832,ida_d7edfbf75342b1c4cee5,Gross Disbursements,Cote d'Ivoire,IDA,WESTERN AND CENTRAL AFRICA,FY24,310.0,514.0,0.0,179.0,1003.0,2024,4,annual,1003.0,0.0
1833,ida_eade7486a69a75943a79,Gross Disbursements,Equatorial Guinea,IDA,WESTERN AND CENTRAL AFRICA,FY24,0.0,0.0,0.0,0.0,0.0,2024,4,annual,0.0,0.0
1834,ida_43468157f23022f08397,Gross Disbursements,"Gambia, The",IDA,WESTERN AND CENTRAL AFRICA,FY24,41.0,108.0,0.0,0.0,149.0,2024,4,annual,149.0,0.0
1835,ida_1cdbce82e5b57cea1a16,Gross Disbursements,Ghana,IDA,WESTERN AND CENTRAL AFRICA,FY24,300.0,559.0,100.0,59.0,1018.0,2024,4,annual,1018.0,0.0
1836,ida_c3c639b245c94ddf5d69,Gross Disbursements,Guinea,IDA,WESTERN AND CENTRAL AFRICA,FY24,0.0,164.0,0.0,0.0,164.0,2024,4,annual,164.0,0.0
1837,ida_8bb9cfcb02317f8d4f49,Gross Disbursements,Guinea-Bissau,IDA,WESTERN AND CENTRAL AFRICA,FY24,0.0,44.0,0.0,0.0,44.0,2024,4,annual,44.0,0.0
1838,ida_3285aa4954e59d8aa081,Gross Disbursements,Liberia,IDA,WESTERN AND CENTRAL AFRICA,FY24,65.0,123.0,0.0,0.0,188.0,2024,4,annual,188.0,0.0
1839,ida_764a8b1247b879ca3cf2,Gross Disbursements,Mali,IDA,WESTERN AND CENTRAL AFRICA,FY24,0.0,252.0,0.0,0.0,252.0,2024,4,annual,252.0,0.0
1840,ida_9c2cd9b8b34925264aaf,Gross Disbursements,Mauritania,IDA,WESTERN AND CENTRAL AFRICA,FY24,0.0,121.0,0.0,0.0,121.0,2024,4,annual,121.0,0.0
1841,ida_6b600d1e1420e72ec9e6,Gross Disbursements,Niger,IDA,WESTERN AND CENTRAL AFRICA,FY24,0.0,119.0,0.0,30.0,149.0,2024,4,annual,149.0,0.0
1842,ida_b5c8a908577e2ce1d14d,Gross Disbursements,Nigeria,IDA,WESTERN AND CENTRAL AFRICA,FY24,750.0,1418.0,0.0,681.0,2849.0,2024,4,annual,2849.0,0.0
1843,ida_3b086245033d6d8292f3,Gross Disbursements,Senegal,IDA,WESTERN AND CENTRAL AFRICA,FY24,0.0,424.0,0.0,18.0,442.0,2024,4,annual,442.0,0.0
1844,ida_d587ff00ad6615f68a47,Gross Disbursements,Sierra Leone,IDA,WESTERN AND CENTRAL AFRICA,FY24,66.0,121.0,0.0,0.0,187.0,2024,4,annual,187.0,0.0
1845,ida_83c83af63b4f010c45c9,Gross Disbursements,Togo,IDA,WESTERN AND CENTRAL AFRICA,FY24,145.0,102.0,0.0,24.0,271.0,2024,4,annual,271.0,0.0
1846,ida_c8d2aa9256b286cc87a5,Gross Disbursements,Western and Central Africa,IDA,WESTERN AND CENTRAL AFRICA,FY24,0.0,57.0,0.0,0.0,57.0,2024,4,annual,57.0,0.0
1847,ida_9aa373804cbd94f0e64e,Commitments,Australia,IDA,EAST ASIA AND PACIFIC,FY24,0.0,0.0,0.0,0.0,0.0,2024,4,annual,0.0,0.0
1848,ida_2d3ce102adba17fed6fb,Commitments,China,IDA,EAST ASIA AND PACIFIC,FY24,0.0,0.0,0.0,0.0,0.0,2024,4,annual,0.0,0.0
1849,ida_db0b3b18e036aad4e62b,Commitments,Fiji,IDA,EAST ASIA AND PACIFIC,FY24,125.0,0.0,0.0,0.0,125.0,2024,4,annual,125.0,0.0
1850,ida_65d8bc6b3a3f667c7db9,Commitments,Indonesia,IDA,EAST ASIA AND PACIFIC,FY24,0.0,0.0,0.0,0.0,0.0,2024,4,annual,0.0,0.0
1851,ida_04c3275bf5bdfe5bbdaa,Commitments,Japan,IDA,EAST ASIA AND PACIFIC,FY24,0.0,0.0,0.0,0.0,0.0,2024,4,annual,0.0,0.0
1852,ida_6e8334d8b05d72ab0874,Commitments,"Korea, Republic of",IDA,EAST ASIA AND PACIFIC,FY24,0.0,0.0,0.0,0.0,0.0,2024,4,annual,0.0,0.0
1853,ida_0b9c7ee66e4198818694,Commitments,Malaysia,IDA,EAST ASIA AND PACIFIC,FY24,0.0,0.0,0.0,0.0,0.0,2024,4,annual,0.0,0.0
1854,ida_8850ce68581bcd9aea2e,Commitments,Mongolia,IDA,EAST ASIA AND PACIFIC,FY24,0.0,0.0,0.0,0.0,0.0,2024,4,annual,0.0,0.0
1855,ida_43b50736d0b6c6b2ac81,Commitments,Myanmar,IDA,EAST ASIA AND PACIFIC,FY24,0.0,0.0,0.0,0.0,0.0,2024,4,annual,0.0,0.0
1856,ida_7458a035b4998608f2de,Commitments,New Zealand,IDA,EAST ASIA AND PACIFIC,FY24,0.0,0.0,0.0,0.0,0.0,2024,4,annual,0.0,0.0
1857,ida_3383aeb691c77779c1f5,Gross Disbursements,Nicaragua,IDA,LATIN AMERICA AND CARIBBEAN,FY21,0.0,99.0,0.0,0.0,99.0,2021,4,annual,99.0,0.0
1858,ida_cffb868ba155e4843692,Gross Disbursements,Paraguay,IDA,LATIN AMERICA AND CARIBBEAN,FY21,0.0,0.0,0.0,0.0,0.0,2021,4,annual,0.0,0.0
1859,ida_6322c47181b35148643b,Gross Disbursements,St. Kitts and Nevis,IDA,LATIN AMERICA AND CARIBBEAN,FY21,0.0,0.0,0.0,0.0,0.0,2021,4,annual,0.0,0.0
1860,ida_214e223459178fb88805,Gross Disbursements,St. Lucia,IDA,LATIN AMERICA AND CARIBBEAN,FY21,30.0,13.0,0.0,0.0,43.0,2021,4,annual,43.0,0.0
1861,ida_849d5a86a81407b8b6f5,Gross Disbursements,St. Vincent and the Grenadines,IDA,LATIN AMERICA AND CARIBBEAN,FY21,40.0,17.0,0.0,0.0,57.0,2021,4,annual,57.0,0.0
1862,ida_7310ae6309331583fddb,Gross Disbursements,Djibouti,IDA,MIDDLE EAST AND NORTH AFRICA,FY21,0.0,45.0,0.0,0.0,45.0,2021,4,annual,45.0,0.0
1863,ida_d82f3c13f13af052867d,Gross Disbursements,"Egypt, Arab Republic of",IDA,MIDDLE EAST AND NORTH AFRICA,FY21,0.0,0.0,0.0,0.0,0.0,2021,4,annual,0.0,0.0
1864,ida_485a0ae8248950298bb2,Gross Disbursements,Iraq,IDA,MIDDLE EAST AND NORTH AFRICA,FY21,0.0,0.0,0.0,0.0,0.0,2021,4,annual,0.0,0.0
1865,ida_103af8f8faa82ae404b4,Gross Disbursements,Jordan,IDA,MIDDLE EAST AND NORTH AFRICA,FY21,0.0,0.0,0.0,28.0,28.0,2021,4,annual,28.0,0.0
1866,ida_d97ce2b593f284565501,Gross Disbursements,Lebanon,IDA,MIDDLE EAST AND NORTH AFRICA,FY21,0.0,0.0,0.0,7.0,7.0,2021,4,annual,7.0,0.0
1867,ida_3436138189fc79085f6b,Gross Disbursements,Morocco,IDA,MIDDLE EAST AND NORTH AFRICA,FY21,0.0,0.0,0.0,0.0,0.0,2021,4,annual,0.0,0.0
1868,ida_ff16af9069d3ed14bfe3,Gross Disbursements,Syrian Arab Republic,IDA,MIDDLE EAST AND NORTH AFRICA,FY21,0.0,0.0,0.0,0.0,0.0,2021,4,annual,0.0,0.0
1869,ida_e3bb5128f3e22f64d3e9,Gross Disbursements,Tunisia,IDA,MIDDLE EAST AND NORTH AFRICA,FY21,0.0,0.0,0.0,0.0,0.0,2021,4,annual,0.0,0.0
1870,ida_5a5fa4acda028fd841b5,Gross Disbursements,"Yemen, Republic of",IDA,MIDDLE EAST AND NORTH AFRICA,FY21,0.0,299.0,0.0,0.0,299.0,2021,4,annual,299.0,0.0
1871,ida_90fe2822d2af70400fdf,Gross Disbursements,IFC,IDA,OTHER,FY21,0.0,0.0,6.0,0.0,6.0,2021,4,annual,6.0,0.0
1872,ida_c0b83dfbf6d222a0653a,Gross Disbursements,Afghanistan,IDA,SOUTH ASIA,FY21,101.0,364.0,0.0,0.0,465.0,2021,4,annual,465.0,0.0
1873,ida_a59e0b69d23f9b68b910,Gross Disbursements,Bangladesh,IDA,SOUTH ASIA,FY21,249.0,1237.0,0.0,86.0,1572.0,2021,4,annual,1572.0,0.0
1874,ida_1fefdac7d95f3ddbc513,Gross Disbursements,Bhutan,IDA,SOUTH ASIA,FY21,35.0,1.0,0.0,0.0,36.0,2021,4,annual,36.0,0.0
1875,ida_681f7d3d309d77ff8c19,Gross Disbursements,India,IDA,SOUTH ASIA,FY21,403.0,509.0,0.0,57.0,969.0,2021,4,annual,969.0,0.0
1876,ida_9e62ffcaa6ff400bbc74,Gross Disbursements,Maldives,IDA,SOUTH ASIA,FY21,0.0,39.0,0.0,0.0,39.0,2021,4,annual,39.0,0.0
1877,ida_c60ad843db3834aac71a,Gross Disbursements,Nepal,IDA,SOUTH ASIA,FY21,486.0,221.0,0.0,111.0,818.0,2021,4,annual,818.0,0.0
1878,ida_e2d47ce4b12a0e281a8d,Gross Disbursements,Pakistan,IDA,SOUTH ASIA,FY21,653.0,433.0,0.0,473.0,1559.0,2021,4,annual,1559.0,0.0
1879,ida_54d929e8131e55c5d9b4,Gross Disbursements,South Asia,IDA,SOUTH ASIA,FY21,0.0,4.0,0.0,0.0,4.0,2021,4,annual,4.0,0.0
1880,ida_d4544151ba2c50b9edb6,Gross Disbursements,Sri Lanka,IDA,SOUTH ASIA,FY21,0.0,282.0,0.0,0.0,282.0,2021,4,annual,282.0,0.0
1881,ida_051a68614f6c33d9c50b,Gross Disbursements,Benin,IDA,WESTERN AND CENTRAL AFRICA,FY21,130.0,129.0,0.0,6.0,265.0,2021,4,annual,265.0,0.0
1882,ida_f5922cc73a454243012c,Gross Disbursements,Burkina Faso,IDA,WESTERN AND CENTRAL AFRICA,FY21,166.0,245.0,0.0,47.0,458.0,2021,4,annual,458.0,0.0
1883,ida_520f30d2692b9a762d0b,Gross Disbursements,Cabo Verde,IDA,WESTERN AND CENTRAL AFRICA,FY21,26.0,42.0,0.0,0.0,68.0,2021,4,annual,68.0,0.0
1884,ida_7e9755fb9a8e77f47c0b,Gross Disbursements,Cameroon,IDA,WESTERN AND CENTRAL AFRICA,FY21,0.0,166.0,0.0,0.0,166.0,2021,4,annual,166.0,0.0
1885,ida_f4a30af392b079774d56,Gross Disbursements,Central Africa,IDA,WESTERN AND CENTRAL AFRICA,FY21,0.0,3.0,0.0,0.0,3.0,2021,4,annual,3.0,0.0
1886,ida_f2a05e4dbaccc744428b,Gross Disbursements,Central African Republic,IDA,WESTERN AND CENTRAL AFRICA,FY21,77.0,89.0,0.0,0.0,166.0,2021,4,annual,166.0,0.0
1887,ida_ace15ce127876e504ae9,Gross Disbursements,Chad,IDA,WESTERN AND CENTRAL AFRICA,FY21,0.0,90.0,0.0,0.0,90.0,2021,4,annual,90.0,0.0
1888,ida_a326efc860bb95a6e203,Gross Disbursements,"Congo, Republic of",IDA,WESTERN AND CENTRAL AFRICA,FY21,0.0,76.0,0.0,0.0,76.0,2021,4,annual,76.0,0.0
1889,ida_47f4497b160557fed7ef,Gross Disbursements,Cote d'Ivoire,IDA,WESTERN AND CENTRAL AFRICA,FY21,376.0,317.0,0.0,11.0,704.0,2021,4,annual,704.0,0.0
1890,ida_015ba53cd545295deda4,Gross Disbursements,Equatorial Guinea,IDA,WESTERN AND CENTRAL AFRICA,FY21,0.0,0.0,0.0,0.0,0.0,2021,4,annual,0.0,0.0
1891,ida_7ad86b0577ee56d06cfc,Gross Disbursements,"Gambia, The",IDA,WESTERN AND CENTRAL AFRICA,FY21,31.0,65.0,0.0,0.0,96.0,2021,4,annual,96.0,0.0
1892,ida_60c49308e3dd24db3b2e,Gross Disbursements,Ghana,IDA,WESTERN AND CENTRAL AFRICA,FY21,0.0,376.0,0.0,26.0,402.0,2021,4,annual,402.0,0.0
1893,ida_667e7b3ab16086aa659e,Gross Disbursements,Guinea,IDA,WESTERN AND CENTRAL AFRICA,FY21,145.0,115.0,0.0,0.0,260.0,2021,4,annual,260.0,0.0
1894,ida_c33a8be8f78b90940872,Gross Disbursements,Guinea-Bissau,IDA,WESTERN AND CENTRAL AFRICA,FY21,0.0,36.0,0.0,0.0,36.0,2021,4,annual,36.0,0.0
1895,ida_b6a41c6d37284ee1ff7f,Gross Disbursements,Liberia,IDA,WESTERN AND CENTRAL AFRICA,FY21,26.0,70.0,0.0,0.0,96.0,2021,4,annual,96.0,0.0
1896,ida_00012aa43d5346cab1a7,Gross Disbursements,Mali,IDA,WESTERN AND CENTRAL AFRICA,FY21,64.0,155.0,0.0,0.0,219.0,2021,4,annual,219.0,0.0
1897,ida_156aad0956c965a811ad,Gross Disbursements,Mauritania,IDA,WESTERN AND CENTRAL AFRICA,FY21,72.0,92.0,0.0,0.0,164.0,2021,4,annual,164.0,0.0
1898,ida_cd4fb10cf5f93fd59911,Gross Disbursements,Niger,IDA,WESTERN AND CENTRAL AFRICA,FY21,262.0,290.0,0.0,0.0,552.0,2021,4,annual,552.0,0.0
1899,ida_4bc244c803e0b0f56b5b,Gross Disbursements,Nigeria,IDA,WESTERN AND CENTRAL AFRICA,FY21,0.0,429.0,0.0,962.0,1391.0,2021,4,annual,1391.0,0.0
1900,ida_3908260f74c6e1181004,Gross Disbursements,Senegal,IDA,WESTERN AND CENTRAL AFRICA,FY21,0.0,272.0,0.0,46.0,318.0,2021,4,annual,318.0,0.0
1901,ida_cecb345f8005df56373c,Gross Disbursements,Sierra Leone,IDA,WESTERN AND CENTRAL AFRICA,FY21,128.0,107.0,0.0,0.0,235.0,2021,4,annual,235.0,0.0
1902,ida_f2f915421ff3d8af0087,Gross Disbursements,Togo,IDA,WESTERN AND CENTRAL AFRICA,FY21,73.0,70.0,0.0,0.0,143.0,2021,4,annual,143.0,0.0
1903,ida_f363e578258f21a07f79,Gross Disbursements,Western and Central Africa,IDA,WESTERN AND CENTRAL AFRICA,FY21,0.0,137.0,0.0,0.0,137.0,2021,4,annual,137.0,0.0
1904,ida_16a76c01d9c145a9fb49,Commitments,Cambodia,IDA,EAST ASIA AND PACIFIC,FY21,200.0,114.0,0.0,0.0,314.0,2021,4,annual,314.0,0.0
1905,ida_44174ee10f02519fd1e6,Commitments,China,IDA,EAST ASIA AND PACIFIC,FY21,0.0,0.0,0.0,0.0,0.0,2021,4,annual,0.0,0.0
1906,ida_eee9255e09fdc0a4a025,Commitments,Fiji,IDA,EAST ASIA AND PACIFIC,FY21,120.0,50.0,0.0,0.0,170.0,2021,4,annual,170.0,0.0
1907,ida_277da41fb7075d3b47d4,Commitments,Indonesia,IDA,EAST ASIA AND PACIFIC,FY21,0.0,0.0,0.0,0.0,0.0,2021,4,annual,0.0,0.0
1908,ida_779e6168a40406b01ad4,Commitments,Kiribati,IDA,EAST ASIA AND PACIFIC,FY21,5.0,0.0,0.0,0.0,5.0,2021,4,annual,5.0,0.0
1909,ida_c900e0bb2bca83e7ae53,Commitments,"Korea, Republic of",IDA,EAST ASIA AND PACIFIC,FY21,0.0,0.0,0.0,0.0,0.0,2021,4,annual,0.0,0.0
1910,ida_32637e83b393ba46ebc1,Commitments,Lao People's Democratic Republic,IDA,EAST ASIA AND PACIFIC,FY21,0.0,114.0,0.0,0.0,114.0,2021,4,annual,114.0,0.0
1911,ida_c4f4e13557a2b71b8581,Commitments,Marshall Islands,IDA,EAST ASIA AND PACIFIC,FY21,0.0,10.0,0.0,0.0,10.0,2021,4,annual,10.0,0.0
1912,ida_ede2dd4922e2f9aaa455,Commitments,Mekong,IDA,EAST ASIA AND PACIFIC,FY21,0.0,0.0,0.0,0.0,0.0,2021,4,annual,0.0,0.0
1913,ida_f67c9f5786ec44c87d6a,Commitments,"Micronesia, Federated States of",IDA,EAST ASIA AND PACIFIC,FY21,0.0,40.0,0.0,0.0,40.0,2021,4,annual,40.0,0.0
1914,ida_3663219ed16560e14a20,Commitments,Mongolia,IDA,EAST ASIA AND PACIFIC,FY21,0.0,51.0,0.0,0.0,51.0,2021,4,annual,51.0,0.0
1915,ida_a5ae5128b4bb73af87fe,Commitments,Myanmar,IDA,EAST ASIA AND PACIFIC,FY21,0.0,0.0,0.0,0.0,0.0,2021,4,annual,0.0,0.0
1916,ida_b18b1af7db8ccdba9a8d,Commitments,Pacific Islands,IDA,EAST ASIA AND PACIFIC,FY21,0.0,0.0,0.0,0.0,0.0,2021,4,annual,0.0,0.0
1917,ida_9d9558d66451769d8426,Commitments,Papua New Guinea,IDA,EAST ASIA AND PACIFIC,FY21,100.0,30.0,0.0,0.0,130.0,2021,4,annual,130.0,0.0
1918,ida_fb56c268a44719af9079,Commitments,Philippines,IDA,EAST ASIA AND PACIFIC,FY21,0.0,0.0,0.0,0.0,0.0,2021,4,annual,0.0,0.0
1919,ida_0265ee660316602d8e36,Commitments,Samoa,IDA,EAST ASIA AND PACIFIC,FY21,25.0,0.0,0.0,0.0,25.0,2021,4,annual,25.0,0.0
1920,ida_aa357be8f45655299cc7,Commitments,Solomon Islands,IDA,EAST ASIA AND PACIFIC,FY21,0.0,5.0,0.0,0.0,5.0,2021,4,annual,5.0,0.0
1921,ida_5e311472f809c9f2e02e,Commitments,South East Asia,IDA,EAST ASIA AND PACIFIC,FY21,0.0,0.0,0.0,0.0,0.0,2021,4,annual,0.0,0.0
1922,ida_c451506c2591ffa0b109,Commitments,"Taiwan, China",IDA,EAST ASIA AND PACIFIC,FY21,0.0,0.0,0.0,0.0,0.0,2021,4,annual,0.0,0.0
1923,ida_50a88d279426b94c405b,Commitments,Thailand,IDA,EAST ASIA AND PACIFIC,FY21,0.0,0.0,0.0,0.0,0.0,2021,4,annual,0.0,0.0
1924,ida_74ae84c479a4975e0179,Commitments,Timor-Leste,IDA,EAST ASIA AND PACIFIC,FY21,0.0,0.0,0.0,0.0,0.0,2021,4,annual,0.0,0.0
1925,ida_6ee205dd145225836b15,Commitments,Tonga,IDA,EAST ASIA AND PACIFIC,FY21,30.0,0.0,0.0,0.0,30.0,2021,4,annual,30.0,0.0
1926,ida_1755ad00de07f2ad8adf,Commitments,Tuvalu,IDA,EAST ASIA AND PACIFIC,FY21,0.0,0.0,0.0,0.0,0.0,2021,4,annual,0.0,0.0
1927,ida_69143134b19bd1bc333d,Commitments,Vanuatu,IDA,EAST ASIA AND PACIFIC,FY21,0.0,0.0,0.0,0.0,0.0,2021,4,annual,0.0,0.0
1928,ida_557d659e73738ed12593,Commitments,Vietnam,IDA,EAST ASIA AND PACIFIC,FY21,221.0,0.0,0.0,0.0,221.0,2021,4,annual,221.0,0.0
1929,ida_2c995d6e15237beda862,Commitments,Angola,IDA,EASTERN AND SOUTHERN AFRICA,FY21,0.0,0.0,0.0,0.0,0.0,2021,4,annual,0.0,0.0
1930,ida_763b6e464e966388550e,Commitments,Botswana,IDA,EASTERN AND SOUTHERN AFRICA,FY21,0.0,0.0,0.0,0.0,0.0,2021,4,annual,0.0,0.0
1931,ida_ac72be5718edbc403329,Commitments,Burundi,IDA,EASTERN AND SOUTHERN AFRICA,FY21,0.0,130.0,0.0,0.0,130.0,2021,4,annual,130.0,0.0
1932,ida_a217663c735bcd64acbd,Commitments,Comoros,IDA,EASTERN AND SOUTHERN AFRICA,FY21,10.0,51.0,0.0,0.0,61.0,2021,4,annual,61.0,0.0
1933,ida_02638060051db39c8a24,Commitments,"Congo, Democratic Republic of",IDA,EASTERN AND SOUTHERN AFRICA,FY21,0.0,1450.0,0.0,0.0,1450.0,2021,4,annual,1450.0,0.0
1934,ida_facbbb7214a6c64e16b9,Commitments,Eastern and Southern Africa,IDA,EASTERN AND SOUTHERN AFRICA,FY21,0.0,3.0,0.0,0.0,3.0,2021,4,annual,3.0,0.0
1935,ida_899172e0fcf8418366bc,Commitments,Eritrea,IDA,EASTERN AND SOUTHERN AFRICA,FY21,0.0,0.0,0.0,0.0,0.0,2021,4,annual,0.0,0.0
1936,ida_134a2ff06f7b5031e1c4,Commitments,Eswatini,IDA,EASTERN AND SOUTHERN AFRICA,FY21,0.0,0.0,0.0,0.0,0.0,2021,4,annual,0.0,0.0
1937,ida_33b2454775cd7bb8b44a,Commitments,Ethiopia,IDA,EASTERN AND SOUTHERN AFRICA,FY21,0.0,2199.0,0.0,305.0,2504.0,2021,4,annual,2504.0,0.0
1938,ida_ad4eb8884f50c74df3aa,Commitments,Kenya,IDA,EASTERN AND SOUTHERN AFRICA,FY21,750.0,1080.0,0.0,0.0,1830.0,2021,4,annual,1830.0,0.0
1939,ida_47e46c76ce86787e9db6,Commitments,Lesotho,IDA,EASTERN AND SOUTHERN AFRICA,FY21,0.0,44.0,0.0,0.0,44.0,2021,4,annual,44.0,0.0
1940,ida_3f436aae460c22ba4886,Commitments,Madagascar,IDA,EASTERN AND SOUTHERN AFRICA,FY21,75.0,963.0,0.0,0.0,1038.0,2021,4,annual,1038.0,0.0
1941,ida_dfa903408d1d11e53a8e,Commitments,Malawi,IDA,EASTERN AND SOUTHERN AFRICA,FY21,0.0,371.0,0.0,0.0,371.0,2021,4,annual,371.0,0.0
1942,ida_669ac91f72826d0f9e74,Commitments,Mauritius,IDA,EASTERN AND SOUTHERN AFRICA,FY21,0.0,0.0,0.0,0.0,0.0,2021,4,annual,0.0,0.0
1943,ida_f5eed065e31de4c0492e,Commitments,Mozambique,IDA,EASTERN AND SOUTHERN AFRICA,FY21,100.0,1268.0,0.0,0.0,1368.0,2021,4,annual,1368.0,0.0
1944,ida_3bd3f72eb5c7d1c4990d,Commitments,Rwanda,IDA,EASTERN AND SOUTHERN AFRICA,FY21,150.0,500.0,0.0,0.0,650.0,2021,4,annual,650.0,0.0
1945,ida_449d64cc9b641cd54d8f,Commitments,Sao Tome and Principe,IDA,EASTERN AND SOUTHERN AFRICA,FY21,10.0,33.0,0.0,0.0,43.0,2021,4,annual,43.0,0.0
1946,ida_75c78fa25b9c2ce88a88,Commitments,Somalia,IDA,EASTERN AND SOUTHERN AFRICA,FY21,0.0,400.0,0.0,0.0,400.0,2021,4,annual,400.0,0.0
1947,ida_145f47381dd219ab8b46,Commitments,South Sudan,IDA,EASTERN AND SOUTHERN AFRICA,FY21,0.0,223.0,0.0,0.0,223.0,2021,4,annual,223.0,0.0
1948,ida_557a8897c4f8768248ae,Commitments,Sudan,IDA,EASTERN AND SOUTHERN AFRICA,FY21,1375.0,510.0,0.0,0.0,1885.0,2021,4,annual,1885.0,0.0
1949,ida_49960d7582116efe36e5,Commitments,Tanzania,IDA,EASTERN AND SOUTHERN AFRICA,FY21,0.0,1142.0,0.0,0.0,1142.0,2021,4,annual,1142.0,0.0
1950,ida_4a0ea313c0fd011f1297,Commitments,Uganda,IDA,EASTERN AND SOUTHERN AFRICA,FY21,0.0,508.0,0.0,300.0,808.0,2021,4,annual,808.0,0.0
1951,ida_5107cfb92e37ffc4b450,Commitments,Zambia,IDA,EASTERN AND SOUTHERN AFRICA,FY21,0.0,139.0,0.0,0.0,139.0,2021,4,annual,139.0,0.0
1952,ida_beaf99924197ab225aaf,Commitments,Zimbabwe,IDA,EASTERN AND SOUTHERN AFRICA,FY21,0.0,0.0,0.0,0.0,0.0,2021,4,annual,0.0,0.0
1953,ida_e7bb6da30fbe521dd904,Commitments,Albania,IDA,EUROPE AND CENTRAL ASIA,FY21,0.0,0.0,0.0,0.0,0.0,2021,4,annual,0.0,0.0
1954,ida_5640985d7ab68b706fb2,Commitments,Armenia,IDA,EUROPE AND CENTRAL ASIA,FY21,0.0,0.0,0.0,0.0,0.0,2021,4,annual,0.0,0.0
1955,ida_29efa3c80412d6660697,Commitments,Azerbaijan,IDA,EUROPE AND CENTRAL ASIA,FY21,0.0,0.0,0.0,0.0,0.0,2021,4,annual,0.0,0.0
1956,ida_f0fbe3af371847a06652,Commitments,Bosnia and Herzegovina,IDA,EUROPE AND CENTRAL ASIA,FY21,0.0,0.0,0.0,0.0,0.0,2021,4,annual,0.0,0.0
1957,ida_1ecdfbacbec6eaca320f,Commitments,Central Asia,IDA,EUROPE AND CENTRAL ASIA,FY21,0.0,0.0,0.0,0.0,0.0,2021,4,annual,0.0,0.0
1958,ida_0b74d34aade1dd096213,Commitments,Georgia,IDA,EUROPE AND CENTRAL ASIA,FY21,0.0,0.0,0.0,0.0,0.0,2021,4,annual,0.0,0.0
1959,ida_a3afc9e142e1ac31dd2a,Commitments,Kosovo,IDA,EUROPE AND CENTRAL ASIA,FY21,0.0,18.0,0.0,0.0,18.0,2021,4,annual,18.0,0.0
1960,ida_a69936a908586212df33,Commitments,Kyrgyz Republic,IDA,EUROPE AND CENTRAL ASIA,FY21,0.0,125.0,0.0,0.0,125.0,2021,4,annual,125.0,0.0
1961,ida_cda4bb1fb3ab47fc61e3,Commitments,Moldova,IDA,EUROPE AND CENTRAL ASIA,FY21,0.0,45.0,0.0,0.0,45.0,2021,4,annual,45.0,0.0
1962,ida_38f38c1969d0a95fa000,Commitments,Montenegro,IDA,EUROPE AND CENTRAL ASIA,FY21,0.0,0.0,0.0,0.0,0.0,2021,4,annual,0.0,0.0
1963,ida_2b549d816db66fb1b9c9,Commitments,North Macedonia,IDA,EUROPE AND CENTRAL ASIA,FY21,0.0,0.0,0.0,0.0,0.0,2021,4,annual,0.0,0.0
1964,ida_be64306bc31e580cc938,Commitments,Serbia,IDA,EUROPE AND CENTRAL ASIA,FY21,0.0,0.0,0.0,0.0,0.0,2021,4,annual,0.0,0.0
1965,ida_e5049e1613242e085dfc,Commitments,Tajikistan,IDA,EUROPE AND CENTRAL ASIA,FY21,0.0,237.0,0.0,50.0,287.0,2021,4,annual,287.0,0.0
1966,ida_6dba931282d0a9434458,Commitments,Turkiye,IDA,EUROPE AND CENTRAL ASIA,FY21,0.0,0.0,0.0,0.0,0.0,2021,4,annual,0.0,0.0
1967,ida_42a405a9ecd47269e63a,Commitments,Ukraine,IDA,EUROPE AND CENTRAL ASIA,FY21,0.0,0.0,0.0,0.0,0.0,2021,4,annual,0.0,0.0
1968,ida_4d1490aa32a9284420a8,Commitments,Uzbekistan,IDA,EUROPE AND CENTRAL ASIA,FY21,250.0,590.0,0.0,0.0,840.0,2021,4,annual,840.0,0.0
1969,ida_34a4d37cb9bd7e74d668,Commitments,Bolivia,IDA,LATIN AMERICA AND CARIBBEAN,FY21,0.0,0.0,0.0,0.0,0.0,2021,4,annual,0.0,0.0
1970,ida_3425694eb5ddd7288fa6,Commitments,Caribbean,IDA,LATIN AMERICA AND CARIBBEAN,FY21,0.0,0.0,0.0,0.0,0.0,2021,4,annual,0.0,0.0
1971,ida_38883d3497fb0b601c8c,Commitments,Central America,IDA,LATIN AMERICA AND CARIBBEAN,FY21,0.0,0.0,0.0,0.0,0.0,2021,4,annual,0.0,0.0
1972,ida_e97322099bf302a813fb,Commitments,Chile,IDA,LATIN AMERICA AND CARIBBEAN,FY21,0.0,0.0,0.0,0.0,0.0,2021,4,annual,0.0,0.0
1973,ida_b5d0aab2b36df53eac19,Commitments,Colombia,IDA,LATIN AMERICA AND CARIBBEAN,FY21,0.0,0.0,0.0,0.0,0.0,2021,4,annual,0.0,0.0
1974,ida_c57d66edf14afafd077f,Commitments,Costa Rica,IDA,LATIN AMERICA AND CARIBBEAN,FY21,0.0,0.0,0.0,0.0,0.0,2021,4,annual,0.0,0.0
1975,ida_2228f649191ef3ada2b3,Commitments,Dominica,IDA,LATIN AMERICA AND CARIBBEAN,FY21,25.0,0.0,0.0,0.0,25.0,2021,4,annual,25.0,0.0
1976,ida_20c0a7ea11957e0b2a25,Commitments,Dominican Republic,IDA,LATIN AMERICA AND CARIBBEAN,FY21,0.0,0.0,0.0,0.0,0.0,2021,4,annual,0.0,0.0
1977,ida_7e3a209e592bd2861444,Commitments,Ecuador,IDA,LATIN AMERICA AND CARIBBEAN,FY21,0.0,0.0,0.0,0.0,0.0,2021,4,annual,0.0,0.0
1978,ida_d168c2494fe9e63be27d,Commitments,El Salvador,IDA,LATIN AMERICA AND CARIBBEAN,FY21,0.0,0.0,0.0,0.0,0.0,2021,4,annual,0.0,0.0
1979,ida_d8dad4ff82fbede723c7,Commitments,Grenada,IDA,LATIN AMERICA AND CARIBBEAN,FY21,25.0,0.0,0.0,0.0,25.0,2021,4,annual,25.0,0.0
1980,ida_b62b6c60e40dd813a58d,Commitments,Guyana,IDA,LATIN AMERICA AND CARIBBEAN,FY21,0.0,52.0,0.0,0.0,52.0,2021,4,annual,52.0,0.0
1981,ida_16fd1572c7d85f9c15a2,Commitments,Haiti,IDA,LATIN AMERICA AND CARIBBEAN,FY21,0.0,147.0,0.0,0.0,147.0,2021,4,annual,147.0,0.0
1982,ida_3c95705e2d9e28f8111f,Commitments,Honduras,IDA,LATIN AMERICA AND CARIBBEAN,FY21,0.0,340.0,0.0,0.0,340.0,2021,4,annual,340.0,0.0
1983,ida_faf4c25c0dfa7cee6faf,Commitments,Nicaragua,IDA,LATIN AMERICA AND CARIBBEAN,FY21,0.0,100.0,0.0,0.0,100.0,2021,4,annual,100.0,0.0
1984,ida_fc961591da6097793509,Commitments,OECS Countries,IDA,LATIN AMERICA AND CARIBBEAN,FY21,0.0,0.0,0.0,0.0,0.0,2021,4,annual,0.0,0.0
1985,ida_cf33311fd35acb331b9c,Commitments,Paraguay,IDA,LATIN AMERICA AND CARIBBEAN,FY21,0.0,0.0,0.0,0.0,0.0,2021,4,annual,0.0,0.0
1986,ida_a8fea7e89d5d119cf494,Commitments,St. Kitts and Nevis,IDA,LATIN AMERICA AND CARIBBEAN,FY21,0.0,0.0,0.0,0.0,0.0,2021,4,annual,0.0,0.0
1987,ida_43492c95a632c6a839c1,Commitments,St. Lucia,IDA,LATIN AMERICA AND CARIBBEAN,FY21,30.0,0.0,0.0,0.0,30.0,2021,4,annual,30.0,0.0
1988,ida_8e0b944e33af408878f9,Commitments,St. Vincent and the Grenadines,IDA,LATIN AMERICA AND CARIBBEAN,FY21,50.0,0.0,0.0,0.0,50.0,2021,4,annual,50.0,0.0
1989,ida_dea9f32ecd3a441509b2,Commitments,Djibouti,IDA,MIDDLE EAST AND NORTH AFRICA,FY21,0.0,45.0,0.0,0.0,45.0,2021,4,annual,45.0,0.0
1990,ida_ca285ed74354ff23121c,Commitments,"Egypt, Arab Republic of",IDA,MIDDLE EAST AND NORTH AFRICA,FY21,0.0,0.0,0.0,0.0,0.0,2021,4,annual,0.0,0.0
1991,ida_f272da5e2ff48f6dccba,Commitments,Iraq,IDA,MIDDLE EAST AND NORTH AFRICA,FY21,0.0,0.0,0.0,0.0,0.0,2021,4,annual,0.0,0.0
1992,ida_03c69841734683048299,Commitments,Jordan,IDA,MIDDLE EAST AND NORTH AFRICA,FY21,0.0,0.0,0.0,0.0,0.0,2021,4,annual,0.0,0.0
1993,ida_e2ff1c25a17c26631628,Commitments,Lebanon,IDA,MIDDLE EAST AND NORTH AFRICA,FY21,0.0,0.0,0.0,0.0,0.0,2021,4,annual,0.0,0.0
1994,ida_d5a6279afb0846cb1603,Commitments,Middle East and North Africa,IDA,MIDDLE EAST AND NORTH AFRICA,FY21,0.0,0.0,0.0,0.0,0.0,2021,4,annual,0.0,0.0
1995,ida_e104acb1bb8a3fc26b1b,Commitments,Morocco,IDA,MIDDLE EAST AND NORTH AFRICA,FY21,0.0,0.0,0.0,0.0,0.0,2021,4,annual,0.0,0.0
1996,ida_e5e7acd50cc6056993d7,Commitments,Syrian Arab Republic,IDA,MIDDLE EAST AND NORTH AFRICA,FY21,0.0,0.0,0.0,0.0,0.0,2021,4,annual,0.0,0.0
1997,ida_bcd1290814982c44f1ba,Commitments,Tunisia,IDA,MIDDLE EAST AND NORTH AFRICA,FY21,0.0,0.0,0.0,0.0,0.0,2021,4,annual,0.0,0.0
1998,ida_b2d42aa7fb62c5a8d729,Commitments,"Yemen, Republic of",IDA,MIDDLE EAST AND NORTH AFRICA,FY21,0.0,613.0,0.0,0.0,613.0,2021,4,annual,613.0,0.0
1999,ida_ad7758248c44036944b5,Commitments,IFC,IDA,OTHER,FY21,0.0,0.0,318.0,0.0,318.0,2021,4,annual,318.0,0.0
2000,ida_d45d0ccb65a26ae2b7c9,Commitments,MIGA,IDA,OTHER,FY21,0.0,0.0,100.0,0.0,100.0,2021,4,annual,100.0,0.0
2001,ida_092c189582c0e032c336,Commitments,World,IDA,OTHER,FY21,0.0,0.0,0.0,0.0,0.0,2021,4,annual,0.0,0.0
2002,ida_d2d9360edaf51134b3db,Commitments,Afghanistan,IDA,SOUTH ASIA,FY21,232.0,570.0,0.0,0.0,802.0,2021,4,annual,802.0,0.0
2003,ida_60373fcb9c1cae001c2d,Commitments,Bangladesh,IDA,SOUTH ASIA,FY21,250.0,2059.0,0.0,0.0,2309.0,2021,4,annual,2309.0,0.0
2004,ida_0ea5b05bd137a0ccaf3e,Commitments,Bhutan,IDA,SOUTH ASIA,FY21,35.0,0.0,0.0,0.0,35.0,2021,4,annual,35.0,0.0
2005,ida_7eceafbf8b580de93c6a,Commitments,India,IDA,SOUTH ASIA,FY21,513.0,0.0,0.0,0.0,513.0,2021,4,annual,513.0,0.0
2006,ida_f864b7a82e96c604b2c3,Commitments,Maldives,IDA,SOUTH ASIA,FY21,0.0,34.0,0.0,0.0,34.0,2021,4,annual,34.0,0.0
2007,ida_cba484e2e57f5c844a64,Commitments,Nepal,IDA,SOUTH ASIA,FY21,350.0,305.0,0.0,60.0,715.0,2021,4,annual,715.0,0.0
2008,ida_785f050746597225b424,Commitments,Pakistan,IDA,SOUTH ASIA,FY21,600.0,892.0,0.0,1200.0,2692.0,2021,4,annual,2692.0,0.0
2009,ida_dc756b0f32769677d889,Commitments,South Asia,IDA,SOUTH ASIA,FY21,0.0,0.0,0.0,0.0,0.0,2021,4,annual,0.0,0.0
2010,ida_51086c3c9f88e3f173f1,Commitments,Sri Lanka,IDA,SOUTH ASIA,FY21,0.0,27.0,0.0,0.0,27.0,2021,4,annual,27.0,0.0
2011,ida_42dca1909d2344141a0c,Commitments,Benin,IDA,WESTERN AND CENTRAL AFRICA,FY21,100.0,339.0,0.0,0.0,439.0,2021,4,annual,439.0,0.0
2012,ida_8cd0922f7e8e236bd0ec,Commitments,Burkina Faso,IDA,WESTERN AND CENTRAL AFRICA,FY21,160.0,870.0,0.0,0.0,1030.0,2021,4,annual,1030.0,0.0
2013,ida_af746b46c2f612e6ee22,Commitments,Cabo Verde,IDA,WESTERN AND CENTRAL AFRICA,FY21,25.0,65.0,0.0,0.0,90.0,2021,4,annual,90.0,0.0
2014,ida_9286e5d0aee210d30b8b,Commitments,Cameroon,IDA,WESTERN AND CENTRAL AFRICA,FY21,100.0,399.0,0.0,0.0,499.0,2021,4,annual,499.0,0.0
2015,ida_b172b6016b24084c821b,Commitments,Central Africa,IDA,WESTERN AND CENTRAL AFRICA,FY21,0.0,0.0,0.0,0.0,0.0,2021,4,annual,0.0,0.0
2016,ida_ea62b3617c69985bb463,Commitments,Central African Republic,IDA,WESTERN AND CENTRAL AFRICA,FY21,50.0,191.0,0.0,0.0,241.0,2021,4,annual,241.0,0.0
2017,ida_bdfdc12511c34345df64,Commitments,Chad,IDA,WESTERN AND CENTRAL AFRICA,FY21,0.0,190.0,0.0,0.0,190.0,2021,4,annual,190.0,0.0
2018,ida_8a6fbcd587e0d740e9a0,Commitments,"Congo, Republic of",IDA,WESTERN AND CENTRAL AFRICA,FY21,0.0,77.0,0.0,0.0,77.0,2021,4,annual,77.0,0.0
2019,ida_8cf4e7e4568c703b35d3,Commitments,Cote d'Ivoire,IDA,WESTERN AND CENTRAL AFRICA,FY21,370.0,620.0,0.0,0.0,990.0,2021,4,annual,990.0,0.0
2020,ida_147ab37b16cc8293d1fc,Commitments,Equatorial Guinea,IDA,WESTERN AND CENTRAL AFRICA,FY21,0.0,0.0,0.0,0.0,0.0,2021,4,annual,0.0,0.0
2021,ida_8991e8ca64219ff5fca0,Commitments,"Gambia, The",IDA,WESTERN AND CENTRAL AFRICA,FY21,0.0,38.0,0.0,0.0,38.0,2021,4,annual,38.0,0.0
2022,ida_45301bfa3608a82b528e,Commitments,Ghana,IDA,WESTERN AND CENTRAL AFRICA,FY21,0.0,805.0,0.0,0.0,805.0,2021,4,annual,805.0,0.0
2023,ida_688aeb1ce2c3f8856400,Commitments,Guinea,IDA,WESTERN AND CENTRAL AFRICA,FY21,140.0,193.0,0.0,0.0,333.0,2021,4,annual,333.0,0.0
2024,ida_9c4cfa72c3f97e795f9d,Commitments,Guinea-Bissau,IDA,WESTERN AND CENTRAL AFRICA,FY21,0.0,20.0,0.0,0.0,20.0,2021,4,annual,20.0,0.0
2025,ida_2a5e4daa2fdae1a352ce,Commitments,Liberia,IDA,WESTERN AND CENTRAL AFRICA,FY21,65.0,131.0,0.0,0.0,196.0,2021,4,annual,196.0,0.0
2026,ida_dddbabc5f4d1c486f802,Commitments,Mali,IDA,WESTERN AND CENTRAL AFRICA,FY21,60.0,355.0,0.0,0.0,415.0,2021,4,annual,415.0,0.0
2027,ida_a68618623910e9c90ff0,Commitments,Mauritania,IDA,WESTERN AND CENTRAL AFRICA,FY21,70.0,230.0,0.0,0.0,300.0,2021,4,annual,300.0,0.0
2028,ida_c4ddf024bdbad5242d9c,Commitments,Niger,IDA,WESTERN AND CENTRAL AFRICA,FY21,250.0,807.0,0.0,0.0,1057.0,2021,4,annual,1057.0,0.0
2029,ida_a2fafcba87fe60f2d794,Commitments,Nigeria,IDA,WESTERN AND CENTRAL AFRICA,FY21,0.0,600.0,0.0,2275.0,2875.0,2021,4,annual,2875.0,0.0
2030,ida_8bb0ae745d43c7f37106,Commitments,Senegal,IDA,WESTERN AND CENTRAL AFRICA,FY21,0.0,673.0,0.0,125.0,798.0,2021,4,annual,798.0,0.0
2031,ida_df6080306128a1f78f47,Commitments,Sierra Leone,IDA,WESTERN AND CENTRAL AFRICA,FY21,25.0,215.0,0.0,0.0,240.0,2021,4,annual,240.0,0.0
2032,ida_4513c5286673a6ec847d,Commitments,Togo,IDA,WESTERN AND CENTRAL AFRICA,FY21,70.0,138.0,0.0,0.0,208.0,2021,4,annual,208.0,0.0
2033,ida_c80f1831c599aca43ac2,Commitments,Western and Central Africa,IDA,WESTERN AND CENTRAL AFRICA,FY21,0.0,114.0,0.0,0.0,114.0,2021,4,annual,114.0,0.0
2034,ida_1215218e54487c89431d,Gross Disbursements,Bangladesh,IDA,SOUTH ASIA,FY20,252.0,912.0,0.0,205.0,1369.0,2020,4,annual,1369.0,0.0
2035,ida_5c37b4991dffb6711617,Gross Disbursements,Pakistan,IDA,SOUTH ASIA,FY20,506.0,494.0,0.0,179.0,1179.0,2020,4,annual,1179.0,0.0
2036,ida_f8b4eb177edb9c793d99,Gross Disbursements,Kenya,IDA,AFRICA EAST,FY20,932.0,718.0,0.0,262.0,1912.0,2020,4,annual,1912.0,0.0
2037,ida_439a9f694bf4573b5763,Gross Disbursements,Sudan,IDA,AFRICA EAST,FY20,0.0,0.0,0.0,0.0,0.0,2020,4,annual,0.0,0.0
2038,ida_d764dd5c40af82d5641e,Gross Disbursements,Nigeria,IDA,AFRICA WEST,FY20,0.0,746.0,0.0,244.0,990.0,2020,4,annual,990.0,0.0
2039,ida_14bbdff64f4485a4f7e4,Gross Disbursements,Ethiopia,IDA,AFRICA EAST,FY20,747.0,765.0,0.0,690.0,2202.0,2020,4,annual,2202.0,0.0
2040,ida_6ff6085bd3574ae7d690,Gross Disbursements,India,IDA,SOUTH ASIA,FY20,797.0,598.0,0.0,17.0,1412.0,2020,4,annual,1412.0,0.0
2041,ida_5bc81f7b49aaa683a54d,Gross Disbursements,Nepal,IDA,SOUTH ASIA,FY20,99.0,247.0,0.0,102.0,448.0,2020,4,annual,448.0,0.0
2042,ida_d9ac9dae5d839f9d6e54,Gross Disbursements,Uganda,IDA,AFRICA EAST,FY20,0.0,275.0,0.0,56.0,331.0,2020,4,annual,331.0,0.0
2043,ida_b2f70ed02b1e901e33ba,Gross Disbursements,Cote d'Ivoire,IDA,AFRICA WEST,FY20,197.0,233.0,0.0,26.0,456.0,2020,4,annual,456.0,0.0
2044,ida_df86ba3757c476dd5ad2,Gross Disbursements,"Congo, Democratic Republic of",IDA,AFRICA EAST,FY20,0.0,448.0,0.0,0.0,448.0,2020,4,annual,448.0,0.0
2045,ida_9d57c033cdb0e31c8df6,Gross Disbursements,Vietnam,IDA,EAST ASIA AND PACIFIC,FY20,125.0,518.0,0.0,254.0,897.0,2020,4,annual,897.0,0.0
2046,ida_b1edf4dcc12a1f5576eb,Gross Disbursements,Niger,IDA,AFRICA WEST,FY20,351.0,168.0,0.0,0.0,519.0,2020,4,annual,519.0,0.0
2047,ida_9150613a74bcabceca3f,Gross Disbursements,Mozambique,IDA,AFRICA EAST,FY20,0.0,317.0,0.0,24.0,341.0,2020,4,annual,341.0,0.0
2048,ida_f73c9cdf3f412bcf73b1,Gross Disbursements,Rwanda,IDA,AFRICA EAST,FY20,227.0,149.0,0.0,70.0,446.0,2020,4,annual,446.0,0.0
2049,ida_e512ca7b44bde6c2a9ef,Gross Disbursements,Uzbekistan,IDA,EUROPE AND CENTRAL ASIA,FY20,0.0,169.0,0.0,0.0,169.0,2020,4,annual,169.0,0.0
2050,ida_471a09fad20d51067e81,Gross Disbursements,Tanzania,IDA,AFRICA EAST,FY20,0.0,550.0,0.0,201.0,751.0,2020,4,annual,751.0,0.0
2051,ida_2d64ae6a0307e04b97eb,Gross Disbursements,Afghanistan,IDA,SOUTH ASIA,FY20,260.0,282.0,0.0,0.0,542.0,2020,4,annual,542.0,0.0
2052,ida_dca6778f9680629fb090,Gross Disbursements,Burkina Faso,IDA,AFRICA WEST,FY20,249.0,180.0,0.0,9.0,438.0,2020,4,annual,438.0,0.0
2053,ida_9fb806c9a995d0344b4e,Gross Disbursements,Ghana,IDA,AFRICA WEST,FY20,0.0,289.0,0.0,43.0,332.0,2020,4,annual,332.0,0.0
2054,ida_b107d4afa27e0764d170,Gross Disbursements,Madagascar,IDA,AFRICA EAST,FY20,213.0,142.0,0.0,0.0,355.0,2020,4,annual,355.0,0.0
2055,ida_ab691af3a8caf63cacad,Gross Disbursements,Senegal,IDA,AFRICA WEST,FY20,282.0,251.0,0.0,1.0,534.0,2020,4,annual,534.0,0.0
2056,ida_fb607ac686adea4a9175,Gross Disbursements,"Yemen, Republic of",IDA,MIDDLE EAST AND NORTH AFRICA,FY20,0.0,57.0,0.0,0.0,57.0,2020,4,annual,57.0,0.0
2057,ida_b8d2bf80f997b7f5a387,Gross Disbursements,Sri Lanka,IDA,SOUTH ASIA,FY20,0.0,179.0,0.0,9.0,188.0,2020,4,annual,188.0,0.0
2058,ida_5a8075b5c6c8929de5f8,Gross Disbursements,Benin,IDA,AFRICA WEST,FY20,125.0,145.0,0.0,6.0,276.0,2020,4,annual,276.0,0.0
2059,ida_588621eeccceac36c326,Gross Disbursements,Guinea,IDA,AFRICA WEST,FY20,92.0,79.0,0.0,0.0,171.0,2020,4,annual,171.0,0.0
2060,ida_893b60c276672449dbb6,Gross Disbursements,Sierra Leone,IDA,AFRICA WEST,FY20,0.0,98.0,0.0,0.0,98.0,2020,4,annual,98.0,0.0
2061,ida_48d6a8e38dcf1bf6359c,Gross Disbursements,Myanmar,IDA,EAST ASIA AND PACIFIC,FY20,0.0,196.0,0.0,0.0,196.0,2020,4,annual,196.0,0.0
2062,ida_5fe63213adf7e78761a5,Gross Disbursements,Mali,IDA,AFRICA WEST,FY20,250.0,171.0,0.0,0.0,421.0,2020,4,annual,421.0,0.0
2063,ida_202209a8ac1289b7a45d,Gross Disbursements,Malawi,IDA,AFRICA EAST,FY20,30.0,98.0,0.0,0.0,128.0,2020,4,annual,128.0,0.0
2064,ida_113e71b71ef9a1ce2de6,Gross Disbursements,Cameroon,IDA,AFRICA WEST,FY20,200.0,114.0,0.0,0.0,314.0,2020,4,annual,314.0,0.0
2065,ida_92b8303e2a1c3fa89157,Gross Disbursements,Central African Republic,IDA,AFRICA WEST,FY20,0.0,75.0,0.0,0.0,75.0,2020,4,annual,75.0,0.0
2066,ida_3d00448961e82b69b7c7,Gross Disbursements,Mauritania,IDA,AFRICA WEST,FY20,50.0,56.0,0.0,0.0,106.0,2020,4,annual,106.0,0.0
2067,ida_b59db978091225da5092,Gross Disbursements,Zambia,IDA,AFRICA EAST,FY20,0.0,126.0,0.0,0.0,126.0,2020,4,annual,126.0,0.0
2068,ida_e59625125b317bb6d9a2,Gross Disbursements,Togo,IDA,AFRICA WEST,FY20,151.0,67.0,0.0,0.0,218.0,2020,4,annual,218.0,0.0
2069,ida_5baea6d4ff87e5467b8f,Gross Disbursements,Somalia,IDA,AFRICA EAST,FY20,459.0,61.0,0.0,0.0,520.0,2020,4,annual,520.0,0.0
2070,ida_8813d11a84a50277a7a0,Gross Disbursements,Western Africa,IDA,AFRICA WEST,FY20,0.0,29.0,0.0,0.0,29.0,2020,4,annual,29.0,0.0
2071,ida_403fd527ab08257af753,Gross Disbursements,Tajikistan,IDA,EUROPE AND CENTRAL ASIA,FY20,0.0,76.0,0.0,0.0,76.0,2020,4,annual,76.0,0.0
2072,ida_2da5b9d438469b6e4c17,Gross Disbursements,Fiji,IDA,EAST ASIA AND PACIFIC,FY20,58.0,0.0,0.0,0.0,58.0,2020,4,annual,58.0,0.0
2073,ida_b6f4b9a2e5df84a51d36,Gross Disbursements,Haiti,IDA,LATIN AMERICA AND CARIBBEAN,FY20,0.0,115.0,0.0,0.0,115.0,2020,4,annual,115.0,0.0
2074,ida_cdb6471848b919d16bbd,Gross Disbursements,Nicaragua,IDA,LATIN AMERICA AND CARIBBEAN,FY20,0.0,79.0,0.0,0.0,79.0,2020,4,annual,79.0,0.0
2075,ida_80beb55a221653299b81,Gross Disbursements,"Gambia, The",IDA,AFRICA WEST,FY20,0.0,30.0,0.0,0.0,30.0,2020,4,annual,30.0,0.0
2076,ida_59fe223a90d3bce5ba36,Gross Disbursements,Liberia,IDA,AFRICA WEST,FY20,40.0,95.0,0.0,0.0,135.0,2020,4,annual,135.0,0.0
2077,ida_f4194c68ce6a3c08e8cb,Gross Disbursements,Moldova,IDA,EUROPE AND CENTRAL ASIA,FY20,0.0,23.0,0.0,1.0,24.0,2020,4,annual,24.0,0.0
2078,ida_9de9bb3b7d6de86a4c97,Gross Disbursements,Kosovo,IDA,EUROPE AND CENTRAL ASIA,FY20,0.0,12.0,0.0,0.0,12.0,2020,4,annual,12.0,0.0
2079,ida_f95c01b68104468b274c,Gross Disbursements,Chad,IDA,AFRICA WEST,FY20,100.0,81.0,0.0,0.0,181.0,2020,4,annual,181.0,0.0
2080,ida_5d92d3fd7167467a45ca,Gross Disbursements,Burundi,IDA,AFRICA EAST,FY20,0.0,110.0,0.0,0.0,110.0,2020,4,annual,110.0,0.0
2081,ida_9c2d8204116b7d4b0fb8,Gross Disbursements,"Congo, Republic of",IDA,AFRICA WEST,FY20,0.0,36.0,0.0,0.0,36.0,2020,4,annual,36.0,0.0
2082,ida_da27718e518832f5a71a,Gross Disbursements,Mongolia,IDA,EAST ASIA AND PACIFIC,FY20,80.0,36.0,0.0,0.0,116.0,2020,4,annual,116.0,0.0
2083,ida_c78e83262c8f1714c1ab,Gross Disbursements,Cambodia,IDA,EAST ASIA AND PACIFIC,FY20,0.0,78.0,0.0,0.0,78.0,2020,4,annual,78.0,0.0
2084,ida_a71a635312a4fcf6ca0c,Gross Disbursements,Cabo Verde,IDA,AFRICA WEST,FY20,45.0,23.0,0.0,0.0,68.0,2020,4,annual,68.0,0.0
2085,ida_441b04e7e5f37159ac81,Gross Disbursements,Lao People's Democratic Republic,IDA,EAST ASIA AND PACIFIC,FY20,0.0,63.0,0.0,0.0,63.0,2020,4,annual,63.0,0.0
2086,ida_756778eb9adfe91e1831,Gross Disbursements,St. Vincent and the Grenadines,IDA,LATIN AMERICA AND CARIBBEAN,FY20,30.0,27.0,0.0,0.0,57.0,2020,4,annual,57.0,0.0
2087,ida_f0899e2d0ab95b1554ec,Gross Disbursements,Bolivia,IDA,LATIN AMERICA AND CARIBBEAN,FY20,0.0,15.0,0.0,0.0,15.0,2020,4,annual,15.0,0.0
2088,ida_2ab18fa9bc15bdbfe071,Gross Disbursements,Tonga,IDA,EAST ASIA AND PACIFIC,FY20,6.0,10.0,0.0,0.0,16.0,2020,4,annual,16.0,0.0
2089,ida_72e1a2883e8c9cad2467,Gross Disbursements,Eastern Africa,IDA,AFRICA EAST,FY20,0.0,21.0,0.0,0.0,21.0,2020,4,annual,21.0,0.0
2090,ida_1d80007f9328c4b6e36b,Gross Disbursements,Kyrgyz Republic,IDA,EUROPE AND CENTRAL ASIA,FY20,0.0,46.0,0.0,0.0,46.0,2020,4,annual,46.0,0.0
2091,ida_b5e684b2a99af567116a,Gross Disbursements,Dominica,IDA,LATIN AMERICA AND CARIBBEAN,FY20,0.0,16.0,0.0,0.0,16.0,2020,4,annual,16.0,0.0
2092,ida_850c3daa60383496973b,Gross Disbursements,Djibouti,IDA,MIDDLE EAST AND NORTH AFRICA,FY20,0.0,27.0,0.0,0.0,27.0,2020,4,annual,27.0,0.0
2093,ida_71ba8af5622b4ab7431a,Gross Disbursements,St. Lucia,IDA,LATIN AMERICA AND CARIBBEAN,FY20,0.0,12.0,0.0,0.0,12.0,2020,4,annual,12.0,0.0
2094,ida_5be04aa0336b6f5b4735,Gross Disbursements,Maldives,IDA,SOUTH ASIA,FY20,30.0,10.0,0.0,0.0,40.0,2020,4,annual,40.0,0.0
2095,ida_15c224a0ca9fd425408b,Gross Disbursements,Comoros,IDA,AFRICA EAST,FY20,0.0,17.0,0.0,0.0,17.0,2020,4,annual,17.0,0.0
2096,ida_eccf9163e0cc07f5b087,Gross Disbursements,Honduras,IDA,LATIN AMERICA AND CARIBBEAN,FY20,119.0,19.0,0.0,0.0,138.0,2020,4,annual,138.0,0.0
2097,ida_e92c4f696349a3326fbb,Gross Disbursements,Bhutan,IDA,SOUTH ASIA,FY20,55.0,2.0,0.0,0.0,57.0,2020,4,annual,57.0,0.0
2098,ida_c1f19aeede922c623c4b,Gross Disbursements,Guinea-Bissau,IDA,AFRICA WEST,FY20,0.0,37.0,0.0,0.0,37.0,2020,4,annual,37.0,0.0
2099,ida_d7c1239947ba340d943e,Gross Disbursements,Lesotho,IDA,AFRICA EAST,FY20,0.0,46.0,0.0,0.0,46.0,2020,4,annual,46.0,0.0
2100,ida_8d352d8a68d5d686c44c,Gross Disbursements,Grenada,IDA,LATIN AMERICA AND CARIBBEAN,FY20,20.0,4.0,0.0,0.0,24.0,2020,4,annual,24.0,0.0
2101,ida_db18912d22604bfc2a15,Gross Disbursements,Jordan,IDA,MIDDLE EAST AND NORTH AFRICA,FY20,0.0,0.0,0.0,10.0,10.0,2020,4,annual,10.0,0.0
2102,ida_0f0c9ab83c803cca2a51,Gross Disbursements,Sao Tome and Principe,IDA,AFRICA EAST,FY20,5.0,12.0,0.0,0.0,17.0,2020,4,annual,17.0,0.0
2103,ida_9d94482efdc29a15f3a1,Gross Disbursements,South Sudan,IDA,AFRICA EAST,FY20,0.0,78.0,0.0,0.0,78.0,2020,4,annual,78.0,0.0
2104,ida_0075b9a7029105d18735,Gross Disbursements,Samoa,IDA,EAST ASIA AND PACIFIC,FY20,9.0,21.0,0.0,0.0,30.0,2020,4,annual,30.0,0.0
2105,ida_221381520167ec89a466,Gross Disbursements,Solomon Islands,IDA,EAST ASIA AND PACIFIC,FY20,15.0,11.0,0.0,0.0,26.0,2020,4,annual,26.0,0.0
2106,ida_c555cc4a09d145b47013,Gross Disbursements,Papua New Guinea,IDA,EAST ASIA AND PACIFIC,FY20,0.0,34.0,0.0,0.0,34.0,2020,4,annual,34.0,0.0
2107,ida_71bfcb3bd282d1b8c6ae,Gross Disbursements,Vanuatu,IDA,EAST ASIA AND PACIFIC,FY20,10.0,16.0,0.0,0.0,26.0,2020,4,annual,26.0,0.0
2108,ida_6f1a3dc4d45a71004baf,Gross Disbursements,Georgia,IDA,EUROPE AND CENTRAL ASIA,FY20,0.0,2.0,0.0,0.0,2.0,2020,4,annual,2.0,0.0
2109,ida_7120ef8baae0f991a116,Gross Disbursements,Marshall Islands,IDA,EAST ASIA AND PACIFIC,FY20,0.0,9.0,0.0,0.0,9.0,2020,4,annual,9.0,0.0
2110,ida_d2670a8d43edc0db38e9,Gross Disbursements,"Micronesia, Federated States of",IDA,EAST ASIA AND PACIFIC,FY20,0.0,16.0,0.0,0.0,16.0,2020,4,annual,16.0,0.0
2111,ida_52146ee22a20ef45c89e,Gross Disbursements,Armenia,IDA,EUROPE AND CENTRAL ASIA,FY20,0.0,7.0,0.0,0.0,7.0,2020,4,annual,7.0,0.0
2112,ida_a532be5104a9c772cdd2,Gross Disbursements,Lebanon,IDA,MIDDLE EAST AND NORTH AFRICA,FY20,0.0,0.0,0.0,57.0,57.0,2020,4,annual,57.0,0.0
2113,ida_5e6859844c72fa94c488,Gross Disbursements,Guyana,IDA,LATIN AMERICA AND CARIBBEAN,FY20,0.0,8.0,0.0,0.0,8.0,2020,4,annual,8.0,0.0
2114,ida_521a04d09848ee5c42a8,Gross Disbursements,Zimbabwe,IDA,AFRICA EAST,FY20,0.0,45.0,0.0,0.0,45.0,2020,4,annual,45.0,0.0
2115,ida_44020ac69ebad34b97af,Gross Disbursements,Tuvalu,IDA,EAST ASIA AND PACIFIC,FY20,14.0,3.0,0.0,0.0,17.0,2020,4,annual,17.0,0.0
2116,ida_75f38432e6c1a52ce38c,Gross Disbursements,IFC,IDA,OTHER,FY20,0.0,0.0,5.0,0.0,5.0,2020,4,annual,5.0,0.0
2117,ida_7127f013f62a00f626ff,Gross Disbursements,Bosnia and Herzegovina,IDA,EUROPE AND CENTRAL ASIA,FY20,0.0,26.0,0.0,0.0,26.0,2020,4,annual,26.0,0.0
2118,ida_9f1adfe91fd545fb6b0b,Gross Disbursements,Central Asia,IDA,EUROPE AND CENTRAL ASIA,FY20,0.0,3.0,0.0,0.0,3.0,2020,4,annual,3.0,0.0
2119,ida_258d7001ff5a0a32229d,Gross Disbursements,South Asia,IDA,SOUTH ASIA,FY20,0.0,0.0,0.0,0.0,0.0,2020,4,annual,0.0,0.0
2120,ida_0efa86f598d453679d20,Gross Disbursements,Angola,IDA,AFRICA EAST,FY20,0.0,10.0,0.0,0.0,10.0,2020,4,annual,10.0,0.0
2121,ida_585fdafafa8479f84586,Gross Disbursements,Timor-Leste,IDA,EAST ASIA AND PACIFIC,FY20,0.0,3.0,0.0,0.0,3.0,2020,4,annual,3.0,0.0
2122,ida_83de278f3425232e8ae6,Gross Disbursements,Central Africa,IDA,AFRICA WEST,FY20,0.0,5.0,0.0,0.0,5.0,2020,4,annual,5.0,0.0
2123,ida_986813dfb911e7831fa1,Gross Disbursements,Pacific Islands,IDA,EAST ASIA AND PACIFIC,FY20,0.0,3.0,0.0,0.0,3.0,2020,4,annual,3.0,0.0
2124,ida_af6754bcfd9c2fb17792,Gross Disbursements,Caribbean,IDA,LATIN AMERICA AND CARIBBEAN,FY20,0.0,2.0,0.0,0.0,2.0,2020,4,annual,2.0,0.0
2125,ida_3cedf6af579efa511e4e,Gross Disbursements,Kiribati,IDA,EAST ASIA AND PACIFIC,FY20,0.0,1.0,0.0,0.0,1.0,2020,4,annual,1.0,0.0
2126,ida_0a85aadc8b64e8c1119f,Gross Disbursements,Albania,IDA,EUROPE AND CENTRAL ASIA,FY20,0.0,0.0,0.0,0.0,0.0,2020,4,annual,0.0,0.0
2127,ida_519537506eaa1c368218,Gross Disbursements,Botswana,IDA,AFRICA EAST,FY20,0.0,0.0,0.0,0.0,0.0,2020,4,annual,0.0,0.0
2128,ida_04fa9046d0f9169134da,Gross Disbursements,Eritrea,IDA,AFRICA EAST,FY20,0.0,0.0,0.0,0.0,0.0,2020,4,annual,0.0,0.0
2129,ida_cccc78ae684a6e3761b5,Gross Disbursements,Eswatini,IDA,AFRICA EAST,FY20,0.0,0.0,0.0,0.0,0.0,2020,4,annual,0.0,0.0
2130,ida_6a668bdd40c599e35d95,Gross Disbursements,Mauritius,IDA,AFRICA EAST,FY20,0.0,0.0,0.0,0.0,0.0,2020,4,annual,0.0,0.0
2131,ida_e32fdb341e093a67ffd9,Gross Disbursements,Equatorial Guinea,IDA,AFRICA WEST,FY20,0.0,0.0,0.0,0.0,0.0,2020,4,annual,0.0,0.0
2132,ida_453963f46a66d78111f0,Gross Disbursements,China,IDA,EAST ASIA AND PACIFIC,FY20,0.0,0.0,0.0,0.0,0.0,2020,4,annual,0.0,0.0
2133,ida_2f1ba866464994c17139,Gross Disbursements,Indonesia,IDA,EAST ASIA AND PACIFIC,FY20,0.0,0.0,0.0,0.0,0.0,2020,4,annual,0.0,0.0
2134,ida_f1eeaa31957a9b7d6d88,Gross Disbursements,Mekong,IDA,EAST ASIA AND PACIFIC,FY20,0.0,0.0,0.0,0.0,0.0,2020,4,annual,0.0,0.0
2135,ida_57a3e96d66fb2db17201,Gross Disbursements,Philippines,IDA,EAST ASIA AND PACIFIC,FY20,0.0,0.0,0.0,0.0,0.0,2020,4,annual,0.0,0.0
2136,ida_a1f11726585119aa9410,Gross Disbursements,Azerbaijan,IDA,EUROPE AND CENTRAL ASIA,FY20,0.0,0.0,0.0,0.0,0.0,2020,4,annual,0.0,0.0
2137,ida_bee223769cfea1de8245,Gross Disbursements,Montenegro,IDA,EUROPE AND CENTRAL ASIA,FY20,0.0,0.0,0.0,0.0,0.0,2020,4,annual,0.0,0.0
2138,ida_1cc5d0cbb176d3b24704,Gross Disbursements,North Macedonia,IDA,EUROPE AND CENTRAL ASIA,FY20,0.0,0.0,0.0,0.0,0.0,2020,4,annual,0.0,0.0
2139,ida_a17c4d681fc6df8774eb,Gross Disbursements,Serbia,IDA,EUROPE AND CENTRAL ASIA,FY20,0.0,0.0,0.0,0.0,0.0,2020,4,annual,0.0,0.0
2140,ida_7c6bdc2b3505ca41780c,Gross Disbursements,Turkiye,IDA,EUROPE AND CENTRAL ASIA,FY20,0.0,0.0,0.0,0.0,0.0,2020,4,annual,0.0,0.0
2141,ida_c8093d5bb3a58e6a0672,Gross Disbursements,Dominican Republic,IDA,LATIN AMERICA AND CARIBBEAN,FY20,0.0,0.0,0.0,0.0,0.0,2020,4,annual,0.0,0.0
2142,ida_1abfeac31a9409dddd0c,Gross Disbursements,Ecuador,IDA,LATIN AMERICA AND CARIBBEAN,FY20,0.0,0.0,0.0,0.0,0.0,2020,4,annual,0.0,0.0
2143,ida_ce17fffdd43f37809d73,Gross Disbursements,El Salvador,IDA,LATIN AMERICA AND CARIBBEAN,FY20,0.0,0.0,0.0,0.0,0.0,2020,4,annual,0.0,0.0
2144,ida_0592a4b27931483973b9,Gross Disbursements,Paraguay,IDA,LATIN AMERICA AND CARIBBEAN,FY20,0.0,0.0,0.0,0.0,0.0,2020,4,annual,0.0,0.0
2145,ida_5f0547d00a2e517bd746,Gross Disbursements,St. Kitts and Nevis,IDA,LATIN AMERICA AND CARIBBEAN,FY20,0.0,0.0,0.0,0.0,0.0,2020,4,annual,0.0,0.0
2146,ida_8d4249e25803171b6bcc,Gross Disbursements,"Egypt, Arab Republic of",IDA,MIDDLE EAST AND NORTH AFRICA,FY20,0.0,0.0,0.0,0.0,0.0,2020,4,annual,0.0,0.0
2147,ida_c52feaa90a314d55ecdc,Gross Disbursements,Iraq,IDA,MIDDLE EAST AND NORTH AFRICA,FY20,0.0,0.0,0.0,0.0,0.0,2020,4,annual,0.0,0.0
2148,ida_790ebf60a16c6a31cffa,Gross Disbursements,Morocco,IDA,MIDDLE EAST AND NORTH AFRICA,FY20,0.0,0.0,0.0,0.0,0.0,2020,4,annual,0.0,0.0
2149,ida_7bc3fb024c91d818f9f6,Gross Disbursements,Syrian Arab Republic,IDA,MIDDLE EAST AND NORTH AFRICA,FY20,0.0,0.0,0.0,0.0,0.0,2020,4,annual,0.0,0.0
2150,ida_d36cc3f2edd79d8764ad,Gross Disbursements,Tunisia,IDA,MIDDLE EAST AND NORTH AFRICA,FY20,0.0,0.0,0.0,0.0,0.0,2020,4,annual,0.0,0.0
2151,ida_2da9d45d2b9bdb4ca4b3,Commitments,Nigeria,IDA,AFRICA WEST,FY20,0.0,1826.0,0.0,750.0,2576.0,2020,4,annual,2576.0,0.0
2152,ida_c38248b94c9d44ee4c2a,Commitments,Pakistan,IDA,SOUTH ASIA,FY20,750.0,721.0,0.0,0.0,1471.0,2020,4,annual,1471.0,0.0
2153,ida_ef3055ec350d02b92c92,Commitments,Ethiopia,IDA,AFRICA EAST,FY20,750.0,296.0,0.0,0.0,1046.0,2020,4,annual,1046.0,0.0
2154,ida_c58f362412a726ea50b6,Commitments,Bangladesh,IDA,SOUTH ASIA,FY20,250.0,2015.0,0.0,0.0,2265.0,2020,4,annual,2265.0,0.0
2155,ida_ffc0030833c63b7b22d9,Commitments,Sudan,IDA,AFRICA EAST,FY20,0.0,0.0,0.0,0.0,0.0,2020,4,annual,0.0,0.0
2156,ida_2befee4fea10329de21b,Commitments,Kenya,IDA,AFRICA EAST,FY20,750.0,193.0,0.0,0.0,943.0,2020,4,annual,943.0,0.0
2157,ida_194f957e6711c5b64632,Commitments,"Congo, Democratic Republic of",IDA,AFRICA EAST,FY20,0.0,1642.0,0.0,0.0,1642.0,2020,4,annual,1642.0,0.0
2158,ida_678a864f954fdde8d612,Commitments,Mozambique,IDA,AFRICA EAST,FY20,0.0,569.0,0.0,0.0,569.0,2020,4,annual,569.0,0.0
2159,ida_3ad76f4c6d16b77078e0,Commitments,Tanzania,IDA,AFRICA EAST,FY20,0.0,950.0,0.0,0.0,950.0,2020,4,annual,950.0,0.0
2160,ida_ea08b3cefb88476929a2,Commitments,Niger,IDA,AFRICA WEST,FY20,350.0,460.0,0.0,0.0,810.0,2020,4,annual,810.0,0.0
2161,ida_0e3c1a7c201f4b90bf8e,Commitments,Madagascar,IDA,AFRICA EAST,FY20,150.0,160.0,0.0,0.0,310.0,2020,4,annual,310.0,0.0
2162,ida_bcbe8fb38cf5a240b14f,Commitments,Burkina Faso,IDA,AFRICA WEST,FY20,148.0,306.0,0.0,0.0,454.0,2020,4,annual,454.0,0.0
2163,ida_73128425a3a3f3543952,Commitments,Cote d'Ivoire,IDA,AFRICA WEST,FY20,200.0,464.0,0.0,0.0,664.0,2020,4,annual,664.0,0.0
2164,ida_eb41e8d57f87ff68cd6e,Commitments,Uzbekistan,IDA,EUROPE AND CENTRAL ASIA,FY20,0.0,803.0,0.0,0.0,803.0,2020,4,annual,803.0,0.0
2165,ida_3c0dc620828b60a0391e,Commitments,Uganda,IDA,AFRICA EAST,FY20,300.0,465.0,0.0,0.0,765.0,2020,4,annual,765.0,0.0
2166,ida_f070beb78b07850f9b06,Commitments,Ghana,IDA,AFRICA WEST,FY20,0.0,850.0,0.0,0.0,850.0,2020,4,annual,850.0,0.0
2167,ida_7576e9bb3bc6e0b5ca98,Commitments,Afghanistan,IDA,SOUTH ASIA,FY20,160.0,178.0,0.0,0.0,338.0,2020,4,annual,338.0,0.0
2168,ida_cb20c77b9ca51f110603,Commitments,Senegal,IDA,AFRICA WEST,FY20,280.0,285.0,0.0,150.0,715.0,2020,4,annual,715.0,0.0
2169,ida_b4664a18490b0219712c,Commitments,Nepal,IDA,SOUTH ASIA,FY20,150.0,799.0,0.0,0.0,949.0,2020,4,annual,949.0,0.0
2170,ida_23d0a3e2d2a303011f6e,Commitments,Rwanda,IDA,AFRICA EAST,FY20,225.0,214.0,0.0,150.0,589.0,2020,4,annual,589.0,0.0
2171,ida_d263bcd846bb6008d4a5,Commitments,"Yemen, Republic of",IDA,MIDDLE EAST AND NORTH AFRICA,FY20,0.0,52.0,0.0,0.0,52.0,2020,4,annual,52.0,0.0
2172,ida_9f99651e1d03aa2dbac4,Commitments,India,IDA,SOUTH ASIA,FY20,550.0,0.0,0.0,0.0,550.0,2020,4,annual,550.0,0.0
2173,ida_7b939e33837d480500a1,Commitments,Cameroon,IDA,AFRICA WEST,FY20,200.0,430.0,0.0,0.0,630.0,2020,4,annual,630.0,0.0
2174,ida_478718efb844e5f3d149,Commitments,Benin,IDA,AFRICA WEST,FY20,150.0,321.0,0.0,0.0,471.0,2020,4,annual,471.0,0.0
2175,ida_14228a589dc36954a010,Commitments,Mali,IDA,AFRICA WEST,FY20,250.0,106.0,0.0,0.0,356.0,2020,4,annual,356.0,0.0
2176,ida_69da0d77445aa7d7865d,Commitments,Somalia,IDA,AFRICA EAST,FY20,475.0,427.0,0.0,0.0,902.0,2020,4,annual,902.0,0.0
2177,ida_8a7ca438e8f371e9f4bd,Commitments,Malawi,IDA,AFRICA EAST,FY20,0.0,511.0,0.0,0.0,511.0,2020,4,annual,511.0,0.0
2178,ida_c1909c1d5e17f2f9609d,Commitments,Honduras,IDA,LATIN AMERICA AND CARIBBEAN,FY20,119.0,165.0,0.0,0.0,284.0,2020,4,annual,284.0,0.0
2179,ida_000ba0eaf12d172dbe7a,Commitments,Guinea,IDA,AFRICA WEST,FY20,90.0,191.0,0.0,0.0,281.0,2020,4,annual,281.0,0.0
2180,ida_41d8b3e9e6fa67c066b3,Commitments,IFC,IDA,OTHER,FY20,0.0,0.0,598.0,0.0,598.0,2020,4,annual,598.0,0.0
2181,ida_dde096ac35052db4686c,Commitments,Cambodia,IDA,EAST ASIA AND PACIFIC,FY20,0.0,128.0,0.0,0.0,128.0,2020,4,annual,128.0,0.0
2182,ida_af8984f7be41ed9a8af2,Commitments,Mauritania,IDA,AFRICA WEST,FY20,50.0,243.0,0.0,0.0,293.0,2020,4,annual,293.0,0.0
2183,ida_463deffc0418be3015e5,Commitments,Tajikistan,IDA,EUROPE AND CENTRAL ASIA,FY20,0.0,173.0,0.0,134.0,307.0,2020,4,annual,307.0,0.0
2184,ida_b42cf6060cd42e189a8d,Commitments,Central African Republic,IDA,AFRICA WEST,FY20,25.0,22.0,0.0,0.0,47.0,2020,4,annual,47.0,0.0
2185,ida_b18e2085f09c2d9862b7,Commitments,Sierra Leone,IDA,AFRICA WEST,FY20,100.0,118.0,0.0,0.0,218.0,2020,4,annual,218.0,0.0
2186,ida_3a3fba219e5c407df251,Commitments,South Sudan,IDA,AFRICA EAST,FY20,0.0,40.0,0.0,0.0,40.0,2020,4,annual,40.0,0.0
2187,ida_2f0c0e19d5f73ff94d71,Commitments,Vietnam,IDA,EAST ASIA AND PACIFIC,FY20,84.0,422.0,0.0,0.0,506.0,2020,4,annual,506.0,0.0
2188,ida_a4ccb6c54b7191395f5d,Commitments,Togo,IDA,AFRICA WEST,FY20,150.0,128.0,0.0,0.0,278.0,2020,4,annual,278.0,0.0
2189,ida_4b3e4ef12df4cbfb3385,Commitments,Liberia,IDA,AFRICA WEST,FY20,40.0,158.0,0.0,0.0,198.0,2020,4,annual,198.0,0.0
2190,ida_9817fef706d72e5e75a0,Commitments,Chad,IDA,AFRICA WEST,FY20,100.0,277.0,0.0,0.0,377.0,2020,4,annual,377.0,0.0
2191,ida_e2d3c81f2e13a6b77b1e,Commitments,Fiji,IDA,EAST ASIA AND PACIFIC,FY20,58.0,6.0,0.0,0.0,64.0,2020,4,annual,64.0,0.0
2192,ida_a7404c71f2716398a920,Commitments,Haiti,IDA,LATIN AMERICA AND CARIBBEAN,FY20,20.0,193.0,0.0,0.0,213.0,2020,4,annual,213.0,0.0
2193,ida_8f8e74694cc82edabd9d,Commitments,Zambia,IDA,AFRICA EAST,FY20,0.0,382.0,0.0,0.0,382.0,2020,4,annual,382.0,0.0
2194,ida_c85fd106dc7500c111cb,Commitments,Burundi,IDA,AFRICA EAST,FY20,0.0,195.0,0.0,0.0,195.0,2020,4,annual,195.0,0.0
2195,ida_ac64097b47819ac9aba6,Commitments,Papua New Guinea,IDA,EAST ASIA AND PACIFIC,FY20,0.0,125.0,0.0,0.0,125.0,2020,4,annual,125.0,0.0
2196,ida_2bb55ef21152d5abff55,Commitments,Kyrgyz Republic,IDA,EUROPE AND CENTRAL ASIA,FY20,0.0,212.0,0.0,0.0,212.0,2020,4,annual,212.0,0.0
2197,ida_c9bbfabb02057caed238,Commitments,Lao People's Democratic Republic,IDA,EAST ASIA AND PACIFIC,FY20,0.0,179.0,0.0,0.0,179.0,2020,4,annual,179.0,0.0
2198,ida_ecb3cd950cd4ea1c5e6a,Commitments,Western Africa,IDA,AFRICA WEST,FY20,0.0,55.0,0.0,0.0,55.0,2020,4,annual,55.0,0.0
2199,ida_ce83dae0b0c517fadcfd,Commitments,Nicaragua,IDA,LATIN AMERICA AND CARIBBEAN,FY20,0.0,0.0,0.0,0.0,0.0,2020,4,annual,0.0,0.0
2200,ida_64f7b11425fdf5a60ee1,Commitments,MIGA,IDA,OTHER,FY20,0.0,0.0,135.0,0.0,135.0,2020,4,annual,135.0,0.0
2201,ida_c71450a35489134f558c,Commitments,Cabo Verde,IDA,AFRICA WEST,FY20,0.0,20.0,0.0,0.0,20.0,2020,4,annual,20.0,0.0
2202,ida_b5d164b287c47f477856,Commitments,"Congo, Republic of",IDA,AFRICA WEST,FY20,0.0,76.0,0.0,0.0,76.0,2020,4,annual,76.0,0.0
2203,ida_d293fdc0ef6644b1a4ad,Commitments,Comoros,IDA,AFRICA EAST,FY20,0.0,133.0,0.0,0.0,133.0,2020,4,annual,133.0,0.0
2204,ida_0f439cfca2d2d1d57319,Commitments,Guyana,IDA,LATIN AMERICA AND CARIBBEAN,FY20,0.0,0.0,0.0,0.0,0.0,2020,4,annual,0.0,0.0
2205,ida_95eebd6a15ccb85bacf6,Commitments,Mongolia,IDA,EAST ASIA AND PACIFIC,FY20,80.0,128.0,0.0,0.0,208.0,2020,4,annual,208.0,0.0
2206,ida_27a15603af7edcbaced2,Commitments,St. Vincent and the Grenadines,IDA,LATIN AMERICA AND CARIBBEAN,FY20,40.0,45.0,0.0,0.0,85.0,2020,4,annual,85.0,0.0
2207,ida_8facbcc5afdf4cf00b3c,Commitments,Moldova,IDA,EUROPE AND CENTRAL ASIA,FY20,0.0,97.0,0.0,0.0,97.0,2020,4,annual,97.0,0.0
2208,ida_4ff2b78875cb7757924d,Commitments,Djibouti,IDA,MIDDLE EAST AND NORTH AFRICA,FY20,0.0,51.0,0.0,0.0,51.0,2020,4,annual,51.0,0.0
2209,ida_4122a534240cb5dfa700,Commitments,Lesotho,IDA,AFRICA EAST,FY20,0.0,69.0,0.0,0.0,69.0,2020,4,annual,69.0,0.0
2210,ida_46b63301cf845e05ae1d,Commitments,Sao Tome and Principe,IDA,AFRICA EAST,FY20,5.0,15.0,0.0,0.0,20.0,2020,4,annual,20.0,0.0
2211,ida_d0f022cd0ad8e11dc0a5,Commitments,"Micronesia, Federated States of",IDA,EAST ASIA AND PACIFIC,FY20,0.0,33.0,0.0,0.0,33.0,2020,4,annual,33.0,0.0
2212,ida_e6bd837c10160760b240,Commitments,"Gambia, The",IDA,AFRICA WEST,FY20,30.0,100.0,0.0,0.0,130.0,2020,4,annual,130.0,0.0
2213,ida_9d642cbefecad07e11f2,Commitments,Bhutan,IDA,SOUTH ASIA,FY20,55.0,5.0,0.0,0.0,60.0,2020,4,annual,60.0,0.0
2214,ida_06b0b997236c56bfe2ae,Commitments,Maldives,IDA,SOUTH ASIA,FY20,30.0,36.0,0.0,0.0,66.0,2020,4,annual,66.0,0.0
2215,ida_a177455fdae607b48b0d,Commitments,Tonga,IDA,EAST ASIA AND PACIFIC,FY20,6.0,5.0,0.0,0.0,11.0,2020,4,annual,11.0,0.0
2216,ida_c5f88c68e22b062c127c,Commitments,St. Lucia,IDA,LATIN AMERICA AND CARIBBEAN,FY20,0.0,100.0,0.0,0.0,100.0,2020,4,annual,100.0,0.0
2217,ida_9053637a8d6d4608a7ec,Commitments,Sri Lanka,IDA,SOUTH ASIA,FY20,0.0,320.0,0.0,0.0,320.0,2020,4,annual,320.0,0.0
2218,ida_d7cda83640085af04da9,Commitments,Samoa,IDA,EAST ASIA AND PACIFIC,FY20,0.0,23.0,0.0,9.0,32.0,2020,4,annual,32.0,0.0
2219,ida_f436e86099466487c9d3,Commitments,Dominica,IDA,LATIN AMERICA AND CARIBBEAN,FY20,0.0,63.0,0.0,0.0,63.0,2020,4,annual,63.0,0.0
2220,ida_b3f206e9d434f368bdac,Commitments,Grenada,IDA,LATIN AMERICA AND CARIBBEAN,FY20,40.0,51.0,0.0,0.0,91.0,2020,4,annual,91.0,0.0
2221,ida_47eb255046305cb45b87,Commitments,Guinea-Bissau,IDA,AFRICA WEST,FY20,0.0,15.0,0.0,0.0,15.0,2020,4,annual,15.0,0.0
2222,ida_f5af97526c9e58e5df12,Commitments,Kosovo,IDA,EUROPE AND CENTRAL ASIA,FY20,0.0,78.0,0.0,0.0,78.0,2020,4,annual,78.0,0.0
2223,ida_f47d23acc9f303247370,Commitments,Marshall Islands,IDA,EAST ASIA AND PACIFIC,FY20,0.0,18.0,0.0,0.0,18.0,2020,4,annual,18.0,0.0
2224,ida_226c7645b5ed91ad1783,Commitments,Kiribati,IDA,EAST ASIA AND PACIFIC,FY20,0.0,69.0,0.0,0.0,69.0,2020,4,annual,69.0,0.0
2225,ida_7e000a18a8c5b2d44198,Commitments,Solomon Islands,IDA,EAST ASIA AND PACIFIC,FY20,15.0,2.0,0.0,0.0,17.0,2020,4,annual,17.0,0.0
2226,ida_b3f42a574e6279e85305,Commitments,Eastern Africa,IDA,AFRICA EAST,FY20,0.0,443.0,0.0,0.0,443.0,2020,4,annual,443.0,0.0
2227,ida_1cc94459862d95335043,Commitments,Angola,IDA,AFRICA EAST,FY20,0.0,0.0,0.0,0.0,0.0,2020,4,annual,0.0,0.0
2228,ida_37839b3ad2a799311d1e,Commitments,Botswana,IDA,AFRICA EAST,FY20,0.0,0.0,0.0,0.0,0.0,2020,4,annual,0.0,0.0
2229,ida_c9615bd235f5c4078a68,Commitments,Eritrea,IDA,AFRICA EAST,FY20,0.0,0.0,0.0,0.0,0.0,2020,4,annual,0.0,0.0
2230,ida_f3730472d64faa601396,Commitments,Eswatini,IDA,AFRICA EAST,FY20,0.0,0.0,0.0,0.0,0.0,2020,4,annual,0.0,0.0
2231,ida_42818f104405c9fb507b,Commitments,Mauritius,IDA,AFRICA EAST,FY20,0.0,0.0,0.0,0.0,0.0,2020,4,annual,0.0,0.0
2232,ida_b26c66b3dc15883de070,Commitments,Zimbabwe,IDA,AFRICA EAST,FY20,0.0,72.0,0.0,0.0,72.0,2020,4,annual,72.0,0.0
2233,ida_475ed3439658f6f24676,Commitments,Central Africa,IDA,AFRICA WEST,FY20,0.0,0.0,0.0,0.0,0.0,2020,4,annual,0.0,0.0
2234,ida_98ceaffb22a16b453a2a,Commitments,Equatorial Guinea,IDA,AFRICA WEST,FY20,0.0,0.0,0.0,0.0,0.0,2020,4,annual,0.0,0.0
2235,ida_fdbaf354adf57dee9894,Commitments,China,IDA,EAST ASIA AND PACIFIC,FY20,0.0,0.0,0.0,0.0,0.0,2020,4,annual,0.0,0.0
2236,ida_a745634ca9c726663c35,Commitments,Indonesia,IDA,EAST ASIA AND PACIFIC,FY20,0.0,0.0,0.0,0.0,0.0,2020,4,annual,0.0,0.0
2237,ida_db7c4ed7311638c0822a,Commitments,"Korea, Republic of",IDA,EAST ASIA AND PACIFIC,FY20,0.0,0.0,0.0,0.0,0.0,2020,4,annual,0.0,0.0
2238,ida_87df0c6e533cec0de8f8,Commitments,Mekong,IDA,EAST ASIA AND PACIFIC,FY20,0.0,0.0,0.0,0.0,0.0,2020,4,annual,0.0,0.0
2239,ida_9c4d2c6f64cfc3ad3af4,Commitments,Myanmar,IDA,EAST ASIA AND PACIFIC,FY20,0.0,900.0,0.0,0.0,900.0,2020,4,annual,900.0,0.0
2240,ida_1d44c7884eec0d930bbd,Commitments,Pacific Islands,IDA,EAST ASIA AND PACIFIC,FY20,0.0,4.0,0.0,0.0,4.0,2020,4,annual,4.0,0.0
2241,ida_0011691faa3816a408ec,Commitments,Philippines,IDA,EAST ASIA AND PACIFIC,FY20,0.0,0.0,0.0,0.0,0.0,2020,4,annual,0.0,0.0
2242,ida_d3a154729cc4ecf3ada0,Commitments,"Taiwan, China",IDA,EAST ASIA AND PACIFIC,FY20,0.0,0.0,0.0,0.0,0.0,2020,4,annual,0.0,0.0
2243,ida_d56c78e8d6c71abc9332,Commitments,Thailand,IDA,EAST ASIA AND PACIFIC,FY20,0.0,0.0,0.0,0.0,0.0,2020,4,annual,0.0,0.0
2244,ida_581b908b8b0f60b47e5e,Commitments,Timor-Leste,IDA,EAST ASIA AND PACIFIC,FY20,0.0,99.0,0.0,0.0,99.0,2020,4,annual,99.0,0.0
2245,ida_28f42b2404e2f78b02d9,Commitments,Tuvalu,IDA,EAST ASIA AND PACIFIC,FY20,14.0,17.0,0.0,0.0,31.0,2020,4,annual,31.0,0.0
2246,ida_df28988494c9d0a8d3d4,Commitments,Vanuatu,IDA,EAST ASIA AND PACIFIC,FY20,10.0,66.0,0.0,0.0,76.0,2020,4,annual,76.0,0.0
2247,ida_f62838f2e60807ca5d88,Commitments,Albania,IDA,EUROPE AND CENTRAL ASIA,FY20,0.0,0.0,0.0,0.0,0.0,2020,4,annual,0.0,0.0
2248,ida_f26efecefacc278191ea,Gross Disbursements,Kosovo,IDA,EUROPE AND CENTRAL ASIA,FY16,0.0,8.0,0.0,0.0,8.0,2016,4,annual,8.0,0.0
2249,ida_60920572a0f4902a1840,Gross Disbursements,Kyrgyz Republic,IDA,EUROPE AND CENTRAL ASIA,FY16,23.0,20.0,0.0,0.0,43.0,2016,4,annual,43.0,0.0
2250,ida_fa44ba8dbdc0c82cc293,Gross Disbursements,"Macedonia, former Yugoslav Republic of",IDA,EUROPE AND CENTRAL ASIA,FY16,0.0,0.0,0.0,0.0,0.0,2016,4,annual,0.0,0.0
2251,ida_74ef602f434a889f6595,Gross Disbursements,Moldova,IDA,EUROPE AND CENTRAL ASIA,FY16,0.0,36.0,0.0,10.0,46.0,2016,4,annual,46.0,0.0
2252,ida_7ba1c95f9b20bbba3207,Gross Disbursements,Montenegro,IDA,EUROPE AND CENTRAL ASIA,FY16,0.0,0.0,0.0,0.0,0.0,2016,4,annual,0.0,0.0
2253,ida_c6ae387dd4f627d6f079,Gross Disbursements,Serbia,IDA,EUROPE AND CENTRAL ASIA,FY16,0.0,0.0,0.0,0.0,0.0,2016,4,annual,0.0,0.0
2254,ida_95d0ed7c56980132c93b,Gross Disbursements,Tajikistan,IDA,EUROPE AND CENTRAL ASIA,FY16,0.0,34.0,0.0,0.0,34.0,2016,4,annual,34.0,0.0
2255,ida_3d6ba508cf2453acea3f,Gross Disbursements,Turkiye,IDA,EUROPE AND CENTRAL ASIA,FY16,0.0,0.0,0.0,0.0,0.0,2016,4,annual,0.0,0.0
2256,ida_e65e019abbf64058cf99,Gross Disbursements,Uzbekistan,IDA,EUROPE AND CENTRAL ASIA,FY16,0.0,113.0,0.0,0.0,113.0,2016,4,annual,113.0,0.0
2257,ida_20088fae5f986870b744,Gross Disbursements,Bolivia,IDA,LATIN AMERICA AND CARIBBEAN,FY16,0.0,75.0,0.0,0.0,75.0,2016,4,annual,75.0,0.0
2258,ida_844db214c16fb0390e6f,Gross Disbursements,Caribbean,IDA,LATIN AMERICA AND CARIBBEAN,FY16,0.0,1.0,0.0,0.0,1.0,2016,4,annual,1.0,0.0
2259,ida_c9929ec92d1e6248d62a,Gross Disbursements,Dominica,IDA,LATIN AMERICA AND CARIBBEAN,FY16,0.0,1.0,0.0,0.0,1.0,2016,4,annual,1.0,0.0
2260,ida_8ded038b4f5ce1f8cc58,Gross Disbursements,Dominican Republic,IDA,LATIN AMERICA AND CARIBBEAN,FY16,0.0,0.0,0.0,0.0,0.0,2016,4,annual,0.0,0.0
2261,ida_63cf442daa23dc1d6080,Gross Disbursements,Ecuador,IDA,LATIN AMERICA AND CARIBBEAN,FY16,0.0,0.0,0.0,0.0,0.0,2016,4,annual,0.0,0.0
2262,ida_c866addc324f3252716a,Gross Disbursements,El Salvador,IDA,LATIN AMERICA AND CARIBBEAN,FY16,0.0,0.0,0.0,0.0,0.0,2016,4,annual,0.0,0.0
2263,ida_abe3851a45071093751b,Gross Disbursements,Grenada,IDA,LATIN AMERICA AND CARIBBEAN,FY16,10.0,2.0,0.0,0.0,12.0,2016,4,annual,12.0,0.0
2264,ida_4895ed12baed139c90f3,Gross Disbursements,Guyana,IDA,LATIN AMERICA AND CARIBBEAN,FY16,0.0,6.0,0.0,0.0,6.0,2016,4,annual,6.0,0.0
2265,ida_f23c6963dad869dc866e,Gross Disbursements,Haiti,IDA,LATIN AMERICA AND CARIBBEAN,FY16,0.0,55.0,0.0,0.0,55.0,2016,4,annual,55.0,0.0
2266,ida_5d3c6b00a18a58f72335,Gross Disbursements,Honduras,IDA,LATIN AMERICA AND CARIBBEAN,FY16,50.0,28.0,0.0,0.0,78.0,2016,4,annual,78.0,0.0
2267,ida_8ca5ece326c1213e8f2a,Gross Disbursements,Nicaragua,IDA,LATIN AMERICA AND CARIBBEAN,FY16,0.0,69.0,0.0,0.0,69.0,2016,4,annual,69.0,0.0
2268,ida_b569ec55a37d203299b5,Gross Disbursements,Paraguay,IDA,LATIN AMERICA AND CARIBBEAN,FY16,0.0,0.0,0.0,0.0,0.0,2016,4,annual,0.0,0.0
2269,ida_fc8924498e449de6120a,Gross Disbursements,St. Kitts and Nevis,IDA,LATIN AMERICA AND CARIBBEAN,FY16,0.0,0.0,0.0,0.0,0.0,2016,4,annual,0.0,0.0
2270,ida_067a5095e7058db0702f,Gross Disbursements,St. Lucia,IDA,LATIN AMERICA AND CARIBBEAN,FY16,0.0,4.0,0.0,0.0,4.0,2016,4,annual,4.0,0.0
2271,ida_2739a5659c7abaeaf55e,Gross Disbursements,St. Vincent and the Grenadines,IDA,LATIN AMERICA AND CARIBBEAN,FY16,0.0,2.0,0.0,0.0,2.0,2016,4,annual,2.0,0.0
2272,ida_2b35cc91307608511eb2,Gross Disbursements,Djibouti,IDA,MIDDLE EAST AND NORTH AFRICA,FY16,0.0,8.0,0.0,0.0,8.0,2016,4,annual,8.0,0.0
2273,ida_a561d2c27beec2a6167a,Gross Disbursements,"Egypt, Arab Republic of",IDA,MIDDLE EAST AND NORTH AFRICA,FY16,0.0,0.0,0.0,0.0,0.0,2016,4,annual,0.0,0.0
2274,ida_68747e6ca2fe97274b2d,Gross Disbursements,Iraq,IDA,MIDDLE EAST AND NORTH AFRICA,FY16,0.0,19.0,0.0,0.0,19.0,2016,4,annual,19.0,0.0
2275,ida_a77fbbce02b321e90e2b,Gross Disbursements,Jordan,IDA,MIDDLE EAST AND NORTH AFRICA,FY16,0.0,0.0,0.0,0.0,0.0,2016,4,annual,0.0,0.0
2276,ida_e8e882b32850b1385cbe,Gross Disbursements,Morocco,IDA,MIDDLE EAST AND NORTH AFRICA,FY16,0.0,0.0,0.0,0.0,0.0,2016,4,annual,0.0,0.0
2277,ida_a8c2d735d1199de05c18,Gross Disbursements,Syrian Arab Republic,IDA,MIDDLE EAST AND NORTH AFRICA,FY16,0.0,0.0,0.0,0.0,0.0,2016,4,annual,0.0,0.0
2278,ida_2b945dc5d39b173d3c25,Gross Disbursements,Tunisia,IDA,MIDDLE EAST AND NORTH AFRICA,FY16,0.0,0.0,0.0,0.0,0.0,2016,4,annual,0.0,0.0
2279,ida_7a0e85822c8fd9e299ac,Gross Disbursements,"Yemen, Republic of",IDA,MIDDLE EAST AND NORTH AFRICA,FY16,0.0,17.0,0.0,0.0,17.0,2016,4,annual,17.0,0.0
2280,ida_681d99cb05894ee6bb65,Gross Disbursements,Afghanistan,IDA,SOUTH ASIA,FY16,0.0,107.0,0.0,0.0,107.0,2016,4,annual,107.0,0.0
2281,ida_928f181d8f6b011e899e,Gross Disbursements,Bangladesh,IDA,SOUTH ASIA,FY16,0.0,1016.0,0.0,0.0,1016.0,2016,4,annual,1016.0,0.0
2282,ida_e124c68f1c42088b0cfa,Gross Disbursements,Bhutan,IDA,SOUTH ASIA,FY16,20.0,3.0,0.0,0.0,23.0,2016,4,annual,23.0,0.0
2283,ida_aef6c4b5a605ce1ef318,Gross Disbursements,India,IDA,SOUTH ASIA,FY16,0.0,1485.0,0.0,56.0,1541.0,2016,4,annual,1541.0,0.0
2284,ida_1998a9de902d2a026226,Gross Disbursements,Maldives,IDA,SOUTH ASIA,FY16,0.0,6.0,0.0,0.0,6.0,2016,4,annual,6.0,0.0
2285,ida_deb4a43954e97e281776,Gross Disbursements,Nepal,IDA,SOUTH ASIA,FY16,99.0,166.0,0.0,12.0,278.0,2016,4,annual,277.0,1.0
2286,ida_fae351b157741bbf44b7,Gross Disbursements,Pakistan,IDA,SOUTH ASIA,FY16,982.0,369.0,0.0,9.0,1360.0,2016,4,annual,1360.0,0.0
2287,ida_cfb726377c179d767705,Gross Disbursements,Sri Lanka,IDA,SOUTH ASIA,FY16,0.0,131.0,0.0,0.0,131.0,2016,4,annual,131.0,0.0
2288,ida_c2ce490479a51a4ae5c5,Commitments,Africa,IDA,AFRICA,FY15,0.0,50.0,0.0,0.0,50.0,2015,4,annual,50.0,0.0
2289,ida_3aa96b9c63cb16672bdd,Commitments,Angola,IDA,AFRICA,FY15,0.0,0.0,0.0,0.0,0.0,2015,4,annual,0.0,0.0
2290,ida_5651df232343d43e4608,Commitments,Benin,IDA,AFRICA,FY15,20.0,40.0,0.0,0.0,60.0,2015,4,annual,60.0,0.0
2291,ida_eff56ccd6ceb295c4913,Commitments,Burkina Faso,IDA,AFRICA,FY15,150.0,232.0,0.0,0.0,382.0,2015,4,annual,382.0,0.0
2292,ida_07c552c5ad06c96effdc,Commitments,Burundi,IDA,AFRICA,FY15,25.0,47.0,0.0,0.0,72.0,2015,4,annual,72.0,0.0
2293,ida_69f4b628c49d3a22dd97,Commitments,Cabo Verde,IDA,AFRICA,FY15,10.0,0.0,0.0,0.0,10.0,2015,4,annual,10.0,0.0
2294,ida_746693dacaa8bf78abba,Commitments,Cameroon,IDA,AFRICA,FY15,0.0,100.0,0.0,0.0,100.0,2015,4,annual,100.0,0.0
2295,ida_6226a4888b32490c55c4,Commitments,Central African Republic,IDA,AFRICA,FY15,0.0,22.0,0.0,0.0,22.0,2015,4,annual,22.0,0.0
2296,ida_1e112d4bba80bb0fb4c4,Commitments,Chad,IDA,AFRICA,FY15,0.0,90.0,0.0,0.0,90.0,2015,4,annual,90.0,0.0
2297,ida_967ed580439872fec0a2,Commitments,Comoros,IDA,AFRICA,FY15,3.0,16.0,0.0,0.0,19.0,2015,4,annual,19.0,0.0
2298,ida_d1df96cd5fb514f346f1,Commitments,"Congo, Democratic Republic of",IDA,AFRICA,FY15,0.0,579.0,0.0,0.0,579.0,2015,4,annual,579.0,0.0
2299,ida_8a48c7a6ea45dbbdba28,Commitments,"Congo, Republic of",IDA,AFRICA,FY15,0.0,15.0,0.0,0.0,15.0,2015,4,annual,15.0,0.0
2300,ida_7b56588c1735b381f25c,Commitments,Cote d'Ivoire,IDA,AFRICA,FY15,120.0,200.0,0.0,0.0,320.0,2015,4,annual,320.0,0.0
2301,ida_863702332476b6c0aa8a,Commitments,Ethiopia,IDA,AFRICA,FY15,0.0,1395.0,0.0,0.0,1395.0,2015,4,annual,1395.0,0.0
2302,ida_ffb76e440f4aeea4f334,Commitments,"Gambia, The",IDA,AFRICA,FY15,0.0,52.0,0.0,0.0,52.0,2015,4,annual,52.0,0.0
2303,ida_18b37d2f90988eac5fcc,Commitments,Guinea,IDA,AFRICA,FY15,50.0,187.0,0.0,0.0,237.0,2015,4,annual,237.0,0.0
2304,ida_90e09479a4462472a0c0,Commitments,Guinea-Bissau,IDA,AFRICA,FY15,0.0,83.0,0.0,0.0,83.0,2015,4,annual,83.0,0.0
2305,ida_904613841f1c96b3e3c4,Commitments,Lesotho,IDA,AFRICA,FY15,0.0,0.0,0.0,0.0,0.0,2015,4,annual,0.0,0.0
2306,ida_ac58915f3a004f88a9e8,Commitments,Liberia,IDA,AFRICA,FY15,30.0,227.0,0.0,0.0,257.0,2015,4,annual,257.0,0.0
2307,ida_43ffe8b3cd5fd5b48504,Commitments,Madagascar,IDA,AFRICA,FY15,45.0,50.0,0.0,0.0,95.0,2015,4,annual,95.0,0.0
2308,ida_ea3ba4cb71a3b559435f,Commitments,Malawi,IDA,AFRICA,FY15,0.0,224.0,0.0,0.0,224.0,2015,4,annual,224.0,0.0
2309,ida_eecdba68404a81bfde2e,Commitments,Mali,IDA,AFRICA,FY15,63.0,155.0,0.0,0.0,218.0,2015,4,annual,218.0,0.0
2310,ida_2646e8bd87ade58b4f54,Commitments,Mauritania,IDA,AFRICA,FY15,0.0,87.0,0.0,0.0,87.0,2015,4,annual,87.0,0.0
2311,ida_d0a89c030347783d7c65,Commitments,Mozambique,IDA,AFRICA,FY15,235.0,189.0,0.0,0.0,424.0,2015,4,annual,424.0,0.0
2312,ida_2d12f2bf7fdfef1c9eec,Commitments,Niger,IDA,AFRICA,FY15,0.0,252.0,0.0,0.0,252.0,2015,4,annual,252.0,0.0
2313,ida_6dee5ebd1ef4921fc54b,Commitments,Nigeria,IDA,AFRICA,FY15,275.0,200.0,0.0,500.0,975.0,2015,4,annual,975.0,0.0
2314,ida_cb6c061d4ccf3186e22a,Commitments,Rwanda,IDA,AFRICA,FY15,70.0,0.0,0.0,200.0,270.0,2015,4,annual,270.0,0.0
2315,ida_6dbb053993ffa014ded2,Commitments,Sao Tome and Principe,IDA,AFRICA,FY15,0.0,0.0,0.0,0.0,0.0,2015,4,annual,0.0,0.0
2316,ida_4e9d310998658547ad34,Commitments,Senegal,IDA,AFRICA,FY15,0.0,245.0,0.0,0.0,245.0,2015,4,annual,245.0,0.0
2317,ida_729e308f1c972985decf,Commitments,Sierra Leone,IDA,AFRICA,FY15,30.0,126.0,0.0,0.0,156.0,2015,4,annual,156.0,0.0
2318,ida_aa726714caa0bf49ab33,Commitments,South Sudan,IDA,AFRICA,FY15,0.0,9.0,0.0,0.0,9.0,2015,4,annual,9.0,0.0
2319,ida_e0406d2fe7e37e87d2f0,Commitments,Tanzania,IDA,AFRICA,FY15,100.0,461.0,0.0,322.0,883.0,2015,4,annual,883.0,0.0
2320,ida_caff47321f833bf6cde7,Commitments,Togo,IDA,AFRICA,FY15,0.0,0.0,0.0,0.0,0.0,2015,4,annual,0.0,0.0
2321,ida_c80ed2f0807d3fa6eb4e,Commitments,Uganda,IDA,AFRICA,FY15,0.0,590.0,0.0,0.0,590.0,2015,4,annual,590.0,0.0
2322,ida_46bfaec53806ebca1ad9,Commitments,Zambia,IDA,AFRICA,FY15,0.0,205.0,0.0,0.0,205.0,2015,4,annual,205.0,0.0
2323,ida_e2378b00257252a6d5f0,Commitments,Kiribati,IDA,EAST ASIA AND PACIFIC,FY15,3.0,6.0,0.0,0.0,9.0,2015,4,annual,9.0,0.0
2324,ida_682feb5814d6087c2384,Commitments,Lao People's Democratic Republic,IDA,EAST ASIA AND PACIFIC,FY15,0.0,83.0,0.0,0.0,83.0,2015,4,annual,83.0,0.0
2325,ida_c7bd3ff357c00561b6a2,Commitments,Marshall Islands,IDA,EAST ASIA AND PACIFIC,FY15,0.0,8.0,0.0,0.0,8.0,2015,4,annual,8.0,0.0
2326,ida_d8a521198f783456f472,Commitments,"Micronesia, Federated States of",IDA,EAST ASIA AND PACIFIC,FY15,0.0,53.0,0.0,0.0,53.0,2015,4,annual,53.0,0.0
2327,ida_0a18dcb6cacee57af6a2,Commitments,Mongolia,IDA,EAST ASIA AND PACIFIC,FY15,0.0,0.0,0.0,0.0,0.0,2015,4,annual,0.0,0.0
2328,ida_523a644a3c9301eb91bd,Commitments,Myanmar,IDA,EAST ASIA AND PACIFIC,FY15,0.0,700.0,0.0,0.0,700.0,2015,4,annual,700.0,0.0
2329,ida_9b174b4082b5e6b47703,Commitments,Pacific Islands,IDA,EAST ASIA AND PACIFIC,FY15,0.0,13.0,0.0,0.0,13.0,2015,4,annual,13.0,0.0
2330,ida_e2d03ce3543055489aa2,Commitments,Papua New Guinea,IDA,EAST ASIA AND PACIFIC,FY15,0.0,0.0,0.0,0.0,0.0,2015,4,annual,0.0,0.0
2331,ida_a0dd475d30bb4a625b64,Commitments,Samoa,IDA,EAST ASIA AND PACIFIC,FY15,8.0,30.0,0.0,0.0,37.0,2015,4,annual,38.0,-1.0
2332,ida_b2e80beb1ada31cc3ebe,Commitments,Solomon Islands,IDA,EAST ASIA AND PACIFIC,FY15,5.0,19.0,0.0,0.0,24.0,2015,4,annual,24.0,0.0
2333,ida_ec77d0cd6f15cdd9c0d1,Commitments,Timor-Leste,IDA,EAST ASIA AND PACIFIC,FY15,0.0,0.0,0.0,0.0,0.0,2015,4,annual,0.0,0.0
2334,ida_74f5c0603605f645886b,Commitments,Tonga,IDA,EAST ASIA AND PACIFIC,FY15,5.0,11.0,0.0,0.0,16.0,2015,4,annual,16.0,0.0
2335,ida_94182bc1ba25bdd3244b,Commitments,Tuvalu,IDA,EAST ASIA AND PACIFIC,FY15,2.0,14.0,0.0,0.0,16.0,2015,4,annual,16.0,0.0
2336,ida_96b462aff3ee51f4381a,Commitments,Vanuatu,IDA,EAST ASIA AND PACIFIC,FY15,0.0,61.0,0.0,0.0,61.0,2015,4,annual,61.0,0.0
2337,ida_40be0ec7fb82104b76e8,Commitments,Vietnam,IDA,EAST ASIA AND PACIFIC,FY15,0.0,784.0,0.0,0.0,784.0,2015,4,annual,784.0,0.0
2338,ida_b8c4f6aa723a68dc78c3,Commitments,Armenia,IDA,EUROPE AND CENTRAL ASIA,FY15,0.0,0.0,0.0,0.0,0.0,2015,4,annual,0.0,0.0
2339,ida_663cf50398ade46b675b,Commitments,Bosnia and Herzegovina,IDA,EUROPE AND CENTRAL ASIA,FY15,0.0,0.0,0.0,0.0,0.0,2015,4,annual,0.0,0.0
2340,ida_2df1564265dfecee449f,Commitments,Georgia,IDA,EUROPE AND CENTRAL ASIA,FY15,0.0,0.0,0.0,0.0,0.0,2015,4,annual,0.0,0.0
2341,ida_4c2d9a057b3559db6235,Commitments,Kosovo,IDA,EUROPE AND CENTRAL ASIA,FY15,0.0,0.0,0.0,0.0,0.0,2015,4,annual,0.0,0.0
2342,ida_fa7047a37fce818c8719,Commitments,Kyrgyz Republic,IDA,EUROPE AND CENTRAL ASIA,FY15,24.0,52.0,0.0,0.0,76.0,2015,4,annual,76.0,0.0
2343,ida_ce227e9c51e24cf87080,Commitments,Moldova,IDA,EUROPE AND CENTRAL ASIA,FY15,0.0,29.0,0.0,0.0,29.0,2015,4,annual,29.0,0.0
2344,ida_7571c675c90bea47ae4c,Commitments,Tajikistan,IDA,EUROPE AND CENTRAL ASIA,FY15,0.0,117.0,0.0,0.0,117.0,2015,4,annual,117.0,0.0
2345,ida_9636171beba4feb7ea71,Commitments,Uzbekistan,IDA,EUROPE AND CENTRAL ASIA,FY15,0.0,305.0,0.0,0.0,305.0,2015,4,annual,305.0,0.0
2346,ida_c03822df5ca648bcd541,Commitments,Bolivia,IDA,LATIN AMERICA AND CARIBBEAN,FY15,100.0,0.0,0.0,0.0,100.0,2015,4,annual,100.0,0.0
2347,ida_91d1b2a553d45ca9120b,Commitments,Dominica,IDA,LATIN AMERICA AND CARIBBEAN,FY15,0.0,0.0,0.0,0.0,0.0,2015,4,annual,0.0,0.0
2348,ida_31424c26c4951b3621ba,Commitments,Grenada,IDA,LATIN AMERICA AND CARIBBEAN,FY15,0.0,0.0,0.0,0.0,0.0,2015,4,annual,0.0,0.0
2349,ida_6382fc62c00f3d3e4903,Commitments,Guyana,IDA,LATIN AMERICA AND CARIBBEAN,FY15,0.0,0.0,0.0,0.0,0.0,2015,4,annual,0.0,0.0
2350,ida_8296d242a4262ecc1993,Commitments,Haiti,IDA,LATIN AMERICA AND CARIBBEAN,FY15,0.0,50.0,0.0,0.0,50.0,2015,4,annual,50.0,0.0
2351,ida_338942fcea47a271cb6b,Commitments,Honduras,IDA,LATIN AMERICA AND CARIBBEAN,FY15,55.0,25.0,0.0,0.0,80.0,2015,4,annual,80.0,0.0
2352,ida_a82ce1eb11ccfc7c3e30,Commitments,Nicaragua,IDA,LATIN AMERICA AND CARIBBEAN,FY15,0.0,85.0,0.0,0.0,85.0,2015,4,annual,85.0,0.0
2353,ida_86f7df1b557fee19ef5c,Commitments,St. Lucia,IDA,LATIN AMERICA AND CARIBBEAN,FY15,0.0,0.0,0.0,0.0,0.0,2015,4,annual,0.0,0.0
2354,ida_8107c24bc3b35dcfbee6,Commitments,St. Vincent and the Grenadines,IDA,LATIN AMERICA AND CARIBBEAN,FY15,0.0,0.0,0.0,0.0,0.0,2015,4,annual,0.0,0.0
2355,ida_2a35c3bdd30a1a40b935,Commitments,Djibouti,IDA,MIDDLE EAST AND NORTH AFRICA,FY15,0.0,5.0,0.0,0.0,5.0,2015,4,annual,5.0,0.0
2356,ida_da1fe99c14cb10a54491,Commitments,"Yemen, Republic of",IDA,MIDDLE EAST AND NORTH AFRICA,FY15,0.0,193.0,0.0,0.0,193.0,2015,4,annual,193.0,0.0
2357,ida_a0167a9ea7405644659e,Commitments,Afghanistan,IDA,SOUTH ASIA,FY15,0.0,22.0,0.0,0.0,22.0,2015,4,annual,22.0,0.0
2358,ida_db6000cc24e6d333ffc4,Commitments,Bangladesh,IDA,SOUTH ASIA,FY15,0.0,1924.0,0.0,0.0,1924.0,2015,4,annual,1924.0,0.0
2359,ida_9ba766a6d524846c9b6e,Commitments,Bhutan,IDA,SOUTH ASIA,FY15,20.0,0.0,0.0,0.0,20.0,2015,4,annual,20.0,0.0
2360,ida_59608818b2cff60b58d4,Commitments,India,IDA,SOUTH ASIA,FY15,0.0,1437.0,0.0,250.0,1687.0,2015,4,annual,1687.0,0.0
2361,ida_c7909b94b48a973837b5,Commitments,Maldives,IDA,SOUTH ASIA,FY15,0.0,3.0,0.0,0.0,3.0,2015,4,annual,3.0,0.0
2362,ida_bf29f6a9e8ff984d8311,Commitments,Nepal,IDA,SOUTH ASIA,FY15,100.0,441.0,0.0,0.0,541.0,2015,4,annual,541.0,0.0
2363,ida_26065bf91543938026e0,Commitments,Pakistan,IDA,SOUTH ASIA,FY15,500.0,851.0,0.0,0.0,1351.0,2015,4,annual,1351.0,0.0
2364,ida_74ae3f74934823b3e6b2,Commitments,Sri Lanka,IDA,SOUTH ASIA,FY15,0.0,215.0,0.0,0.0,215.0,2015,4,annual,215.0,0.0
2365,ida_d0c6a89894d85182544e,Commitments,Ghana,IDA,AFRICA,FY15,550.0,130.0,0.0,0.0,680.0,2015,4,annual,680.0,0.0
2366,ida_3e8c1c1f8dddb0a4ed82,Commitments,Kenya,IDA,AFRICA,FY15,0.0,1305.0,0.0,0.0,1305.0,2015,4,annual,1305.0,0.0
2367,ida_8129e0e610a4d70b2b20,Gross Disbursements,Africa,IDA,AFRICA,FY15,0.0,41.0,0.0,0.0,41.0,2015,4,annual,41.0,0.0
2368,ida_11b10813e8395dbfd7d0,Gross Disbursements,Angola,IDA,AFRICA,FY15,0.0,60.0,0.0,0.0,60.0,2015,4,annual,60.0,0.0
2369,ida_0ee4a4a8e70cddc7ff4c,Gross Disbursements,Benin,IDA,AFRICA,FY15,20.0,96.0,0.0,0.0,116.0,2015,4,annual,116.0,0.0
2370,ida_d22e42b1e72989806cc6,Gross Disbursements,Burkina Faso,IDA,AFRICA,FY15,0.0,113.0,0.0,0.0,113.0,2015,4,annual,113.0,0.0
2371,ida_33fad5086aea549fb391,Gross Disbursements,Burundi,IDA,AFRICA,FY15,24.0,36.0,0.0,0.0,60.0,2015,4,annual,60.0,0.0
2372,ida_c0ac9a7b7b0821c89155,Gross Disbursements,Cabo Verde,IDA,AFRICA,FY15,16.0,8.0,0.0,0.0,24.0,2015,4,annual,24.0,0.0
2373,ida_99e7bb3f160616b6ea27,Gross Disbursements,Cameroon,IDA,AFRICA,FY15,0.0,121.0,0.0,0.0,121.0,2015,4,annual,121.0,0.0
2374,ida_cf449aac4bc8b732e3a9,Gross Disbursements,Central Africa,IDA,AFRICA,FY15,0.0,8.0,0.0,0.0,8.0,2015,4,annual,8.0,0.0
2375,ida_339b1d2a6ed3eb55370c,Gross Disbursements,Central African Republic,IDA,AFRICA,FY15,0.0,32.0,0.0,0.0,32.0,2015,4,annual,32.0,0.0
2376,ida_268a1b8318cf9b15d7a5,Gross Disbursements,Chad,IDA,AFRICA,FY15,0.0,21.0,0.0,0.0,21.0,2015,4,annual,21.0,0.0
2377,ida_e561616f13a7966ffb3d,Gross Disbursements,Comoros,IDA,AFRICA,FY15,3.0,4.0,0.0,0.0,7.0,2015,4,annual,7.0,0.0
2378,ida_7d73451c8d829687a978,Gross Disbursements,"Congo, Democratic Republic of",IDA,AFRICA,FY15,0.0,382.0,0.0,0.0,382.0,2015,4,annual,382.0,0.0
2379,ida_d3478581301df17423f0,Gross Disbursements,"Congo, Republic of",IDA,AFRICA,FY15,0.0,11.0,0.0,0.0,11.0,2015,4,annual,11.0,0.0
2380,ida_43578927ff1b2911de3c,Gross Disbursements,Cote d'Ivoire,IDA,AFRICA,FY15,69.0,119.0,0.0,0.0,187.0,2015,4,annual,188.0,-1.0
2381,ida_700e7d3d5b9d077aefce,Gross Disbursements,Ethiopia,IDA,AFRICA,FY15,0.0,572.0,0.0,172.0,744.0,2015,4,annual,744.0,0.0
2382,ida_c59e3bc76205e04580d7,Gross Disbursements,"Gambia, The",IDA,AFRICA,FY15,0.0,9.0,0.0,0.0,9.0,2015,4,annual,9.0,0.0
2383,ida_e0d4eb87aac272f59dfe,Gross Disbursements,Ghana,IDA,AFRICA,FY15,0.0,386.0,0.0,0.0,386.0,2015,4,annual,386.0,0.0
2384,ida_e5b1744cf960312a52f5,Gross Disbursements,Guinea,IDA,AFRICA,FY15,49.0,98.0,0.0,0.0,148.0,2015,4,annual,147.0,1.0
2385,ida_d4a4b0602e7eec6a4e3e,Gross Disbursements,Guinea-Bissau,IDA,AFRICA,FY15,0.0,16.0,0.0,0.0,16.0,2015,4,annual,16.0,0.0
2386,ida_93173868646233439a1d,Gross Disbursements,Kenya,IDA,AFRICA,FY15,0.0,500.0,0.0,30.0,530.0,2015,4,annual,530.0,0.0
2387,ida_91009568c13e126af730,Gross Disbursements,Lesotho,IDA,AFRICA,FY15,0.0,12.0,0.0,0.0,12.0,2015,4,annual,12.0,0.0
2388,ida_f6055597531ee2acd4ad,Gross Disbursements,Liberia,IDA,AFRICA,FY15,29.0,155.0,0.0,0.0,184.0,2015,4,annual,184.0,0.0
2389,ida_e872291d98ea7949bfd1,Gross Disbursements,Madagascar,IDA,AFRICA,FY15,44.0,73.0,0.0,0.0,117.0,2015,4,annual,117.0,0.0
2390,ida_749746d5c0ddf87e2515,Gross Disbursements,Malawi,IDA,AFRICA,FY15,0.0,114.0,0.0,0.0,114.0,2015,4,annual,114.0,0.0
2391,ida_cdd01b373dd9f64a46d9,Gross Disbursements,Mali,IDA,AFRICA,FY15,57.0,147.0,0.0,0.0,204.0,2015,4,annual,204.0,0.0
2392,ida_5d86c20c1d6f34fc392b,Gross Disbursements,Mauritania,IDA,AFRICA,FY15,0.0,13.0,0.0,0.0,13.0,2015,4,annual,13.0,0.0
2393,ida_04e56d4edf7eb3d03fdb,Gross Disbursements,Mozambique,IDA,AFRICA,FY15,179.0,171.0,0.0,12.0,362.0,2015,4,annual,362.0,0.0
2394,ida_8f5cd92a79a8a44cdd63,Gross Disbursements,Niger,IDA,AFRICA,FY15,70.0,95.0,0.0,0.0,165.0,2015,4,annual,165.0,0.0
2395,ida_21f92173710f2f43dd85,Gross Disbursements,Nigeria,IDA,AFRICA,FY15,198.0,732.0,0.0,0.0,930.0,2015,4,annual,930.0,0.0
2396,ida_c9b786b1bcb00320479e,Gross Disbursements,Rwanda,IDA,AFRICA,FY15,66.0,81.0,0.0,57.0,204.0,2015,4,annual,204.0,0.0
2397,ida_0b6881ef10c6188dd58d,Gross Disbursements,Sao Tome and Principe,IDA,AFRICA,FY15,0.0,1.0,0.0,0.0,1.0,2015,4,annual,1.0,0.0
2398,ida_09e2b90b6816736dbce8,Gross Disbursements,Senegal,IDA,AFRICA,FY15,0.0,155.0,0.0,0.0,155.0,2015,4,annual,155.0,0.0
2399,ida_492cf4ac44bcb9a5ae56,Gross Disbursements,Sierra Leone,IDA,AFRICA,FY15,30.0,125.0,0.0,0.0,155.0,2015,4,annual,155.0,0.0
2400,ida_24a8ad1adb677591a283,Gross Disbursements,South Sudan,IDA,AFRICA,FY15,0.0,37.0,0.0,0.0,37.0,2015,4,annual,37.0,0.0
2401,ida_707607a3d84b4c82bd9f,Gross Disbursements,Tanzania,IDA,AFRICA,FY15,100.0,468.0,0.0,62.0,630.0,2015,4,annual,630.0,0.0
2402,ida_04764a32a134bb378b42,Gross Disbursements,Togo,IDA,AFRICA,FY15,13.0,30.0,0.0,0.0,43.0,2015,4,annual,43.0,0.0
2403,ida_c128cd086a575304d623,Gross Disbursements,Uganda,IDA,AFRICA,FY15,0.0,161.0,0.0,22.0,184.0,2015,4,annual,183.0,1.0
2404,ida_72ee6726e804b08a1551,Gross Disbursements,Zambia,IDA,AFRICA,FY15,0.0,71.0,0.0,0.0,71.0,2015,4,annual,71.0,0.0
2405,ida_900c6285a1ed3361c390,Gross Disbursements,Cambodia,IDA,EAST ASIA AND PACIFIC,FY15,0.0,18.0,0.0,0.0,18.0,2015,4,annual,18.0,0.0
2406,ida_04d34c870c18e60a4c9f,Gross Disbursements,Indonesia,IDA,EAST ASIA AND PACIFIC,FY15,0.0,-1.0,0.0,0.0,-1.0,2015,4,annual,-1.0,0.0
2407,ida_0f687c05ec5244a18a3e,Gross Disbursements,Kiribati,IDA,EAST ASIA AND PACIFIC,FY15,3.0,9.0,0.0,0.0,12.0,2015,4,annual,12.0,0.0
2408,ida_e49a2041038cc46869c9,Gross Disbursements,Lao People's Democratic Republic,IDA,EAST ASIA AND PACIFIC,FY15,0.0,38.0,0.0,0.0,38.0,2015,4,annual,38.0,0.0
2409,ida_e71e7bc0b3b719b5754e,Gross Disbursements,Mekong,IDA,EAST ASIA AND PACIFIC,FY15,0.0,1.0,0.0,0.0,1.0,2015,4,annual,1.0,0.0
2410,ida_34084cee5cf7a50e99f7,Gross Disbursements,"Micronesia, Federated States of",IDA,EAST ASIA AND PACIFIC,FY15,0.0,1.0,0.0,0.0,1.0,2015,4,annual,1.0,0.0
2411,ida_447e28891b9688a67235,Gross Disbursements,Mongolia,IDA,EAST ASIA AND PACIFIC,FY15,0.0,13.0,0.0,0.0,13.0,2015,4,annual,13.0,0.0
2412,ida_1c9691e63977d0355f1e,Gross Disbursements,Myanmar,IDA,EAST ASIA AND PACIFIC,FY15,0.0,52.0,0.0,0.0,52.0,2015,4,annual,52.0,0.0
2413,ida_7528cbc1c42a66509d0a,Gross Disbursements,Pacific Islands,IDA,EAST ASIA AND PACIFIC,FY15,0.0,1.0,0.0,0.0,1.0,2015,4,annual,1.0,0.0
2414,ida_3f7c234b89e2b47915bc,Gross Disbursements,Papua New Guinea,IDA,EAST ASIA AND PACIFIC,FY15,0.0,26.0,0.0,0.0,26.0,2015,4,annual,26.0,0.0
2415,ida_e76fbb594311593166b3,Gross Disbursements,Samoa,IDA,EAST ASIA AND PACIFIC,FY15,7.0,7.0,0.0,0.0,13.0,2015,4,annual,14.0,-1.0
2416,ida_b405f99d059c2c6c19b1,Gross Disbursements,Solomon Islands,IDA,EAST ASIA AND PACIFIC,FY15,5.0,3.0,0.0,0.0,8.0,2015,4,annual,8.0,0.0
2417,ida_8a294b1a7d0c04b14c21,Gross Disbursements,Timor-Leste,IDA,EAST ASIA AND PACIFIC,FY15,0.0,10.0,0.0,0.0,10.0,2015,4,annual,10.0,0.0
2418,ida_ae9c61818fd879d85227,Gross Disbursements,Tonga,IDA,EAST ASIA AND PACIFIC,FY15,5.0,12.0,0.0,0.0,17.0,2015,4,annual,17.0,0.0
2419,ida_a78158790799e34dc91c,Gross Disbursements,Tuvalu,IDA,EAST ASIA AND PACIFIC,FY15,2.0,4.0,0.0,0.0,5.0,2015,4,annual,6.0,-1.0
2420,ida_7781d28b90da4ed72e3e,Gross Disbursements,Vietnam,IDA,EAST ASIA AND PACIFIC,FY15,303.0,957.0,0.0,25.0,1284.0,2015,4,annual,1285.0,-1.0
2421,ida_1552bcf9e99e4cede62a,Gross Disbursements,Albania,IDA,EUROPE AND CENTRAL ASIA,FY15,0.0,10.0,0.0,0.0,10.0,2015,4,annual,10.0,0.0
2422,ida_355dfdd736cb8dd0d58e,Gross Disbursements,Armenia,IDA,EUROPE AND CENTRAL ASIA,FY15,0.0,15.0,0.0,0.0,15.0,2015,4,annual,15.0,0.0
2423,ida_cbe3b6d6d8f08029be22,Gross Disbursements,Azerbaijan,IDA,EUROPE AND CENTRAL ASIA,FY15,0.0,27.0,0.0,0.0,27.0,2015,4,annual,27.0,0.0
2424,ida_690691c4a7af734504ba,Gross Disbursements,Bosnia and Herzegovina,IDA,EUROPE AND CENTRAL ASIA,FY15,0.0,23.0,0.0,0.0,23.0,2015,4,annual,23.0,0.0
2425,ida_84390088bb65b67cedc8,Gross Disbursements,Central Asia,IDA,EUROPE AND CENTRAL ASIA,FY15,0.0,1.0,0.0,0.0,1.0,2015,4,annual,1.0,0.0
2426,ida_bb57c428b203f283f824,Gross Disbursements,Georgia,IDA,EUROPE AND CENTRAL ASIA,FY15,22.0,26.0,0.0,0.0,48.0,2015,4,annual,48.0,0.0
2427,ida_cbb463b1a6e37da3bf09,Gross Disbursements,Kosovo,IDA,EUROPE AND CENTRAL ASIA,FY15,0.0,10.0,0.0,0.0,10.0,2015,4,annual,10.0,0.0
2428,ida_3bf07ac201384641de0a,Gross Disbursements,Kyrgyz Republic,IDA,EUROPE AND CENTRAL ASIA,FY15,25.0,32.0,0.0,0.0,57.0,2015,4,annual,57.0,0.0
2429,ida_77c8b61a39d4e0e7d719,Gross Disbursements,Moldova,IDA,EUROPE AND CENTRAL ASIA,FY15,0.0,15.0,0.0,0.0,15.0,2015,4,annual,15.0,0.0
2430,ida_0afd9c3e10cef01d944e,Gross Disbursements,Montenegro,IDA,EUROPE AND CENTRAL ASIA,FY15,0.0,0.0,0.0,0.0,0.0,2015,4,annual,0.0,0.0
2431,ida_8adffa3d431abb45ccf8,Gross Disbursements,Serbia,IDA,EUROPE AND CENTRAL ASIA,FY15,0.0,0.0,0.0,0.0,0.0,2015,4,annual,0.0,0.0
2432,ida_ff90bfa96428796693ce,Gross Disbursements,Tajikistan,IDA,EUROPE AND CENTRAL ASIA,FY15,0.0,24.0,0.0,0.0,24.0,2015,4,annual,24.0,0.0
2433,ida_552dad07312e61d2e1e8,Gross Disbursements,Uzbekistan,IDA,EUROPE AND CENTRAL ASIA,FY15,0.0,84.0,0.0,0.0,84.0,2015,4,annual,84.0,0.0
2434,ida_6307716ff23779753056,Gross Disbursements,Bolivia,IDA,LATIN AMERICA AND CARIBBEAN,FY15,97.0,53.0,0.0,0.0,151.0,2015,4,annual,150.0,1.0
2435,ida_2547f90c120072107bec,Gross Disbursements,Caribbean,IDA,LATIN AMERICA AND CARIBBEAN,FY15,0.0,0.0,0.0,0.0,0.0,2015,4,annual,0.0,0.0
2436,ida_1813e13a95a598044a22,Gross Disbursements,Dominica,IDA,LATIN AMERICA AND CARIBBEAN,FY15,0.0,1.0,0.0,0.0,1.0,2015,4,annual,1.0,0.0
2437,ida_5be9c05729123da5a8a0,Gross Disbursements,Grenada,IDA,LATIN AMERICA AND CARIBBEAN,FY15,15.0,5.0,0.0,0.0,20.0,2015,4,annual,20.0,0.0
2438,ida_e0c8e4873357e8d25913,Gross Disbursements,Guyana,IDA,LATIN AMERICA AND CARIBBEAN,FY15,0.0,6.0,0.0,0.0,6.0,2015,4,annual,6.0,0.0
2439,ida_ec2ecf2965502cba9184,Gross Disbursements,Haiti,IDA,LATIN AMERICA AND CARIBBEAN,FY15,0.0,49.0,0.0,0.0,49.0,2015,4,annual,49.0,0.0
2440,ida_ab1d2ec877c56c3f29af,Gross Disbursements,Honduras,IDA,LATIN AMERICA AND CARIBBEAN,FY15,55.0,36.0,0.0,0.0,91.0,2015,4,annual,91.0,0.0
2441,ida_1ab0fd10e35e997af073,Gross Disbursements,Nicaragua,IDA,LATIN AMERICA AND CARIBBEAN,FY15,0.0,59.0,0.0,0.0,59.0,2015,4,annual,59.0,0.0
2442,ida_b8e39b5c4c5b94b12c2c,Gross Disbursements,St. Lucia,IDA,LATIN AMERICA AND CARIBBEAN,FY15,0.0,4.0,0.0,0.0,4.0,2015,4,annual,4.0,0.0
2443,ida_554853d7371d57fbdaa5,Gross Disbursements,St. Vincent and the Grenadines,IDA,LATIN AMERICA AND CARIBBEAN,FY15,0.0,3.0,0.0,0.0,3.0,2015,4,annual,3.0,0.0
2444,ida_e6e944a12181b2820d9d,Gross Disbursements,Djibouti,IDA,MIDDLE EAST AND NORTH AFRICA,FY15,0.0,14.0,0.0,0.0,14.0,2015,4,annual,14.0,0.0
2445,ida_8cd10fce65522a12e075,Gross Disbursements,"Egypt, Arab Republic of",IDA,MIDDLE EAST AND NORTH AFRICA,FY15,0.0,0.0,0.0,0.0,0.0,2015,4,annual,0.0,0.0
2446,ida_e43d4a5836a175ab73d8,Gross Disbursements,Iraq,IDA,MIDDLE EAST AND NORTH AFRICA,FY15,0.0,35.0,0.0,0.0,35.0,2015,4,annual,35.0,0.0
2447,ida_1298e07396e74349496b,Gross Disbursements,"Yemen, Republic of",IDA,MIDDLE EAST AND NORTH AFRICA,FY15,0.0,145.0,0.0,0.0,145.0,2015,4,annual,145.0,0.0
2448,ida_f8c37a59cda54a4db3f9,Gross Disbursements,Afghanistan,IDA,SOUTH ASIA,FY15,0.0,136.0,0.0,0.0,136.0,2015,4,annual,136.0,0.0
2449,ida_0fd0c8eb3d4be4621700,Gross Disbursements,Bangladesh,IDA,SOUTH ASIA,FY15,0.0,859.0,0.0,11.0,870.0,2015,4,annual,870.0,0.0
2450,ida_aa85c33757ba98315ab2,Gross Disbursements,Bhutan,IDA,SOUTH ASIA,FY15,0.0,2.0,0.0,0.0,2.0,2015,4,annual,2.0,0.0
2451,ida_7f1ea69e0efa0a9a2ce9,Gross Disbursements,India,IDA,SOUTH ASIA,FY15,0.0,1446.0,0.0,0.0,1446.0,2015,4,annual,1446.0,0.0
2452,ida_dfe5164931517098b634,Gross Disbursements,Maldives,IDA,SOUTH ASIA,FY15,0.0,6.0,0.0,0.0,6.0,2015,4,annual,6.0,0.0
2453,ida_f1e023e9cafb315827e7,Gross Disbursements,Nepal,IDA,SOUTH ASIA,FY15,0.0,178.0,0.0,15.0,192.0,2015,4,annual,193.0,-1.0
2454,ida_781ef71ec6191552750c,Gross Disbursements,Pakistan,IDA,SOUTH ASIA,FY15,500.0,613.0,0.0,16.0,1129.0,2015,4,annual,1129.0,0.0
2455,ida_21691df9010e8f1de183,Gross Disbursements,Sri Lanka,IDA,SOUTH ASIA,FY15,0.0,139.0,0.0,0.0,139.0,2015,4,annual,139.0,0.0
2456,ida_343a2082fb6f13bae1b4,Commitments,Madagascar,IDA,AFRICA,FY14,0.0,75.0,0.0,0.0,75.0,2014,4,annual,75.0,0.0
2457,ida_cc7213fe78011b8b4e66,Commitments,Africa,IDA,AFRICA,FY14,0.0,100.0,0.0,0.0,100.0,2014,4,annual,100.0,0.0
2458,ida_5725b147f9e47e8d754c,Commitments,Angola,IDA,AFRICA,FY14,0.0,75.0,0.0,0.0,75.0,2014,4,annual,75.0,0.0
2459,ida_3d0261c0d5fc43118415,Commitments,Benin,IDA,AFRICA,FY14,20.0,107.0,0.0,0.0,127.0,2014,4,annual,127.0,0.0
2460,ida_8966b92d9580e3ceb138,Commitments,Burkina Faso,IDA,AFRICA,FY14,100.0,229.0,0.0,0.0,329.0,2014,4,annual,329.0,0.0
2461,ida_6a279d9912af00f4774e,Commitments,Burundi,IDA,AFRICA,FY14,26.0,231.0,0.0,0.0,257.0,2014,4,annual,257.0,0.0
2462,ida_18c01ccbec96f298195f,Commitments,Cabo Verde,IDA,AFRICA,FY14,16.0,0.0,0.0,0.0,16.0,2014,4,annual,16.0,0.0
2463,ida_683da16d4819ea2db6e4,Commitments,Cameroon,IDA,AFRICA,FY14,0.0,99.0,0.0,0.0,99.0,2014,4,annual,99.0,0.0
2464,ida_a98e08f987b7e043a28e,Commitments,Central African Republic,IDA,AFRICA,FY14,0.0,50.0,0.0,0.0,50.0,2014,4,annual,50.0,0.0
2465,ida_5911bb9ccad6f0f5da20,Commitments,Chad,IDA,AFRICA,FY14,0.0,36.0,0.0,0.0,36.0,2014,4,annual,36.0,0.0
2466,ida_941bfe0304a056e40b92,Commitments,Comoros,IDA,AFRICA,FY14,4.0,31.0,0.0,0.0,34.0,2014,4,annual,35.0,-1.0
2467,ida_ae232c0a030ae974b159,Commitments,"Congo, Democratic Republic of",IDA,AFRICA,FY14,0.0,356.0,0.0,0.0,356.0,2014,4,annual,356.0,0.0
2468,ida_5c0331693d8e8e048e9f,Commitments,"Congo, Republic of",IDA,AFRICA,FY14,0.0,29.0,0.0,0.0,29.0,2014,4,annual,29.0,0.0
2469,ida_6a1fdee8be91973fb56f,Commitments,Cote d'Ivoire,IDA,AFRICA,FY14,50.0,85.0,0.0,0.0,135.0,2014,4,annual,135.0,0.0
2470,ida_6ddc2b8186a9756054b4,Commitments,Ethiopia,IDA,AFRICA,FY14,0.0,1244.0,0.0,380.0,1624.0,2014,4,annual,1624.0,0.0
2471,ida_85c32e00c2cdbbf396e4,Commitments,"Gambia, The",IDA,AFRICA,FY14,0.0,40.0,0.0,0.0,40.0,2014,4,annual,40.0,0.0
2472,ida_982c5dba71e50a9aad19,Commitments,Ghana,IDA,AFRICA,FY14,0.0,415.0,0.0,0.0,415.0,2014,4,annual,415.0,0.0
2473,ida_8d4970dd9841a191cade,Commitments,Guinea,IDA,AFRICA,FY14,0.0,79.0,0.0,0.0,79.0,2014,4,annual,79.0,0.0
2474,ida_1dccaddf2d0f576c6e18,Commitments,Guinea-Bissau,IDA,AFRICA,FY14,0.0,46.0,0.0,0.0,46.0,2014,4,annual,46.0,0.0
2475,ida_9029ffa5448820cf8a85,Commitments,Kenya,IDA,AFRICA,FY14,0.0,362.0,0.0,250.0,612.0,2014,4,annual,612.0,0.0
2476,ida_9378526249ddbca8470e,Commitments,Lesotho,IDA,AFRICA,FY14,0.0,34.0,0.0,0.0,34.0,2014,4,annual,34.0,0.0
2477,ida_eab7b15b4e153fd5c004,Commitments,Liberia,IDA,AFRICA,FY14,0.0,22.0,0.0,0.0,22.0,2014,4,annual,22.0,0.0
2478,ida_056837552d51b93c42b6,Commitments,Malawi,IDA,AFRICA,FY14,0.0,84.0,0.0,0.0,84.0,2014,4,annual,84.0,0.0
2479,ida_ba3b900da1a2afe038f0,Commitments,Mali,IDA,AFRICA,FY14,0.0,367.0,0.0,0.0,367.0,2014,4,annual,367.0,0.0
2480,ida_77645501a46eafd6675d,Commitments,Mauritania,IDA,AFRICA,FY14,0.0,212.0,0.0,0.0,212.0,2014,4,annual,212.0,0.0
2481,ida_594ecf4098dc5acf6c1c,Commitments,Mozambique,IDA,AFRICA,FY14,110.0,249.0,0.0,50.0,409.0,2014,4,annual,409.0,0.0
2482,ida_7ca0217654bc1887b57a,Commitments,Niger,IDA,AFRICA,FY14,70.0,195.0,0.0,0.0,265.0,2014,4,annual,265.0,0.0
2483,ida_c159674ece3c45bb5f76,Commitments,Nigeria,IDA,AFRICA,FY14,200.0,1498.0,0.0,0.0,1698.0,2014,4,annual,1698.0,0.0
2484,ida_f4373f8e6be6d978b58f,Commitments,Rwanda,IDA,AFRICA,FY14,70.0,233.0,0.0,0.0,303.0,2014,4,annual,303.0,0.0
2485,ida_0aea837f7480a0ac8e54,Commitments,Sao Tome and Principe,IDA,AFRICA,FY14,0.0,4.0,0.0,0.0,4.0,2014,4,annual,4.0,0.0
2486,ida_656e2a1e2986a63756c5,Commitments,Senegal,IDA,AFRICA,FY14,30.0,394.0,0.0,0.0,424.0,2014,4,annual,424.0,0.0
2487,ida_06960662e9c0381c32d6,Commitments,Sierra Leone,IDA,AFRICA,FY14,25.0,72.0,0.0,0.0,97.0,2014,4,annual,97.0,0.0
2488,ida_b74a7e01a16d67e046ae,Commitments,South Sudan,IDA,AFRICA,FY14,0.0,124.0,0.0,0.0,124.0,2014,4,annual,124.0,0.0
2489,ida_83a5f9daadb613e1307a,Commitments,Tanzania,IDA,AFRICA,FY14,185.0,568.0,0.0,0.0,753.0,2014,4,annual,753.0,0.0
2490,ida_0db10c59c35960f440c9,Commitments,Togo,IDA,AFRICA,FY14,14.0,34.0,0.0,0.0,48.0,2014,4,annual,48.0,0.0
2491,ida_6184036c77b42b18ec2b,Commitments,Uganda,IDA,AFRICA,FY14,0.0,764.0,0.0,0.0,764.0,2014,4,annual,764.0,0.0
2492,ida_3684a515d0c80f652cd5,Commitments,Zambia,IDA,AFRICA,FY14,0.0,52.0,0.0,0.0,52.0,2014,4,annual,52.0,0.0
2493,ida_14e4ebfd523d6aa1dbf4,Commitments,Kiribati,IDA,EAST ASIA AND PACIFIC,FY14,5.0,0.0,0.0,0.0,5.0,2014,4,annual,5.0,0.0
2494,ida_7ccd587edce9c3f06d2a,Commitments,Lao People's Democratic Republic,IDA,EAST ASIA AND PACIFIC,FY14,20.0,83.0,0.0,0.0,103.0,2014,4,annual,103.0,0.0
2495,ida_393021a4cc312d1b37aa,Commitments,Marshall Islands,IDA,EAST ASIA AND PACIFIC,FY14,0.0,0.0,0.0,0.0,0.0,2014,4,annual,0.0,0.0
2496,ida_656711c30527db932ad3,Commitments,"Micronesia, Federated States of",IDA,EAST ASIA AND PACIFIC,FY14,0.0,14.0,0.0,0.0,14.0,2014,4,annual,14.0,0.0
2497,ida_cb34101b0b3c73d7019b,Commitments,Mongolia,IDA,EAST ASIA AND PACIFIC,FY14,0.0,94.0,0.0,0.0,94.0,2014,4,annual,94.0,0.0
2498,ida_009f985c85fddc9a4620,Commitments,Myanmar,IDA,EAST ASIA AND PACIFIC,FY14,0.0,282.0,0.0,0.0,282.0,2014,4,annual,282.0,0.0
2499,ida_f10d4c0dc27a17a9166d,Commitments,Pacific Islands,IDA,EAST ASIA AND PACIFIC,FY14,0.0,2.0,0.0,0.0,2.0,2014,4,annual,2.0,0.0
2500,ida_ed866d2a4f229abb7ffa,Commitments,Papua New Guinea,IDA,EAST ASIA AND PACIFIC,FY14,0.0,157.0,0.0,0.0,157.0,2014,4,annual,157.0,0.0
2501,ida_c89cd6e984f2701442c4,Commitments,Samoa,IDA,EAST ASIA AND PACIFIC,FY14,15.0,50.0,0.0,0.0,65.0,2014,4,annual,65.0,0.0
2502,ida_6593abb12a78e0afbbf4,Commitments,Solomon Islands,IDA,EAST ASIA AND PACIFIC,FY14,2.0,16.0,0.0,0.0,18.0,2014,4,annual,18.0,0.0
2503,ida_e4ab618d8de3d4de2eec,Commitments,Timor-Leste,IDA,EAST ASIA AND PACIFIC,FY14,0.0,25.0,0.0,0.0,25.0,2014,4,annual,25.0,0.0
2504,ida_04998ecb5cac8073ea56,Commitments,Tonga,IDA,EAST ASIA AND PACIFIC,FY14,5.0,12.0,0.0,0.0,17.0,2014,4,annual,17.0,0.0
2505,ida_497b5d5404f0a183bf53,Commitments,Tuvalu,IDA,EAST ASIA AND PACIFIC,FY14,3.0,6.0,0.0,0.0,9.0,2014,4,annual,9.0,0.0
2506,ida_757b9ba9f70693eb26f4,Commitments,Vanuatu,IDA,EAST ASIA AND PACIFIC,FY14,0.0,0.0,0.0,0.0,0.0,2014,4,annual,0.0,0.0
2507,ida_9e11172173f682b9bfe7,Commitments,Vietnam,IDA,EAST ASIA AND PACIFIC,FY14,320.0,771.0,0.0,250.0,1341.0,2014,4,annual,1341.0,0.0
2508,ida_441a0387f4f07c7343f3,Commitments,Armenia,IDA,EUROPE AND CENTRAL ASIA,FY14,41.0,46.0,0.0,0.0,87.0,2014,4,annual,87.0,0.0
2509,ida_eb090b731b1f2783f1a1,Commitments,Bosnia and Herzegovina,IDA,EUROPE AND CENTRAL ASIA,FY14,0.0,156.0,0.0,0.0,156.0,2014,4,annual,156.0,0.0
2510,ida_69a91542d371ac966fc4,Commitments,Georgia,IDA,EUROPE AND CENTRAL ASIA,FY14,23.0,50.0,0.0,0.0,73.0,2014,4,annual,73.0,0.0
2511,ida_919cff7594b91e83e703,Commitments,Kosovo,IDA,EUROPE AND CENTRAL ASIA,FY14,0.0,57.0,0.0,0.0,57.0,2014,4,annual,57.0,0.0
2512,ida_55f016c4723d913a817e,Commitments,Kyrgyz Republic,IDA,EUROPE AND CENTRAL ASIA,FY14,50.0,90.0,0.0,0.0,140.0,2014,4,annual,140.0,0.0
2513,ida_0a19909ba5a1185abbb7,Commitments,Moldova,IDA,EUROPE AND CENTRAL ASIA,FY14,21.0,0.0,0.0,31.0,52.0,2014,4,annual,52.0,0.0
2514,ida_e97775eb5f9e3bae73ae,Commitments,Tajikistan,IDA,EUROPE AND CENTRAL ASIA,FY14,0.0,82.0,0.0,0.0,82.0,2014,4,annual,82.0,0.0
2515,ida_831f7beb1f6ede6b605d,Commitments,Uzbekistan,IDA,EUROPE AND CENTRAL ASIA,FY14,0.0,243.0,0.0,0.0,243.0,2014,4,annual,243.0,0.0
2516,ida_ce1f5e7651ab5b5295be,Commitments,Bolivia,IDA,LATIN AMERICA AND CARIBBEAN,FY14,0.0,93.0,0.0,0.0,93.0,2014,4,annual,93.0,0.0
2517,ida_054328dde04ec67252ec,Commitments,Dominica,IDA,LATIN AMERICA AND CARIBBEAN,FY14,0.0,17.0,0.0,0.0,17.0,2014,4,annual,17.0,0.0
2518,ida_4500f6606f2c5aa94ddb,Commitments,Grenada,IDA,LATIN AMERICA AND CARIBBEAN,FY14,15.0,0.0,0.0,0.0,15.0,2014,4,annual,15.0,0.0
2519,ida_3cf5f376cf132d994ea1,Commitments,Guyana,IDA,LATIN AMERICA AND CARIBBEAN,FY14,0.0,22.0,0.0,0.0,22.0,2014,4,annual,22.0,0.0
2520,ida_23b9a1f5efca4b94c0ea,Commitments,Haiti,IDA,LATIN AMERICA AND CARIBBEAN,FY14,0.0,103.0,0.0,0.0,103.0,2014,4,annual,103.0,0.0
2521,ida_4db8670736a2ccdd1042,Commitments,Honduras,IDA,LATIN AMERICA AND CARIBBEAN,FY14,0.0,24.0,0.0,0.0,24.0,2014,4,annual,24.0,0.0
2522,ida_a5b17fa0dd325adb264a,Commitments,Nicaragua,IDA,LATIN AMERICA AND CARIBBEAN,FY14,0.0,109.0,0.0,0.0,109.0,2014,4,annual,109.0,0.0
2523,ida_07391a2d9d6acc70ab6c,Commitments,St. Lucia,IDA,LATIN AMERICA AND CARIBBEAN,FY14,0.0,41.0,0.0,0.0,41.0,2014,4,annual,41.0,0.0
2524,ida_ab3f6a60f8c9e26c2893,Commitments,St. Vincent and the Grenadines,IDA,LATIN AMERICA AND CARIBBEAN,FY14,0.0,36.0,0.0,0.0,36.0,2014,4,annual,36.0,0.0
2525,ida_5022e7f5263f99cc3889,Commitments,Djibouti,IDA,MIDDLE EAST AND NORTH AFRICA,FY14,0.0,8.0,0.0,0.0,8.0,2014,4,annual,8.0,0.0
2526,ida_a382386950865b363777,Commitments,"Yemen, Republic of",IDA,MIDDLE EAST AND NORTH AFRICA,FY14,0.0,192.0,0.0,0.0,192.0,2014,4,annual,192.0,0.0
2527,ida_08935611adfc0a1da728,Commitments,Afghanistan,IDA,SOUTH ASIA,FY14,50.0,373.0,0.0,0.0,423.0,2014,4,annual,423.0,0.0
2528,ida_3ccfe47438c452bc8b0a,Commitments,Bangladesh,IDA,SOUTH ASIA,FY14,0.0,1828.0,0.0,60.0,1888.0,2014,4,annual,1888.0,0.0
2529,ida_627139a64bbcf554fc10,Commitments,Bhutan,IDA,SOUTH ASIA,FY14,0.0,17.0,0.0,0.0,17.0,2014,4,annual,17.0,0.0
2530,ida_938f9ab7a2a45cedf3ac,Commitments,India,IDA,SOUTH ASIA,FY14,0.0,2969.0,0.0,165.0,3134.0,2014,4,annual,3134.0,0.0
2531,ida_ca7d704d1faff5c8ebf8,Commitments,Maldives,IDA,SOUTH ASIA,FY14,0.0,23.0,0.0,0.0,23.0,2014,4,annual,23.0,0.0
2532,ida_3426ef7d648fa28033ed,Commitments,Nepal,IDA,SOUTH ASIA,FY14,0.0,222.0,0.0,0.0,222.0,2014,4,annual,222.0,0.0
2533,ida_95bc550a82b0789e6881,Commitments,Pakistan,IDA,SOUTH ASIA,FY14,1000.0,1168.0,0.0,50.0,2218.0,2014,4,annual,2218.0,0.0
2534,ida_1c9dd3ae06241c57fca4,Commitments,Sri Lanka,IDA,SOUTH ASIA,FY14,0.0,442.0,0.0,0.0,442.0,2014,4,annual,442.0,0.0
2535,ida_5fc9430e1ed26bb020e0,Gross Disbursements,Africa,IDA,AFRICA,FY14,0.0,36.0,0.0,0.0,36.0,2014,4,annual,36.0,0.0
2536,ida_b477edd0fe8517438ffc,Gross Disbursements,Angola,IDA,AFRICA,FY14,0.0,71.0,0.0,0.0,71.0,2014,4,annual,71.0,0.0
2537,ida_7afad2eb1e88ad2bc5dc,Gross Disbursements,Benin,IDA,AFRICA,FY14,31.0,121.0,0.0,0.0,151.0,2014,4,annual,152.0,-1.0
2538,ida_dd1962a80658b7d7cc75,Gross Disbursements,Burkina Faso,IDA,AFRICA,FY14,170.0,153.0,0.0,0.0,323.0,2014,4,annual,323.0,0.0
2539,ida_c340bcb7bd9fe79abf3d,Gross Disbursements,Burundi,IDA,AFRICA,FY14,26.0,62.0,0.0,0.0,88.0,2014,4,annual,88.0,0.0
2540,ida_565b0a7d6ee7361b0f13,Gross Disbursements,Cabo Verde,IDA,AFRICA,FY14,0.0,7.0,0.0,0.0,7.0,2014,4,annual,7.0,0.0
2541,ida_42584ddef2962f456587,Gross Disbursements,Cameroon,IDA,AFRICA,FY14,0.0,135.0,0.0,0.0,135.0,2014,4,annual,135.0,0.0
2542,ida_4d8e1b95d09a9db4bb58,Gross Disbursements,Central Africa,IDA,AFRICA,FY14,0.0,7.0,0.0,0.0,7.0,2014,4,annual,7.0,0.0
2543,ida_61fac07cbaa25f6b6d38,Gross Disbursements,Central African Republic,IDA,AFRICA,FY14,0.0,50.0,0.0,0.0,50.0,2014,4,annual,50.0,0.0
2544,ida_60ec07af097416fd431e,Gross Disbursements,Chad,IDA,AFRICA,FY14,0.0,19.0,0.0,0.0,19.0,2014,4,annual,19.0,0.0
2545,ida_02cc6927690068e1a321,Gross Disbursements,Comoros,IDA,AFRICA,FY14,4.0,5.0,0.0,0.0,9.0,2014,4,annual,9.0,0.0
2546,ida_1686618f2bbc72f3691d,Gross Disbursements,"Congo, Democratic Republic of",IDA,AFRICA,FY14,0.0,531.0,0.0,0.0,531.0,2014,4,annual,531.0,0.0
2547,ida_e4839150f6ed0cede5a5,Gross Disbursements,"Congo, Republic of",IDA,AFRICA,FY14,0.0,17.0,0.0,0.0,17.0,2014,4,annual,17.0,0.0
2548,ida_6cea053e71a5d3cf0a68,Gross Disbursements,Cote d'Ivoire,IDA,AFRICA,FY14,51.0,91.0,0.0,0.0,142.0,2014,4,annual,142.0,0.0
2549,ida_eaebfc9c2400d4ca6520,Gross Disbursements,Ethiopia,IDA,AFRICA,FY14,0.0,917.0,0.0,7.0,924.0,2014,4,annual,924.0,0.0
2550,ida_a0544c08452eea1e7db1,Gross Disbursements,"Gambia, The",IDA,AFRICA,FY14,0.0,13.0,0.0,0.0,13.0,2014,4,annual,13.0,0.0
2551,ida_cc73b43cd4eb0905260b,Gross Disbursements,Ghana,IDA,AFRICA,FY14,0.0,312.0,0.0,0.0,312.0,2014,4,annual,312.0,0.0
2552,ida_f99e766f1c2cf189d99c,Gross Disbursements,Guinea,IDA,AFRICA,FY14,0.0,26.0,0.0,0.0,26.0,2014,4,annual,26.0,0.0
2553,ida_9377af549813d183909f,Gross Disbursements,Guinea-Bissau,IDA,AFRICA,FY14,0.0,9.0,0.0,0.0,9.0,2014,4,annual,9.0,0.0
2554,ida_f4564d6c18396026729e,Gross Disbursements,Kenya,IDA,AFRICA,FY14,0.0,494.0,0.0,9.0,503.0,2014,4,annual,503.0,0.0
2555,ida_1edb22b3164518767ad2,Gross Disbursements,Lesotho,IDA,AFRICA,FY14,21.0,19.0,0.0,0.0,39.0,2014,4,annual,40.0,-1.0
2556,ida_8edf73d656336e7f397d,Gross Disbursements,Liberia,IDA,AFRICA,FY14,10.0,32.0,0.0,0.0,42.0,2014,4,annual,42.0,0.0
2557,ida_4c32f17d3b55fc69dc82,Gross Disbursements,Madagascar,IDA,AFRICA,FY14,0.0,83.0,0.0,0.0,83.0,2014,4,annual,83.0,0.0
2558,ida_f80e714bb2b74607b284,Gross Disbursements,Malawi,IDA,AFRICA,FY14,0.0,160.0,0.0,0.0,160.0,2014,4,annual,160.0,0.0
2559,ida_c30900ed11fa044e98ab,Gross Disbursements,Mali,IDA,AFRICA,FY14,51.0,99.0,0.0,0.0,151.0,2014,4,annual,150.0,1.0
2560,ida_b0a886b9d6365946f6f2,Gross Disbursements,Mauritania,IDA,AFRICA,FY14,0.0,19.0,0.0,0.0,19.0,2014,4,annual,19.0,0.0
2561,ida_9127d3af100e78fc6aa4,Gross Disbursements,Mozambique,IDA,AFRICA,FY14,163.0,190.0,0.0,0.0,353.0,2014,4,annual,353.0,0.0
2562,ida_bf3f0f708a6625e52a3f,Gross Disbursements,Niger,IDA,AFRICA,FY14,50.0,59.0,0.0,0.0,109.0,2014,4,annual,109.0,0.0
2563,ida_91fbe8c3c0f1c60502c4,Gross Disbursements,Nigeria,IDA,AFRICA,FY14,175.0,772.0,0.0,0.0,947.0,2014,4,annual,947.0,0.0
2564,ida_02244747b406ffc26701,Gross Disbursements,Rwanda,IDA,AFRICA,FY14,71.0,68.0,0.0,0.0,139.0,2014,4,annual,139.0,0.0
2565,ida_92fd52da27bfbf1f0e64,Gross Disbursements,Sao Tome and Principe,IDA,AFRICA,FY14,6.0,0.0,0.0,0.0,6.0,2014,4,annual,6.0,0.0
2566,ida_5b5804a4a3c27a363604,Gross Disbursements,Senegal,IDA,AFRICA,FY14,30.0,112.0,0.0,0.0,142.0,2014,4,annual,142.0,0.0
2567,ida_3b004892d1d730dcbf5b,Gross Disbursements,Sierra Leone,IDA,AFRICA,FY14,25.0,32.0,0.0,0.0,57.0,2014,4,annual,57.0,0.0
2568,ida_fd046b397eb66b24092c,Gross Disbursements,South Sudan,IDA,AFRICA,FY14,0.0,5.0,0.0,0.0,5.0,2014,4,annual,5.0,0.0
2569,ida_2130741ba99b641bb3b7,Gross Disbursements,Tanzania,IDA,AFRICA,FY14,186.0,436.0,0.0,16.0,638.0,2014,4,annual,638.0,0.0
2570,ida_6f19408eb4f5b0bffb1f,Gross Disbursements,Togo,IDA,AFRICA,FY14,0.0,24.0,0.0,0.0,24.0,2014,4,annual,24.0,0.0
2571,ida_1d8a99580b95171f18a5,Gross Disbursements,Uganda,IDA,AFRICA,FY14,0.0,190.0,0.0,26.0,217.0,2014,4,annual,216.0,1.0
2572,ida_84d7b0d15e30575b88bf,Gross Disbursements,Zambia,IDA,AFRICA,FY14,0.0,100.0,0.0,0.0,100.0,2014,4,annual,100.0,0.0
2573,ida_6a7b85572197f7b92b8e,Gross Disbursements,Cambodia,IDA,EAST ASIA AND PACIFIC,FY14,0.0,44.0,0.0,0.0,44.0,2014,4,annual,44.0,0.0
2574,ida_86bb39d8b0383d866148,Gross Disbursements,Indonesia,IDA,EAST ASIA AND PACIFIC,FY14,0.0,-3.0,0.0,0.0,-3.0,2014,4,annual,-3.0,0.0
2575,ida_3c9abce6f5f8aaa39c05,Gross Disbursements,Kiribati,IDA,EAST ASIA AND PACIFIC,FY14,5.0,8.0,0.0,0.0,13.0,2014,4,annual,13.0,0.0
2576,ida_2cbfeac3127d74999a0d,Gross Disbursements,Lao People's Democratic Republic,IDA,EAST ASIA AND PACIFIC,FY14,20.0,38.0,0.0,0.0,59.0,2014,4,annual,58.0,1.0
2577,ida_0ab91af66bfd05bf8add,Gross Disbursements,Mekong,IDA,EAST ASIA AND PACIFIC,FY14,0.0,0.0,0.0,0.0,0.0,2014,4,annual,0.0,0.0
2578,ida_f3461822b7ea16283e29,Gross Disbursements,"Micronesia, Federated States of",IDA,EAST ASIA AND PACIFIC,FY14,0.0,0.0,0.0,0.0,0.0,2014,4,annual,0.0,0.0
2579,ida_02c9c4ed9f643897653e,Gross Disbursements,Mongolia,IDA,EAST ASIA AND PACIFIC,FY14,0.0,14.0,0.0,0.0,14.0,2014,4,annual,14.0,0.0
2580,ida_e72fc0978d10569eadf0,Gross Disbursements,Myanmar,IDA,EAST ASIA AND PACIFIC,FY14,0.0,3.0,0.0,0.0,3.0,2014,4,annual,3.0,0.0
2581,ida_fae5238c72817cb1f0a3,Gross Disbursements,Pacific Islands,IDA,EAST ASIA AND PACIFIC,FY14,0.0,1.0,0.0,0.0,1.0,2014,4,annual,1.0,0.0
2582,ida_60b489daf92adb3650cb,Gross Disbursements,Papua New Guinea,IDA,EAST ASIA AND PACIFIC,FY14,0.0,34.0,0.0,0.0,34.0,2014,4,annual,34.0,0.0
2583,ida_85af8b395e26c3e99457,Gross Disbursements,Samoa,IDA,EAST ASIA AND PACIFIC,FY14,15.0,6.0,0.0,0.0,21.0,2014,4,annual,21.0,0.0
2584,ida_2fc3e847db128a1d6b48,Gross Disbursements,Solomon Islands,IDA,EAST ASIA AND PACIFIC,FY14,2.0,5.0,0.0,0.0,7.0,2014,4,annual,7.0,0.0
2585,ida_9fabb36e1f8e68f3e606,Gross Disbursements,Timor-Leste,IDA,EAST ASIA AND PACIFIC,FY14,0.0,2.0,0.0,0.0,2.0,2014,4,annual,2.0,0.0
2586,ida_f457b86823fb44f9e9df,Gross Disbursements,Tonga,IDA,EAST ASIA AND PACIFIC,FY14,5.0,7.0,0.0,0.0,12.0,2014,4,annual,12.0,0.0
2587,ida_f4aeab9a060d9d8a6b1c,Gross Disbursements,Tuvalu,IDA,EAST ASIA AND PACIFIC,FY14,3.0,1.0,0.0,0.0,4.0,2014,4,annual,4.0,0.0
2588,ida_08e45bbce55a0f842e9e,Gross Disbursements,Vietnam,IDA,EAST ASIA AND PACIFIC,FY14,297.0,930.0,0.0,22.0,1249.0,2014,4,annual,1249.0,0.0
2589,ida_c34065b33cab34d01a20,Gross Disbursements,Albania,IDA,EUROPE AND CENTRAL ASIA,FY14,0.0,18.0,0.0,0.0,18.0,2014,4,annual,18.0,0.0
2590,ida_3441b5ee4c94bb634f1b,Gross Disbursements,Armenia,IDA,EUROPE AND CENTRAL ASIA,FY14,41.0,18.0,0.0,0.0,59.0,2014,4,annual,59.0,0.0
2591,ida_35ef1b57873f0fc2f4d5,Gross Disbursements,Azerbaijan,IDA,EUROPE AND CENTRAL ASIA,FY14,0.0,116.0,0.0,0.0,116.0,2014,4,annual,116.0,0.0
2592,ida_50cbaf34e71d6d6e42bb,Gross Disbursements,Bosnia and Herzegovina,IDA,EUROPE AND CENTRAL ASIA,FY14,0.0,24.0,0.0,0.0,24.0,2014,4,annual,24.0,0.0
2593,ida_08dfca3d424bcf9ac451,Gross Disbursements,Central Asia,IDA,EUROPE AND CENTRAL ASIA,FY14,0.0,1.0,0.0,0.0,1.0,2014,4,annual,1.0,0.0
2594,ida_cb1d240be2cd59d89a74,Gross Disbursements,Georgia,IDA,EUROPE AND CENTRAL ASIA,FY14,29.0,36.0,0.0,0.0,65.0,2014,4,annual,65.0,0.0
2595,ida_d823c04df138712bb20a,Gross Disbursements,Kosovo,IDA,EUROPE AND CENTRAL ASIA,FY14,0.0,12.0,0.0,0.0,12.0,2014,4,annual,12.0,0.0
2596,ida_03182e1f371945d3f934,Gross Disbursements,Kyrgyz Republic,IDA,EUROPE AND CENTRAL ASIA,FY14,26.0,37.0,0.0,0.0,62.0,2014,4,annual,63.0,-1.0
2597,ida_b7a4a3eca9f2fefae3f0,Gross Disbursements,Moldova,IDA,EUROPE AND CENTRAL ASIA,FY14,21.0,35.0,0.0,0.0,56.0,2014,4,annual,56.0,0.0
2598,ida_bd30f980ab0f9ac0f79d,Gross Disbursements,Montenegro,IDA,EUROPE AND CENTRAL ASIA,FY14,0.0,0.0,0.0,0.0,0.0,2014,4,annual,0.0,0.0
2599,ida_de39fa7af620697f4bf2,Gross Disbursements,Serbia,IDA,EUROPE AND CENTRAL ASIA,FY14,0.0,4.0,0.0,0.0,4.0,2014,4,annual,4.0,0.0
2600,ida_e33f0f436bffab75cbad,Gross Disbursements,Tajikistan,IDA,EUROPE AND CENTRAL ASIA,FY14,0.0,28.0,0.0,0.0,28.0,2014,4,annual,28.0,0.0
2601,ida_bff19e3174edf145ff16,Gross Disbursements,Uzbekistan,IDA,EUROPE AND CENTRAL ASIA,FY14,0.0,74.0,0.0,0.0,74.0,2014,4,annual,74.0,0.0
2602,ida_2fc51a1ea4514db7627d,Gross Disbursements,Bolivia,IDA,LATIN AMERICA AND CARIBBEAN,FY14,0.0,54.0,0.0,0.0,54.0,2014,4,annual,54.0,0.0
2603,ida_51a0e16c7ddcd3495df7,Gross Disbursements,Caribbean,IDA,LATIN AMERICA AND CARIBBEAN,FY14,0.0,0.0,0.0,0.0,0.0,2014,4,annual,0.0,0.0
2604,ida_5114b16e795ccd4b5b57,Gross Disbursements,Dominica,IDA,LATIN AMERICA AND CARIBBEAN,FY14,0.0,1.0,0.0,0.0,1.0,2014,4,annual,1.0,0.0
2605,ida_97a6cae564bfbc0b5e23,Gross Disbursements,Grenada,IDA,LATIN AMERICA AND CARIBBEAN,FY14,0.0,3.0,0.0,0.0,3.0,2014,4,annual,3.0,0.0
2606,ida_f1420f114d4cee889054,Gross Disbursements,Guyana,IDA,LATIN AMERICA AND CARIBBEAN,FY14,0.0,2.0,0.0,0.0,2.0,2014,4,annual,2.0,0.0
2607,ida_79c42745e857544bba9b,Gross Disbursements,Haiti,IDA,LATIN AMERICA AND CARIBBEAN,FY14,20.0,73.0,0.0,0.0,93.0,2014,4,annual,93.0,0.0
2608,ida_30b789c60f2058aa7874,Gross Disbursements,Honduras,IDA,LATIN AMERICA AND CARIBBEAN,FY14,0.0,68.0,0.0,0.0,68.0,2014,4,annual,68.0,0.0
2609,ida_25bd61adb54300037d27,Gross Disbursements,Nicaragua,IDA,LATIN AMERICA AND CARIBBEAN,FY14,0.0,70.0,0.0,0.0,70.0,2014,4,annual,70.0,0.0
2610,ida_2702b481c003084614e1,Gross Disbursements,St. Lucia,IDA,LATIN AMERICA AND CARIBBEAN,FY14,0.0,10.0,0.0,0.0,10.0,2014,4,annual,10.0,0.0
2611,ida_c58c15df3dfa1f4145ad,Gross Disbursements,St. Vincent and the Grenadines,IDA,LATIN AMERICA AND CARIBBEAN,FY14,0.0,4.0,0.0,0.0,4.0,2014,4,annual,4.0,0.0
2612,ida_3ae19411075289b8931c,Gross Disbursements,Djibouti,IDA,MIDDLE EAST AND NORTH AFRICA,FY14,0.0,8.0,0.0,0.0,8.0,2014,4,annual,8.0,0.0
2613,ida_8ffb9ba3d9f4c8ef29d2,Gross Disbursements,"Egypt, Arab Republic of",IDA,MIDDLE EAST AND NORTH AFRICA,FY14,0.0,0.0,0.0,0.0,0.0,2014,4,annual,0.0,0.0
2614,ida_89a11479ece365098933,Gross Disbursements,Iraq,IDA,MIDDLE EAST AND NORTH AFRICA,FY14,0.0,86.0,0.0,0.0,86.0,2014,4,annual,86.0,0.0
2615,ida_66f0b7018af75b766a85,Gross Disbursements,"Yemen, Republic of",IDA,MIDDLE EAST AND NORTH AFRICA,FY14,0.0,179.0,0.0,0.0,179.0,2014,4,annual,179.0,0.0
2616,ida_b111694941eb3da3d6b0,Gross Disbursements,Afghanistan,IDA,SOUTH ASIA,FY14,51.0,186.0,0.0,0.0,238.0,2014,4,annual,237.0,1.0
2617,ida_2b2322bcd0b74cd319fb,Gross Disbursements,Bangladesh,IDA,SOUTH ASIA,FY14,0.0,809.0,0.0,0.0,809.0,2014,4,annual,809.0,0.0
2618,ida_41e92340b3b8f6fcc58f,Gross Disbursements,Bhutan,IDA,SOUTH ASIA,FY14,0.0,8.0,0.0,0.0,8.0,2014,4,annual,8.0,0.0
2619,ida_d5ca49850f7b2b149eb8,Gross Disbursements,India,IDA,SOUTH ASIA,FY14,0.0,1231.0,0.0,0.0,1231.0,2014,4,annual,1231.0,0.0
2620,ida_f7f42cdbcaad965a1411,Gross Disbursements,Maldives,IDA,SOUTH ASIA,FY14,0.0,8.0,0.0,0.0,8.0,2014,4,annual,8.0,0.0
2621,ida_11789635ac397c731c8c,Gross Disbursements,Nepal,IDA,SOUTH ASIA,FY14,31.0,221.0,0.0,0.0,252.0,2014,4,annual,252.0,0.0
2622,ida_f6c8480fc7988e965323,Gross Disbursements,Pakistan,IDA,SOUTH ASIA,FY14,1006.0,522.0,0.0,5.0,1533.0,2014,4,annual,1533.0,0.0
2623,ida_b4a530aafa2b706e1bda,Gross Disbursements,Sri Lanka,IDA,SOUTH ASIA,FY14,0.0,191.0,0.0,0.0,191.0,2014,4,annual,191.0,0.0
2624,ida_dbb3eaaef9952d4d32a3,Commitments,Papua New Guinea,IDA,EAST ASIA AND PACIFIC,FY24,0.0,0.0,0.0,0.0,0.0,2024,4,annual,0.0,0.0
2625,ida_5f0a9ea473317fd5070c,Commitments,Philippines,IDA,EAST ASIA AND PACIFIC,FY24,0.0,0.0,0.0,0.0,0.0,2024,4,annual,0.0,0.0
2626,ida_96f932b675491843fd6b,Commitments,Singapore,IDA,EAST ASIA AND PACIFIC,FY24,0.0,0.0,0.0,0.0,0.0,2024,4,annual,0.0,0.0
2627,ida_73a8d2b018f5a04b620f,Commitments,"Taiwan, China",IDA,EAST ASIA AND PACIFIC,FY24,0.0,0.0,0.0,0.0,0.0,2024,4,annual,0.0,0.0
2628,ida_21d17d0428b1bc830876,Commitments,Thailand,IDA,EAST ASIA AND PACIFIC,FY24,0.0,0.0,0.0,0.0,0.0,2024,4,annual,0.0,0.0
2629,ida_0ddbd1f02e683f37cd7a,Commitments,Timor-Leste,IDA,EAST ASIA AND PACIFIC,FY24,0.0,0.0,0.0,0.0,0.0,2024,4,annual,0.0,0.0
2630,ida_5bf16e2c5cc3afba7a42,Commitments,Viet Nam,IDA,EAST ASIA AND PACIFIC,FY24,0.0,107.0,0.0,0.0,107.0,2024,4,annual,107.0,0.0
2631,ida_92939d5101178fc6d3d5,Commitments,Angola,IDA,EASTERN AND SOUTHERN AFRICA,FY24,0.0,0.0,0.0,0.0,0.0,2024,4,annual,0.0,0.0
2632,ida_05a151d7c644434e0af2,Commitments,Botswana,IDA,EASTERN AND SOUTHERN AFRICA,FY24,0.0,0.0,0.0,0.0,0.0,2024,4,annual,0.0,0.0
2633,ida_72ea6525523114b04df7,Commitments,Burundi,IDA,EASTERN AND SOUTHERN AFRICA,FY24,0.0,432.0,0.0,0.0,432.0,2024,4,annual,432.0,0.0
2634,ida_d319700ab19f7bec85fb,Commitments,Comoros,IDA,EASTERN AND SOUTHERN AFRICA,FY24,20.0,20.0,0.0,0.0,40.0,2024,4,annual,40.0,0.0
2635,ida_ddd6b4935c5bf1eda0c8,Commitments,"Congo, Democratic Republic of",IDA,EASTERN AND SOUTHERN AFRICA,FY24,0.0,650.0,0.0,0.0,650.0,2024,4,annual,650.0,0.0
2636,ida_706077049a471e1fd87b,Commitments,Eastern and Southern Africa,IDA,EASTERN AND SOUTHERN AFRICA,FY24,0.0,442.0,0.0,0.0,442.0,2024,4,annual,442.0,0.0
2637,ida_10d026ad8104aad0dae9,Commitments,Eswatini,IDA,EASTERN AND SOUTHERN AFRICA,FY24,0.0,0.0,0.0,0.0,0.0,2024,4,annual,0.0,0.0
2638,ida_1ddb33060e66ac3137fc,Commitments,Ethiopia,IDA,EASTERN AND SOUTHERN AFRICA,FY24,0.0,3095.0,0.0,300.0,3395.0,2024,4,annual,3395.0,0.0
2639,ida_f907578c6c5d5d44d899,Commitments,Kenya,IDA,EASTERN AND SOUTHERN AFRICA,FY24,350.0,653.0,0.0,650.0,1653.0,2024,4,annual,1653.0,0.0
2640,ida_7ad91ed9a8d82c447733,Commitments,Lesotho,IDA,EASTERN AND SOUTHERN AFRICA,FY24,0.0,92.0,0.0,0.0,92.0,2024,4,annual,92.0,0.0
2641,ida_808a1c2ebdde44b3b9a8,Commitments,Madagascar,IDA,EASTERN AND SOUTHERN AFRICA,FY24,0.0,245.0,0.0,0.0,245.0,2024,4,annual,245.0,0.0
2642,ida_3f93a96fdb4b3935df38,Commitments,Malawi,IDA,EASTERN AND SOUTHERN AFRICA,FY24,137.0,455.0,0.0,80.0,672.0,2024,4,annual,672.0,0.0
2643,ida_6774bd9742e36072ddcd,Commitments,Mauritius,IDA,EASTERN AND SOUTHERN AFRICA,FY24,0.0,0.0,0.0,0.0,0.0,2024,4,annual,0.0,0.0
2644,ida_09010fb2b90d1d68b88c,Commitments,Mozambique,IDA,EASTERN AND SOUTHERN AFRICA,FY24,300.0,580.0,0.0,250.0,1130.0,2024,4,annual,1130.0,0.0
2645,ida_99db4c762c1efce7510c,Commitments,Namibia,IDA,EASTERN AND SOUTHERN AFRICA,FY24,0.0,0.0,0.0,0.0,0.0,2024,4,annual,0.0,0.0
2646,ida_2931c71e09e815d7abcc,Commitments,Rwanda,IDA,EASTERN AND SOUTHERN AFRICA,FY24,125.0,676.0,0.0,0.0,801.0,2024,4,annual,801.0,0.0
2647,ida_fcbdf35b20c01addf99d,Commitments,Sao Tome and Principe,IDA,EASTERN AND SOUTHERN AFRICA,FY24,15.0,62.0,0.0,0.0,77.0,2024,4,annual,77.0,0.0
2648,ida_c294f1a04caad2b0874a,Commitments,Seychelles,IDA,EASTERN AND SOUTHERN AFRICA,FY24,0.0,0.0,0.0,0.0,0.0,2024,4,annual,0.0,0.0
2649,ida_fe738c3823aeb700b807,Commitments,Somalia,IDA,EASTERN AND SOUTHERN AFRICA,FY24,75.0,355.0,0.0,0.0,430.0,2024,4,annual,430.0,0.0
2650,ida_3f53dd639ec43eeac2ce,Commitments,South Africa,IDA,EASTERN AND SOUTHERN AFRICA,FY24,0.0,0.0,0.0,0.0,0.0,2024,4,annual,0.0,0.0
2651,ida_019463d3142a2c7fe5c7,Commitments,Southern Africa,IDA,EASTERN AND SOUTHERN AFRICA,FY24,0.0,0.0,0.0,0.0,0.0,2024,4,annual,0.0,0.0
2652,ida_6b5f5242e63270b3e742,Commitments,Sudan,IDA,EASTERN AND SOUTHERN AFRICA,FY24,0.0,0.0,0.0,0.0,0.0,2024,4,annual,0.0,0.0
2653,ida_6a8ed12bf3985318fbaa,Commitments,Tanzania,IDA,EASTERN AND SOUTHERN AFRICA,FY24,750.0,715.0,0.0,350.0,1815.0,2024,4,annual,1815.0,0.0
2654,ida_bbecd119d5b25f01d867,Commitments,Uganda,IDA,EASTERN AND SOUTHERN AFRICA,FY24,0.0,0.0,0.0,0.0,0.0,2024,4,annual,0.0,0.0
2655,ida_2c5445d6e9b92a759fdf,Commitments,Zambia,IDA,EASTERN AND SOUTHERN AFRICA,FY24,125.0,470.0,0.0,100.0,695.0,2024,4,annual,695.0,0.0
2656,ida_0740d305637cfe4c4309,Commitments,Zimbabwe,IDA,EASTERN AND SOUTHERN AFRICA,FY24,0.0,0.0,0.0,0.0,0.0,2024,4,annual,0.0,0.0
2657,ida_46de5fc4df2986dfeb8b,Commitments,Albania,IDA,EUROPE AND CENTRAL ASIA,FY24,0.0,0.0,0.0,0.0,0.0,2024,4,annual,0.0,0.0
2658,ida_55685deb8570f37817bc,Commitments,Armenia,IDA,EUROPE AND CENTRAL ASIA,FY24,0.0,0.0,0.0,0.0,0.0,2024,4,annual,0.0,0.0
2659,ida_d5937298fd9acef49319,Commitments,Austria,IDA,EUROPE AND CENTRAL ASIA,FY24,0.0,0.0,0.0,0.0,0.0,2024,4,annual,0.0,0.0
2660,ida_b2479906fb03f765e82d,Commitments,Azerbaijan,IDA,EUROPE AND CENTRAL ASIA,FY24,0.0,0.0,0.0,0.0,0.0,2024,4,annual,0.0,0.0
2661,ida_34e24cefc8bb6416364f,Commitments,Belarus,IDA,EUROPE AND CENTRAL ASIA,FY24,0.0,0.0,0.0,0.0,0.0,2024,4,annual,0.0,0.0
2662,ida_a0391c255753b913e9bf,Commitments,Belgium,IDA,EUROPE AND CENTRAL ASIA,FY24,0.0,0.0,0.0,0.0,0.0,2024,4,annual,0.0,0.0
2663,ida_80af948c6e524102585e,Commitments,Bosnia and Herzegovina,IDA,EUROPE AND CENTRAL ASIA,FY24,0.0,0.0,0.0,0.0,0.0,2024,4,annual,0.0,0.0
2664,ida_73ed02dc41c97e70e00d,Commitments,Bulgaria,IDA,EUROPE AND CENTRAL ASIA,FY24,0.0,0.0,0.0,0.0,0.0,2024,4,annual,0.0,0.0
2665,ida_66b7f8404109254a79cc,Commitments,Croatia,IDA,EUROPE AND CENTRAL ASIA,FY24,0.0,0.0,0.0,0.0,0.0,2024,4,annual,0.0,0.0
2666,ida_6847347f6d783657d259,Commitments,Cyprus,IDA,EUROPE AND CENTRAL ASIA,FY24,0.0,0.0,0.0,0.0,0.0,2024,4,annual,0.0,0.0
2667,ida_be9b0a3d60106e488ed1,Commitments,Czechia,IDA,EUROPE AND CENTRAL ASIA,FY24,0.0,0.0,0.0,0.0,0.0,2024,4,annual,0.0,0.0
2668,ida_f560b43b74f796a3df72,Commitments,Denmark,IDA,EUROPE AND CENTRAL ASIA,FY24,0.0,0.0,0.0,0.0,0.0,2024,4,annual,0.0,0.0
2669,ida_1018b13d222ed8662992,Commitments,Estonia,IDA,EUROPE AND CENTRAL ASIA,FY24,0.0,0.0,0.0,0.0,0.0,2024,4,annual,0.0,0.0
2670,ida_960736dfee0341bdc95d,Commitments,Finland,IDA,EUROPE AND CENTRAL ASIA,FY24,0.0,0.0,0.0,0.0,0.0,2024,4,annual,0.0,0.0
2671,ida_4d6e8dc6d0cee6b80124,Commitments,France,IDA,EUROPE AND CENTRAL ASIA,FY24,0.0,0.0,0.0,0.0,0.0,2024,4,annual,0.0,0.0
2672,ida_b57f824363986fd44b68,Commitments,Georgia,IDA,EUROPE AND CENTRAL ASIA,FY24,0.0,0.0,0.0,0.0,0.0,2024,4,annual,0.0,0.0
2673,ida_0bcc0b4204349ba97ad5,Commitments,Greece,IDA,EUROPE AND CENTRAL ASIA,FY24,0.0,0.0,0.0,0.0,0.0,2024,4,annual,0.0,0.0
2674,ida_0070ab4949241c0d5667,Commitments,Hungary,IDA,EUROPE AND CENTRAL ASIA,FY24,0.0,0.0,0.0,0.0,0.0,2024,4,annual,0.0,0.0
2675,ida_d98990aa05663027b358,Commitments,Iceland,IDA,EUROPE AND CENTRAL ASIA,FY24,0.0,0.0,0.0,0.0,0.0,2024,4,annual,0.0,0.0
2676,ida_e2a11a4aa467f174192e,Commitments,Ireland,IDA,EUROPE AND CENTRAL ASIA,FY24,0.0,0.0,0.0,0.0,0.0,2024,4,annual,0.0,0.0
2677,ida_e0cf7b83698a5b5b3a32,Commitments,Italy,IDA,EUROPE AND CENTRAL ASIA,FY24,0.0,0.0,0.0,0.0,0.0,2024,4,annual,0.0,0.0
2678,ida_72b426e998734e707d6b,Commitments,Kazakhstan,IDA,EUROPE AND CENTRAL ASIA,FY24,0.0,0.0,0.0,0.0,0.0,2024,4,annual,0.0,0.0
2679,ida_aea3ec12d7cb9e6a3e41,Commitments,Kosovo,IDA,EUROPE AND CENTRAL ASIA,FY24,100.0,40.0,0.0,0.0,140.0,2024,4,annual,140.0,0.0
2680,ida_6d0cb1d1df79cb76c40b,Commitments,Latvia,IDA,EUROPE AND CENTRAL ASIA,FY24,0.0,0.0,0.0,0.0,0.0,2024,4,annual,0.0,0.0
2681,ida_01f33a3a7ae56a358bc2,Commitments,Lithuania,IDA,EUROPE AND CENTRAL ASIA,FY24,0.0,0.0,0.0,0.0,0.0,2024,4,annual,0.0,0.0
2682,ida_57f8f3afdc0346a1a7d2,Commitments,Luxembourg,IDA,EUROPE AND CENTRAL ASIA,FY24,0.0,0.0,0.0,0.0,0.0,2024,4,annual,0.0,0.0
2683,ida_ec9104eaa000b4c2574e,Commitments,Moldova,IDA,EUROPE AND CENTRAL ASIA,FY24,0.0,6.0,0.0,0.0,6.0,2024,4,annual,6.0,0.0
2684,ida_052c1976206b41a75569,Commitments,Montenegro,IDA,EUROPE AND CENTRAL ASIA,FY24,0.0,0.0,0.0,0.0,0.0,2024,4,annual,0.0,0.0
2685,ida_f5a5a0039e205f7e5981,Commitments,Netherlands,IDA,EUROPE AND CENTRAL ASIA,FY24,0.0,0.0,0.0,0.0,0.0,2024,4,annual,0.0,0.0
2686,ida_a8e9715ced5c30ca27a4,Commitments,North Macedonia,IDA,EUROPE AND CENTRAL ASIA,FY24,0.0,0.0,0.0,0.0,0.0,2024,4,annual,0.0,0.0
2687,ida_fe6fb6734665054dccd5,Commitments,Norway,IDA,EUROPE AND CENTRAL ASIA,FY24,0.0,0.0,0.0,0.0,0.0,2024,4,annual,0.0,0.0
2688,ida_45542bd510b06f471d69,Commitments,Poland,IDA,EUROPE AND CENTRAL ASIA,FY24,0.0,0.0,0.0,0.0,0.0,2024,4,annual,0.0,0.0
2689,ida_955f5953f9b13a10119a,Commitments,Portugal,IDA,EUROPE AND CENTRAL ASIA,FY24,0.0,0.0,0.0,0.0,0.0,2024,4,annual,0.0,0.0
2690,ida_8ce82398cb2eccbccb36,Commitments,Romania,IDA,EUROPE AND CENTRAL ASIA,FY24,0.0,0.0,0.0,0.0,0.0,2024,4,annual,0.0,0.0
2691,ida_757b439ef9d61f82e73b,Commitments,Russian Federation,IDA,EUROPE AND CENTRAL ASIA,FY24,0.0,0.0,0.0,0.0,0.0,2024,4,annual,0.0,0.0
2692,ida_42dc80b2e556684a0dd4,Commitments,Serbia,IDA,EUROPE AND CENTRAL ASIA,FY24,0.0,0.0,0.0,0.0,0.0,2024,4,annual,0.0,0.0
2693,ida_3c4d2a9f1939a5d1f59b,Commitments,Slovak Republic,IDA,EUROPE AND CENTRAL ASIA,FY24,0.0,0.0,0.0,0.0,0.0,2024,4,annual,0.0,0.0
2694,ida_6571aaa3b8b406279c85,Commitments,Slovenia,IDA,EUROPE AND CENTRAL ASIA,FY24,0.0,0.0,0.0,0.0,0.0,2024,4,annual,0.0,0.0
2695,ida_13c8b5042e96448f962c,Commitments,Spain,IDA,EUROPE AND CENTRAL ASIA,FY24,0.0,0.0,0.0,0.0,0.0,2024,4,annual,0.0,0.0
2696,ida_3c13a6fd38890877efa7,Commitments,Turkiye,IDA,EUROPE AND CENTRAL ASIA,FY24,0.0,0.0,0.0,0.0,0.0,2024,4,annual,0.0,0.0
2697,ida_26ac53f81fc751781eef,Commitments,Turkmenistan,IDA,EUROPE AND CENTRAL ASIA,FY24,0.0,0.0,0.0,0.0,0.0,2024,4,annual,0.0,0.0
2698,ida_778f884a84420a3bdf5c,Commitments,Ukraine,IDA,EUROPE AND CENTRAL ASIA,FY24,0.0,0.0,0.0,0.0,0.0,2024,4,annual,0.0,0.0
2699,ida_133f829c060c50942c91,Commitments,Uzbekistan,IDA,EUROPE AND CENTRAL ASIA,FY24,500.0,150.0,0.0,0.0,650.0,2024,4,annual,650.0,0.0
2700,ida_0db68b4aca3314158a15,Commitments,"Yugoslavia, former",IDA,EUROPE AND CENTRAL ASIA,FY24,0.0,0.0,0.0,0.0,0.0,2024,4,annual,0.0,0.0
2701,ida_04e740fdd94ad483ec0f,Commitments,Antigua and Barbuda,IDA,LATIN AMERICA AND CARIBBEAN,FY24,0.0,0.0,0.0,0.0,0.0,2024,4,annual,0.0,0.0
2702,ida_1c1c0abfa756836c31ea,Commitments,Argentina,IDA,LATIN AMERICA AND CARIBBEAN,FY24,0.0,0.0,0.0,0.0,0.0,2024,4,annual,0.0,0.0
2703,ida_278a948d7e8545f75e5b,Commitments,"Bahamas, The",IDA,LATIN AMERICA AND CARIBBEAN,FY24,0.0,0.0,0.0,0.0,0.0,2024,4,annual,0.0,0.0
2704,ida_290de1182b591e1dae2e,Commitments,Barbados,IDA,LATIN AMERICA AND CARIBBEAN,FY24,0.0,0.0,0.0,0.0,0.0,2024,4,annual,0.0,0.0
2705,ida_36232164bd349fba1dca,Commitments,Belize,IDA,LATIN AMERICA AND CARIBBEAN,FY24,0.0,0.0,0.0,0.0,0.0,2024,4,annual,0.0,0.0
2706,ida_685e28337f7be187f72a,Commitments,Bolivia,IDA,LATIN AMERICA AND CARIBBEAN,FY24,0.0,0.0,0.0,0.0,0.0,2024,4,annual,0.0,0.0
2707,ida_8d94bc8604e0fe6b5ea7,Commitments,Brazil,IDA,LATIN AMERICA AND CARIBBEAN,FY24,0.0,0.0,0.0,0.0,0.0,2024,4,annual,0.0,0.0
2708,ida_e993d2664ec7f490fcd9,Commitments,Caribbean,IDA,LATIN AMERICA AND CARIBBEAN,FY24,0.0,0.0,0.0,0.0,0.0,2024,4,annual,0.0,0.0
2709,ida_99c938eed31606db8e41,Commitments,Chile,IDA,LATIN AMERICA AND CARIBBEAN,FY24,0.0,0.0,0.0,0.0,0.0,2024,4,annual,0.0,0.0
2710,ida_d41aa1fbc8058f54b7e8,Commitments,Colombia,IDA,LATIN AMERICA AND CARIBBEAN,FY24,0.0,0.0,0.0,0.0,0.0,2024,4,annual,0.0,0.0
2711,ida_316937b90cb10775e339,Commitments,Costa Rica,IDA,LATIN AMERICA AND CARIBBEAN,FY24,0.0,0.0,0.0,0.0,0.0,2024,4,annual,0.0,0.0
2712,ida_907087615df74d17e15d,Commitments,Dominica,IDA,LATIN AMERICA AND CARIBBEAN,FY24,0.0,47.0,0.0,0.0,47.0,2024,4,annual,47.0,0.0
2713,ida_a581929e1e17a73e1913,Commitments,Dominican Republic,IDA,LATIN AMERICA AND CARIBBEAN,FY24,0.0,0.0,0.0,0.0,0.0,2024,4,annual,0.0,0.0
2714,ida_6b599c326bf3f725ce22,Commitments,Ecuador,IDA,LATIN AMERICA AND CARIBBEAN,FY24,0.0,0.0,0.0,0.0,0.0,2024,4,annual,0.0,0.0
2715,ida_01ae833dc8bfda317f6c,Commitments,El Salvador,IDA,LATIN AMERICA AND CARIBBEAN,FY24,0.0,0.0,0.0,0.0,0.0,2024,4,annual,0.0,0.0
2716,ida_5e8197357d0999d5819c,Commitments,Grenada,IDA,LATIN AMERICA AND CARIBBEAN,FY24,29.0,25.0,0.0,0.0,54.0,2024,4,annual,54.0,0.0
2717,ida_ef7b5e8b917e6e04111a,Commitments,Guatemala,IDA,LATIN AMERICA AND CARIBBEAN,FY24,0.0,0.0,0.0,0.0,0.0,2024,4,annual,0.0,0.0
2718,ida_b403baf4ff714620213a,Commitments,Guyana,IDA,LATIN AMERICA AND CARIBBEAN,FY24,35.0,0.0,0.0,0.0,35.0,2024,4,annual,35.0,0.0
2719,ida_b1b064549cf1c81610cc,Commitments,Haiti,IDA,LATIN AMERICA AND CARIBBEAN,FY24,0.0,12.0,0.0,0.0,12.0,2024,4,annual,12.0,0.0
2720,ida_2c5c4d7cc7cf27fac28a,Commitments,Honduras,IDA,LATIN AMERICA AND CARIBBEAN,FY24,0.0,40.0,0.0,0.0,40.0,2024,4,annual,40.0,0.0
2721,ida_4e8217e9ed9513caa3ab,Commitments,Jamaica,IDA,LATIN AMERICA AND CARIBBEAN,FY24,0.0,0.0,0.0,0.0,0.0,2024,4,annual,0.0,0.0
2722,ida_9e371ffad07364fa40e4,Commitments,Mexico,IDA,LATIN AMERICA AND CARIBBEAN,FY24,0.0,0.0,0.0,0.0,0.0,2024,4,annual,0.0,0.0
2723,ida_ba7d5ab9897910365860,Commitments,Nicaragua,IDA,LATIN AMERICA AND CARIBBEAN,FY24,0.0,0.0,0.0,0.0,0.0,2024,4,annual,0.0,0.0
2724,ida_bce8b58e9b1a0d656ac9,Commitments,Panama,IDA,LATIN AMERICA AND CARIBBEAN,FY24,0.0,0.0,0.0,0.0,0.0,2024,4,annual,0.0,0.0
2725,ida_e8f90436667ee4907218,Commitments,Paraguay,IDA,LATIN AMERICA AND CARIBBEAN,FY24,0.0,0.0,0.0,0.0,0.0,2024,4,annual,0.0,0.0
2726,ida_7645e54e7144d2d69496,Commitments,Peru,IDA,LATIN AMERICA AND CARIBBEAN,FY24,0.0,0.0,0.0,0.0,0.0,2024,4,annual,0.0,0.0
2727,ida_39bf5459f0f7f20e4fca,Commitments,St. Kitts and Nevis,IDA,LATIN AMERICA AND CARIBBEAN,FY24,0.0,0.0,0.0,0.0,0.0,2024,4,annual,0.0,0.0
2728,ida_6a05be68a7b1ee015452,Commitments,St. Lucia,IDA,LATIN AMERICA AND CARIBBEAN,FY24,40.0,25.0,0.0,0.0,65.0,2024,4,annual,65.0,0.0
2729,ida_71f19c843eb437c3a4c9,Commitments,St. Vincent and the Grenadines,IDA,LATIN AMERICA AND CARIBBEAN,FY24,0.0,10.0,0.0,0.0,10.0,2024,4,annual,10.0,0.0
2730,ida_19a18cce8af25112dece,Commitments,Suriname,IDA,LATIN AMERICA AND CARIBBEAN,FY24,0.0,0.0,0.0,0.0,0.0,2024,4,annual,0.0,0.0
2731,ida_198c659b2057ee314feb,Commitments,Trinidad and Tobago,IDA,LATIN AMERICA AND CARIBBEAN,FY24,0.0,0.0,0.0,0.0,0.0,2024,4,annual,0.0,0.0
2732,ida_57d3f672f5a03157230e,Commitments,Uruguay,IDA,LATIN AMERICA AND CARIBBEAN,FY24,0.0,0.0,0.0,0.0,0.0,2024,4,annual,0.0,0.0
2733,ida_052a80d1c51cb573c3c9,Commitments,"Venezuela, Republica Bolivariana de",IDA,LATIN AMERICA AND CARIBBEAN,FY24,0.0,0.0,0.0,0.0,0.0,2024,4,annual,0.0,0.0
2734,ida_b72aeb56c3b14d5975c3,Commitments,Algeria,IDA,MIDDLE EAST AND NORTH AFRICA,FY24,0.0,0.0,0.0,0.0,0.0,2024,4,annual,0.0,0.0
2735,ida_6d162a02a98ed97a8efa,Commitments,"Egypt, Arab Republic of",IDA,MIDDLE EAST AND NORTH AFRICA,FY24,0.0,0.0,0.0,0.0,0.0,2024,4,annual,0.0,0.0
2736,ida_49c3694c4153b1a448f3,Commitments,"Iran, Islamic Republic of",IDA,MIDDLE EAST AND NORTH AFRICA,FY24,0.0,0.0,0.0,0.0,0.0,2024,4,annual,0.0,0.0
2737,ida_6cfdefcc75e41e6eec2e,Commitments,Iraq,IDA,MIDDLE EAST AND NORTH AFRICA,FY24,0.0,0.0,0.0,0.0,0.0,2024,4,annual,0.0,0.0
2738,ida_6560345124f3c24a2c59,Commitments,Israel,IDA,MIDDLE EAST AND NORTH AFRICA,FY24,0.0,0.0,0.0,0.0,0.0,2024,4,annual,0.0,0.0
2739,ida_87d5b37b79fe98e86fc3,Commitments,Jordan,IDA,MIDDLE EAST AND NORTH AFRICA,FY24,0.0,0.0,0.0,0.0,0.0,2024,4,annual,0.0,0.0
2740,ida_05c2d9c70e484f2818fd,Commitments,Lebanon,IDA,MIDDLE EAST AND NORTH AFRICA,FY24,0.0,0.0,0.0,0.0,0.0,2024,4,annual,0.0,0.0
2741,ida_aac27539292ed9fb36bd,Commitments,Malta,IDA,MIDDLE EAST AND NORTH AFRICA,FY24,0.0,0.0,0.0,0.0,0.0,2024,4,annual,0.0,0.0
2742,ida_390ecef20e59d7c7e850,Commitments,Morocco,IDA,MIDDLE EAST AND NORTH AFRICA,FY24,0.0,0.0,0.0,0.0,0.0,2024,4,annual,0.0,0.0
2743,ida_537d224fdc330c057249,Commitments,Oman,IDA,MIDDLE EAST AND NORTH AFRICA,FY24,0.0,0.0,0.0,0.0,0.0,2024,4,annual,0.0,0.0
2744,ida_8c04282b2ff8280b9856,Commitments,Syrian Arab Republic,IDA,MIDDLE EAST AND NORTH AFRICA,FY24,0.0,0.0,0.0,0.0,0.0,2024,4,annual,0.0,0.0
2745,ida_d1bec2fbc25fc16926c7,Commitments,Tunisia,IDA,MIDDLE EAST AND NORTH AFRICA,FY24,0.0,0.0,0.0,0.0,0.0,2024,4,annual,0.0,0.0
2746,ida_3739dad0c84db25851bd,Commitments,Bangladesh,IDA,SOUTH ASIA,FY24,500.0,2562.0,0.0,300.0,3362.0,2024,4,annual,3362.0,0.0
2747,ida_7ef0bafbadbdf7305f3f,Commitments,India,IDA,SOUTH ASIA,FY24,32.0,0.0,0.0,0.0,32.0,2024,4,annual,32.0,0.0
2748,ida_2e604d561ba544fa2f95,Commitments,Pakistan,IDA,SOUTH ASIA,FY24,350.0,1281.0,0.0,500.0,2131.0,2024,4,annual,2131.0,0.0
2749,ida_cf6f7d4cc7b0a2d5f5a0,Commitments,Sri Lanka,IDA,SOUTH ASIA,FY24,0.0,300.0,0.0,0.0,300.0,2024,4,annual,300.0,0.0
2750,ida_e490494281d71abf5f3b,Commitments,Benin,IDA,WESTERN AND CENTRAL AFRICA,FY24,230.0,150.0,0.0,0.0,380.0,2024,4,annual,380.0,0.0
2751,ida_a20ef6ec4da8bbe0852d,Commitments,Burkina Faso,IDA,WESTERN AND CENTRAL AFRICA,FY24,0.0,625.0,0.0,0.0,625.0,2024,4,annual,625.0,0.0
2752,ida_40de9f60b87062ab497d,Commitments,Cabo Verde,IDA,WESTERN AND CENTRAL AFRICA,FY24,25.0,95.0,0.0,0.0,120.0,2024,4,annual,120.0,0.0
2753,ida_47cc1d39c561cd640a2c,Commitments,Cameroon,IDA,WESTERN AND CENTRAL AFRICA,FY24,0.0,155.0,0.0,300.0,455.0,2024,4,annual,455.0,0.0
2754,ida_699cfcee51bc24fd42b7,Commitments,Central African Republic,IDA,WESTERN AND CENTRAL AFRICA,FY24,0.0,295.0,0.0,0.0,295.0,2024,4,annual,295.0,0.0
2755,ida_6b4eee6f3c29e6a38b86,Commitments,Chad,IDA,WESTERN AND CENTRAL AFRICA,FY24,0.0,437.0,0.0,0.0,437.0,2024,4,annual,437.0,0.0
2756,ida_9afe657f17f0cb62e11d,Commitments,"Congo, Republic of",IDA,WESTERN AND CENTRAL AFRICA,FY24,45.0,110.0,0.0,80.0,235.0,2024,4,annual,235.0,0.0
2757,ida_64db54b5c760a33c1981,Commitments,Cote d'Ivoire,IDA,WESTERN AND CENTRAL AFRICA,FY24,300.0,257.0,0.0,200.0,757.0,2024,4,annual,757.0,0.0
2758,ida_9f34cd7667029cbdbe59,Commitments,Gabon,IDA,WESTERN AND CENTRAL AFRICA,FY24,0.0,0.0,0.0,0.0,0.0,2024,4,annual,0.0,0.0
2759,ida_844990b60186b41040ba,Commitments,Ghana,IDA,WESTERN AND CENTRAL AFRICA,FY24,300.0,250.0,0.0,250.0,800.0,2024,4,annual,800.0,0.0
2760,ida_b352f9bf92a69cf76cd4,Commitments,Guinea,IDA,WESTERN AND CENTRAL AFRICA,FY24,0.0,150.0,0.0,0.0,150.0,2024,4,annual,150.0,0.0
2761,ida_33e1fbd0b5a0667e78a4,Commitments,Guinea-Bissau,IDA,WESTERN AND CENTRAL AFRICA,FY24,0.0,95.0,0.0,0.0,95.0,2024,4,annual,95.0,0.0
2762,ida_d291c4b748babf18fc81,Commitments,Liberia,IDA,WESTERN AND CENTRAL AFRICA,FY24,0.0,169.0,0.0,0.0,169.0,2024,4,annual,169.0,0.0
2763,ida_110ad57e0485719efbbd,Commitments,Mali,IDA,WESTERN AND CENTRAL AFRICA,FY24,0.0,100.0,0.0,0.0,100.0,2024,4,annual,100.0,0.0
2764,ida_a4124c9841f26757c878,Commitments,Mauritania,IDA,WESTERN AND CENTRAL AFRICA,FY24,48.0,223.0,0.0,0.0,271.0,2024,4,annual,271.0,0.0
2765,ida_5a7277ae2a2c3c43ad7c,Commitments,Niger,IDA,WESTERN AND CENTRAL AFRICA,FY24,0.0,350.0,0.0,0.0,350.0,2024,4,annual,350.0,0.0
2766,ida_a79ac097f28a5de36f71,Commitments,Nigeria,IDA,WESTERN AND CENTRAL AFRICA,FY24,750.0,1450.0,0.0,0.0,2200.0,2024,4,annual,2200.0,0.0
2767,ida_07d411435e5960835d5b,Commitments,Senegal,IDA,WESTERN AND CENTRAL AFRICA,FY24,0.0,650.0,0.0,50.0,700.0,2024,4,annual,700.0,0.0
2768,ida_e127dcf5c08e3be93fa7,Commitments,Sierra Leone,IDA,WESTERN AND CENTRAL AFRICA,FY24,65.0,94.0,0.0,0.0,159.0,2024,4,annual,159.0,0.0
2769,ida_1d58c93fd707aa331b5b,Commitments,Togo,IDA,WESTERN AND CENTRAL AFRICA,FY24,150.0,286.0,0.0,75.0,511.0,2024,4,annual,511.0,0.0
2770,ida_20c3f8783bc002eda6a5,Commitments,Western and Central Africa,IDA,WESTERN AND CENTRAL AFRICA,FY24,0.0,142.0,0.0,0.0,142.0,2024,4,annual,142.0,0.0
2771,ida_a601ec1f79e62852ee16,Commitments,Cambodia,IDA,EAST ASIA AND PACIFIC,FY24,275.0,443.0,0.0,0.0,718.0,2024,4,annual,718.0,0.0
2772,ida_7b8217e90d467d9704e2,Commitments,Kiribati,IDA,EAST ASIA AND PACIFIC,FY24,10.0,10.0,0.0,0.0,20.0,2024,4,annual,20.0,0.0
2773,ida_688feb4d952a93733d20,Commitments,Lao People's Democratic Republic,IDA,EAST ASIA AND PACIFIC,FY24,0.0,76.0,0.0,0.0,76.0,2024,4,annual,76.0,0.0
2774,ida_675f558d7890638ceda7,Commitments,Marshall Islands,IDA,EAST ASIA AND PACIFIC,FY24,0.0,15.0,0.0,0.0,15.0,2024,4,annual,15.0,0.0
2775,ida_55f0f878562cb52cf267,Commitments,Mekong,IDA,EAST ASIA AND PACIFIC,FY24,0.0,0.0,0.0,0.0,0.0,2024,4,annual,0.0,0.0
2776,ida_902568717e676d107b8d,Commitments,"Micronesia, Federated States of",IDA,EAST ASIA AND PACIFIC,FY24,0.0,0.0,0.0,0.0,0.0,2024,4,annual,0.0,0.0
2777,ida_01f539a68c307ed2d72b,Commitments,Pacific Islands,IDA,EAST ASIA AND PACIFIC,FY24,0.0,9.0,0.0,0.0,9.0,2024,4,annual,9.0,0.0
2778,ida_f170d522581eafd88d35,Commitments,Samoa,IDA,EAST ASIA AND PACIFIC,FY24,0.0,0.0,0.0,0.0,0.0,2024,4,annual,0.0,0.0
2779,ida_2d4a6b4ace0350fb24ba,Commitments,Solomon Islands,IDA,EAST ASIA AND PACIFIC,FY24,20.0,26.0,0.0,0.0,46.0,2024,4,annual,46.0,0.0
2780,ida_9ae4bab239af706f1f1b,Commitments,South East Asia,IDA,EAST ASIA AND PACIFIC,FY24,0.0,0.0,0.0,0.0,0.0,2024,4,annual,0.0,0.0
2781,ida_6e03cfc43dfbba4da2e1,Commitments,Tonga,IDA,EAST ASIA AND PACIFIC,FY24,25.0,0.0,0.0,0.0,25.0,2024,4,annual,25.0,0.0
2782,ida_bb3f63cbf1b7751a2b23,Commitments,Tuvalu,IDA,EAST ASIA AND PACIFIC,FY24,12.0,55.0,0.0,0.0,67.0,2024,4,annual,67.0,0.0
2783,ida_dfba9450251fc5451469,Commitments,Vanuatu,IDA,EAST ASIA AND PACIFIC,FY24,0.0,30.0,0.0,0.0,30.0,2024,4,annual,30.0,0.0
2784,ida_3109e1819a0e1d5f68e0,Commitments,Eritrea,IDA,EASTERN AND SOUTHERN AFRICA,FY24,0.0,0.0,0.0,0.0,0.0,2024,4,annual,0.0,0.0
2785,ida_22f4e00674f20d17b8f1,Commitments,South Sudan,IDA,EASTERN AND SOUTHERN AFRICA,FY24,0.0,166.0,0.0,0.0,166.0,2024,4,annual,166.0,0.0
2786,ida_4b7f99651954f05569f5,Commitments,Central Asia,IDA,EUROPE AND CENTRAL ASIA,FY24,0.0,0.0,0.0,0.0,0.0,2024,4,annual,0.0,0.0
2787,ida_2ab8dcc9d5c5cbff99b3,Commitments,Kyrgyz Republic,IDA,EUROPE AND CENTRAL ASIA,FY24,0.0,193.0,0.0,0.0,193.0,2024,4,annual,193.0,0.0
2788,ida_89519e510caf10b6f039,Commitments,Tajikistan,IDA,EUROPE AND CENTRAL ASIA,FY24,0.0,111.0,0.0,0.0,111.0,2024,4,annual,111.0,0.0
2789,ida_5ac5a762876a12527150,Commitments,Central America,IDA,LATIN AMERICA AND CARIBBEAN,FY24,0.0,0.0,0.0,0.0,0.0,2024,4,annual,0.0,0.0
2790,ida_2ec4f46381d2c7d8fc39,Commitments,OECS Countries,IDA,LATIN AMERICA AND CARIBBEAN,FY24,0.0,6.0,0.0,0.0,6.0,2024,4,annual,6.0,0.0
2791,ida_4ad8bb27388178801fda,Commitments,Djibouti,IDA,MIDDLE EAST AND NORTH AFRICA,FY24,0.0,40.0,0.0,0.0,40.0,2024,4,annual,40.0,0.0
2792,ida_cce3108e3ec1cd6efedd,Commitments,Middle East and North Africa,IDA,MIDDLE EAST AND NORTH AFRICA,FY24,0.0,0.0,0.0,0.0,0.0,2024,4,annual,0.0,0.0
2793,ida_7a2d5b32c00f3871d437,Commitments,"Yemen, Republic of",IDA,MIDDLE EAST AND NORTH AFRICA,FY24,0.0,300.0,0.0,0.0,300.0,2024,4,annual,300.0,0.0
2794,ida_5d7237afe64df8bf428b,Commitments,IFC,IDA,OTHER,FY24,0.0,0.0,429.0,0.0,429.0,2024,4,annual,429.0,0.0
2795,ida_cbc11fd59d87dce00c0b,Commitments,MIGA,IDA,OTHER,FY24,0.0,0.0,241.0,0.0,241.0,2024,4,annual,241.0,0.0
2796,ida_692ad21f78710c7f5e65,Commitments,World,IDA,OTHER,FY24,0.0,0.0,0.0,0.0,0.0,2024,4,annual,0.0,0.0
2797,ida_214218f5d6678ff3b7a2,Commitments,Afghanistan,IDA,SOUTH ASIA,FY24,0.0,84.0,0.0,0.0,84.0,2024,4,annual,84.0,0.0
2798,ida_83d8cb0376e877a2b776,Commitments,Bhutan,IDA,SOUTH ASIA,FY24,50.0,0.0,0.0,0.0,50.0,2024,4,annual,50.0,0.0
2799,ida_64b95b2f15d4b1773278,Commitments,Maldives,IDA,SOUTH ASIA,FY24,0.0,0.0,0.0,0.0,0.0,2024,4,annual,0.0,0.0
2800,ida_d5db3ff65dc6a2c98ac0,Commitments,Nepal,IDA,SOUTH ASIA,FY24,180.0,100.0,0.0,0.0,280.0,2024,4,annual,280.0,0.0
2801,ida_ed57dc11622515a0ad19,Commitments,South Asia,IDA,SOUTH ASIA,FY24,0.0,0.0,0.0,0.0,0.0,2024,4,annual,0.0,0.0
2802,ida_8bf688c547bca218567c,Commitments,Central Africa,IDA,WESTERN AND CENTRAL AFRICA,FY24,0.0,0.0,0.0,0.0,0.0,2024,4,annual,0.0,0.0
2803,ida_1accfe5f9d6db79af825,Commitments,Equatorial Guinea,IDA,WESTERN AND CENTRAL AFRICA,FY24,0.0,0.0,0.0,0.0,0.0,2024,4,annual,0.0,0.0
2804,ida_9b9eaf14e489dedf0a4c,Commitments,"Gambia, The",IDA,WESTERN AND CENTRAL AFRICA,FY24,60.0,263.0,0.0,0.0,323.0,2024,4,annual,323.0,0.0
2805,ida_b135c94de4c6b92ffaa7,Gross Disbursements,Cambodia,IDA,EAST ASIA AND PACIFIC,FY23,274.0,118.0,0.0,0.0,392.0,2023,4,annual,392.0,0.0
2806,ida_8e8119d300ed54cee82a,Gross Disbursements,China,IDA,EAST ASIA AND PACIFIC,FY23,0.0,0.0,0.0,0.0,0.0,2023,4,annual,0.0,0.0
2807,ida_e5ae5c3fd823f7b1fc93,Gross Disbursements,Fiji,IDA,EAST ASIA AND PACIFIC,FY23,49.0,2.0,0.0,0.0,51.0,2023,4,annual,51.0,0.0
2808,ida_98cd5bf176127c1ff7df,Gross Disbursements,Indonesia,IDA,EAST ASIA AND PACIFIC,FY23,0.0,0.0,0.0,0.0,0.0,2023,4,annual,0.0,0.0
2809,ida_2f41b82c849caa076d14,Gross Disbursements,Kiribati,IDA,EAST ASIA AND PACIFIC,FY23,0.0,9.0,0.0,0.0,9.0,2023,4,annual,9.0,0.0
2810,ida_f14e3974a483369fceaa,Gross Disbursements,Lao People's Democratic Republic,IDA,EAST ASIA AND PACIFIC,FY23,0.0,105.0,0.0,0.0,105.0,2023,4,annual,105.0,0.0
2811,ida_69e72502d9c05321b4f4,Gross Disbursements,Marshall Islands,IDA,EAST ASIA AND PACIFIC,FY23,0.0,18.0,0.0,0.0,18.0,2023,4,annual,18.0,0.0
2812,ida_a8acffe2cbef0d77888f,Gross Disbursements,"Micronesia, Federated States of",IDA,EAST ASIA AND PACIFIC,FY23,0.0,8.0,0.0,0.0,8.0,2023,4,annual,8.0,0.0
2813,ida_54d395f3453b24ba3f76,Gross Disbursements,Mongolia,IDA,EAST ASIA AND PACIFIC,FY23,0.0,41.0,0.0,0.0,41.0,2023,4,annual,41.0,0.0
2814,ida_8ef607329ac493c2870a,Gross Disbursements,Myanmar,IDA,EAST ASIA AND PACIFIC,FY23,0.0,-19.0,0.0,0.0,-19.0,2023,4,annual,-19.0,0.0
2815,ida_23b8ba01f718037f2744,Gross Disbursements,Pacific Islands,IDA,EAST ASIA AND PACIFIC,FY23,0.0,3.0,0.0,0.0,3.0,2023,4,annual,3.0,0.0
2816,ida_e7a3b932505b40656ba3,Gross Disbursements,Papua New Guinea,IDA,EAST ASIA AND PACIFIC,FY23,0.0,34.0,0.0,0.0,34.0,2023,4,annual,34.0,0.0
2817,ida_da1ce392e5b85ebf797e,Gross Disbursements,Philippines,IDA,EAST ASIA AND PACIFIC,FY23,0.0,0.0,0.0,0.0,0.0,2023,4,annual,0.0,0.0
2818,ida_675cc3a2dd99f4a903e1,Gross Disbursements,Samoa,IDA,EAST ASIA AND PACIFIC,FY23,10.0,18.0,0.0,0.0,28.0,2023,4,annual,28.0,0.0
2819,ida_51993367304a274a33cd,Gross Disbursements,Solomon Islands,IDA,EAST ASIA AND PACIFIC,FY23,14.0,40.0,0.0,0.0,54.0,2023,4,annual,54.0,0.0
2820,ida_57c9ac336e9be58b6490,Gross Disbursements,South East Asia,IDA,EAST ASIA AND PACIFIC,FY23,0.0,3.0,0.0,0.0,3.0,2023,4,annual,3.0,0.0
2821,ida_cd26aef48b1331a81103,Gross Disbursements,Timor-Leste,IDA,EAST ASIA AND PACIFIC,FY23,0.0,5.0,0.0,0.0,5.0,2023,4,annual,5.0,0.0
2822,ida_165026bd8aabfba835f6,Gross Disbursements,Tonga,IDA,EAST ASIA AND PACIFIC,FY23,19.0,9.0,0.0,0.0,28.0,2023,4,annual,28.0,0.0
2823,ida_02c914b96fcc93468657,Gross Disbursements,Tuvalu,IDA,EAST ASIA AND PACIFIC,FY23,0.0,4.0,0.0,0.0,4.0,2023,4,annual,4.0,0.0
2824,ida_c6e2e07dc4897629acda,Gross Disbursements,Vanuatu,IDA,EAST ASIA AND PACIFIC,FY23,10.0,13.0,0.0,0.0,23.0,2023,4,annual,23.0,0.0
2825,ida_fde8fb2f9a49e3c39a28,Gross Disbursements,Vietnam,IDA,EAST ASIA AND PACIFIC,FY23,205.0,402.0,0.0,54.0,661.0,2023,4,annual,661.0,0.0
2826,ida_93684fe73240515fe414,Gross Disbursements,Angola,IDA,EASTERN AND SOUTHERN AFRICA,FY23,0.0,0.0,0.0,0.0,0.0,2023,4,annual,0.0,0.0
2827,ida_ec924d518ed83d3aa3bd,Gross Disbursements,Botswana,IDA,EASTERN AND SOUTHERN AFRICA,FY23,0.0,0.0,0.0,0.0,0.0,2023,4,annual,0.0,0.0
2828,ida_a3b81cb8252f149dfd3b,Gross Disbursements,Burundi,IDA,EASTERN AND SOUTHERN AFRICA,FY23,0.0,127.0,0.0,0.0,127.0,2023,4,annual,127.0,0.0
2829,ida_2b6053058496adc42425,Gross Disbursements,Comoros,IDA,EASTERN AND SOUTHERN AFRICA,FY23,0.0,32.0,0.0,0.0,32.0,2023,4,annual,32.0,0.0
2830,ida_30d014d42e75127eca26,Gross Disbursements,"Congo, Democratic Republic of",IDA,EASTERN AND SOUTHERN AFRICA,FY23,743.0,868.0,0.0,0.0,1611.0,2023,4,annual,1611.0,0.0
2831,ida_6038a0b2cecb78e0eab8,Gross Disbursements,Eastern and Southern Africa,IDA,EASTERN AND SOUTHERN AFRICA,FY23,0.0,90.0,0.0,7.0,97.0,2023,4,annual,97.0,0.0
2832,ida_cf7b960839794b09259e,Gross Disbursements,Eritrea,IDA,EASTERN AND SOUTHERN AFRICA,FY23,0.0,0.0,0.0,0.0,0.0,2023,4,annual,0.0,0.0
2833,ida_11df7fe90df3711d4b27,Gross Disbursements,Eswatini,IDA,EASTERN AND SOUTHERN AFRICA,FY23,0.0,0.0,0.0,0.0,0.0,2023,4,annual,0.0,0.0
2834,ida_1fee72ea2d7fca39aaef,Gross Disbursements,Ethiopia,IDA,EASTERN AND SOUTHERN AFRICA,FY23,0.0,1467.0,0.0,407.0,1874.0,2023,4,annual,1874.0,0.0
2835,ida_6d185b87804bc1619d04,Gross Disbursements,Kenya,IDA,EASTERN AND SOUTHERN AFRICA,FY23,500.0,492.0,0.0,169.0,1161.0,2023,4,annual,1161.0,0.0
2836,ida_789267497f06806badad,Gross Disbursements,Lesotho,IDA,EASTERN AND SOUTHERN AFRICA,FY23,0.0,48.0,0.0,0.0,48.0,2023,4,annual,48.0,0.0
2837,ida_1036b3c5c3c629dc5f71,Gross Disbursements,Madagascar,IDA,EASTERN AND SOUTHERN AFRICA,FY23,99.0,353.0,0.0,0.0,452.0,2023,4,annual,452.0,0.0
2838,ida_4dba936e9357e001e9c7,Gross Disbursements,Malawi,IDA,EASTERN AND SOUTHERN AFRICA,FY23,0.0,490.0,0.0,0.0,490.0,2023,4,annual,490.0,0.0
2839,ida_a8c545010c93ae515b29,Gross Disbursements,Mauritius,IDA,EASTERN AND SOUTHERN AFRICA,FY23,0.0,0.0,0.0,0.0,0.0,2023,4,annual,0.0,0.0
2840,ida_5af8689b7f743756da91,Gross Disbursements,Mozambique,IDA,EASTERN AND SOUTHERN AFRICA,FY23,285.0,646.0,0.0,15.0,946.0,2023,4,annual,946.0,0.0
2841,ida_8a08cd591c95ecd9e23f,Gross Disbursements,Rwanda,IDA,EASTERN AND SOUTHERN AFRICA,FY23,200.0,258.0,0.0,27.0,485.0,2023,4,annual,485.0,0.0
2842,ida_0507b1229b8ee9eb8aa7,Gross Disbursements,Sao Tome and Principe,IDA,EASTERN AND SOUTHERN AFRICA,FY23,0.0,21.0,0.0,0.0,21.0,2023,4,annual,21.0,0.0
2843,ida_e89d11acfe1549856a33,Gross Disbursements,Somalia,IDA,EASTERN AND SOUTHERN AFRICA,FY23,98.0,244.0,0.0,0.0,342.0,2023,4,annual,342.0,0.0
2844,ida_0a6ced812ea7e576fb15,Gross Disbursements,South Sudan,IDA,EASTERN AND SOUTHERN AFRICA,FY23,0.0,256.0,0.0,0.0,256.0,2023,4,annual,256.0,0.0
2845,ida_6153c9386df8843c0ca9,Gross Disbursements,Sudan,IDA,EASTERN AND SOUTHERN AFRICA,FY23,0.0,0.0,0.0,0.0,0.0,2023,4,annual,0.0,0.0
2846,ida_093e369cd74672e376b8,Gross Disbursements,Tanzania,IDA,EASTERN AND SOUTHERN AFRICA,FY23,500.0,669.0,0.0,352.0,1521.0,2023,4,annual,1521.0,0.0
2847,ida_0a86d2f6a142569b193b,Gross Disbursements,Uganda,IDA,EASTERN AND SOUTHERN AFRICA,FY23,0.0,357.0,0.0,0.0,357.0,2023,4,annual,357.0,0.0
2848,ida_cc06be262f0f566ca2d3,Gross Disbursements,Zambia,IDA,EASTERN AND SOUTHERN AFRICA,FY23,275.0,194.0,0.0,125.0,594.0,2023,4,annual,594.0,0.0
2849,ida_fe10004c95c1be27ce3d,Gross Disbursements,Zimbabwe,IDA,EASTERN AND SOUTHERN AFRICA,FY23,0.0,3.0,0.0,0.0,3.0,2023,4,annual,3.0,0.0
2850,ida_6cbb029a3b5fe821a055,Gross Disbursements,Albania,IDA,EUROPE AND CENTRAL ASIA,FY23,0.0,0.0,0.0,0.0,0.0,2023,4,annual,0.0,0.0
2851,ida_0959fbb580982eb81dac,Gross Disbursements,Armenia,IDA,EUROPE AND CENTRAL ASIA,FY23,0.0,2.0,0.0,0.0,2.0,2023,4,annual,2.0,0.0
2852,ida_2b57805074aac4f0d55a,Gross Disbursements,Azerbaijan,IDA,EUROPE AND CENTRAL ASIA,FY23,0.0,0.0,0.0,0.0,0.0,2023,4,annual,0.0,0.0
2853,ida_c276aa3041accedab289,Gross Disbursements,Bosnia and Herzegovina,IDA,EUROPE AND CENTRAL ASIA,FY23,0.0,0.0,0.0,0.0,0.0,2023,4,annual,0.0,0.0
2854,ida_495ec9eb55dc76ddc7ec,Gross Disbursements,Central Asia,IDA,EUROPE AND CENTRAL ASIA,FY23,0.0,3.0,0.0,0.0,3.0,2023,4,annual,3.0,0.0
2855,ida_7433c7d446497d66590e,Gross Disbursements,Georgia,IDA,EUROPE AND CENTRAL ASIA,FY23,0.0,4.0,0.0,0.0,4.0,2023,4,annual,4.0,0.0
2856,ida_f6ab0c9db54f24192a89,Gross Disbursements,Kosovo,IDA,EUROPE AND CENTRAL ASIA,FY23,54.0,34.0,0.0,0.0,88.0,2023,4,annual,88.0,0.0
2857,ida_745c11e69b00265d842d,Gross Disbursements,Kyrgyz Republic,IDA,EUROPE AND CENTRAL ASIA,FY23,0.0,150.0,0.0,2.0,152.0,2023,4,annual,152.0,0.0
2858,ida_aeb06f5c847604ceeb88,Gross Disbursements,Moldova,IDA,EUROPE AND CENTRAL ASIA,FY23,101.0,33.0,0.0,1.0,135.0,2023,4,annual,135.0,0.0
2859,ida_6bc6cbf84202d2dfdec2,Gross Disbursements,Montenegro,IDA,EUROPE AND CENTRAL ASIA,FY23,0.0,0.0,0.0,0.0,0.0,2023,4,annual,0.0,0.0
2860,ida_2011be63062695bbaba8,Gross Disbursements,North Macedonia,IDA,EUROPE AND CENTRAL ASIA,FY23,0.0,0.0,0.0,0.0,0.0,2023,4,annual,0.0,0.0
2861,ida_f2919ec96c2e4e57a541,Gross Disbursements,Serbia,IDA,EUROPE AND CENTRAL ASIA,FY23,0.0,0.0,0.0,0.0,0.0,2023,4,annual,0.0,0.0
2862,ida_6334b9db1a6adc14bfb7,Gross Disbursements,Tajikistan,IDA,EUROPE AND CENTRAL ASIA,FY23,53.0,143.0,0.0,32.0,228.0,2023,4,annual,228.0,0.0
2863,ida_fe61ce7f8679af3a3cf2,Gross Disbursements,Turkiye,IDA,EUROPE AND CENTRAL ASIA,FY23,0.0,0.0,0.0,0.0,0.0,2023,4,annual,0.0,0.0
2864,ida_a3a334f0406b476c38b0,Gross Disbursements,Ukraine,IDA,EUROPE AND CENTRAL ASIA,FY23,0.0,984.0,0.0,0.0,984.0,2023,4,annual,984.0,0.0
2865,ida_8348dd9b0ddf538f06eb,Gross Disbursements,Uzbekistan,IDA,EUROPE AND CENTRAL ASIA,FY23,600.0,189.0,0.0,0.0,789.0,2023,4,annual,789.0,0.0
2866,ida_978ac33f971e5f0ac2ac,Gross Disbursements,Bolivia,IDA,LATIN AMERICA AND CARIBBEAN,FY23,0.0,44.0,0.0,0.0,44.0,2023,4,annual,44.0,0.0
2867,ida_2e5f87c1a45be6d3f3b5,Gross Disbursements,Caribbean,IDA,LATIN AMERICA AND CARIBBEAN,FY23,0.0,4.0,0.0,0.0,4.0,2023,4,annual,4.0,0.0
2868,ida_517066b6095f179ee959,Gross Disbursements,Dominica,IDA,LATIN AMERICA AND CARIBBEAN,FY23,0.0,30.0,0.0,0.0,30.0,2023,4,annual,30.0,0.0
2869,ida_f8ee3cc50e5e978b578f,Gross Disbursements,Dominican Republic,IDA,LATIN AMERICA AND CARIBBEAN,FY23,0.0,0.0,0.0,0.0,0.0,2023,4,annual,0.0,0.0
2870,ida_0f6e93453e550c30767b,Gross Disbursements,Ecuador,IDA,LATIN AMERICA AND CARIBBEAN,FY23,0.0,0.0,0.0,0.0,0.0,2023,4,annual,0.0,0.0
2871,ida_75ab1ce1445a99b8e4e3,Gross Disbursements,El Salvador,IDA,LATIN AMERICA AND CARIBBEAN,FY23,0.0,0.0,0.0,0.0,0.0,2023,4,annual,0.0,0.0
2872,ida_53ff0d083090ec3e176c,Gross Disbursements,Grenada,IDA,LATIN AMERICA AND CARIBBEAN,FY23,0.0,4.0,0.0,0.0,4.0,2023,4,annual,4.0,0.0
2873,ida_c4a6a5ceb6919dfeecca,Gross Disbursements,Guyana,IDA,LATIN AMERICA AND CARIBBEAN,FY23,0.0,38.0,0.0,0.0,38.0,2023,4,annual,38.0,0.0
2874,ida_c63a380f69ffbff62ead,Gross Disbursements,Haiti,IDA,LATIN AMERICA AND CARIBBEAN,FY23,0.0,76.0,0.0,0.0,76.0,2023,4,annual,76.0,0.0
2875,ida_4322fa39c60c53a5d6c5,Gross Disbursements,Honduras,IDA,LATIN AMERICA AND CARIBBEAN,FY23,0.0,25.0,0.0,0.0,25.0,2023,4,annual,25.0,0.0
2876,ida_67cd6604ddd687a977c6,Gross Disbursements,Nicaragua,IDA,LATIN AMERICA AND CARIBBEAN,FY23,0.0,64.0,0.0,0.0,64.0,2023,4,annual,64.0,0.0
2877,ida_33a390096b24674ff565,Gross Disbursements,OECS Countries,IDA,LATIN AMERICA AND CARIBBEAN,FY23,0.0,2.0,0.0,0.0,2.0,2023,4,annual,2.0,0.0
2878,ida_0e18a91e43a3bd80a112,Gross Disbursements,Paraguay,IDA,LATIN AMERICA AND CARIBBEAN,FY23,0.0,0.0,0.0,0.0,0.0,2023,4,annual,0.0,0.0
2879,ida_53c39837d1d718bb5bd3,Gross Disbursements,St. Kitts and Nevis,IDA,LATIN AMERICA AND CARIBBEAN,FY23,0.0,0.0,0.0,0.0,0.0,2023,4,annual,0.0,0.0
2880,ida_c30617e0aa97f8e7ae42,Gross Disbursements,St. Lucia,IDA,LATIN AMERICA AND CARIBBEAN,FY23,0.0,18.0,0.0,0.0,18.0,2023,4,annual,18.0,0.0
2881,ida_9778209f6725b6d7e0fb,Gross Disbursements,St. Vincent and the Grenadines,IDA,LATIN AMERICA AND CARIBBEAN,FY23,0.0,17.0,0.0,0.0,17.0,2023,4,annual,17.0,0.0
2882,ida_34a965037f3a5e99ddfb,Gross Disbursements,Djibouti,IDA,MIDDLE EAST AND NORTH AFRICA,FY23,0.0,56.0,0.0,0.0,56.0,2023,4,annual,56.0,0.0
2883,ida_0a3da11554188cbf4395,Gross Disbursements,"Egypt, Arab Republic of",IDA,MIDDLE EAST AND NORTH AFRICA,FY23,0.0,0.0,0.0,0.0,0.0,2023,4,annual,0.0,0.0
2884,ida_1541a6b9c9b130206d85,Gross Disbursements,Iraq,IDA,MIDDLE EAST AND NORTH AFRICA,FY23,0.0,0.0,0.0,0.0,0.0,2023,4,annual,0.0,0.0
2885,ida_f167e315ed2f631e1e81,Gross Disbursements,Jordan,IDA,MIDDLE EAST AND NORTH AFRICA,FY23,0.0,0.0,0.0,0.0,0.0,2023,4,annual,0.0,0.0
2886,ida_f631ea6b34477b8b87a9,Gross Disbursements,Middle East and North Africa,IDA,MIDDLE EAST AND NORTH AFRICA,FY23,0.0,0.0,0.0,0.0,0.0,2023,4,annual,0.0,0.0
2887,ida_6e95bf87ceab592bbb9b,Gross Disbursements,Morocco,IDA,MIDDLE EAST AND NORTH AFRICA,FY23,0.0,0.0,0.0,0.0,0.0,2023,4,annual,0.0,0.0
2888,ida_d76d4068e3563087055c,Gross Disbursements,Syrian Arab Republic,IDA,MIDDLE EAST AND NORTH AFRICA,FY23,0.0,0.0,0.0,0.0,0.0,2023,4,annual,0.0,0.0
2889,ida_0b553f37c65d81b3a66e,Gross Disbursements,Lebanon,IDA,MIDDLE EAST AND NORTH AFRICA,FY23,0.0,0.0,0.0,0.0,0.0,2023,4,annual,0.0,0.0
2890,ida_529c0bdc615ae9d2ce42,Gross Disbursements,Tunisia,IDA,MIDDLE EAST AND NORTH AFRICA,FY23,0.0,0.0,0.0,0.0,0.0,2023,4,annual,0.0,0.0
2891,ida_0423423fdb8ce71fef07,Gross Disbursements,"Yemen, Republic of",IDA,MIDDLE EAST AND NORTH AFRICA,FY23,0.0,496.0,0.0,0.0,496.0,2023,4,annual,496.0,0.0
2892,ida_14adfff56e6104893d5c,Gross Disbursements,IFC,IDA,OTHER,FY23,0.0,0.0,53.0,0.0,53.0,2023,4,annual,53.0,0.0
2893,ida_f90becd5a99df5ae7e5b,Gross Disbursements,Afghanistan,IDA,SOUTH ASIA,FY23,0.0,-3.0,0.0,0.0,-3.0,2023,4,annual,-3.0,0.0
2894,ida_021f716c19e423e908f7,Gross Disbursements,Bangladesh,IDA,SOUTH ASIA,FY23,508.0,1004.0,0.0,422.0,1934.0,2023,4,annual,1934.0,0.0
2895,ida_d33c7e8cae802f6e3350,Gross Disbursements,Bhutan,IDA,SOUTH ASIA,FY23,0.0,1.0,0.0,3.0,4.0,2023,4,annual,4.0,0.0
2896,ida_0a2193b1b0b886a05a01,Gross Disbursements,India,IDA,SOUTH ASIA,FY23,83.0,186.0,0.0,1.0,270.0,2023,4,annual,270.0,0.0
2897,ida_98626ec29d85c561fd41,Gross Disbursements,Maldives,IDA,SOUTH ASIA,FY23,0.0,13.0,0.0,0.0,13.0,2023,4,annual,13.0,0.0
2898,ida_ff5d654d7c1092a6bccf,Gross Disbursements,Nepal,IDA,SOUTH ASIA,FY23,96.0,130.0,0.0,140.0,366.0,2023,4,annual,366.0,0.0
2899,ida_a2662451125c40a929d0,Gross Disbursements,Pakistan,IDA,SOUTH ASIA,FY23,0.0,1031.0,0.0,682.0,1713.0,2023,4,annual,1713.0,0.0
2900,ida_2383eabbd471e3e09d87,Gross Disbursements,South Asia,IDA,SOUTH ASIA,FY23,0.0,11.0,0.0,0.0,11.0,2023,4,annual,11.0,0.0
2901,ida_c49d927a1bffcbcf5ab7,Gross Disbursements,Sri Lanka,IDA,SOUTH ASIA,FY23,248.0,85.0,0.0,5.0,338.0,2023,4,annual,338.0,0.0
2902,ida_e59c919ebc5cb4c721a1,Gross Disbursements,Benin,IDA,WESTERN AND CENTRAL AFRICA,FY23,143.0,230.0,0.0,117.0,490.0,2023,4,annual,490.0,0.0
2903,ida_7f34a81fb253fbdbaafc,Gross Disbursements,Burkina Faso,IDA,WESTERN AND CENTRAL AFRICA,FY23,179.0,378.0,0.0,25.0,582.0,2023,4,annual,582.0,0.0
2904,ida_e4c390cca22d12724939,Gross Disbursements,Cabo Verde,IDA,WESTERN AND CENTRAL AFRICA,FY23,45.0,32.0,0.0,0.0,77.0,2023,4,annual,77.0,0.0
2905,ida_57ba88bd3608821409e2,Gross Disbursements,Cameroon,IDA,WESTERN AND CENTRAL AFRICA,FY23,107.0,180.0,0.0,0.0,287.0,2023,4,annual,287.0,0.0
2906,ida_4ae642914b7335159bf2,Gross Disbursements,Central Africa,IDA,WESTERN AND CENTRAL AFRICA,FY23,0.0,5.0,0.0,0.0,5.0,2023,4,annual,5.0,0.0
2907,ida_52ff87e546579b5524d2,Gross Disbursements,Central African Republic,IDA,WESTERN AND CENTRAL AFRICA,FY23,0.0,118.0,0.0,0.0,118.0,2023,4,annual,118.0,0.0
2908,ida_e926bc4887dc522a0106,Gross Disbursements,Chad,IDA,WESTERN AND CENTRAL AFRICA,FY23,0.0,181.0,0.0,0.0,181.0,2023,4,annual,181.0,0.0
2909,ida_b5c6d1c4621dabbb1a37,Gross Disbursements,"Congo, Republic of",IDA,WESTERN AND CENTRAL AFRICA,FY23,54.0,89.0,0.0,0.0,143.0,2023,4,annual,143.0,0.0
2910,ida_b5a349e300001aac0faa,Gross Disbursements,Cote d'Ivoire,IDA,WESTERN AND CENTRAL AFRICA,FY23,429.0,345.0,0.0,185.0,959.0,2023,4,annual,959.0,0.0
2911,ida_7bdd6880f9e2f1608d7c,Gross Disbursements,Equatorial Guinea,IDA,WESTERN AND CENTRAL AFRICA,FY23,0.0,0.0,0.0,0.0,0.0,2023,4,annual,0.0,0.0
2912,ida_3cd25553f7d689248a9d,Gross Disbursements,"Gambia, The",IDA,WESTERN AND CENTRAL AFRICA,FY23,21.0,90.0,0.0,0.0,111.0,2023,4,annual,111.0,0.0
2913,ida_a93eb740e17f0312da80,Gross Disbursements,Ghana,IDA,WESTERN AND CENTRAL AFRICA,FY23,0.0,380.0,50.0,63.0,493.0,2023,4,annual,493.0,0.0
2914,ida_42e44637d35b22a31807,Gross Disbursements,Guinea,IDA,WESTERN AND CENTRAL AFRICA,FY23,0.0,114.0,0.0,0.0,114.0,2023,4,annual,114.0,0.0
2915,ida_65e1fabf9e357acdb9a0,Gross Disbursements,Guinea-Bissau,IDA,WESTERN AND CENTRAL AFRICA,FY23,0.0,43.0,0.0,0.0,43.0,2023,4,annual,43.0,0.0
2916,ida_c9474ffcbdeae2da43ca,Gross Disbursements,Liberia,IDA,WESTERN AND CENTRAL AFRICA,FY23,54.0,89.0,0.0,0.0,143.0,2023,4,annual,143.0,0.0
2917,ida_e68ca99185a5c8e5ba52,Gross Disbursements,Mali,IDA,WESTERN AND CENTRAL AFRICA,FY23,0.0,287.0,0.0,0.0,287.0,2023,4,annual,287.0,0.0
2918,ida_0d2de58b6bf79754757f,Gross Disbursements,Mauritania,IDA,WESTERN AND CENTRAL AFRICA,FY23,30.0,95.0,0.0,0.0,125.0,2023,4,annual,125.0,0.0
2919,ida_fc3248704bec2295ddd0,Gross Disbursements,Niger,IDA,WESTERN AND CENTRAL AFRICA,FY23,375.0,360.0,0.0,47.0,782.0,2023,4,annual,782.0,0.0
2920,ida_8259c0c9fa3804350373,Gross Disbursements,Nigeria,IDA,WESTERN AND CENTRAL AFRICA,FY23,0.0,1043.0,0.0,787.0,1830.0,2023,4,annual,1830.0,0.0
2921,ida_15c14814e7d21680b816,Gross Disbursements,Senegal,IDA,WESTERN AND CENTRAL AFRICA,FY23,302.0,309.0,0.0,68.0,679.0,2023,4,annual,679.0,0.0
2922,ida_93af5b7e2d17f8dd82d3,Gross Disbursements,Sierra Leone,IDA,WESTERN AND CENTRAL AFRICA,FY23,104.0,136.0,0.0,0.0,240.0,2023,4,annual,240.0,0.0
2923,ida_222d39dd427d674911b4,Gross Disbursements,Togo,IDA,WESTERN AND CENTRAL AFRICA,FY23,0.0,148.0,0.0,0.0,148.0,2023,4,annual,148.0,0.0
2924,ida_3370769d867815966d98,Gross Disbursements,Western and Central Africa,IDA,WESTERN AND CENTRAL AFRICA,FY23,0.0,111.0,0.0,0.0,111.0,2023,4,annual,111.0,0.0
2925,ida_6bb0618b4e9536b698d9,Commitments,Cambodia,IDA,EAST ASIA AND PACIFIC,FY23,274.0,60.0,0.0,0.0,334.0,2023,4,annual,334.0,0.0
2926,ida_1c6f65c7b5730ec34094,Commitments,China,IDA,EAST ASIA AND PACIFIC,FY23,0.0,0.0,0.0,0.0,0.0,2023,4,annual,0.0,0.0
2927,ida_9d6862b9a6aa5df4b33e,Commitments,Fiji,IDA,EAST ASIA AND PACIFIC,FY23,0.0,61.0,0.0,0.0,61.0,2023,4,annual,61.0,0.0
2928,ida_cdb67d9a4a93f5c0ed05,Commitments,Indonesia,IDA,EAST ASIA AND PACIFIC,FY23,0.0,0.0,0.0,0.0,0.0,2023,4,annual,0.0,0.0
2929,ida_6529ced3dc1b5f49ee5d,Commitments,Kiribati,IDA,EAST ASIA AND PACIFIC,FY23,0.0,0.0,0.0,0.0,0.0,2023,4,annual,0.0,0.0
2930,ida_bb1e0bdf7fa270df9ec8,Commitments,"Korea, Republic of",IDA,EAST ASIA AND PACIFIC,FY23,0.0,0.0,0.0,0.0,0.0,2023,4,annual,0.0,0.0
2931,ida_b446186f4ddfa2b0922b,Commitments,Lao People's Democratic Republic,IDA,EAST ASIA AND PACIFIC,FY23,0.0,117.0,0.0,0.0,117.0,2023,4,annual,117.0,0.0
2932,ida_1292edb6069bb52a0ab7,Commitments,Marshall Islands,IDA,EAST ASIA AND PACIFIC,FY23,0.0,18.0,0.0,0.0,18.0,2023,4,annual,18.0,0.0
2933,ida_7f0a1d7e40d0bedf3076,Commitments,Mekong,IDA,EAST ASIA AND PACIFIC,FY23,0.0,0.0,0.0,0.0,0.0,2023,4,annual,0.0,0.0
2934,ida_f47de94f8f01f1983924,Commitments,"Micronesia, Federated States of",IDA,EAST ASIA AND PACIFIC,FY23,0.0,0.0,0.0,0.0,0.0,2023,4,annual,0.0,0.0
2935,ida_7c39effa7f554f28c96d,Commitments,Mongolia,IDA,EAST ASIA AND PACIFIC,FY23,0.0,0.0,0.0,0.0,0.0,2023,4,annual,0.0,0.0
2936,ida_36c61c6adcb2b9ff4413,Commitments,Myanmar,IDA,EAST ASIA AND PACIFIC,FY23,0.0,0.0,0.0,0.0,0.0,2023,4,annual,0.0,0.0
2937,ida_3c9a7720ee88d3de7919,Commitments,Pacific Islands,IDA,EAST ASIA AND PACIFIC,FY23,0.0,0.0,0.0,0.0,0.0,2023,4,annual,0.0,0.0
2938,ida_6fb5563a64acefe65c7e,Commitments,Papua New Guinea,IDA,EAST ASIA AND PACIFIC,FY23,0.0,0.0,0.0,0.0,0.0,2023,4,annual,0.0,0.0
2939,ida_e4dfbcad62f40cf269a4,Commitments,Philippines,IDA,EAST ASIA AND PACIFIC,FY23,0.0,0.0,0.0,0.0,0.0,2023,4,annual,0.0,0.0
2940,ida_dd70e1acf18bda56b791,Commitments,Samoa,IDA,EAST ASIA AND PACIFIC,FY23,10.0,0.0,0.0,0.0,10.0,2023,4,annual,10.0,0.0
2941,ida_7db0b21f799e41a46fbe,Commitments,Solomon Islands,IDA,EAST ASIA AND PACIFIC,FY23,0.0,0.0,0.0,0.0,0.0,2023,4,annual,0.0,0.0
2942,ida_d1dfe2e99dbcfff47e76,Commitments,South East Asia,IDA,EAST ASIA AND PACIFIC,FY23,0.0,0.0,0.0,0.0,0.0,2023,4,annual,0.0,0.0
2943,ida_3ffce9ac48809298252c,Commitments,"Taiwan, China",IDA,EAST ASIA AND PACIFIC,FY23,0.0,0.0,0.0,0.0,0.0,2023,4,annual,0.0,0.0
2944,ida_f7717f1e87dfba3de233,Commitments,Thailand,IDA,EAST ASIA AND PACIFIC,FY23,0.0,0.0,0.0,0.0,0.0,2023,4,annual,0.0,0.0
2945,ida_503a1340eb8ca7c4db8e,Commitments,Timor-Leste,IDA,EAST ASIA AND PACIFIC,FY23,0.0,50.0,0.0,0.0,50.0,2023,4,annual,50.0,0.0
2946,ida_873776047cb036dcf233,Commitments,Tonga,IDA,EAST ASIA AND PACIFIC,FY23,0.0,0.0,0.0,0.0,0.0,2023,4,annual,0.0,0.0
2947,ida_5074c72ca06b55328101,Commitments,Tuvalu,IDA,EAST ASIA AND PACIFIC,FY23,0.0,23.0,0.0,0.0,23.0,2023,4,annual,23.0,0.0
2948,ida_dccef109d33118a52614,Commitments,Vanuatu,IDA,EAST ASIA AND PACIFIC,FY23,0.0,0.0,0.0,0.0,0.0,2023,4,annual,0.0,0.0
2949,ida_25bad0fd1b4fbe404185,Commitments,Vietnam,IDA,EAST ASIA AND PACIFIC,FY23,264.0,0.0,0.0,0.0,264.0,2023,4,annual,264.0,0.0
2950,ida_09e6f961cef06b7c4261,Commitments,Angola,IDA,EASTERN AND SOUTHERN AFRICA,FY23,0.0,0.0,0.0,0.0,0.0,2023,4,annual,0.0,0.0
2951,ida_6bbe2e5b698b3d4144ff,Commitments,Botswana,IDA,EASTERN AND SOUTHERN AFRICA,FY23,0.0,0.0,0.0,0.0,0.0,2023,4,annual,0.0,0.0
2952,ida_c6464a28fc0b0043bd52,Commitments,Burundi,IDA,EASTERN AND SOUTHERN AFRICA,FY23,0.0,120.0,0.0,0.0,120.0,2023,4,annual,120.0,0.0
2953,ida_adb7bd5bfdc17b09b082,Commitments,Comoros,IDA,EASTERN AND SOUTHERN AFRICA,FY23,0.0,92.0,0.0,0.0,92.0,2023,4,annual,92.0,0.0
2954,ida_3f2985d840bcbf0fce9f,Commitments,"Congo, Democratic Republic of",IDA,EASTERN AND SOUTHERN AFRICA,FY23,500.0,1440.0,0.0,0.0,1940.0,2023,4,annual,1940.0,0.0
2955,ida_f2e302034f8f8c4cd62f,Commitments,Eastern and Southern Africa,IDA,EASTERN AND SOUTHERN AFRICA,FY23,0.0,207.0,0.0,0.0,207.0,2023,4,annual,207.0,0.0
2956,ida_1d24fdad1210f3a66691,Commitments,Eritrea,IDA,EASTERN AND SOUTHERN AFRICA,FY23,0.0,0.0,0.0,0.0,0.0,2023,4,annual,0.0,0.0
2957,ida_c28825b00a66cbbec82c,Commitments,Eswatini,IDA,EASTERN AND SOUTHERN AFRICA,FY23,0.0,0.0,0.0,0.0,0.0,2023,4,annual,0.0,0.0
2958,ida_1c818d9b7f7a9974a048,Commitments,Ethiopia,IDA,EASTERN AND SOUTHERN AFRICA,FY23,0.0,650.0,0.0,1050.0,1700.0,2023,4,annual,1700.0,0.0
2959,ida_a44e086c3d1be6ce542a,Commitments,Kenya,IDA,EASTERN AND SOUTHERN AFRICA,FY23,500.0,760.0,0.0,750.0,2010.0,2023,4,annual,2010.0,0.0
2960,ida_8c654a8b6fc22e89551f,Commitments,Lesotho,IDA,EASTERN AND SOUTHERN AFRICA,FY23,0.0,0.0,0.0,0.0,0.0,2023,4,annual,0.0,0.0
2961,ida_1cf33e31c89bfa10d11a,Commitments,Madagascar,IDA,EASTERN AND SOUTHERN AFRICA,FY23,100.0,1023.0,0.0,0.0,1123.0,2023,4,annual,1123.0,0.0
2962,ida_f3c72f996ecd564001aa,Commitments,Malawi,IDA,EASTERN AND SOUTHERN AFRICA,FY23,0.0,620.0,0.0,0.0,620.0,2023,4,annual,620.0,0.0
2963,ida_d9edde74f72a1bebfa22,Commitments,Mauritius,IDA,EASTERN AND SOUTHERN AFRICA,FY23,0.0,0.0,0.0,0.0,0.0,2023,4,annual,0.0,0.0
2964,ida_46bc793f4c1666ac764b,Commitments,Mozambique,IDA,EASTERN AND SOUTHERN AFRICA,FY23,300.0,1325.0,0.0,0.0,1625.0,2023,4,annual,1625.0,0.0
2965,ida_2239c7a76cae51b9c8ff,Commitments,Rwanda,IDA,EASTERN AND SOUTHERN AFRICA,FY23,200.0,270.0,0.0,0.0,470.0,2023,4,annual,470.0,0.0
2966,ida_3a9a0ac39e67d7ac595d,Commitments,Sao Tome and Principe,IDA,EASTERN AND SOUTHERN AFRICA,FY23,0.0,3.0,0.0,0.0,3.0,2023,4,annual,3.0,0.0
2967,ida_2be0d4411acf0e9ac051,Commitments,Somalia,IDA,EASTERN AND SOUTHERN AFRICA,FY23,100.0,468.0,0.0,0.0,568.0,2023,4,annual,568.0,0.0
2968,ida_06f51de66cc4c81bf7b2,Commitments,South Sudan,IDA,EASTERN AND SOUTHERN AFRICA,FY23,0.0,477.0,0.0,0.0,477.0,2023,4,annual,477.0,0.0
2969,ida_21c4b59b2236cc2b838d,Commitments,Sudan,IDA,EASTERN AND SOUTHERN AFRICA,FY23,0.0,0.0,0.0,0.0,0.0,2023,4,annual,0.0,0.0
2970,ida_4b6c2f1d48143e556480,Commitments,Tanzania,IDA,EASTERN AND SOUTHERN AFRICA,FY23,500.0,450.0,0.0,1185.0,2135.0,2023,4,annual,2135.0,0.0
2971,ida_ce0711bff8d748dec2ee,Commitments,Uganda,IDA,EASTERN AND SOUTHERN AFRICA,FY23,0.0,350.0,0.0,0.0,350.0,2023,4,annual,350.0,0.0
2972,ida_bf9d044fcff5cf6b176a,Commitments,Zambia,IDA,EASTERN AND SOUTHERN AFRICA,FY23,275.0,353.0,0.0,300.0,928.0,2023,4,annual,928.0,0.0
2973,ida_b0393031578dbb03712b,Commitments,Zimbabwe,IDA,EASTERN AND SOUTHERN AFRICA,FY23,0.0,0.0,0.0,0.0,0.0,2023,4,annual,0.0,0.0
2974,ida_2c6fae899b229f12a6e7,Commitments,Albania,IDA,EUROPE AND CENTRAL ASIA,FY23,0.0,0.0,0.0,0.0,0.0,2023,4,annual,0.0,0.0
2975,ida_48c67e08a114315c8d84,Commitments,Armenia,IDA,EUROPE AND CENTRAL ASIA,FY23,0.0,0.0,0.0,0.0,0.0,2023,4,annual,0.0,0.0
2976,ida_7718d2ba08bdfa04bdfc,Commitments,Azerbaijan,IDA,EUROPE AND CENTRAL ASIA,FY23,0.0,0.0,0.0,0.0,0.0,2023,4,annual,0.0,0.0
2977,ida_f75070b2257c34d1c585,Commitments,Bosnia and Herzegovina,IDA,EUROPE AND CENTRAL ASIA,FY23,0.0,0.0,0.0,0.0,0.0,2023,4,annual,0.0,0.0
2978,ida_fab1f7a6f2e8c73534bf,Commitments,Central Asia,IDA,EUROPE AND CENTRAL ASIA,FY23,0.0,0.0,0.0,0.0,0.0,2023,4,annual,0.0,0.0
2979,ida_ce5fcf43330b9ef88e18,Commitments,Georgia,IDA,EUROPE AND CENTRAL ASIA,FY23,0.0,0.0,0.0,0.0,0.0,2023,4,annual,0.0,0.0
2980,ida_64aefd08f695b0384815,Commitments,Kosovo,IDA,EUROPE AND CENTRAL ASIA,FY23,0.0,20.0,0.0,0.0,20.0,2023,4,annual,20.0,0.0
2981,ida_89b935e34152a123e464,Commitments,Kyrgyz Republic,IDA,EUROPE AND CENTRAL ASIA,FY23,0.0,128.0,0.0,0.0,128.0,2023,4,annual,128.0,0.0
2982,ida_e2a859fa2b6f0f95593f,Commitments,Moldova,IDA,EUROPE AND CENTRAL ASIA,FY23,0.0,0.0,0.0,0.0,0.0,2023,4,annual,0.0,0.0
2983,ida_25745488ef16254e2562,Commitments,Montenegro,IDA,EUROPE AND CENTRAL ASIA,FY23,0.0,0.0,0.0,0.0,0.0,2023,4,annual,0.0,0.0
2984,ida_97ed6dfae94d29de1391,Commitments,North Macedonia,IDA,EUROPE AND CENTRAL ASIA,FY23,0.0,0.0,0.0,0.0,0.0,2023,4,annual,0.0,0.0
2985,ida_242f0a453be57f6f151a,Commitments,Serbia,IDA,EUROPE AND CENTRAL ASIA,FY23,0.0,0.0,0.0,0.0,0.0,2023,4,annual,0.0,0.0
2986,ida_d485fff02ff9101a157e,Commitments,Tajikistan,IDA,EUROPE AND CENTRAL ASIA,FY23,50.0,150.0,0.0,0.0,200.0,2023,4,annual,200.0,0.0
2987,ida_65f2e3a19b20d9771fb9,Commitments,Turkiye,IDA,EUROPE AND CENTRAL ASIA,FY23,0.0,0.0,0.0,0.0,0.0,2023,4,annual,0.0,0.0
2988,ida_19fd7415b944e09bfde3,Commitments,Ukraine,IDA,EUROPE AND CENTRAL ASIA,FY23,0.0,0.0,0.0,0.0,0.0,2023,4,annual,0.0,0.0
2989,ida_3a158471312ddcf1836e,Commitments,Uzbekistan,IDA,EUROPE AND CENTRAL ASIA,FY23,600.0,150.0,0.0,0.0,750.0,2023,4,annual,750.0,0.0
2990,ida_c88d3a7cf7f2456ca694,Commitments,Bolivia,IDA,LATIN AMERICA AND CARIBBEAN,FY23,0.0,0.0,0.0,0.0,0.0,2023,4,annual,0.0,0.0
2991,ida_3bb901e3e2c5a4f5a521,Commitments,Caribbean,IDA,LATIN AMERICA AND CARIBBEAN,FY23,0.0,0.0,0.0,0.0,0.0,2023,4,annual,0.0,0.0
2992,ida_99a351b9d6754b61faaf,Commitments,Central America,IDA,LATIN AMERICA AND CARIBBEAN,FY23,0.0,0.0,0.0,0.0,0.0,2023,4,annual,0.0,0.0
2993,ida_800273dd10b94ae63641,Commitments,Chile,IDA,LATIN AMERICA AND CARIBBEAN,FY23,0.0,0.0,0.0,0.0,0.0,2023,4,annual,0.0,0.0
2994,ida_913265c4636054677eb5,Commitments,Colombia,IDA,LATIN AMERICA AND CARIBBEAN,FY23,0.0,0.0,0.0,0.0,0.0,2023,4,annual,0.0,0.0
2995,ida_a7c548d829a76bdb6a02,Commitments,Costa Rica,IDA,LATIN AMERICA AND CARIBBEAN,FY23,0.0,0.0,0.0,0.0,0.0,2023,4,annual,0.0,0.0
2996,ida_42b72c5af7046cfcaa45,Commitments,Dominica,IDA,LATIN AMERICA AND CARIBBEAN,FY23,0.0,0.0,0.0,0.0,0.0,2023,4,annual,0.0,0.0
2997,ida_1b39f96d33f065711561,Commitments,Dominican Republic,IDA,LATIN AMERICA AND CARIBBEAN,FY23,0.0,0.0,0.0,0.0,0.0,2023,4,annual,0.0,0.0
2998,ida_db494f56f63bf67e5b9a,Commitments,Ecuador,IDA,LATIN AMERICA AND CARIBBEAN,FY23,0.0,0.0,0.0,0.0,0.0,2023,4,annual,0.0,0.0
2999,ida_c9e69e7b28fabd4b2915,Commitments,El Salvador,IDA,LATIN AMERICA AND CARIBBEAN,FY23,0.0,0.0,0.0,0.0,0.0,2023,4,annual,0.0,0.0
3000,ida_26e92f59b800d3dd3be4,Commitments,Grenada,IDA,LATIN AMERICA AND CARIBBEAN,FY23,0.0,0.0,0.0,0.0,0.0,2023,4,annual,0.0,0.0
3001,ida_4c865e0fb449a103fcb5,Commitments,Guyana,IDA,LATIN AMERICA AND CARIBBEAN,FY23,0.0,0.0,0.0,0.0,0.0,2023,4,annual,0.0,0.0
3002,ida_20e02e065a48f896cbf2,Commitments,Armenia,IDA,EUROPE AND CENTRAL ASIA,FY20,0.0,0.0,0.0,0.0,0.0,2020,4,annual,0.0,0.0
3003,ida_7b6891fe58199f6d5dbe,Commitments,Azerbaijan,IDA,EUROPE AND CENTRAL ASIA,FY20,0.0,0.0,0.0,0.0,0.0,2020,4,annual,0.0,0.0
3004,ida_3005bb33316bc0b85e1c,Commitments,Bosnia and Herzegovina,IDA,EUROPE AND CENTRAL ASIA,FY20,0.0,0.0,0.0,0.0,0.0,2020,4,annual,0.0,0.0
3005,ida_721636a865bb00039d60,Commitments,Central Asia,IDA,EUROPE AND CENTRAL ASIA,FY20,0.0,0.0,0.0,0.0,0.0,2020,4,annual,0.0,0.0
3006,ida_78d2fc96cb79340350a6,Commitments,Georgia,IDA,EUROPE AND CENTRAL ASIA,FY20,0.0,0.0,0.0,0.0,0.0,2020,4,annual,0.0,0.0
3007,ida_284db2b9e0ce7ea18087,Commitments,Montenegro,IDA,EUROPE AND CENTRAL ASIA,FY20,0.0,0.0,0.0,0.0,0.0,2020,4,annual,0.0,0.0
3008,ida_0bd99d0be51ead3cf4a5,Commitments,North Macedonia,IDA,EUROPE AND CENTRAL ASIA,FY20,0.0,0.0,0.0,0.0,0.0,2020,4,annual,0.0,0.0
3009,ida_7aab9fb0123c2ea00af2,Commitments,Serbia,IDA,EUROPE AND CENTRAL ASIA,FY20,0.0,0.0,0.0,0.0,0.0,2020,4,annual,0.0,0.0
3010,ida_6996fa10a457997c08ec,Commitments,Turkiye,IDA,EUROPE AND CENTRAL ASIA,FY20,0.0,0.0,0.0,0.0,0.0,2020,4,annual,0.0,0.0
3011,ida_34dbd07df00447303f31,Commitments,Bolivia,IDA,LATIN AMERICA AND CARIBBEAN,FY20,0.0,124.0,0.0,0.0,124.0,2020,4,annual,124.0,0.0
3012,ida_a67c5f5ca982fb128ac6,Commitments,Caribbean,IDA,LATIN AMERICA AND CARIBBEAN,FY20,0.0,18.0,0.0,0.0,18.0,2020,4,annual,18.0,0.0
3013,ida_01af7fb133da6a6457c3,Commitments,Central America,IDA,LATIN AMERICA AND CARIBBEAN,FY20,0.0,0.0,0.0,0.0,0.0,2020,4,annual,0.0,0.0
3014,ida_9d711c8341689e35b4a6,Commitments,Chile,IDA,LATIN AMERICA AND CARIBBEAN,FY20,0.0,0.0,0.0,0.0,0.0,2020,4,annual,0.0,0.0
3015,ida_f0f5cb24041a744958a4,Commitments,Colombia,IDA,LATIN AMERICA AND CARIBBEAN,FY20,0.0,0.0,0.0,0.0,0.0,2020,4,annual,0.0,0.0
3016,ida_c2d4abeeecf4ffc04667,Commitments,Costa Rica,IDA,LATIN AMERICA AND CARIBBEAN,FY20,0.0,0.0,0.0,0.0,0.0,2020,4,annual,0.0,0.0
3017,ida_1e1e0c98e41c77d4b09d,Commitments,Dominican Republic,IDA,LATIN AMERICA AND CARIBBEAN,FY20,0.0,0.0,0.0,0.0,0.0,2020,4,annual,0.0,0.0
3018,ida_51ca8148c3c28b28fb72,Commitments,Ecuador,IDA,LATIN AMERICA AND CARIBBEAN,FY20,0.0,0.0,0.0,0.0,0.0,2020,4,annual,0.0,0.0
3019,ida_722f742810c4aab1dd15,Commitments,El Salvador,IDA,LATIN AMERICA AND CARIBBEAN,FY20,0.0,0.0,0.0,0.0,0.0,2020,4,annual,0.0,0.0
3020,ida_94ebc0c5be2abf29cec1,Commitments,Paraguay,IDA,LATIN AMERICA AND CARIBBEAN,FY20,0.0,0.0,0.0,0.0,0.0,2020,4,annual,0.0,0.0
3021,ida_95f8bb353e9ee4d4e182,Commitments,St. Kitts and Nevis,IDA,LATIN AMERICA AND CARIBBEAN,FY20,0.0,0.0,0.0,0.0,0.0,2020,4,annual,0.0,0.0
3022,ida_5a8327a7563a22d78d34,Commitments,"Egypt, Arab Republic of",IDA,MIDDLE EAST AND NORTH AFRICA,FY20,0.0,0.0,0.0,0.0,0.0,2020,4,annual,0.0,0.0
3023,ida_4e8607ed75897928c5d1,Commitments,Iraq,IDA,MIDDLE EAST AND NORTH AFRICA,FY20,0.0,0.0,0.0,0.0,0.0,2020,4,annual,0.0,0.0
3024,ida_dcd454fb97ab24cb57b7,Commitments,Jordan,IDA,MIDDLE EAST AND NORTH AFRICA,FY20,0.0,0.0,0.0,100.0,100.0,2020,4,annual,100.0,0.0
3025,ida_09d66dd05886797e92ed,Commitments,Lebanon,IDA,MIDDLE EAST AND NORTH AFRICA,FY20,0.0,0.0,0.0,0.0,0.0,2020,4,annual,0.0,0.0
3026,ida_93f771ab82367503158d,Commitments,Morocco,IDA,MIDDLE EAST AND NORTH AFRICA,FY20,0.0,0.0,0.0,0.0,0.0,2020,4,annual,0.0,0.0
3027,ida_8e04d53e22cca0b7df75,Commitments,Syrian Arab Republic,IDA,MIDDLE EAST AND NORTH AFRICA,FY20,0.0,0.0,0.0,0.0,0.0,2020,4,annual,0.0,0.0
3028,ida_a19048df5d9b1f8788f2,Commitments,Tunisia,IDA,MIDDLE EAST AND NORTH AFRICA,FY20,0.0,0.0,0.0,0.0,0.0,2020,4,annual,0.0,0.0
3029,ida_f509a2ea9ac9c6556cde,Commitments,World,IDA,OTHER,FY20,0.0,0.0,0.0,0.0,0.0,2020,4,annual,0.0,0.0
3030,ida_c62e1faddffb54573b70,Commitments,South Asia,IDA,SOUTH ASIA,FY20,0.0,73.0,0.0,0.0,73.0,2020,4,annual,73.0,0.0
3031,ida_54c1e427bcdc8b0a4640,Commitments,Nigeria,IDA,AFRICA,FY19,0.0,27.0,0.0,0.0,27.0,2019,4,annual,27.0,0.0
3032,ida_2c82266a0907497eae1a,Commitments,Bangladesh,IDA,SOUTH ASIA,FY19,250.0,1462.0,0.0,525.0,2237.0,2019,4,annual,2237.0,0.0
3033,ida_a83d533204c7260395ad,Commitments,"Congo, Democratic Republic of",IDA,AFRICA,FY19,0.0,812.0,0.0,0.0,812.0,2019,4,annual,812.0,0.0
3034,ida_2089c809ec03f820bccb,Commitments,Pakistan,IDA,SOUTH ASIA,FY19,0.0,1106.0,0.0,118.0,1224.0,2019,4,annual,1224.0,0.0
3035,ida_e0272509ab392f9c993c,Commitments,Ethiopia,IDA,AFRICA,FY19,1200.0,910.0,0.0,500.0,2610.0,2019,4,annual,2610.0,0.0
3036,ida_152cf9dc42517de45f5e,Commitments,Tanzania,IDA,AFRICA,FY19,0.0,75.0,0.0,0.0,75.0,2019,4,annual,75.0,0.0
3037,ida_b064a01c33f385e01fa5,Commitments,Nepal,IDA,SOUTH ASIA,FY19,300.0,0.0,0.0,133.0,433.0,2019,4,annual,433.0,0.0
3038,ida_8ea8214aeacf0a42bc16,Commitments,Kenya,IDA,AFRICA,FY19,750.0,310.0,0.0,0.0,1060.0,2019,4,annual,1060.0,0.0
3039,ida_05f8e3e5885d55b5949c,Commitments,Somalia,IDA,AFRICA,FY19,0.0,98.0,0.0,0.0,98.0,2019,4,annual,98.0,0.0
3040,ida_5ec31700d4b2c6064611,Commitments,Myanmar,IDA,EAST ASIA AND PACIFIC,FY19,0.0,0.0,0.0,0.0,0.0,2019,4,annual,0.0,0.0
3041,ida_39ba5fb4ca6edcc121c9,Commitments,Ghana,IDA,AFRICA,FY19,0.0,480.0,0.0,100.0,580.0,2019,4,annual,580.0,0.0
3042,ida_626ad2027a97340fd141,Commitments,Niger,IDA,AFRICA,FY19,110.0,623.0,0.0,0.0,733.0,2019,4,annual,733.0,0.0
3043,ida_6c16fecce602a8f28c94,Commitments,Uzbekistan,IDA,EUROPE AND CENTRAL ASIA,FY19,0.0,93.0,0.0,0.0,93.0,2019,4,annual,93.0,0.0
3044,ida_5b869d43318a182589d3,Commitments,Uganda,IDA,AFRICA,FY19,0.0,150.0,0.0,0.0,150.0,2019,4,annual,150.0,0.0
3045,ida_9e600244a8fb542e31a4,Commitments,Senegal,IDA,AFRICA,FY19,180.0,200.0,0.0,0.0,380.0,2019,4,annual,380.0,0.0
3046,ida_dfe1349e190cba961949,Commitments,Cote d'Ivoire,IDA,AFRICA,FY19,100.0,850.0,0.0,100.0,1050.0,2019,4,annual,1050.0,0.0
3047,ida_c50ea45784b94f2ac51b,Commitments,Cameroon,IDA,AFRICA,FY19,0.0,150.0,0.0,0.0,150.0,2019,4,annual,150.0,0.0
3048,ida_5e2b99c0c774ced7e03d,Commitments,IFC,IDA,OTHER,FY19,0.0,0.0,147.0,0.0,147.0,2019,4,annual,147.0,0.0
3049,ida_8b79300269d2d34a7c66,Commitments,Rwanda,IDA,AFRICA,FY19,125.0,230.0,0.0,0.0,355.0,2019,4,annual,355.0,0.0
3050,ida_1603584b08e70306518c,Commitments,Mozambique,IDA,AFRICA,FY19,0.0,890.0,0.0,90.0,980.0,2019,4,annual,980.0,0.0
3051,ida_f2588fc512d02f884770,Commitments,India,IDA,SOUTH ASIA,FY19,250.0,0.0,0.0,0.0,250.0,2019,4,annual,250.0,0.0
3052,ida_69e3cd419b66f5e06671,Commitments,Malawi,IDA,AFRICA,FY19,70.0,290.0,0.0,0.0,360.0,2019,4,annual,360.0,0.0
3053,ida_1f3d4b01462aa6a95418,Commitments,Vietnam,IDA,EAST ASIA AND PACIFIC,FY19,125.0,274.0,0.0,0.0,399.0,2019,4,annual,399.0,0.0
3054,ida_68cef2a30bf07c8e4460,Commitments,Benin,IDA,AFRICA,FY19,195.0,385.0,0.0,0.0,580.0,2019,4,annual,580.0,0.0
3055,ida_5fa427d921770cc13c4b,Commitments,Africa,IDA,AFRICA,FY19,0.0,35.0,0.0,0.0,35.0,2019,4,annual,35.0,0.0
3056,ida_7b66a363901da9ed422e,Commitments,Burkina Faso,IDA,AFRICA,FY19,100.0,697.0,0.0,0.0,797.0,2019,4,annual,797.0,0.0
3057,ida_1c78b1ab4ab186f912d9,Commitments,Zambia,IDA,AFRICA,FY19,0.0,100.0,0.0,0.0,100.0,2019,4,annual,100.0,0.0
3058,ida_42c47f46bb9ebda461a7,Commitments,Chad,IDA,AFRICA,FY19,65.0,175.0,0.0,0.0,240.0,2019,4,annual,240.0,0.0
3059,ida_0d7f19a733ed2ddaa09e,Commitments,Mali,IDA,AFRICA,FY19,60.0,539.0,0.0,0.0,599.0,2019,4,annual,599.0,0.0
3060,ida_841e91bef0b8efabe3c3,Commitments,Afghanistan,IDA,SOUTH ASIA,FY19,100.0,360.0,0.0,0.0,460.0,2019,4,annual,460.0,0.0
3061,ida_c85b81b1a835ad27850a,Commitments,Sri Lanka,IDA,SOUTH ASIA,FY19,0.0,195.0,0.0,0.0,195.0,2019,4,annual,195.0,0.0
3062,ida_ed1d3663be6279b8c2f9,Commitments,Madagascar,IDA,AFRICA,FY19,160.0,362.0,0.0,0.0,522.0,2019,4,annual,522.0,0.0
3063,ida_f2f31fde22c82d254b10,Commitments,Tajikistan,IDA,EUROPE AND CENTRAL ASIA,FY19,0.0,182.0,0.0,0.0,182.0,2019,4,annual,182.0,0.0
3064,ida_bc75c58854abd2e6a333,Commitments,Mauritania,IDA,AFRICA,FY19,0.0,23.0,0.0,0.0,23.0,2019,4,annual,23.0,0.0
3065,ida_3c612d75cefe7dcd1fda,Commitments,Honduras,IDA,LATIN AMERICA AND CARIBBEAN,FY19,0.0,155.0,0.0,0.0,155.0,2019,4,annual,155.0,0.0
3066,ida_f0c0ff43e7404e46150b,Commitments,Guinea,IDA,AFRICA,FY19,60.0,285.0,0.0,0.0,345.0,2019,4,annual,345.0,0.0
3067,ida_6cab812d5213ffe3570e,Commitments,Togo,IDA,AFRICA,FY19,40.0,30.0,0.0,0.0,70.0,2019,4,annual,70.0,0.0
3068,ida_9c95bc565444d07da8a5,Commitments,Sierra Leone,IDA,AFRICA,FY19,40.0,142.0,0.0,0.0,182.0,2019,4,annual,182.0,0.0
3069,ida_eedf8f7c128ee572a16d,Commitments,Haiti,IDA,LATIN AMERICA AND CARIBBEAN,FY19,20.0,129.0,0.0,0.0,149.0,2019,4,annual,149.0,0.0
3070,ida_980c02bf5181af2b7f68,Commitments,Kyrgyz Republic,IDA,EUROPE AND CENTRAL ASIA,FY19,23.0,60.0,0.0,20.0,103.0,2019,4,annual,103.0,0.0
3071,ida_c37d956455a16259814c,Commitments,Mongolia,IDA,EAST ASIA AND PACIFIC,FY19,0.0,0.0,0.0,0.0,0.0,2019,4,annual,0.0,0.0
3072,ida_0ea036939f8ca3577dd4,Commitments,Liberia,IDA,AFRICA,FY19,0.0,132.0,0.0,0.0,132.0,2019,4,annual,132.0,0.0
3073,ida_e1c805874827469f1f5f,Commitments,Burundi,IDA,AFRICA,FY19,0.0,0.0,0.0,0.0,0.0,2019,4,annual,0.0,0.0
3074,ida_53842bcd68650ec3399b,Commitments,Lao People's Democratic Republic,IDA,EAST ASIA AND PACIFIC,FY19,40.0,82.0,0.0,0.0,122.0,2019,4,annual,122.0,0.0
3075,ida_4a02bf4be96a5a4e97c6,Commitments,MIGA,IDA,OTHER,FY19,0.0,0.0,91.0,0.0,91.0,2019,4,annual,91.0,0.0
3076,ida_362e35c9cc11bdbdf452,Commitments,Comoros,IDA,AFRICA,FY19,0.0,35.0,0.0,0.0,35.0,2019,4,annual,35.0,0.0
3077,ida_5a71a4b90c8dd1eb3cd2,Commitments,"Gambia, The",IDA,AFRICA,FY19,0.0,96.0,0.0,0.0,96.0,2019,4,annual,96.0,0.0
3078,ida_504d62fbf5a3e261ab92,Commitments,Cambodia,IDA,EAST ASIA AND PACIFIC,FY19,0.0,212.0,0.0,0.0,212.0,2019,4,annual,212.0,0.0
3079,ida_8aa3df7a853503900d9b,Commitments,Papua New Guinea,IDA,EAST ASIA AND PACIFIC,FY19,150.0,0.0,0.0,0.0,150.0,2019,4,annual,150.0,0.0
3080,ida_d4fd6e23c3ade4678d8f,Commitments,Bolivia,IDA,LATIN AMERICA AND CARIBBEAN,FY19,0.0,0.0,0.0,0.0,0.0,2019,4,annual,0.0,0.0
3081,ida_4fc9489f95a4b599d821,Commitments,St. Lucia,IDA,LATIN AMERICA AND CARIBBEAN,FY19,0.0,22.0,0.0,0.0,22.0,2019,4,annual,22.0,0.0
3082,ida_8eb5629ca32a0d3c2c83,Commitments,Jordan,IDA,MIDDLE EAST AND NORTH AFRICA,FY19,0.0,0.0,0.0,0.0,0.0,2019,4,annual,0.0,0.0
3083,ida_b106045d1c820d74bbed,Commitments,Timor-Leste,IDA,EAST ASIA AND PACIFIC,FY19,0.0,0.0,0.0,0.0,0.0,2019,4,annual,0.0,0.0
3084,ida_15b0f65b3155203c2309,Commitments,Moldova,IDA,EUROPE AND CENTRAL ASIA,FY19,30.0,105.0,0.0,0.0,135.0,2019,4,annual,135.0,0.0
3085,ida_35a57898cdcc54956ddc,Commitments,Grenada,IDA,LATIN AMERICA AND CARIBBEAN,FY19,0.0,2.0,0.0,0.0,2.0,2019,4,annual,2.0,0.0
3086,ida_d88db36ae34553ec60a3,Commitments,St. Vincent and the Grenadines,IDA,LATIN AMERICA AND CARIBBEAN,FY19,30.0,2.0,0.0,0.0,32.0,2019,4,annual,32.0,0.0
3087,ida_3e08961eb526e8a15f63,Commitments,Kosovo,IDA,EUROPE AND CENTRAL ASIA,FY19,0.0,67.0,0.0,0.0,67.0,2019,4,annual,67.0,0.0
3088,ida_f19ac7ded5d86b1ccb4e,Commitments,"Congo, Republic of",IDA,AFRICA,FY19,0.0,22.0,0.0,0.0,22.0,2019,4,annual,22.0,0.0
3089,ida_b70c7b0dcb41f586c7a8,Commitments,Vanuatu,IDA,EAST ASIA AND PACIFIC,FY19,0.0,0.0,0.0,0.0,0.0,2019,4,annual,0.0,0.0
3090,ida_8a74368eab47c85fd651,Commitments,South Asia,IDA,SOUTH ASIA,FY19,0.0,0.0,0.0,0.0,0.0,2019,4,annual,0.0,0.0
3091,ida_7af125277da2be7ea998,Commitments,Zimbabwe,IDA,AFRICA,FY19,0.0,0.0,0.0,0.0,0.0,2019,4,annual,0.0,0.0
3092,ida_55e599f9a51700c22e0b,Commitments,Kiribati,IDA,EAST ASIA AND PACIFIC,FY19,5.0,0.0,0.0,0.0,5.0,2019,4,annual,5.0,0.0
3093,ida_085a64d352661e000e2a,Commitments,Lesotho,IDA,AFRICA,FY19,0.0,148.0,0.0,0.0,148.0,2019,4,annual,148.0,0.0
3094,ida_86b508d987dc6063d94a,Commitments,Maldives,IDA,SOUTH ASIA,FY19,0.0,20.0,0.0,0.0,20.0,2019,4,annual,20.0,0.0
3095,ida_43908a21afb5543ec11f,Commitments,Fiji,IDA,EAST ASIA AND PACIFIC,FY19,0.0,0.0,0.0,0.0,0.0,2019,4,annual,0.0,0.0
3096,ida_8aa77cc29d24260ccaae,Commitments,Dominica,IDA,LATIN AMERICA AND CARIBBEAN,FY19,0.0,50.0,0.0,0.0,50.0,2019,4,annual,50.0,0.0
3097,ida_9f4a6764e9fd6479b87e,Commitments,Bhutan,IDA,SOUTH ASIA,FY19,30.0,0.0,0.0,0.0,30.0,2019,4,annual,30.0,0.0
3098,ida_a524b917587cacebbf43,Commitments,"Yemen, Republic of",IDA,MIDDLE EAST AND NORTH AFRICA,FY19,0.0,540.0,0.0,0.0,540.0,2019,4,annual,540.0,0.0
3099,ida_44f7d206105652e7344f,Commitments,Djibouti,IDA,MIDDLE EAST AND NORTH AFRICA,FY19,0.0,71.0,0.0,0.0,71.0,2019,4,annual,71.0,0.0
3100,ida_fb62273b6cf5c91187a1,Commitments,Central African Republic,IDA,AFRICA,FY19,100.0,233.0,0.0,0.0,333.0,2019,4,annual,333.0,0.0
3101,ida_cabe082bf0fd4307fc71,Commitments,South Sudan,IDA,AFRICA,FY19,0.0,105.0,0.0,0.0,105.0,2019,4,annual,105.0,0.0
3102,ida_0aa753621322b1b1ff08,Commitments,Western Africa,IDA,AFRICA,FY19,0.0,200.0,0.0,0.0,200.0,2019,4,annual,200.0,0.0
3103,ida_eaf3c6ab090b47ee83e2,Commitments,"Micronesia, Federated States of",IDA,EAST ASIA AND PACIFIC,FY19,0.0,68.0,0.0,0.0,68.0,2019,4,annual,68.0,0.0
3104,ida_35ecccbb4e1f06236eb0,Commitments,Samoa,IDA,EAST ASIA AND PACIFIC,FY19,14.0,40.0,0.0,0.0,54.0,2019,4,annual,54.0,0.0
3105,ida_be09c15696993321917a,Commitments,Tuvalu,IDA,EAST ASIA AND PACIFIC,FY19,8.0,49.0,0.0,0.0,57.0,2019,4,annual,57.0,0.0
3106,ida_e571d0e4230dfce79992,Commitments,Cabo Verde,IDA,AFRICA,FY19,45.0,20.0,0.0,0.0,65.0,2019,4,annual,65.0,0.0
3107,ida_1e274cf56ef260773a8a,Commitments,Sao Tome and Principe,IDA,AFRICA,FY19,0.0,39.0,0.0,0.0,39.0,2019,4,annual,39.0,0.0
3108,ida_c57d41dbfb50c4f4cc90,Commitments,Marshall Islands,IDA,EAST ASIA AND PACIFIC,FY19,0.0,49.0,0.0,0.0,49.0,2019,4,annual,49.0,0.0
3109,ida_9fec5abf0d955d2191cb,Commitments,Caribbean,IDA,LATIN AMERICA AND CARIBBEAN,FY19,0.0,0.0,0.0,0.0,0.0,2019,4,annual,0.0,0.0
3110,ida_2ee2f98e21d0b9aa7f67,Commitments,Solomon Islands,IDA,EAST ASIA AND PACIFIC,FY19,0.0,76.0,0.0,0.0,76.0,2019,4,annual,76.0,0.0
3111,ida_eaefa69e61016762bc78,Commitments,Guinea-Bissau,IDA,AFRICA,FY19,0.0,71.0,0.0,0.0,71.0,2019,4,annual,71.0,0.0
3112,ida_8fa31f0e1fc37347007d,Commitments,Tonga,IDA,EAST ASIA AND PACIFIC,FY19,6.0,74.0,0.0,0.0,80.0,2019,4,annual,80.0,0.0
3113,ida_36bc8fe29a768e0bb978,Commitments,Pacific Islands,IDA,EAST ASIA AND PACIFIC,FY19,0.0,0.0,0.0,0.0,0.0,2019,4,annual,0.0,0.0
3114,ida_8b66ff33068011e46e2a,Commitments,Angola,IDA,AFRICA,FY19,0.0,0.0,0.0,0.0,0.0,2019,4,annual,0.0,0.0
3115,ida_d0d0c3580c7c94324380,Commitments,Botswana,IDA,AFRICA,FY19,0.0,0.0,0.0,0.0,0.0,2019,4,annual,0.0,0.0
3116,ida_d0e3b297fcf48cb646d4,Commitments,Central Africa,IDA,AFRICA,FY19,0.0,0.0,0.0,0.0,0.0,2019,4,annual,0.0,0.0
3117,ida_e0b418bb4977c9515979,Commitments,Eastern Africa,IDA,AFRICA,FY19,0.0,28.0,0.0,0.0,28.0,2019,4,annual,28.0,0.0
3118,ida_87ab0a70566f337bf63a,Commitments,Equatorial Guinea,IDA,AFRICA,FY19,0.0,0.0,0.0,0.0,0.0,2019,4,annual,0.0,0.0
3119,ida_5db005bb46e9166772c3,Commitments,Eritrea,IDA,AFRICA,FY19,0.0,0.0,0.0,0.0,0.0,2019,4,annual,0.0,0.0
3120,ida_bcb264dd7e4343385f64,Commitments,Eswatini,IDA,AFRICA,FY19,0.0,0.0,0.0,0.0,0.0,2019,4,annual,0.0,0.0
3121,ida_4677a7c5c0d92aa17357,Commitments,Mauritius,IDA,AFRICA,FY19,0.0,0.0,0.0,0.0,0.0,2019,4,annual,0.0,0.0
3122,ida_9f4ff6612cb381dac12f,Commitments,Sudan,IDA,AFRICA,FY19,0.0,0.0,0.0,0.0,0.0,2019,4,annual,0.0,0.0
3123,ida_07c4b0d50932196f3ff7,Commitments,China,IDA,EAST ASIA AND PACIFIC,FY19,0.0,0.0,0.0,0.0,0.0,2019,4,annual,0.0,0.0
3124,ida_830a9e6f1deac9f21ece,Commitments,Indonesia,IDA,EAST ASIA AND PACIFIC,FY19,0.0,0.0,0.0,0.0,0.0,2019,4,annual,0.0,0.0
3125,ida_1cbec197bfaa7003837f,Commitments,"Korea, Republic of",IDA,EAST ASIA AND PACIFIC,FY19,0.0,0.0,0.0,0.0,0.0,2019,4,annual,0.0,0.0
3126,ida_7430a00fa8319f74584a,Commitments,Mekong,IDA,EAST ASIA AND PACIFIC,FY19,0.0,0.0,0.0,0.0,0.0,2019,4,annual,0.0,0.0
3127,ida_87f8d6278252ec238837,Commitments,Philippines,IDA,EAST ASIA AND PACIFIC,FY19,0.0,0.0,0.0,0.0,0.0,2019,4,annual,0.0,0.0
3128,ida_0cfac8e97ac0619df0ce,Commitments,"Taiwan, China",IDA,EAST ASIA AND PACIFIC,FY19,0.0,0.0,0.0,0.0,0.0,2019,4,annual,0.0,0.0
3129,ida_d61f13b8abf56497fdb1,Commitments,Thailand,IDA,EAST ASIA AND PACIFIC,FY19,0.0,0.0,0.0,0.0,0.0,2019,4,annual,0.0,0.0
3130,ida_b15c743e228d312257a7,Commitments,Albania,IDA,EUROPE AND CENTRAL ASIA,FY19,0.0,0.0,0.0,0.0,0.0,2019,4,annual,0.0,0.0
3131,ida_a59747129e76bb2bd5d1,Commitments,Armenia,IDA,EUROPE AND CENTRAL ASIA,FY19,0.0,0.0,0.0,0.0,0.0,2019,4,annual,0.0,0.0
3132,ida_68c97f2264428d33729f,Commitments,Azerbaijan,IDA,EUROPE AND CENTRAL ASIA,FY19,0.0,0.0,0.0,0.0,0.0,2019,4,annual,0.0,0.0
3133,ida_d811ccd010b2c8ca0add,Commitments,Bosnia and Herzegovina,IDA,EUROPE AND CENTRAL ASIA,FY19,0.0,0.0,0.0,0.0,0.0,2019,4,annual,0.0,0.0
3134,ida_04e52e31adf3581137e6,Commitments,Central Asia,IDA,EUROPE AND CENTRAL ASIA,FY19,0.0,3.0,0.0,0.0,3.0,2019,4,annual,3.0,0.0
3135,ida_b60f280a5af495491ce3,Commitments,Georgia,IDA,EUROPE AND CENTRAL ASIA,FY19,0.0,0.0,0.0,0.0,0.0,2019,4,annual,0.0,0.0
3136,ida_7e44974aeaf9dbaf0b38,Commitments,Montenegro,IDA,EUROPE AND CENTRAL ASIA,FY19,0.0,0.0,0.0,0.0,0.0,2019,4,annual,0.0,0.0
3137,ida_9bf8f045c146dd52258b,Commitments,North Macedonia,IDA,EUROPE AND CENTRAL ASIA,FY19,0.0,0.0,0.0,0.0,0.0,2019,4,annual,0.0,0.0
3138,ida_cc7cef9d15d79e684fab,Commitments,Serbia,IDA,EUROPE AND CENTRAL ASIA,FY19,0.0,0.0,0.0,0.0,0.0,2019,4,annual,0.0,0.0
3139,ida_57124629a7a8d3ac0217,Commitments,Turkiye,IDA,EUROPE AND CENTRAL ASIA,FY19,0.0,0.0,0.0,0.0,0.0,2019,4,annual,0.0,0.0
3140,ida_8ef3c8057a7a313a5b3b,Commitments,Central America,IDA,LATIN AMERICA AND CARIBBEAN,FY19,0.0,0.0,0.0,0.0,0.0,2019,4,annual,0.0,0.0
3141,ida_9611d7fafd9ec12a4874,Commitments,Chile,IDA,LATIN AMERICA AND CARIBBEAN,FY19,0.0,0.0,0.0,0.0,0.0,2019,4,annual,0.0,0.0
3142,ida_b2b1d7c96cf86fb5b1d9,Commitments,Colombia,IDA,LATIN AMERICA AND CARIBBEAN,FY19,0.0,0.0,0.0,0.0,0.0,2019,4,annual,0.0,0.0
3143,ida_5167adcd3021b4b3225b,Commitments,Costa Rica,IDA,LATIN AMERICA AND CARIBBEAN,FY19,0.0,0.0,0.0,0.0,0.0,2019,4,annual,0.0,0.0
3144,ida_cf6716b5b6754ae73f32,Commitments,Dominican Republic,IDA,LATIN AMERICA AND CARIBBEAN,FY19,0.0,0.0,0.0,0.0,0.0,2019,4,annual,0.0,0.0
3145,ida_4e1d4a27c0ff224d4c68,Commitments,Ecuador,IDA,LATIN AMERICA AND CARIBBEAN,FY19,0.0,0.0,0.0,0.0,0.0,2019,4,annual,0.0,0.0
3146,ida_6308b4ac138969ab6448,Commitments,El Salvador,IDA,LATIN AMERICA AND CARIBBEAN,FY19,0.0,0.0,0.0,0.0,0.0,2019,4,annual,0.0,0.0
3147,ida_6a4401634480e6ba5ee8,Commitments,Guyana,IDA,LATIN AMERICA AND CARIBBEAN,FY19,0.0,20.0,0.0,0.0,20.0,2019,4,annual,20.0,0.0
3148,ida_251f20d181a993b40e16,Commitments,Nicaragua,IDA,LATIN AMERICA AND CARIBBEAN,FY19,0.0,0.0,0.0,0.0,0.0,2019,4,annual,0.0,0.0
3149,ida_619c29d3486f4b33e451,Commitments,Paraguay,IDA,LATIN AMERICA AND CARIBBEAN,FY19,0.0,0.0,0.0,0.0,0.0,2019,4,annual,0.0,0.0
3150,ida_969e265921f168a2839e,Commitments,St. Kitts and Nevis,IDA,LATIN AMERICA AND CARIBBEAN,FY19,0.0,0.0,0.0,0.0,0.0,2019,4,annual,0.0,0.0
3151,ida_c87851a66a4c176cf7d6,Commitments,"Egypt, Arab Republic of",IDA,MIDDLE EAST AND NORTH AFRICA,FY19,0.0,0.0,0.0,0.0,0.0,2019,4,annual,0.0,0.0
3152,ida_ab316d08cb264b5950b5,Commitments,Iraq,IDA,MIDDLE EAST AND NORTH AFRICA,FY19,0.0,0.0,0.0,0.0,0.0,2019,4,annual,0.0,0.0
3153,ida_b92e1890d4999c4d5cd6,Commitments,Lebanon,IDA,MIDDLE EAST AND NORTH AFRICA,FY19,0.0,0.0,0.0,0.0,0.0,2019,4,annual,0.0,0.0
3154,ida_9a6d29e648f5be2df7a1,Commitments,Morocco,IDA,MIDDLE EAST AND NORTH AFRICA,FY19,0.0,0.0,0.0,0.0,0.0,2019,4,annual,0.0,0.0
3155,ida_bf8eec01b32877042e47,Commitments,Syrian Arab Republic,IDA,MIDDLE EAST AND NORTH AFRICA,FY19,0.0,0.0,0.0,0.0,0.0,2019,4,annual,0.0,0.0
3156,ida_5b02d462a00c732bc9eb,Commitments,Tunisia,IDA,MIDDLE EAST AND NORTH AFRICA,FY19,0.0,0.0,0.0,0.0,0.0,2019,4,annual,0.0,0.0
3157,ida_2018e5f83e0c364d1cf4,Commitments,World,IDA,OTHER,FY19,0.0,0.0,0.0,0.0,0.0,2019,4,annual,0.0,0.0
3158,ida_6fcb94f6208a9a189d35,Gross Disbursements,Ethiopia,IDA,AFRICA,FY19,1192.0,682.0,0.0,363.0,2237.0,2019,4,annual,2237.0,0.0
3159,ida_3608e174e2c2553af215,Gross Disbursements,Kenya,IDA,AFRICA,FY19,751.0,507.0,0.0,147.0,1405.0,2019,4,annual,1405.0,0.0
3160,ida_58e3225ac5960ff6a8e3,Gross Disbursements,India,IDA,SOUTH ASIA,FY19,0.0,687.0,0.0,74.0,761.0,2019,4,annual,761.0,0.0
3161,ida_39d165cf616031c95708,Gross Disbursements,Bangladesh,IDA,SOUTH ASIA,FY19,251.0,1238.0,0.0,444.0,1933.0,2019,4,annual,1933.0,0.0
3162,ida_258ae0ccfb4dfc53111e,Gross Disbursements,Pakistan,IDA,SOUTH ASIA,FY19,0.0,340.0,0.0,145.0,485.0,2019,4,annual,485.0,0.0
3163,ida_311052d0d85092a762b0,Gross Disbursements,Nigeria,IDA,AFRICA,FY19,0.0,860.0,0.0,342.0,1202.0,2019,4,annual,1202.0,0.0
3164,ida_673d296fc0281cf8b556,Gross Disbursements,Vietnam,IDA,EAST ASIA AND PACIFIC,FY19,0.0,416.0,0.0,152.0,569.0,2019,4,annual,568.0,1.0
3165,ida_48af2d47178de24b6cf4,Gross Disbursements,Tanzania,IDA,AFRICA,FY19,0.0,307.0,0.0,135.0,442.0,2019,4,annual,442.0,0.0
3166,ida_6f96aa881a39ec62bd5b,Gross Disbursements,Afghanistan,IDA,SOUTH ASIA,FY19,88.0,236.0,0.0,0.0,324.0,2019,4,annual,324.0,0.0
3167,ida_1768e297a7e62f17422c,Gross Disbursements,Senegal,IDA,AFRICA,FY19,180.0,178.0,0.0,19.0,377.0,2019,4,annual,377.0,0.0
3168,ida_6fa03aba265e49133d04,Gross Disbursements,Somalia,IDA,AFRICA,FY19,0.0,7.0,0.0,0.0,7.0,2019,4,annual,7.0,0.0
3169,ida_cf7fcc1fce5646b18cfe,Gross Disbursements,Niger,IDA,AFRICA,FY19,109.0,152.0,0.0,0.0,261.0,2019,4,annual,261.0,0.0
3170,ida_56530cf1fc8c8ed1a2b2,Gross Disbursements,Cote d'Ivoire,IDA,AFRICA,FY19,99.0,190.0,0.0,0.0,289.0,2019,4,annual,289.0,0.0
3171,ida_6dbca9e0dce01c4b9928,Gross Disbursements,"Congo, Democratic Republic of",IDA,AFRICA,FY19,0.0,458.0,0.0,0.0,458.0,2019,4,annual,458.0,0.0
3172,ida_db5b2c43fe79fbdaa288,Gross Disbursements,Nepal,IDA,SOUTH ASIA,FY19,198.0,241.0,0.0,71.0,510.0,2019,4,annual,510.0,0.0
3173,ida_7754934ee6e2919c8dde,Gross Disbursements,Rwanda,IDA,AFRICA,FY19,124.0,108.0,0.0,40.0,272.0,2019,4,annual,272.0,0.0
3174,ida_e2d73e72d150e6792104,Gross Disbursements,Burkina Faso,IDA,AFRICA,FY19,0.0,240.0,0.0,68.0,308.0,2019,4,annual,308.0,0.0
3175,ida_b1c0de3fec50cde5129f,Gross Disbursements,Mali,IDA,AFRICA,FY19,57.0,170.0,0.0,0.0,227.0,2019,4,annual,227.0,0.0
3176,ida_01a4067c76e23cbb4230,Gross Disbursements,Madagascar,IDA,AFRICA,FY19,59.0,104.0,0.0,0.0,163.0,2019,4,annual,163.0,0.0
3177,ida_98c8556e40fe95c87199,Gross Disbursements,Mozambique,IDA,AFRICA,FY19,0.0,265.0,0.0,12.0,277.0,2019,4,annual,277.0,0.0
3178,ida_314c86edf3d7597b2ada,Gross Disbursements,Ghana,IDA,AFRICA,FY19,0.0,145.0,0.0,3.0,148.0,2019,4,annual,148.0,0.0
3179,ida_11ad9b81a8559578168e,Gross Disbursements,Uganda,IDA,AFRICA,FY19,0.0,243.0,0.0,108.0,351.0,2019,4,annual,351.0,0.0
3180,ida_f5c7cbfc92d0991e2b25,Gross Disbursements,Cameroon,IDA,AFRICA,FY19,0.0,110.0,0.0,0.0,110.0,2019,4,annual,110.0,0.0
3181,ida_85f2b76e158274853bd3,Gross Disbursements,Benin,IDA,AFRICA,FY19,15.0,74.0,0.0,59.0,148.0,2019,4,annual,148.0,0.0
3182,ida_b1bc733824fb5ec109ac,Gross Disbursements,Togo,IDA,AFRICA,FY19,40.0,38.0,0.0,0.0,78.0,2019,4,annual,78.0,0.0
3183,ida_58bdc2af5907adab377f,Gross Disbursements,Myanmar,IDA,EAST ASIA AND PACIFIC,FY19,0.0,230.0,0.0,0.0,230.0,2019,4,annual,230.0,0.0
3184,ida_ec5a6f17ee1612b44fd7,Gross Disbursements,Sri Lanka,IDA,SOUTH ASIA,FY19,0.0,103.0,0.0,5.0,108.0,2019,4,annual,108.0,0.0
3185,ida_007659f9bc8c92f68dac,Gross Disbursements,Chad,IDA,AFRICA,FY19,62.0,67.0,0.0,0.0,129.0,2019,4,annual,129.0,0.0
3186,ida_457667f3737ee686e28f,Gross Disbursements,Guinea,IDA,AFRICA,FY19,59.0,89.0,0.0,0.0,148.0,2019,4,annual,148.0,0.0
3187,ida_90be1828dc85e038a962,Gross Disbursements,Uzbekistan,IDA,EUROPE AND CENTRAL ASIA,FY19,500.0,200.0,0.0,0.0,700.0,2019,4,annual,700.0,0.0
3188,ida_b69a78e659f8c6de2094,Gross Disbursements,Honduras,IDA,LATIN AMERICA AND CARIBBEAN,FY19,0.0,12.0,0.0,0.0,12.0,2019,4,annual,12.0,0.0
3189,ida_5fe96ad7c3a92359354c,Gross Disbursements,Liberia,IDA,AFRICA,FY19,0.0,102.0,0.0,0.0,102.0,2019,4,annual,102.0,0.0
3190,ida_1f75ccb02df64b796c29,Gross Disbursements,Malawi,IDA,AFRICA,FY19,40.0,146.0,0.0,0.0,186.0,2019,4,annual,186.0,0.0
3191,ida_b1121b5d7a7286a4138d,Gross Disbursements,Zambia,IDA,AFRICA,FY19,0.0,112.0,0.0,0.0,112.0,2019,4,annual,112.0,0.0
3192,ida_6189023a3e3899d5b0bc,Gross Disbursements,Mongolia,IDA,EAST ASIA AND PACIFIC,FY19,0.0,13.0,0.0,0.0,13.0,2019,4,annual,13.0,0.0
3193,ida_82b887350b4ba7e81511,Gross Disbursements,Haiti,IDA,LATIN AMERICA AND CARIBBEAN,FY19,20.0,98.0,0.0,0.0,118.0,2019,4,annual,118.0,0.0
3194,ida_3f5a7ced179da56e973a,Gross Disbursements,Burundi,IDA,AFRICA,FY19,0.0,104.0,0.0,0.0,104.0,2019,4,annual,104.0,0.0
3195,ida_8693b74f4c5ac77bf24f,Gross Disbursements,Mauritania,IDA,AFRICA,FY19,0.0,41.0,0.0,0.0,41.0,2019,4,annual,41.0,0.0
3196,ida_69a8a2f8b0f6aae0fe3c,Gross Disbursements,Sierra Leone,IDA,AFRICA,FY19,40.0,63.0,0.0,0.0,103.0,2019,4,annual,103.0,0.0
3197,ida_bd3b5ae0e189b435fba5,Gross Disbursements,Nicaragua,IDA,LATIN AMERICA AND CARIBBEAN,FY19,0.0,72.0,0.0,0.0,72.0,2019,4,annual,72.0,0.0
3198,ida_6c571c9d330a7f9c1765,Gross Disbursements,Cambodia,IDA,EAST ASIA AND PACIFIC,FY19,0.0,55.0,0.0,0.0,55.0,2019,4,annual,55.0,0.0
3199,ida_ab98a5479e64ad715f14,Gross Disbursements,South Sudan,IDA,AFRICA,FY19,0.0,56.0,0.0,0.0,56.0,2019,4,annual,56.0,0.0
3200,ida_4872bd96fb76d419a166,Gross Disbursements,Central African Republic,IDA,AFRICA,FY19,98.0,58.0,0.0,0.0,156.0,2019,4,annual,156.0,0.0
3201,ida_da0882c231979b7e6229,Gross Disbursements,Tajikistan,IDA,EUROPE AND CENTRAL ASIA,FY19,0.0,80.0,0.0,0.0,80.0,2019,4,annual,80.0,0.0
3202,ida_6763db2010fde666545f,Gross Disbursements,Cabo Verde,IDA,AFRICA,FY19,0.0,25.0,0.0,0.0,25.0,2019,4,annual,25.0,0.0
3203,ida_adb89b96c1523bda2817,Gross Disbursements,Lao People's Democratic Republic,IDA,EAST ASIA AND PACIFIC,FY19,40.0,46.0,0.0,0.0,86.0,2019,4,annual,86.0,0.0
3204,ida_4b270c66b2cb70f96254,Gross Disbursements,Fiji,IDA,EAST ASIA AND PACIFIC,FY19,0.0,0.0,0.0,0.0,0.0,2019,4,annual,0.0,0.0
3205,ida_5b8c095d1306b7f1f131,Gross Disbursements,Lebanon,IDA,MIDDLE EAST AND NORTH AFRICA,FY19,0.0,0.0,0.0,0.0,0.0,2019,4,annual,0.0,0.0
3206,ida_b04e53fc92f243c80a49,Gross Disbursements,Bhutan,IDA,SOUTH ASIA,FY19,30.0,3.0,0.0,0.0,33.0,2019,4,annual,33.0,0.0
3207,ida_04234d8bac75960d5f4a,Gross Disbursements,"Yemen, Republic of",IDA,MIDDLE EAST AND NORTH AFRICA,FY19,0.0,600.0,0.0,0.0,600.0,2019,4,annual,600.0,0.0
3208,ida_75b146badd1eea2d606f,Gross Disbursements,St. Vincent and the Grenadines,IDA,LATIN AMERICA AND CARIBBEAN,FY19,0.0,3.0,0.0,0.0,3.0,2019,4,annual,3.0,0.0
3209,ida_0559309525cc0e92d9bd,Gross Disbursements,Kyrgyz Republic,IDA,EUROPE AND CENTRAL ASIA,FY19,23.0,32.0,0.0,0.0,55.0,2019,4,annual,55.0,0.0
3210,ida_dd0377cf48275a41084b,Gross Disbursements,Lesotho,IDA,AFRICA,FY19,0.0,31.0,0.0,0.0,31.0,2019,4,annual,31.0,0.0
3211,ida_58f09285a066e4f5bebd,Gross Disbursements,Zimbabwe,IDA,AFRICA,FY19,0.0,0.0,0.0,0.0,0.0,2019,4,annual,0.0,0.0
3212,ida_d3759852482786a81636,Gross Disbursements,Maldives,IDA,SOUTH ASIA,FY19,0.0,5.0,0.0,0.0,5.0,2019,4,annual,5.0,0.0
3213,ida_f6df66c10ef9f521642c,Gross Disbursements,Guinea-Bissau,IDA,AFRICA,FY19,0.0,59.0,0.0,0.0,59.0,2019,4,annual,59.0,0.0
3214,ida_627e26e94b38d02da0da,Gross Disbursements,"Congo, Republic of",IDA,AFRICA,FY19,0.0,29.0,0.0,0.0,29.0,2019,4,annual,29.0,0.0
3215,ida_77c332cd24f575291ca5,Gross Disbursements,Papua New Guinea,IDA,EAST ASIA AND PACIFIC,FY19,148.0,36.0,0.0,0.0,184.0,2019,4,annual,184.0,0.0
3216,ida_480734836db661d70e18,Gross Disbursements,Africa,IDA,AFRICA,FY19,0.0,23.0,0.0,0.0,23.0,2019,4,annual,23.0,0.0
3217,ida_2545f2901322df995cd8,Gross Disbursements,"Gambia, The",IDA,AFRICA,FY19,0.0,23.0,0.0,0.0,23.0,2019,4,annual,23.0,0.0
3218,ida_612682ea18c8de511393,Gross Disbursements,Samoa,IDA,EAST ASIA AND PACIFIC,FY19,5.0,20.0,0.0,0.0,25.0,2019,4,annual,25.0,0.0
3219,ida_44847667d4c09d756ce5,Gross Disbursements,Djibouti,IDA,MIDDLE EAST AND NORTH AFRICA,FY19,0.0,17.0,0.0,0.0,17.0,2019,4,annual,17.0,0.0
3220,ida_ca1210c6f9b2bf3f3d2a,Gross Disbursements,Solomon Islands,IDA,EAST ASIA AND PACIFIC,FY19,0.0,10.0,0.0,0.0,10.0,2019,4,annual,10.0,0.0
3221,ida_5e7d4622ab84913f050c,Gross Disbursements,Bosnia and Herzegovina,IDA,EUROPE AND CENTRAL ASIA,FY19,0.0,25.0,0.0,0.0,25.0,2019,4,annual,25.0,0.0
3222,ida_c10e8e311182fbd5983a,Gross Disbursements,Vanuatu,IDA,EAST ASIA AND PACIFIC,FY19,0.0,34.0,0.0,0.0,34.0,2019,4,annual,34.0,0.0
3223,ida_836021a4919b58e55ae8,Gross Disbursements,Grenada,IDA,LATIN AMERICA AND CARIBBEAN,FY19,30.0,2.0,0.0,0.0,32.0,2019,4,annual,32.0,0.0
3224,ida_4804a8e250910d5fad97,Gross Disbursements,Moldova,IDA,EUROPE AND CENTRAL ASIA,FY19,29.0,11.0,0.0,2.0,42.0,2019,4,annual,42.0,0.0
3225,ida_a2bb5da8032491769e09,Gross Disbursements,Tuvalu,IDA,EAST ASIA AND PACIFIC,FY19,7.0,3.0,0.0,0.0,10.0,2019,4,annual,10.0,0.0
3226,ida_e802f41707f041775b9a,Gross Disbursements,Sao Tome and Principe,IDA,AFRICA,FY19,6.0,7.0,0.0,0.0,13.0,2019,4,annual,13.0,0.0
3227,ida_70d3b42e85be56ef2e59,Gross Disbursements,Comoros,IDA,AFRICA,FY19,0.0,7.0,0.0,0.0,7.0,2019,4,annual,7.0,0.0
3228,ida_5e52b75da8ae249a3a3b,Gross Disbursements,Western Africa,IDA,AFRICA,FY19,0.0,45.0,0.0,0.0,45.0,2019,4,annual,45.0,0.0
3229,ida_f9d804d7335256a0c124,Gross Disbursements,Dominica,IDA,LATIN AMERICA AND CARIBBEAN,FY19,0.0,4.0,0.0,0.0,4.0,2019,4,annual,4.0,0.0
3230,ida_f36370c003f11a962082,Gross Disbursements,"Micronesia, Federated States of",IDA,EAST ASIA AND PACIFIC,FY19,0.0,20.0,0.0,0.0,20.0,2019,4,annual,20.0,0.0
3231,ida_7a9a9f9cebe7ed3ef686,Gross Disbursements,Tonga,IDA,EAST ASIA AND PACIFIC,FY19,16.0,8.0,0.0,0.0,24.0,2019,4,annual,24.0,0.0
3232,ida_978c9838049bfa75c000,Gross Disbursements,Bolivia,IDA,LATIN AMERICA AND CARIBBEAN,FY19,0.0,57.0,0.0,0.0,57.0,2019,4,annual,57.0,0.0
3233,ida_d25385d03886f7032000,Gross Disbursements,Kosovo,IDA,EUROPE AND CENTRAL ASIA,FY19,0.0,14.0,0.0,0.0,14.0,2019,4,annual,14.0,0.0
3234,ida_e1d0eed97c1fa1e9d445,Gross Disbursements,St. Lucia,IDA,LATIN AMERICA AND CARIBBEAN,FY19,0.0,3.0,0.0,0.0,3.0,2019,4,annual,3.0,0.0
3235,ida_56a1feb577873fe380d7,Gross Disbursements,Angola,IDA,AFRICA,FY19,0.0,30.0,0.0,0.0,30.0,2019,4,annual,30.0,0.0
3236,ida_6d8fbff9ff0329602f8d,Gross Disbursements,Jordan,IDA,MIDDLE EAST AND NORTH AFRICA,FY19,0.0,0.0,0.0,30.0,30.0,2019,4,annual,30.0,0.0
3237,ida_ad4a7d70d5ea25f43c93,Gross Disbursements,Marshall Islands,IDA,EAST ASIA AND PACIFIC,FY19,0.0,3.0,0.0,0.0,3.0,2019,4,annual,3.0,0.0
3238,ida_e2fd04ebb3e0699cbe95,Gross Disbursements,Guyana,IDA,LATIN AMERICA AND CARIBBEAN,FY19,34.0,5.0,0.0,0.0,39.0,2019,4,annual,39.0,0.0
3239,ida_2213c6dfcbdf34acf2cb,Gross Disbursements,Armenia,IDA,EUROPE AND CENTRAL ASIA,FY19,0.0,8.0,0.0,0.0,8.0,2019,4,annual,8.0,0.0
3240,ida_722dae313d4a571ad529,Gross Disbursements,IFC,IDA,OTHER,FY19,0.0,0.0,0.0,0.0,0.0,2019,4,annual,0.0,0.0
3241,ida_6e2a0044baed36c55cb7,Gross Disbursements,Central Africa,IDA,AFRICA,FY19,0.0,4.0,0.0,0.0,4.0,2019,4,annual,4.0,0.0
3242,ida_233b20b15abc58d45288,Gross Disbursements,Central Asia,IDA,EUROPE AND CENTRAL ASIA,FY19,0.0,3.0,0.0,0.0,3.0,2019,4,annual,3.0,0.0
3243,ida_8df79b070750c4666f36,Gross Disbursements,Eastern Africa,IDA,AFRICA,FY19,0.0,4.0,0.0,0.0,4.0,2019,4,annual,4.0,0.0
3244,ida_9ceef3479c39ddd21d90,Gross Disbursements,Timor-Leste,IDA,EAST ASIA AND PACIFIC,FY19,0.0,3.0,0.0,0.0,3.0,2019,4,annual,3.0,0.0
3245,ida_3753b09ec369bf0dee22,Gross Disbursements,Pacific Islands,IDA,EAST ASIA AND PACIFIC,FY19,0.0,2.0,0.0,0.0,2.0,2019,4,annual,2.0,0.0
3246,ida_288bcb62597622abcbec,Gross Disbursements,Georgia,IDA,EUROPE AND CENTRAL ASIA,FY19,0.0,3.0,0.0,0.0,3.0,2019,4,annual,3.0,0.0
3247,ida_4d63a155a96e3694d980,Gross Disbursements,Caribbean,IDA,LATIN AMERICA AND CARIBBEAN,FY19,0.0,0.0,0.0,0.0,0.0,2019,4,annual,0.0,0.0
3248,ida_e9e452a0e90935463138,Gross Disbursements,Kiribati,IDA,EAST ASIA AND PACIFIC,FY19,5.0,9.0,0.0,0.0,14.0,2019,4,annual,14.0,0.0
3249,ida_ed6b85c2465f14aaacd1,Gross Disbursements,Albania,IDA,EUROPE AND CENTRAL ASIA,FY19,0.0,1.0,0.0,0.0,1.0,2019,4,annual,1.0,0.0
3250,ida_a670cba99cc8374b0e36,Gross Disbursements,Mekong,IDA,EAST ASIA AND PACIFIC,FY19,0.0,1.0,0.0,0.0,1.0,2019,4,annual,1.0,0.0
3251,ida_9894babc295f90b1dde0,Gross Disbursements,Botswana,IDA,AFRICA,FY19,0.0,0.0,0.0,0.0,0.0,2019,4,annual,0.0,0.0
3252,ida_db4084cb0b98817e2200,Gross Disbursements,Equatorial Guinea,IDA,AFRICA,FY19,0.0,0.0,0.0,0.0,0.0,2019,4,annual,0.0,0.0
3253,ida_c3cf6494aa8e6a80c781,Gross Disbursements,Eritrea,IDA,AFRICA,FY19,0.0,0.0,0.0,0.0,0.0,2019,4,annual,0.0,0.0
3254,ida_bac8aa872fd15fc1bbce,Gross Disbursements,Eswatini,IDA,AFRICA,FY19,0.0,0.0,0.0,0.0,0.0,2019,4,annual,0.0,0.0
3255,ida_1d0c68c30c365505dcd9,Gross Disbursements,Mauritius,IDA,AFRICA,FY19,0.0,0.0,0.0,0.0,0.0,2019,4,annual,0.0,0.0
3256,ida_83707aeb86f5bc968b18,Gross Disbursements,Sudan,IDA,AFRICA,FY19,0.0,0.0,0.0,0.0,0.0,2019,4,annual,0.0,0.0
3257,ida_a0e2a7eb613497c04968,Gross Disbursements,China,IDA,EAST ASIA AND PACIFIC,FY19,0.0,0.0,0.0,0.0,0.0,2019,4,annual,0.0,0.0
3258,ida_1e63f0f6614ec9dbba41,Gross Disbursements,Indonesia,IDA,EAST ASIA AND PACIFIC,FY19,0.0,0.0,0.0,0.0,0.0,2019,4,annual,0.0,0.0
3259,ida_490370d5bc41e60da21a,Gross Disbursements,Philippines,IDA,EAST ASIA AND PACIFIC,FY19,0.0,0.0,0.0,0.0,0.0,2019,4,annual,0.0,0.0
3260,ida_9490b5486be326394267,Gross Disbursements,Azerbaijan,IDA,EUROPE AND CENTRAL ASIA,FY19,0.0,0.0,0.0,0.0,0.0,2019,4,annual,0.0,0.0
3261,ida_c4861d15148ab140d798,Gross Disbursements,Montenegro,IDA,EUROPE AND CENTRAL ASIA,FY19,0.0,0.0,0.0,0.0,0.0,2019,4,annual,0.0,0.0
3262,ida_16868e30c20b5ca9cbf2,Gross Disbursements,North Macedonia,IDA,EUROPE AND CENTRAL ASIA,FY19,0.0,0.0,0.0,0.0,0.0,2019,4,annual,0.0,0.0
3263,ida_6500ed0dd49a13b98a24,Gross Disbursements,Serbia,IDA,EUROPE AND CENTRAL ASIA,FY19,0.0,0.0,0.0,0.0,0.0,2019,4,annual,0.0,0.0
3264,ida_54c43f211ab5d749ac58,Gross Disbursements,Turkiye,IDA,EUROPE AND CENTRAL ASIA,FY19,0.0,0.0,0.0,0.0,0.0,2019,4,annual,0.0,0.0
3265,ida_9e5eaef7792b0171d7ad,Gross Disbursements,Dominican Republic,IDA,LATIN AMERICA AND CARIBBEAN,FY19,0.0,0.0,0.0,0.0,0.0,2019,4,annual,0.0,0.0
3266,ida_8bfb0a5f20e3240de5f0,Gross Disbursements,Ecuador,IDA,LATIN AMERICA AND CARIBBEAN,FY19,0.0,0.0,0.0,0.0,0.0,2019,4,annual,0.0,0.0
3267,ida_41d7ffe72b54b8d859c1,Gross Disbursements,El Salvador,IDA,LATIN AMERICA AND CARIBBEAN,FY19,0.0,0.0,0.0,0.0,0.0,2019,4,annual,0.0,0.0
3268,ida_31450adc16919eaeecae,Gross Disbursements,Paraguay,IDA,LATIN AMERICA AND CARIBBEAN,FY19,0.0,0.0,0.0,0.0,0.0,2019,4,annual,0.0,0.0
3269,ida_68753b313fa75dfb8662,Gross Disbursements,St. Kitts and Nevis,IDA,LATIN AMERICA AND CARIBBEAN,FY19,0.0,0.0,0.0,0.0,0.0,2019,4,annual,0.0,0.0
3270,ida_0e61a4de5b95fe3eeb10,Gross Disbursements,"Egypt, Arab Republic of",IDA,MIDDLE EAST AND NORTH AFRICA,FY19,0.0,0.0,0.0,0.0,0.0,2019,4,annual,0.0,0.0
3271,ida_ce49db3d5356d5c8e1a5,Gross Disbursements,Iraq,IDA,MIDDLE EAST AND NORTH AFRICA,FY19,0.0,0.0,0.0,0.0,0.0,2019,4,annual,0.0,0.0
3272,ida_19122daee5585d4227e6,Gross Disbursements,Morocco,IDA,MIDDLE EAST AND NORTH AFRICA,FY19,0.0,0.0,0.0,0.0,0.0,2019,4,annual,0.0,0.0
3273,ida_2297469b82a95a696be3,Gross Disbursements,Syrian Arab Republic,IDA,MIDDLE EAST AND NORTH AFRICA,FY19,0.0,0.0,0.0,0.0,0.0,2019,4,annual,0.0,0.0
3274,ida_c99e39203c9bb031a8fb,Gross Disbursements,Tunisia,IDA,MIDDLE EAST AND NORTH AFRICA,FY19,0.0,0.0,0.0,0.0,0.0,2019,4,annual,0.0,0.0
3275,ida_0cbb2d99648b10ce29ce,Commitments,Ethiopia,IDA,AFRICA,FY18,0.0,945.0,0.0,2177.0,3122.0,2018,4,annual,3122.0,0.0
3276,ida_f0af93539e5064261eb0,Commitments,Bangladesh,IDA,SOUTH ASIA,FY18,0.0,1781.0,0.0,1210.0,2991.0,2018,4,annual,2991.0,0.0
3277,ida_29f5e51a336574ba6f43,Commitments,Pakistan,IDA,SOUTH ASIA,FY18,0.0,1148.0,0.0,800.0,1948.0,2018,4,annual,1948.0,0.0
3278,ida_96e9fb144521b4d9aeb7,Commitments,Kenya,IDA,AFRICA,FY18,200.0,630.0,0.0,450.0,1280.0,2018,4,annual,1280.0,0.0
3279,ida_2d92588428d7ecfc8f8b,Commitments,Cote d'Ivoire,IDA,AFRICA,FY18,125.0,862.0,0.0,0.0,987.0,2018,4,annual,987.0,0.0
3280,ida_3b66e663797f12c10ebb,Commitments,Mozambique,IDA,AFRICA,FY18,0.0,445.0,0.0,80.0,525.0,2018,4,annual,525.0,0.0
3281,ida_4bddc5f489745c2a68c2,Commitments,"Congo, Democratic Republic of",IDA,AFRICA,FY18,0.0,200.0,0.0,0.0,200.0,2018,4,annual,200.0,0.0
3282,ida_2fed0b5a351822055255,Commitments,Burkina Faso,IDA,AFRICA,FY18,75.0,215.0,0.0,300.0,590.0,2018,4,annual,590.0,0.0
3283,ida_70a497b69524d2b772a1,Commitments,Niger,IDA,AFRICA,FY18,120.0,145.0,0.0,0.0,265.0,2018,4,annual,265.0,0.0
3284,ida_7dcce57f619f36d1fd40,Commitments,Mali,IDA,AFRICA,FY18,0.0,233.0,0.0,0.0,233.0,2018,4,annual,233.0,0.0
3285,ida_8e35a76d46f03a23443d,Commitments,Benin,IDA,AFRICA,FY18,40.0,75.0,0.0,220.0,335.0,2018,4,annual,335.0,0.0
3286,ida_608d7af176c7805d5d55,Commitments,Ghana,IDA,AFRICA,FY18,200.0,50.0,0.0,0.0,250.0,2018,4,annual,250.0,0.0
3287,ida_bc93d6cbec6c2dc92963,Commitments,"Yemen, Republic of",IDA,MIDDLE EAST AND NORTH AFRICA,FY18,0.0,400.0,0.0,0.0,400.0,2018,4,annual,400.0,0.0
3288,ida_faa24fcf417276ec9a83,Commitments,Madagascar,IDA,AFRICA,FY18,90.0,295.0,0.0,0.0,385.0,2018,4,annual,385.0,0.0
3289,ida_94a701d223c50670a412,Commitments,Afghanistan,IDA,SOUTH ASIA,FY18,90.0,276.0,0.0,0.0,366.0,2018,4,annual,366.0,0.0
3290,ida_7eb2e05c9324960045d4,Commitments,Nepal,IDA,SOUTH ASIA,FY18,200.0,506.0,0.0,0.0,706.0,2018,4,annual,706.0,0.0
3291,ida_742b10bbdec0591aaaa2,Commitments,Vietnam,IDA,EAST ASIA AND PACIFIC,FY18,0.0,80.0,0.0,0.0,80.0,2018,4,annual,80.0,0.0
3292,ida_1495ed6d0d5d9d12e42f,Commitments,Senegal,IDA,AFRICA,FY18,0.0,305.0,0.0,110.0,415.0,2018,4,annual,415.0,0.0
3293,ida_911b506bddeeae861c62,Commitments,Malawi,IDA,AFRICA,FY18,0.0,260.0,0.0,0.0,260.0,2018,4,annual,260.0,0.0
3294,ida_c9e955da9b213e626d13,Commitments,Rwanda,IDA,AFRICA,FY18,125.0,105.0,0.0,220.0,450.0,2018,4,annual,450.0,0.0
3295,ida_a095d57d46617730418b,Commitments,Guinea,IDA,AFRICA,FY18,0.0,120.0,0.0,0.0,120.0,2018,4,annual,120.0,0.0
3296,ida_75513e153ddaf91386e2,Commitments,Central African Republic,IDA,AFRICA,FY18,25.0,55.0,0.0,0.0,80.0,2018,4,annual,80.0,0.0
3297,ida_a199aba5510a1b9a6402,Commitments,India,IDA,SOUTH ASIA,FY18,0.0,0.0,0.0,0.0,0.0,2018,4,annual,0.0,0.0
3298,ida_2ca8d819fbbc313b171c,Commitments,Chad,IDA,AFRICA,FY18,0.0,82.0,0.0,0.0,82.0,2018,4,annual,82.0,0.0
3299,ida_ad8e1a353a05a0534735,Commitments,Cambodia,IDA,EAST ASIA AND PACIFIC,FY18,0.0,200.0,0.0,0.0,200.0,2018,4,annual,200.0,0.0
3300,ida_cdf7816f499c0e36573f,Commitments,Western Africa,IDA,AFRICA,FY18,0.0,210.0,0.0,0.0,210.0,2018,4,annual,210.0,0.0
3301,ida_afed43d9d4f4fa1ed8e6,Commitments,Sri Lanka,IDA,SOUTH ASIA,FY18,0.0,100.0,0.0,0.0,100.0,2018,4,annual,100.0,0.0
3302,ida_9dd1f972e8de908af957,Commitments,Sierra Leone,IDA,AFRICA,FY18,10.0,90.0,0.0,0.0,100.0,2018,4,annual,100.0,0.0
3303,ida_f679ccb857425a919489,Commitments,Tajikistan,IDA,EUROPE AND CENTRAL ASIA,FY18,0.0,66.0,0.0,0.0,66.0,2018,4,annual,66.0,0.0
3304,ida_8ae8520f8c07d5101b77,Commitments,Honduras,IDA,LATIN AMERICA AND CARIBBEAN,FY18,0.0,0.0,0.0,0.0,0.0,2018,4,annual,0.0,0.0
3305,ida_1f84df921a4379f8977b,Commitments,Cameroon,IDA,AFRICA,FY18,0.0,465.0,0.0,0.0,465.0,2018,4,annual,465.0,0.0
3306,ida_688cb5c2e6b2b051fa10,Commitments,Uganda,IDA,AFRICA,FY18,0.0,280.0,0.0,360.0,640.0,2018,4,annual,640.0,0.0
3307,ida_3847b65add57c6d75f2c,Commitments,Papua New Guinea,IDA,EAST ASIA AND PACIFIC,FY18,0.0,0.0,0.0,0.0,0.0,2018,4,annual,0.0,0.0
3308,ida_e041ce7338d5809b89bb,Commitments,Haiti,IDA,LATIN AMERICA AND CARIBBEAN,FY18,0.0,105.0,0.0,0.0,105.0,2018,4,annual,105.0,0.0
3309,ida_d212248552ede7eedacf,Commitments,Lesotho,IDA,AFRICA,FY18,0.0,28.0,0.0,0.0,28.0,2018,4,annual,28.0,0.0
3310,ida_ed0e8162b58d8eb41e10,Commitments,Moldova,IDA,EUROPE AND CENTRAL ASIA,FY18,0.0,25.0,0.0,0.0,25.0,2018,4,annual,25.0,0.0
3311,ida_94726f0f135ad1db01d3,Commitments,Liberia,IDA,AFRICA,FY18,20.0,52.0,0.0,0.0,72.0,2018,4,annual,72.0,0.0
3312,ida_7ea4e6c799f11c4af70a,Commitments,Lao People's Democratic Republic,IDA,EAST ASIA AND PACIFIC,FY18,0.0,130.0,0.0,0.0,130.0,2018,4,annual,130.0,0.0
3313,ida_86552d5a8a034f667c9d,Commitments,South Sudan,IDA,AFRICA,FY18,0.0,0.0,0.0,0.0,0.0,2018,4,annual,0.0,0.0
3314,ida_284fd5a56e558a251bff,Commitments,Kyrgyz Republic,IDA,EUROPE AND CENTRAL ASIA,FY18,0.0,126.0,0.0,0.0,126.0,2018,4,annual,126.0,0.0
3315,ida_7bf6d2c596e543e88ffa,Commitments,Zambia,IDA,AFRICA,FY18,0.0,63.0,0.0,0.0,63.0,2018,4,annual,63.0,0.0
3316,ida_38f55d66828920ea3777,Commitments,Somalia,IDA,AFRICA,FY18,0.0,0.0,0.0,0.0,0.0,2018,4,annual,0.0,0.0
3317,ida_6e70a962b0c185c8ca9a,Commitments,"Gambia, The",IDA,AFRICA,FY18,0.0,71.0,0.0,0.0,71.0,2018,4,annual,71.0,0.0
3318,ida_4e7e7ec0ff14576e91ef,Commitments,Uzbekistan,IDA,EUROPE AND CENTRAL ASIA,FY18,500.0,240.0,0.0,0.0,740.0,2018,4,annual,740.0,0.0
3319,ida_e610b9c53c7131652b38,Commitments,Tonga,IDA,EAST ASIA AND PACIFIC,FY18,10.0,0.0,0.0,0.0,10.0,2018,4,annual,10.0,0.0
3320,ida_ac15ad4ab112742a8f33,Commitments,Solomon Islands,IDA,EAST ASIA AND PACIFIC,FY18,0.0,15.0,0.0,0.0,15.0,2018,4,annual,15.0,0.0
3321,ida_193c47e9d9a57cdeade8,Commitments,Tanzania,IDA,AFRICA,FY18,0.0,605.0,0.0,350.0,955.0,2018,4,annual,955.0,0.0
3322,ida_95a2b71cfcd3bd314953,Commitments,Djibouti,IDA,MIDDLE EAST AND NORTH AFRICA,FY18,0.0,30.0,0.0,0.0,30.0,2018,4,annual,30.0,0.0
3323,ida_ba2db326fbcac9585022,Commitments,Guinea-Bissau,IDA,AFRICA,FY18,0.0,40.0,0.0,0.0,40.0,2018,4,annual,40.0,0.0
3324,ida_8d0b769837af036669e5,Commitments,Togo,IDA,AFRICA,FY18,52.0,95.0,0.0,0.0,147.0,2018,4,annual,147.0,0.0
3325,ida_24a5ad4b2b570c3ccac1,Commitments,"Micronesia, Federated States of",IDA,EAST ASIA AND PACIFIC,FY18,0.0,11.0,0.0,0.0,11.0,2018,4,annual,11.0,0.0
3326,ida_d84f900d46374fd88f8e,Commitments,Kosovo,IDA,EUROPE AND CENTRAL ASIA,FY18,0.0,0.0,0.0,0.0,0.0,2018,4,annual,0.0,0.0
3327,ida_da3d228b9aa7901d665b,Commitments,Cabo Verde,IDA,AFRICA,FY18,0.0,35.0,0.0,0.0,35.0,2018,4,annual,35.0,0.0
3328,ida_c1539f9b6f2cb39dc436,Commitments,Tuvalu,IDA,EAST ASIA AND PACIFIC,FY18,0.0,9.0,0.0,0.0,9.0,2018,4,annual,9.0,0.0
3329,ida_f1883129886dd27a9ddd,Commitments,Samoa,IDA,EAST ASIA AND PACIFIC,FY18,5.0,0.0,0.0,0.0,5.0,2018,4,annual,5.0,0.0
3330,ida_e498415d99f8a50d26c3,Commitments,Dominica,IDA,LATIN AMERICA AND CARIBBEAN,FY18,0.0,65.0,0.0,0.0,65.0,2018,4,annual,65.0,0.0
3331,ida_ac0c2b9218ac0f43deee,Commitments,Marshall Islands,IDA,EAST ASIA AND PACIFIC,FY18,0.0,43.0,0.0,0.0,43.0,2018,4,annual,43.0,0.0
3332,ida_ab0c3a5a720070473476,Commitments,Sao Tome and Principe,IDA,AFRICA,FY18,6.0,20.0,0.0,0.0,26.0,2018,4,annual,26.0,0.0
3333,ida_d6d9b52a8231fa205a50,Commitments,Africa,IDA,AFRICA,FY18,0.0,28.0,0.0,0.0,28.0,2018,4,annual,28.0,0.0
3334,ida_e68ca26e9a6f58eedc60,Commitments,Comoros,IDA,AFRICA,FY18,0.0,0.0,0.0,0.0,0.0,2018,4,annual,0.0,0.0
3335,ida_d042ec05643084de3c43,Commitments,St. Vincent and the Grenadines,IDA,LATIN AMERICA AND CARIBBEAN,FY18,0.0,0.0,0.0,0.0,0.0,2018,4,annual,0.0,0.0
3336,ida_1e6b5e9303864906a7f1,Commitments,Bhutan,IDA,SOUTH ASIA,FY18,30.0,0.0,0.0,0.0,30.0,2018,4,annual,30.0,0.0
3337,ida_a2ee097aabc8247232ca,Commitments,Eastern Africa,IDA,AFRICA,FY18,0.0,0.0,0.0,0.0,0.0,2018,4,annual,0.0,0.0
3338,ida_81fcf6e737e3238e554a,Commitments,Nigeria,IDA,AFRICA,FY18,0.0,1836.0,0.0,750.0,2586.0,2018,4,annual,2586.0,0.0
3339,ida_b0f30892adc8b11b366b,Commitments,Mauritania,IDA,AFRICA,FY18,26.0,85.0,0.0,0.0,111.0,2018,4,annual,111.0,0.0
3340,ida_de3bca0c2686cbefa78f,Commitments,"Congo, Republic of",IDA,AFRICA,FY18,0.0,100.0,0.0,0.0,100.0,2018,4,annual,100.0,0.0
3341,ida_8c93ad4e2db7eaaa2121,Commitments,St. Lucia,IDA,LATIN AMERICA AND CARIBBEAN,FY18,0.0,0.0,0.0,0.0,0.0,2018,4,annual,0.0,0.0
3342,ida_5d16ea079f514b3b0047,Commitments,Guyana,IDA,LATIN AMERICA AND CARIBBEAN,FY18,35.0,0.0,0.0,0.0,35.0,2018,4,annual,35.0,0.0
3343,ida_ceff2344a55a797a950e,Commitments,Maldives,IDA,SOUTH ASIA,FY18,0.0,12.0,0.0,0.0,12.0,2018,4,annual,12.0,0.0
3344,ida_2c3d2d40aa9a7d0c077e,Commitments,Kiribati,IDA,EAST ASIA AND PACIFIC,FY18,5.0,0.0,0.0,0.0,5.0,2018,4,annual,5.0,0.0
3345,ida_b82b5e7a3b7c5bd9cb8c,Commitments,Central Asia,IDA,EUROPE AND CENTRAL ASIA,FY18,0.0,0.0,0.0,0.0,0.0,2018,4,annual,0.0,0.0
3346,ida_1575b92fe7b86d4c790a,Commitments,Grenada,IDA,LATIN AMERICA AND CARIBBEAN,FY18,30.0,0.0,0.0,0.0,30.0,2018,4,annual,30.0,0.0
3347,ida_5462735b995095c41fc7,Commitments,Angola,IDA,AFRICA,FY18,0.0,0.0,0.0,0.0,0.0,2018,4,annual,0.0,0.0
3348,ida_c60e305171eb8f61e024,Commitments,Botswana,IDA,AFRICA,FY18,0.0,0.0,0.0,0.0,0.0,2018,4,annual,0.0,0.0
3349,ida_459242c49e9e91ec9dfa,Commitments,Burundi,IDA,AFRICA,FY18,0.0,120.0,0.0,0.0,120.0,2018,4,annual,120.0,0.0
3350,ida_72e430861530bb124bf8,Commitments,Central Africa,IDA,AFRICA,FY18,0.0,35.0,0.0,0.0,35.0,2018,4,annual,35.0,0.0
3351,ida_07c4b4792aac40b7d198,Commitments,Equatorial Guinea,IDA,AFRICA,FY18,0.0,0.0,0.0,0.0,0.0,2018,4,annual,0.0,0.0
3352,ida_e8507cb4fead94fcce0e,Commitments,Eritrea,IDA,AFRICA,FY18,0.0,0.0,0.0,0.0,0.0,2018,4,annual,0.0,0.0
3353,ida_b395fb4984ab7b4229c2,Commitments,Eswatini,IDA,AFRICA,FY18,0.0,0.0,0.0,0.0,0.0,2018,4,annual,0.0,0.0
3354,ida_39d87a942a3e311e72be,Commitments,Mauritius,IDA,AFRICA,FY18,0.0,0.0,0.0,0.0,0.0,2018,4,annual,0.0,0.0
3355,ida_f4a88b0876fabc54ba89,Commitments,Sudan,IDA,AFRICA,FY18,0.0,0.0,0.0,0.0,0.0,2018,4,annual,0.0,0.0
3356,ida_4fd5fa50a1599d4dbd32,Commitments,Zimbabwe,IDA,AFRICA,FY18,0.0,0.0,0.0,0.0,0.0,2018,4,annual,0.0,0.0
3357,ida_4861d69e31934df6d205,Commitments,China,IDA,EAST ASIA AND PACIFIC,FY18,0.0,0.0,0.0,0.0,0.0,2018,4,annual,0.0,0.0
3358,ida_9574615ab8b0b2e9d9a7,Commitments,Indonesia,IDA,EAST ASIA AND PACIFIC,FY18,0.0,0.0,0.0,0.0,0.0,2018,4,annual,0.0,0.0
3359,ida_3ca19c868cd740fe9799,Commitments,"Korea, Republic of",IDA,EAST ASIA AND PACIFIC,FY18,0.0,0.0,0.0,0.0,0.0,2018,4,annual,0.0,0.0
3360,ida_19f1f080f011fa724dc3,Commitments,Mekong,IDA,EAST ASIA AND PACIFIC,FY18,0.0,0.0,0.0,0.0,0.0,2018,4,annual,0.0,0.0
3361,ida_43d19fc074ea74d414e8,Commitments,Mongolia,IDA,EAST ASIA AND PACIFIC,FY18,120.0,0.0,0.0,0.0,120.0,2018,4,annual,120.0,0.0
3362,ida_7b2cfd418434ab43ce93,Commitments,Myanmar,IDA,EAST ASIA AND PACIFIC,FY18,0.0,0.0,0.0,0.0,0.0,2018,4,annual,0.0,0.0
3363,ida_33854a51d502bf0aeafc,Commitments,Pacific Islands,IDA,EAST ASIA AND PACIFIC,FY18,0.0,4.0,0.0,0.0,4.0,2018,4,annual,4.0,0.0
3364,ida_6429997fd05ca006a918,Commitments,Philippines,IDA,EAST ASIA AND PACIFIC,FY18,0.0,0.0,0.0,0.0,0.0,2018,4,annual,0.0,0.0
3365,ida_99766138cb3d44155e31,Commitments,"Taiwan, China",IDA,EAST ASIA AND PACIFIC,FY18,0.0,0.0,0.0,0.0,0.0,2018,4,annual,0.0,0.0
3366,ida_48b2d3af3a068dcb0c3b,Commitments,Thailand,IDA,EAST ASIA AND PACIFIC,FY18,0.0,0.0,0.0,0.0,0.0,2018,4,annual,0.0,0.0
3367,ida_b089086cabeed10fb471,Commitments,Timor-Leste,IDA,EAST ASIA AND PACIFIC,FY18,0.0,0.0,0.0,0.0,0.0,2018,4,annual,0.0,0.0
3368,ida_da7e19232557cee5ba20,Commitments,Vanuatu,IDA,EAST ASIA AND PACIFIC,FY18,0.0,0.0,0.0,0.0,0.0,2018,4,annual,0.0,0.0
3369,ida_83d68c2533141a5bd1e2,Commitments,Albania,IDA,EUROPE AND CENTRAL ASIA,FY18,0.0,0.0,0.0,0.0,0.0,2018,4,annual,0.0,0.0
3370,ida_8d30fa10241ebb27da1e,Commitments,Armenia,IDA,EUROPE AND CENTRAL ASIA,FY18,0.0,0.0,0.0,0.0,0.0,2018,4,annual,0.0,0.0
3371,ida_e50ad67df29e32e5fd17,Commitments,Azerbaijan,IDA,EUROPE AND CENTRAL ASIA,FY18,0.0,0.0,0.0,0.0,0.0,2018,4,annual,0.0,0.0
3372,ida_0ff3827e1e8bcd635c54,Commitments,Bosnia and Herzegovina,IDA,EUROPE AND CENTRAL ASIA,FY18,0.0,0.0,0.0,0.0,0.0,2018,4,annual,0.0,0.0
3373,ida_5d059470a02ec2f18c30,Commitments,Georgia,IDA,EUROPE AND CENTRAL ASIA,FY18,0.0,0.0,0.0,0.0,0.0,2018,4,annual,0.0,0.0
3374,ida_3a96ea9fe9be5e6fc34f,Commitments,Montenegro,IDA,EUROPE AND CENTRAL ASIA,FY18,0.0,0.0,0.0,0.0,0.0,2018,4,annual,0.0,0.0
3375,ida_28d6cc44f8f086a6e97f,Commitments,North Macedonia,IDA,EUROPE AND CENTRAL ASIA,FY18,0.0,0.0,0.0,0.0,0.0,2018,4,annual,0.0,0.0
3376,ida_34a350a0a3b60b719e5c,Commitments,Serbia,IDA,EUROPE AND CENTRAL ASIA,FY18,0.0,0.0,0.0,0.0,0.0,2018,4,annual,0.0,0.0
3377,ida_a31432b13e873cb16378,Commitments,Turkiye,IDA,EUROPE AND CENTRAL ASIA,FY18,0.0,0.0,0.0,0.0,0.0,2018,4,annual,0.0,0.0
3378,ida_0c2bc402ad56c9930cfa,Commitments,Bolivia,IDA,LATIN AMERICA AND CARIBBEAN,FY18,0.0,48.0,0.0,0.0,48.0,2018,4,annual,48.0,0.0
3379,ida_ebf902217ff7e1d3782b,Commitments,Caribbean,IDA,LATIN AMERICA AND CARIBBEAN,FY18,0.0,0.0,0.0,0.0,0.0,2018,4,annual,0.0,0.0
3380,ida_948691ac4063b0e42376,Commitments,Central America,IDA,LATIN AMERICA AND CARIBBEAN,FY18,0.0,0.0,0.0,0.0,0.0,2018,4,annual,0.0,0.0
3381,ida_6aed1068f84747d10787,Commitments,Chile,IDA,LATIN AMERICA AND CARIBBEAN,FY18,0.0,0.0,0.0,0.0,0.0,2018,4,annual,0.0,0.0
3382,ida_44d7551adfb9b1db3fc0,Commitments,Colombia,IDA,LATIN AMERICA AND CARIBBEAN,FY18,0.0,0.0,0.0,0.0,0.0,2018,4,annual,0.0,0.0
3383,ida_b86f22a8cf7894083c8c,Commitments,Costa Rica,IDA,LATIN AMERICA AND CARIBBEAN,FY18,0.0,0.0,0.0,0.0,0.0,2018,4,annual,0.0,0.0
3384,ida_daf363ae4ecfd80a9d48,Commitments,Dominican Republic,IDA,LATIN AMERICA AND CARIBBEAN,FY18,0.0,0.0,0.0,0.0,0.0,2018,4,annual,0.0,0.0
3385,ida_1246117148eb16e6d111,Commitments,Ecuador,IDA,LATIN AMERICA AND CARIBBEAN,FY18,0.0,0.0,0.0,0.0,0.0,2018,4,annual,0.0,0.0
3386,ida_551a6236769f2f5b3e9a,Commitments,El Salvador,IDA,LATIN AMERICA AND CARIBBEAN,FY18,0.0,0.0,0.0,0.0,0.0,2018,4,annual,0.0,0.0
3387,ida_e3892b58f16fa561a581,Commitments,Nicaragua,IDA,LATIN AMERICA AND CARIBBEAN,FY18,0.0,145.0,0.0,0.0,145.0,2018,4,annual,145.0,0.0
3388,ida_bc73efa07aad2e6fd753,Commitments,Paraguay,IDA,LATIN AMERICA AND CARIBBEAN,FY18,0.0,0.0,0.0,0.0,0.0,2018,4,annual,0.0,0.0
3389,ida_5f927597ecaa99d93b4b,Commitments,St. Kitts and Nevis,IDA,LATIN AMERICA AND CARIBBEAN,FY18,0.0,0.0,0.0,0.0,0.0,2018,4,annual,0.0,0.0
3390,ida_b9756405e663282cff45,Commitments,"Egypt, Arab Republic of",IDA,MIDDLE EAST AND NORTH AFRICA,FY18,0.0,0.0,0.0,0.0,0.0,2018,4,annual,0.0,0.0
3391,ida_50f84be9ff77dca185af,Commitments,Iraq,IDA,MIDDLE EAST AND NORTH AFRICA,FY18,0.0,0.0,0.0,0.0,0.0,2018,4,annual,0.0,0.0
3392,ida_620ce68794c8eab99365,Commitments,Jordan,IDA,MIDDLE EAST AND NORTH AFRICA,FY18,0.0,0.0,0.0,0.0,0.0,2018,4,annual,0.0,0.0
3393,ida_2fa7a111c7d1f1646c07,Commitments,Lebanon,IDA,MIDDLE EAST AND NORTH AFRICA,FY18,0.0,0.0,0.0,0.0,0.0,2018,4,annual,0.0,0.0
3394,ida_4705ff061c02173b4b1d,Commitments,Morocco,IDA,MIDDLE EAST AND NORTH AFRICA,FY18,0.0,0.0,0.0,0.0,0.0,2018,4,annual,0.0,0.0
3395,ida_778405f6d188bee38cf9,Commitments,Syrian Arab Republic,IDA,MIDDLE EAST AND NORTH AFRICA,FY18,0.0,0.0,0.0,0.0,0.0,2018,4,annual,0.0,0.0
3396,ida_b6f9309679375ff9b9d9,Commitments,Tunisia,IDA,MIDDLE EAST AND NORTH AFRICA,FY18,0.0,0.0,0.0,0.0,0.0,2018,4,annual,0.0,0.0
3397,ida_b49d5181b85e5f1cfe6b,Gross Disbursements,Ethiopia,IDA,AFRICA,FY18,0.0,750.0,0.0,655.0,1405.0,2018,4,annual,1405.0,0.0
3398,ida_efd414cb0947fd8497da,Gross Disbursements,Bangladesh,IDA,SOUTH ASIA,FY18,0.0,1333.0,0.0,0.0,1333.0,2018,4,annual,1333.0,0.0
3399,ida_2fcdeec9392aeb115c51,Gross Disbursements,Kenya,IDA,AFRICA,FY18,0.0,463.0,0.0,75.0,538.0,2018,4,annual,538.0,0.0
3400,ida_5d2ca6bfc7eaf4ad9f29,Gross Disbursements,Nigeria,IDA,AFRICA,FY18,0.0,675.0,0.0,104.0,779.0,2018,4,annual,779.0,0.0
3401,ida_14f300e1c19a7c316b13,Gross Disbursements,India,IDA,SOUTH ASIA,FY18,0.0,1077.0,0.0,30.0,1107.0,2018,4,annual,1107.0,0.0
3402,ida_4210d9ab1077dd3a485d,Gross Disbursements,Uzbekistan,IDA,EUROPE AND CENTRAL ASIA,FY18,0.0,75.0,0.0,0.0,75.0,2018,4,annual,75.0,0.0
3403,ida_46da77b57ad98445e777,Gross Disbursements,"Yemen, Republic of",IDA,MIDDLE EAST AND NORTH AFRICA,FY18,0.0,520.0,0.0,0.0,520.0,2018,4,annual,520.0,0.0
3404,ida_50a387833df8ee938468,Gross Disbursements,Vietnam,IDA,EAST ASIA AND PACIFIC,FY18,0.0,518.0,0.0,145.0,663.0,2018,4,annual,663.0,0.0
3405,ida_bd7e0b9a3729e2e15259,Gross Disbursements,Nepal,IDA,SOUTH ASIA,FY18,195.0,235.0,0.0,26.0,456.0,2018,4,annual,456.0,0.0
3406,ida_1cd77ef5af5c7f254fa2,Gross Disbursements,Pakistan,IDA,SOUTH ASIA,FY18,0.0,396.0,0.0,125.0,521.0,2018,4,annual,521.0,0.0
3407,ida_b8a71b01183e23a3a2ff,Gross Disbursements,"Congo, Democratic Republic of",IDA,AFRICA,FY18,0.0,375.0,0.0,0.0,375.0,2018,4,annual,375.0,0.0
3408,ida_5ce31b033d5bb33e035d,Gross Disbursements,Tanzania,IDA,AFRICA,FY18,0.0,456.0,0.0,212.0,668.0,2018,4,annual,668.0,0.0
3409,ida_df114e8f01f83e0ad8ac,Gross Disbursements,Senegal,IDA,AFRICA,FY18,65.0,166.0,0.0,0.0,231.0,2018,4,annual,231.0,0.0
3410,ida_4742db3b181eb798a031,Gross Disbursements,Uganda,IDA,AFRICA,FY18,0.0,237.0,0.0,26.0,263.0,2018,4,annual,263.0,0.0
3411,ida_4df9186f12f754e45dae,Gross Disbursements,Afghanistan,IDA,SOUTH ASIA,FY18,103.0,74.0,0.0,0.0,177.0,2018,4,annual,177.0,0.0
3412,ida_4eca69ad06a20939910c,Gross Disbursements,Burkina Faso,IDA,AFRICA,FY18,79.0,239.0,0.0,17.0,334.0,2018,4,annual,335.0,-1.0
3413,ida_b0515e7108b6edcbc8dd,Gross Disbursements,Cote d'Ivoire,IDA,AFRICA,FY18,127.0,138.0,0.0,0.0,265.0,2018,4,annual,265.0,0.0
3414,ida_4a5a4c9d636911c9206e,Gross Disbursements,Mozambique,IDA,AFRICA,FY18,0.0,212.0,0.0,33.0,244.0,2018,4,annual,245.0,-1.0
3415,ida_a33e04303d910996a67e,Gross Disbursements,Rwanda,IDA,AFRICA,FY18,125.0,85.0,0.0,84.0,294.0,2018,4,annual,294.0,0.0
3416,ida_0d2aeb9096421d756092,Gross Disbursements,Niger,IDA,AFRICA,FY18,121.0,168.0,0.0,0.0,289.0,2018,4,annual,289.0,0.0
3417,ida_44312997ba32d021c662,Gross Disbursements,Myanmar,IDA,EAST ASIA AND PACIFIC,FY18,0.0,204.0,0.0,0.0,204.0,2018,4,annual,204.0,0.0
3418,ida_81966812939d5ec32245,Gross Disbursements,Mali,IDA,AFRICA,FY18,56.0,183.0,0.0,0.0,239.0,2018,4,annual,239.0,0.0
3419,ida_00dcbf99df02a0d43411,Gross Disbursements,Malawi,IDA,AFRICA,FY18,84.0,134.0,0.0,0.0,218.0,2018,4,annual,218.0,0.0
